id,texte,article,debut,fin,inscrite_le
LEGIARTI000006381569,arrete_1970_12_30,1,1971-02-09,1999-12-26,
LEGIARTI000006381570,arrete_1970_12_30,1,1999-12-26,2008-09-25,
LEGIARTI000019511894,arrete_1970_12_30,1,2008-09-25,2015-10-22,
LEGIARTI000031347964,arrete_1970_12_30,1,2015-10-22,2018-03-31,
LEGIARTI000036755319,arrete_1970_12_30,1,2018-03-31,2020-10-15,
LEGIARTI000042421637,arrete_1970_12_30,1,2020-10-15,2023-11-06,
LEGIARTI000048364673,arrete_1970_12_30,1,2023-11-06,2024-06-07,
LEGIARTI000049664784,arrete_1970_12_30,1,2024-06-07,2024-07-04,
LEGIARTI000049864972,arrete_1970_12_30,1,2024-07-04,,
LEGIARTI000006381571,arrete_1970_12_30,2,1983-08-31,1999-12-26,
LEGIARTI000006381572,arrete_1970_12_30,2,1999-12-26,2008-09-25,
LEGIARTI000019511898,arrete_1970_12_30,2,2008-09-25,2018-01-01,
LEGIARTI000036249235,arrete_1970_12_30,2,2018-01-01,2018-03-31,
LEGIARTI000036755316,arrete_1970_12_30,2,2018-03-31,2018-12-21,
LEGIARTI000037845468,arrete_1970_12_30,2,2018-12-21,,
LEGIARTI000006381573,arrete_1970_12_30,3,1971-02-09,2008-09-25,
LEGIARTI000019511901,arrete_1970_12_30,3,2008-09-25,,
LEGIARTI000006381574,arrete_1970_12_30,3 bis,1987-05-06,,
LEGIARTI000006381575,arrete_1970_12_30,4,1971-02-09,2008-09-25,
LEGIARTI000019511904,arrete_1970_12_30,4,2008-09-25,2018-03-31,
LEGIARTI000036755311,arrete_1970_12_30,4,2018-03-31,,
LEGIARTI000006381576,arrete_1970_12_30,5,1971-02-09,,
LEGIARTI000006381577,arrete_1970_12_30,6,1971-02-09,,
LEGIARTI000006381578,arrete_1970_12_30,7,1971-02-09,2018-03-31,
LEGIARTI000036755305,arrete_1970_12_30,7,2018-03-31,,
LEGIARTI000006381579,arrete_1970_12_30,8,1971-02-09,1989-01-01,
LEGIARTI000006381580,arrete_1970_12_30,8,1989-01-01,2008-09-25,
LEGIARTI000019511907,arrete_1970_12_30,8,2008-09-25,2018-03-31,
LEGIARTI000036755302,arrete_1970_12_30,8,2018-03-31,,
LEGIARTI000006381581,arrete_1970_12_30,9,1971-02-09,1989-01-03,
LEGIARTI000006381582,arrete_1970_12_30,9,1989-01-03,2018-03-31,
LEGIARTI000036755435,arrete_1970_12_30,9,2018-03-31,,
LEGIARTI000019511909,arrete_1970_12_30,9 bis,2008-09-25,2009-01-04,
LEGIARTI000020101339,arrete_1970_12_30,9 bis,2009-01-04,2018-03-31,
LEGIARTI000036755171,arrete_1970_12_30,9 bis,2018-03-31,2026-01-01,
LEGIARTI000053281114,arrete_1970_12_30,9 bis,2026-01-01,,
LEGIARTI000006381583,arrete_1970_12_30,10,1979-06-29,1999-10-26,
LEGIARTI000006381584,arrete_1970_12_30,10,1999-10-26,2004-01-01,
LEGIARTI000006381585,arrete_1970_12_30,10,2004-01-01,2008-09-25,
LEGIARTI000019511915,arrete_1970_12_30,10,2008-09-25,2009-01-04,
LEGIARTI000020101346,arrete_1970_12_30,10,2009-01-04,,
LEGIARTI000006381586,arrete_1970_12_30,11,1971-02-09,1976-01-03,
LEGIARTI000006381587,arrete_1970_12_30,11,1976-01-03,2018-03-31,
LEGIARTI000036755296,arrete_1970_12_30,11,2018-03-31,,
LEGIARTI000006381588,arrete_1970_12_30,11 bis,1981-12-10,1992-08-01,
LEGIARTI000006381589,arrete_1970_12_30,11 bis,1992-08-01,1994-01-06,
LEGIARTI000006381590,arrete_1970_12_30,11 bis,1994-01-06,2011-07-01,
LEGIARTI000024266919,arrete_1970_12_30,11 bis,2011-07-01,2018-03-31,
LEGIARTI000036755290,arrete_1970_12_30,11 bis,2018-03-31,,
LEGIARTI000006381592,arrete_1970_12_30,11 quater,1983-01-15,2018-03-31,
LEGIARTI000036755280,arrete_1970_12_30,11 quater,2018-03-31,,
LEGIARTI000006381593,arrete_1970_12_30,11 quinquies,1987-01-01,,
LEGIARTI000006381591,arrete_1970_12_30,11 ter,1977-07-26,2009-01-01,
LEGIARTI000019511920,arrete_1970_12_30,11 ter,2009-01-01,2018-03-31,
LEGIARTI000036755287,arrete_1970_12_30,11 ter,2018-03-31,2020-12-19,
LEGIARTI000042696841,arrete_1970_12_30,11 ter,2020-12-19,,
LEGIARTI000006381594,arrete_1970_12_30,12,1971-02-09,1990-11-25,
LEGIARTI000006381595,arrete_1970_12_30,12,1990-11-25,2018-03-31,
LEGIARTI000036755271,arrete_1970_12_30,12,2018-03-31,,
LEGIARTI000006381596,arrete_1970_12_30,13,1971-02-09,1976-01-03,
LEGIARTI000006381597,arrete_1970_12_30,13,1976-01-03,1999-10-26,
LEGIARTI000006381598,arrete_1970_12_30,13,1999-10-26,2018-03-31,
LEGIARTI000036755259,arrete_1970_12_30,13,2018-03-31,,
LEGIARTI000006381599,arrete_1970_12_30,13 bis,1978-04-19,2018-03-31,
LEGIARTI000036755249,arrete_1970_12_30,13 bis,2018-03-31,,
LEGIARTI000006381600,arrete_1970_12_30,14,1971-02-09,1990-10-02,
LEGIARTI000006381601,arrete_1970_12_30,14,1990-10-02,2004-01-01,
LEGIARTI000006381602,arrete_1970_12_30,14,2004-01-01,2011-06-27,
LEGIARTI000024266914,arrete_1970_12_30,14,2011-06-27,2020-12-19,
LEGIARTI000042696848,arrete_1970_12_30,14,2020-12-19,2024-09-01,
LEGIARTI000049864857,arrete_1970_12_30,14,2024-09-01,,
LEGIARTI000006381603,arrete_1970_12_30,15,1971-02-09,,
LEGIARTI000006381604,arrete_1970_12_30,15 bis,1976-01-03,1992-12-31,
LEGIARTI000006381605,arrete_1970_12_30,15 bis,1992-12-31,1999-10-27,
LEGIARTI000022218898,arrete_1970_12_30,15 bis,1999-10-27,2018-03-31,
LEGIARTI000036755335,arrete_1970_12_30,15 bis,2018-03-31,,
LEGIARTI000006381606,arrete_1970_12_30,16,1971-02-09,1976-01-03,
LEGIARTI000006381607,arrete_1970_12_30,16,1976-01-03,1977-07-26,
LEGIARTI000006381608,arrete_1970_12_30,16,1977-07-26,1978-09-30,
LEGIARTI000006381609,arrete_1970_12_30,16,1978-09-30,1983-08-31,
LEGIARTI000006381610,arrete_1970_12_30,16,1983-08-31,1990-10-02,
LEGIARTI000006381611,arrete_1970_12_30,16,1990-10-02,2004-01-01,
LEGIARTI000006381612,arrete_1970_12_30,16,2004-01-01,2008-09-25,
LEGIARTI000019511923,arrete_1970_12_30,16,2008-09-25,2011-07-01,
LEGIARTI000024266924,arrete_1970_12_30,16,2011-07-01,2018-03-31,
LEGIARTI000036755233,arrete_1970_12_30,16,2018-03-31,2018-12-21,
LEGIARTI000037845437,arrete_1970_12_30,16,2018-12-21,2023-09-14,
LEGIARTI000048065521,arrete_1970_12_30,16,2023-09-14,,
LEGIARTI000006381613,arrete_1970_12_30,17,1971-02-09,1976-01-03,
LEGIARTI000006381614,arrete_1970_12_30,17,1979-06-29,1999-10-26,
LEGIARTI000006381615,arrete_1970_12_30,17,1999-10-26,2008-09-25,
LEGIARTI000019511935,arrete_1970_12_30,17,2008-09-25,2011-01-01,
LEGIARTI000019511986,arrete_1970_12_30,17,2011-01-01,,
LEGIARTI000006381616,arrete_1970_12_30,18,1971-02-09,2004-01-01,
LEGIARTI000006381617,arrete_1970_12_30,18,2004-01-01,,
LEGIARTI000006381618,arrete_1970_12_30,18 bis,1978-09-30,2018-03-31,
LEGIARTI000006381619,arrete_1970_12_30,19,1971-02-09,1976-01-03,
LEGIARTI000006381620,arrete_1970_12_30,19,1976-01-03,1982-08-26,
LEGIARTI000006381621,arrete_1970_12_30,19,1982-08-26,2004-01-01,
LEGIARTI000006381622,arrete_1970_12_30,19,2004-01-01,2008-09-25,
LEGIARTI000006381623,arrete_1970_12_30,20,1971-02-09,1976-01-03,
LEGIARTI000006381624,arrete_1970_12_30,20,1976-01-03,1980-03-18,
LEGIARTI000006381625,arrete_1970_12_30,20,1980-03-18,1994-01-06,
LEGIARTI000006381626,arrete_1970_12_30,20,1994-01-06,2004-01-01,
LEGIARTI000006381627,arrete_1970_12_30,20,2004-01-01,2018-03-31,
LEGIARTI000036755178,arrete_1970_12_30,20,2018-03-31,2024-09-01,
LEGIARTI000049864855,arrete_1970_12_30,20,2024-09-01,,
LEGIARTI000006381628,arrete_1970_12_30,21,1971-02-09,1976-01-03,
LEGIARTI000006381629,arrete_1970_12_30,21,1976-01-03,1980-03-18,
LEGIARTI000006381630,arrete_1970_12_30,21,1980-03-18,2004-01-01,
LEGIARTI000006381631,arrete_1970_12_30,21,2004-01-01,2018-03-31,
LEGIARTI000036755227,arrete_1970_12_30,21,2018-03-31,,
LEGIARTI000006381632,arrete_1970_12_30,22,1971-02-09,1976-01-03,
LEGIARTI000006381633,arrete_1970_12_30,22,1976-01-03,1980-03-18,
LEGIARTI000006381634,arrete_1970_12_30,22,1980-03-18,2018-03-31,
LEGIARTI000036755337,arrete_1970_12_30,22,2018-03-31,,
LEGIARTI000006381635,arrete_1970_12_30,23,1978-04-19,2004-01-01,
LEGIARTI000006381636,arrete_1970_12_30,23,2004-01-01,2018-03-31,
LEGIARTI000036755223,arrete_1970_12_30,23,2018-03-31,2024-09-01,
LEGIARTI000049864853,arrete_1970_12_30,23,2024-09-01,,
LEGIARTI000006381637,arrete_1970_12_30,24,1978-04-19,2018-03-31,
LEGIARTI000036755216,arrete_1970_12_30,24,2018-03-31,,
LEGIARTI000006381638,arrete_1970_12_30,25,1971-02-09,1976-01-03,
LEGIARTI000006381639,arrete_1970_12_30,25,1976-01-03,1987-01-01,
LEGIARTI000006381640,arrete_1970_12_30,25,1987-01-01,1999-10-26,
LEGIARTI000006381641,arrete_1970_12_30,25,1999-10-26,2008-09-25,
LEGIARTI000019511940,arrete_1970_12_30,25,2008-09-25,,
LEGIARTI000006381642,arrete_1970_12_30,26,1971-02-09,2018-03-31,
LEGIARTI000036755182,arrete_1970_12_30,26,2018-03-31,,
LEGIARTI000006381643,arrete_1970_12_30,27,1971-02-09,,
LEGIARTI000054437585,arrete_2026_07_10,,2026-07-18,,
LEGIARTI000054437583,arrete_2026_07_10,1,2026-07-18,,
LEGIARTI000054437584,arrete_2026_07_10,2,2026-07-18,,
LEGIARTI000006362530,cpcmr,D1,1964-12-01,2004-01-01,
LEGIARTI000006362531,cpcmr,D1,2004-01-01,2011-06-02,
LEGIARTI000024106587,cpcmr,D1,2011-06-02,2016-10-01,
LEGIARTI000026932640,cpcmr,D1,2016-10-01,,
LEGIARTI000006362534,cpcmr,D2,1964-12-01,2004-01-01,
LEGIARTI000006362535,cpcmr,D2,2004-01-01,2017-01-09,
LEGIARTI000033842081,cpcmr,D2,2017-01-09,,
LEGIARTI000006362536,cpcmr,D3,1986-09-13,2004-01-01,
LEGIARTI000006362537,cpcmr,D3,2004-01-01,,
LEGIARTI000006362538,cpcmr,D4,1964-12-01,2004-01-01,
LEGIARTI000006362539,cpcmr,D4,2004-01-01,,
LEGIARTI000006362540,cpcmr,D5,1964-12-01,2004-01-01,
LEGIARTI000049064677,cpcmr,D5,2024-02-01,,
LEGIARTI000006362541,cpcmr,D6,1964-12-01,2004-01-01,
LEGIARTI000006362542,cpcmr,D7,1964-12-01,2004-01-01,
LEGIARTI000053217472,cpcmr,D7-1,2026-01-01,,
LEGIARTI000053217507,cpcmr,D7-2,2026-01-01,,
LEGIARTI000053217519,cpcmr,D7-3,2026-01-01,,
LEGIARTI000006362544,cpcmr,D8,1967-09-16,,
LEGIARTI000006362545,cpcmr,D9,1964-12-01,,
LEGIARTI000006362546,cpcmr,D10,1964-12-01,,
LEGIARTI000006362547,cpcmr,D11,1964-12-01,,
LEGIARTI000006362548,cpcmr,D12,1979-01-30,2004-01-01,
LEGIARTI000006362549,cpcmr,D12,2004-01-01,,
LEGIARTI000006362550,cpcmr,D13,1964-12-01,2004-01-01,
LEGIARTI000024282392,cpcmr,D13,2011-07-01,,
LEGIARTI000006362551,cpcmr,D14,1952-07-01,2004-01-01,
LEGIARTI000030045388,cpcmr,D14,2015-01-01,,
LEGIARTI000006362552,cpcmr,D15,1964-12-01,2004-01-01,
LEGIARTI000006362553,cpcmr,D15,2004-01-01,,
LEGIARTI000006362555,cpcmr,D16,1964-12-01,2004-01-01,
LEGIARTI000006362556,cpcmr,D16,2004-01-01,,
LEGIARTI000023383582,cpcmr,D16-1,2011-01-01,2012-11-01,
LEGIARTI000026140012,cpcmr,D16-1,2012-11-01,2014-04-01,
LEGIARTI000028751947,cpcmr,D16-1,2014-04-01,2023-09-01,
LEGIARTI000047634518,cpcmr,D16-1,2023-09-01,2026-09-01,
LEGIARTI000054059616,cpcmr,D16-1,2026-09-01,,
LEGIARTI000023383592,cpcmr,D16-2,2011-01-01,2012-11-01,
LEGIARTI000026140009,cpcmr,D16-2,2012-11-01,2014-04-01,
LEGIARTI000028751944,cpcmr,D16-2,2014-04-01,2020-12-03,
LEGIARTI000042597111,cpcmr,D16-2,2020-12-03,2023-09-01,
LEGIARTI000047634514,cpcmr,D16-2,2023-09-01,2026-08-01,
LEGIARTI000054589198,cpcmr,D16-2,2026-08-01,,
LEGIARTI000023383594,cpcmr,D16-3,2011-01-01,2012-11-01,
LEGIARTI000026140006,cpcmr,D16-3,2012-11-01,2023-09-01,
LEGIARTI000047634511,cpcmr,D16-3,2023-09-01,,
LEGIARTI000023383596,cpcmr,D16-4,2011-01-01,2012-11-01,
LEGIARTI000006362557,cpcmr,D17,1964-12-01,,
LEGIARTI000006362558,cpcmr,D18,1964-12-01,,
LEGIARTI000006362559,cpcmr,D19,1964-12-01,2004-01-01,
LEGIARTI000006362560,cpcmr,D19,2004-01-01,,
LEGIARTI000006362561,cpcmr,D19-1,1980-01-21,2004-01-01,
LEGIARTI000006362562,cpcmr,D19-1,2004-01-01,,
LEGIARTI000006362563,cpcmr,D19-2,1980-01-21,1993-07-23,
LEGIARTI000006362564,cpcmr,D19-2,1993-07-23,,
LEGIARTI000006362565,cpcmr,D19-3,1980-01-21,1993-07-23,
LEGIARTI000006362566,cpcmr,D19-3,1993-07-23,,
LEGIARTI000006362567,cpcmr,D19-4,1980-01-21,,
LEGIARTI000006362568,cpcmr,D19-5,1980-01-21,1993-07-23,
LEGIARTI000006362569,cpcmr,D19-5,1993-07-23,2004-01-01,
LEGIARTI000006362570,cpcmr,D19-5,2004-01-01,,
LEGIARTI000006362571,cpcmr,D19-6,1980-01-21,,
LEGIARTI000006362572,cpcmr,D20,1979-01-30,2016-10-01,
LEGIARTI000026932860,cpcmr,D20,2016-10-01,2017-01-09,
LEGIARTI000033842088,cpcmr,D20,2017-01-09,,
LEGIARTI000006362573,cpcmr,D21,1979-01-30,2004-01-01,
LEGIARTI000006362574,cpcmr,D21,2004-01-01,2016-10-01,
LEGIARTI000026932637,cpcmr,D21,2016-10-01,,
LEGIARTI000006362575,cpcmr,D21-1,2004-01-01,2012-12-31,
LEGIARTI000024106591,cpcmr,D21-1,2012-12-31,,
LEGIARTI000006362576,cpcmr,D21-2,2004-01-01,2012-12-01,
LEGIARTI000024106598,cpcmr,D21-2,2012-12-01,2018-11-01,
LEGIARTI000037549290,cpcmr,D21-2,2018-11-01,2019-11-17,
LEGIARTI000039392450,cpcmr,D21-2,2019-11-17,2020-01-01,
LEGIARTI000039223169,cpcmr,D21-2,2020-01-01,,
LEGIARTI000006362577,cpcmr,D22,1979-01-30,2004-01-01,
LEGIARTI000006362578,cpcmr,D22,2004-01-01,,
LEGIARTI000006362579,cpcmr,D22-1,2004-01-01,,
LEGIARTI000006362580,cpcmr,D23,1979-01-30,2004-01-01,
LEGIARTI000006362581,cpcmr,D23,2004-01-01,,
LEGIARTI000006362582,cpcmr,D24,1979-01-30,2004-01-01,
LEGIARTI000006362583,cpcmr,D24,2004-01-01,2022-03-14,
LEGIARTI000045351308,cpcmr,D24,2022-03-14,,
LEGIARTI000006362584,cpcmr,D25,1979-01-30,2004-01-01,
LEGIARTI000006362585,cpcmr,D25,2004-01-01,2017-11-01,
LEGIARTI000034723981,cpcmr,D25,2017-11-01,,
LEGIARTI000006362586,cpcmr,D26,1979-01-30,2004-01-01,
LEGIARTI000006362587,cpcmr,D26,2004-01-01,,
LEGIARTI000006362588,cpcmr,D27,1964-12-01,2004-01-01,
LEGIARTI000026853024,cpcmr,D27,2012-12-01,2017-01-09,
LEGIARTI000033842091,cpcmr,D27,2017-01-09,,
LEGIARTI000006362590,cpcmr,D28,1988-11-09,2004-01-01,
LEGIARTI000006362591,cpcmr,D29,1964-12-01,1968-05-19,
LEGIARTI000006362592,cpcmr,D30,1964-12-01,2004-01-01,
LEGIARTI000006362593,cpcmr,D30,2004-01-01,,
LEGIARTI000006362594,cpcmr,D31,1964-12-01,2004-01-01,
LEGIARTI000006362595,cpcmr,D32,1979-01-30,2004-01-01,
LEGIARTI000006362596,cpcmr,D32,2004-01-01,,
LEGIARTI000006362597,cpcmr,D33,1964-12-01,2004-01-01,
LEGIARTI000006362598,cpcmr,D34,1964-12-01,2004-01-01,
LEGIARTI000006362599,cpcmr,D35,1964-12-01,2004-01-01,
LEGIARTI000006362600,cpcmr,D36,1964-12-01,2004-01-01,
LEGIARTI000006362602,cpcmr,D37,1964-12-01,2004-01-01,
LEGIARTI000047957966,cpcmr,D37-1,2023-08-12,2025-07-24,
LEGIARTI000051944347,cpcmr,D37-1,2025-07-24,,
LEGIARTI000047957977,cpcmr,D37-2,2023-09-01,,
LEGIARTI000047957987,cpcmr,D37-3,2023-09-01,,
LEGIARTI000050939094,cpcmr,D37-4,2025-01-02,,
LEGIARTI000006362603,cpcmr,D38,2005-05-10,2013-01-01,
LEGIARTI000026735929,cpcmr,D38,2013-01-01,2014-05-30,
LEGIARTI000029026495,cpcmr,D38,2014-05-30,,
LEGIARTI000006362604,cpcmr,D39,1964-12-01,2004-01-01,
LEGIARTI000006362605,cpcmr,D39,2004-01-01,,
LEGIARTI000025745321,cpcmr,D39 bis,2012-04-26,2016-01-01,
LEGIARTI000006362608,cpcmr,D40,1986-01-26,,
LEGIARTI000006362609,cpcmr,D41,1964-12-01,1986-01-26,
LEGIARTI000006362610,cpcmr,D42,1964-12-01,1986-01-26,
LEGIARTI000006362611,cpcmr,D43,1986-01-26,2004-01-01,
LEGIARTI000006362612,cpcmr,D43,2004-01-01,,
LEGIARTI000006362613,cpcmr,D44,1964-12-01,1986-01-26,
LEGIARTI000006362614,cpcmr,D45,1964-12-01,1986-01-26,
LEGIARTI000006362615,cpcmr,D46,1964-12-01,2014-05-30,
LEGIARTI000029026498,cpcmr,D46,2014-05-30,2022-01-01,
LEGIARTI000044523278,cpcmr,D46,2022-01-01,,
LEGIARTI000006362616,cpcmr,D47,1986-01-26,2004-01-01,
LEGIARTI000006362617,cpcmr,D47,2004-01-01,,
LEGIARTI000006362619,cpcmr,D48,1964-12-01,1986-01-26,
LEGIARTI000006362620,cpcmr,D49,1964-12-01,1986-01-26,
LEGIARTI000006362621,cpcmr,D50,1964-12-01,1986-01-26,
LEGIARTI000006362622,cpcmr,D51,1964-12-01,1986-01-26,
LEGIARTI000006362623,cpcmr,D52,1964-12-01,1986-01-26,
LEGIARTI000006362624,cpcmr,D53,1964-12-01,2004-01-01,
LEGIARTI000006362625,cpcmr,D53,2004-01-01,,
LEGIARTI000006362626,cpcmr,D54,1979-01-30,2004-01-01,
LEGIARTI000006362627,cpcmr,D54,2004-01-01,,
LEGIARTI000006362628,cpcmr,D55,1964-12-01,2004-01-01,
LEGIARTI000006362629,cpcmr,D56,1964-12-01,1980-06-29,
LEGIARTI000006362631,cpcmr,D57,1964-12-01,,
LEGIARTI000006362632,cpcmr,D58,1986-01-26,2004-01-01,
LEGIARTI000006362633,cpcmr,D58,2004-01-01,2005-05-10,
LEGIARTI000006362634,cpcmr,D58,2005-05-10,2013-01-01,
LEGIARTI000026735925,cpcmr,D58,2013-01-01,2014-05-30,
LEGIARTI000029026491,cpcmr,D58,2014-05-30,,
LEGIARTI000006362635,cpcmr,D59,1964-12-01,2004-01-01,
LEGIARTI000006362636,cpcmr,D60,1964-12-01,2004-01-01,
LEGIARTI000006362637,cpcmr,D61,1964-12-01,2004-01-01,
LEGIARTI000006362639,cpcmr,D62,1986-01-26,2004-01-01,
LEGIARTI000006362640,cpcmr,D63,1986-01-26,2004-01-01,
LEGIARTI000006362641,cpcmr,D64,1964-12-01,2004-01-01,
LEGIARTI000006362642,cpcmr,D65,1986-01-26,2004-01-01,
LEGIARTI000006362643,cpcmr,D66,1964-12-01,2004-01-01,
LEGIARTI000006362644,cpcmr,D67,1964-12-01,2004-01-01,
LEGIARTI000006362645,cpcmr,D68,1964-12-01,2004-01-01,
LEGIARTI000006362646,cpcmr,D69,1986-01-26,2004-01-01,
LEGIARTI000006362648,cpcmr,D70,1964-12-01,2004-01-01,
LEGIARTI000006362649,cpcmr,D71,1964-12-01,2004-01-01,
LEGIARTI000006362650,cpcmr,D72,1964-12-01,2004-01-01,
LEGIARTI000006362651,cpcmr,D73,1964-12-01,2004-01-01,
LEGIARTI000006362652,cpcmr,D74,1964-12-01,2004-01-01,
LEGIARTI000006362653,cpcmr,D75,1964-12-01,2004-01-01,
LEGIARTI000006362654,cpcmr,D76,1986-01-26,2004-01-01,
LEGIARTI000006362655,cpcmr,D77,1964-12-01,2004-01-01,
LEGIARTI000006362656,cpcmr,D78,1964-12-01,2004-01-01,
LEGIARTI000031892241,cpcmr,Emplois classés,2015-10-12,2016-01-01,
LEGIARTI000032541450,cpcmr,Emplois classés,2016-01-01,2018-12-16,
LEGIARTI000037818362,cpcmr,Emplois classés,2018-12-16,2022-01-01,
LEGIARTI000044861486,cpcmr,Emplois classés,2022-01-01,2023-04-01,
LEGIARTI000047380947,cpcmr,Emplois classés,2023-04-01,2024-01-01,
LEGIARTI000048867132,cpcmr,Emplois classés,2024-01-01,2024-01-01,
LEGIARTI000048868367,cpcmr,Emplois classés,2024-01-01,2024-01-01,
LEGIARTI000048869772,cpcmr,Emplois classés,2024-01-01,2024-05-25,
LEGIARTI000049589035,cpcmr,Emplois classés,2024-05-25,,
LEGIARTI000006362661,cpcmr,L1,1964-12-01,,
LEGIARTI000006362662,cpcmr,L2,1964-12-01,1991-07-27,
LEGIARTI000006362663,cpcmr,L2,1991-07-27,1999-10-23,
LEGIARTI000006362664,cpcmr,L2,1999-10-23,,
LEGIARTI000006362665,cpcmr,L3,1964-12-01,2004-01-01,
LEGIARTI000006362666,cpcmr,L3,2004-01-01,,
LEGIARTI000006362667,cpcmr,L4,1964-12-01,2010-11-11,
LEGIARTI000023096809,cpcmr,L4,2010-11-11,,
LEGIARTI000006362668,cpcmr,L5,1982-04-02,1991-07-27,
LEGIARTI000006362669,cpcmr,L5,1991-07-27,2004-01-01,
LEGIARTI000006362670,cpcmr,L5,2004-01-01,2010-11-11,
LEGIARTI000023096801,cpcmr,L5,2010-11-11,2014-09-01,
LEGIARTI000029408396,cpcmr,L5,2014-09-01,2023-09-01,
LEGIARTI000028448947,cpcmr,L5,2015-01-01,2014-08-28,
LEGIARTI000047453644,cpcmr,L5,2023-09-01,,
LEGIARTI000006362671,cpcmr,L6,1972-07-14,2005-07-01,
LEGIARTI000006362672,cpcmr,L6,2005-07-01,2014-01-22,
LEGIARTI000028498970,cpcmr,L6,2014-01-22,,
LEGIARTI000006362673,cpcmr,L7,1972-07-14,1996-12-20,
LEGIARTI000006362674,cpcmr,L7,1996-12-20,2005-07-01,
LEGIARTI000006362675,cpcmr,L7,2005-07-01,2014-01-22,
LEGIARTI000028498960,cpcmr,L7,2014-01-22,,
LEGIARTI000006362676,cpcmr,L8,1964-12-01,,
LEGIARTI000006362677,cpcmr,L9,1964-12-01,1991-07-27,
LEGIARTI000006362678,cpcmr,L9,1991-07-27,2004-01-01,
LEGIARTI000006362679,cpcmr,L9,2004-01-01,2005-07-01,
LEGIARTI000006362680,cpcmr,L9,2005-07-01,2005-12-20,
LEGIARTI000006362681,cpcmr,L9,2005-12-20,2006-07-01,
LEGIARTI000006362682,cpcmr,L9,2006-07-01,2007-03-30,
LEGIARTI000006362683,cpcmr,L9,2007-03-30,2015-07-30,
LEGIARTI000030949142,cpcmr,L9,2015-07-30,2022-01-01,
LEGIARTI000044979461,cpcmr,L9,2022-01-01,2023-01-01,
LEGIARTI000046873626,cpcmr,L9,2023-01-01,2025-12-31,
LEGIARTI000053279095,cpcmr,L9,2025-12-31,,
LEGIARTI000006362684,cpcmr,L9 bis,2004-01-01,2014-01-22,
LEGIARTI000028498700,cpcmr,L9 bis,2014-01-22,2018-09-01,
LEGIARTI000036687996,cpcmr,L9 bis,2018-09-01,2023-12-28,
LEGIARTI000048697285,cpcmr,L9 bis,2023-12-28,,
LEGIARTI000006362685,cpcmr,L9 ter,2004-01-01,,
LEGIARTI000006362689,cpcmr,L10,1964-12-01,2004-01-01,
LEGIARTI000006362690,cpcmr,L10,2004-01-01,,
LEGIARTI000006362691,cpcmr,L11,1982-04-02,1990-07-11,
LEGIARTI000006362692,cpcmr,L11,1990-07-11,1991-07-27,
LEGIARTI000006362693,cpcmr,L11,1991-07-27,2023-09-01,
LEGIARTI000047453636,cpcmr,L11,2023-09-01,,
LEGIARTI000006362694,cpcmr,L11 bis,2004-01-01,,
LEGIARTI000006362695,cpcmr,L12,1982-07-14,2004-01-01,
LEGIARTI000006362696,cpcmr,L12,2004-01-01,2011-07-01,
LEGIARTI000023096747,cpcmr,L12,2011-07-01,2015-07-30,
LEGIARTI000030949157,cpcmr,L12,2015-07-30,2018-07-15,
LEGIARTI000037200561,cpcmr,L12,2018-07-15,2023-08-03,
LEGIARTI000047926152,cpcmr,L12,2023-08-03,2023-09-01,
LEGIARTI000047452833,cpcmr,L12,2023-09-01,2025-12-31,
LEGIARTI000053280361,cpcmr,L12,2025-12-31,,
LEGIARTI000006362697,cpcmr,L12 bis,2004-01-01,2025-12-31,
LEGIARTI000053280367,cpcmr,L12 bis,2025-12-31,,
LEGIARTI000048805987,cpcmr,L12 quater,2023-12-31,,
LEGIARTI000006362698,cpcmr,L12 ter,2004-01-01,2018-07-15,
LEGIARTI000037200754,cpcmr,L12 ter,2018-07-15,,
LEGIARTI000006362701,cpcmr,L13,1964-12-01,2004-01-01,
LEGIARTI000006362702,cpcmr,L13,2004-01-01,2014-01-22,
LEGIARTI000028498258,cpcmr,L13,2014-01-22,2023-09-01,
LEGIARTI000047452824,cpcmr,L13,2023-09-01,2025-12-31,
LEGIARTI000053280906,cpcmr,L13,2025-12-31,,
LEGIARTI000006362703,cpcmr,L14,1964-12-01,2004-01-01,
LEGIARTI000006362704,cpcmr,L14,2004-01-01,2008-12-19,
LEGIARTI000019959691,cpcmr,L14,2008-12-19,2010-11-11,
LEGIARTI000023033613,cpcmr,L14,2010-11-11,2011-07-01,
LEGIARTI000023031036,cpcmr,L14,2011-07-01,2011-12-23,
LEGIARTI000025014534,cpcmr,L14,2011-12-23,2014-01-22,
LEGIARTI000028498863,cpcmr,L14,2014-01-22,2018-07-15,
LEGIARTI000037200740,cpcmr,L14,2018-07-15,2023-09-01,
LEGIARTI000047452815,cpcmr,L14,2023-09-01,2023-12-28,
LEGIARTI000048697778,cpcmr,L14,2023-12-28,2023-12-31,
LEGIARTI000048844775,cpcmr,L14,2023-12-31,,
LEGIARTI000047449763,cpcmr,L14 bis,2023-09-01,2023-12-31,
LEGIARTI000048834931,cpcmr,L14 bis,2023-12-31,2025-12-31,
LEGIARTI000053280913,cpcmr,L14 bis,2025-12-31,,
LEGIARTI000006362705,cpcmr,L15,1982-04-02,1991-07-27,
LEGIARTI000006362706,cpcmr,L15,1991-07-27,2002-01-18,
LEGIARTI000006362707,cpcmr,L15,2002-01-18,2004-01-01,
LEGIARTI000006362708,cpcmr,L15,2004-01-01,,
LEGIARTI000006362709,cpcmr,L16,1964-12-01,2004-01-01,
LEGIARTI000006362710,cpcmr,L16,2004-01-01,2008-12-19,
LEGIARTI000019959484,cpcmr,L16,2008-12-19,,
LEGIARTI000006362711,cpcmr,L17,1975-12-28,2004-01-01,
LEGIARTI000006362712,cpcmr,L17,2004-01-01,2010-11-11,
LEGIARTI000023033916,cpcmr,L17,2010-11-11,2023-04-16,
LEGIARTI000047453262,cpcmr,L17,2023-04-16,2023-12-28,
LEGIARTI000048697797,cpcmr,L17,2023-12-28,,
LEGIARTI000006362713,cpcmr,L18,1982-07-14,1991-07-27,
LEGIARTI000006362714,cpcmr,L18,1991-07-27,2012-01-01,
LEGIARTI000025076852,cpcmr,L18,2012-01-01,2023-04-16,
LEGIARTI000047453210,cpcmr,L18,2023-04-16,2023-09-01,
LEGIARTI000047456782,cpcmr,L18,2023-09-01,,
LEGIARTI000006362715,cpcmr,L19,1964-12-01,1980-07-09,
LEGIARTI000006362716,cpcmr,L19,1980-07-09,,
LEGIARTI000006362718,cpcmr,L20,1964-12-01,1991-07-27,
LEGIARTI000006362719,cpcmr,L20,1991-07-27,,
LEGIARTI000006362720,cpcmr,L21,1972-07-14,,
LEGIARTI000006362721,cpcmr,L22,1964-12-01,2004-01-01,
LEGIARTI000006362722,cpcmr,L22,2004-01-01,,
LEGIARTI000006362723,cpcmr,L23,1964-12-01,2005-07-01,
LEGIARTI000006362724,cpcmr,L23,2005-07-01,,
LEGIARTI000006362725,cpcmr,L24,1982-04-02,2004-01-01,
LEGIARTI000006362726,cpcmr,L24,2004-01-01,2004-12-31,
LEGIARTI000006362727,cpcmr,L24,2004-12-31,2005-02-12,
LEGIARTI000006362728,cpcmr,L24,2005-02-12,2005-07-01,
LEGIARTI000006362729,cpcmr,L24,2005-07-01,2006-06-28,
LEGIARTI000006362730,cpcmr,L24,2006-06-28,2011-07-01,
LEGIARTI000023033603,cpcmr,L24,2011-07-01,2012-03-14,
LEGIARTI000025529056,cpcmr,L24,2012-03-14,2014-01-22,
LEGIARTI000028498845,cpcmr,L24,2014-01-22,2023-09-01,
LEGIARTI000047452804,cpcmr,L24,2023-09-01,,
LEGIARTI000048673423,cpcmr,L24 bis,2023-12-28,,
LEGIARTI000006362731,cpcmr,L25,1972-07-14,2004-01-01,
LEGIARTI000006362732,cpcmr,L25,2004-01-01,2011-07-01,
LEGIARTI000023031983,cpcmr,L25,2011-07-01,2014-01-22,
LEGIARTI000028498963,cpcmr,L25,2014-01-22,2023-09-01,
LEGIARTI000047452796,cpcmr,L25,2023-09-01,,
LEGIARTI000006362733,cpcmr,L25 bis,2005-01-01,2008-12-19,
LEGIARTI000019959540,cpcmr,L25 bis,2008-12-19,2010-11-11,
LEGIARTI000023032081,cpcmr,L25 bis,2010-11-11,2023-09-01,
LEGIARTI000047453157,cpcmr,L25 bis,2023-09-01,2025-12-31,
LEGIARTI000053280372,cpcmr,L25 bis,2025-12-31,,
LEGIARTI000006362734,cpcmr,L26,1964-12-01,2004-01-01,
LEGIARTI000006362735,cpcmr,L26,2004-01-01,,
LEGIARTI000006362739,cpcmr,L26 bis,1964-12-01,2004-01-01,
LEGIARTI000006362740,cpcmr,L26 bis,2004-01-01,,
LEGIARTI000006362741,cpcmr,L27,1964-12-01,1991-07-27,
LEGIARTI000006362742,cpcmr,L27,1991-07-27,2014-01-22,
LEGIARTI000028498320,cpcmr,L27,2014-01-22,2019-08-08,
LEGIARTI000038923379,cpcmr,L27,2019-08-08,,
LEGIARTI000006362743,cpcmr,L28,1964-12-01,2000-04-13,
LEGIARTI000006362744,cpcmr,L28,2000-04-13,2004-01-01,
LEGIARTI000006362745,cpcmr,L28,2004-01-01,2012-01-01,
LEGIARTI000025076847,cpcmr,L28,2012-01-01,2014-01-22,
LEGIARTI000028498328,cpcmr,L28,2014-01-22,2022-02-01,
LEGIARTI000042567436,cpcmr,L28,2022-02-01,,
LEGIARTI000006362746,cpcmr,L29,1964-12-01,1991-07-27,
LEGIARTI000006362747,cpcmr,L29,1991-07-27,2014-01-22,
LEGIARTI000028498334,cpcmr,L29,2014-01-22,2019-08-08,
LEGIARTI000038923366,cpcmr,L29,2019-08-08,,
LEGIARTI000006362748,cpcmr,L30,1964-12-01,2000-04-13,
LEGIARTI000006362749,cpcmr,L30,2000-04-13,2012-01-01,
LEGIARTI000025076857,cpcmr,L30,2012-01-01,2014-01-22,
LEGIARTI000028498350,cpcmr,L30,2014-01-22,,
LEGIARTI000025064079,cpcmr,L30 bis,2012-01-01,2014-01-22,
LEGIARTI000028498346,cpcmr,L30 bis,2014-01-22,,
LEGIARTI000025064088,cpcmr,L30 ter,2012-01-01,2014-01-22,
LEGIARTI000028498340,cpcmr,L30 ter,2014-01-22,,
LEGIARTI000006362752,cpcmr,L31,1964-12-01,1980-07-09,
LEGIARTI000006362753,cpcmr,L31,1980-07-09,2022-02-01,
LEGIARTI000042567433,cpcmr,L31,2022-02-01,,
LEGIARTI000006362754,cpcmr,L32,1973-12-23,,
LEGIARTI000006362755,cpcmr,L33,1964-12-01,2022-02-01,
LEGIARTI000042567428,cpcmr,L33,2022-02-01,,
LEGIARTI000006362756,cpcmr,L33 bis,1991-07-27,,
LEGIARTI000006362757,cpcmr,L34,1964-12-01,2014-01-22,
LEGIARTI000028498356,cpcmr,L34,2014-01-22,,
LEGIARTI000006362758,cpcmr,L35,1964-12-01,,
LEGIARTI000006362759,cpcmr,L36,1973-12-23,,
LEGIARTI000006362760,cpcmr,L37,1964-12-01,,
LEGIARTI000006362763,cpcmr,L37 bis,1979-12-22,2004-01-01,
LEGIARTI000006362764,cpcmr,L38,1980-01-19,1993-07-23,
LEGIARTI000006362765,cpcmr,L38,1993-07-23,2004-01-01,
LEGIARTI000006362766,cpcmr,L38,2004-01-01,2023-09-01,
LEGIARTI000047453630,cpcmr,L38,2023-09-01,2025-12-31,
LEGIARTI000053278806,cpcmr,L38,2025-12-31,2026-02-21,
LEGIARTI000053549564,cpcmr,L38,2026-02-21,,
LEGIARTI000039775469,cpcmr,L38-1,2019-12-30,2020-12-16,
LEGIARTI000006362767,cpcmr,L39,1964-12-01,2004-01-01,
LEGIARTI000006362768,cpcmr,L39,2004-01-01,,
LEGIARTI000006362769,cpcmr,L40,1975-12-28,2004-01-01,
LEGIARTI000006362770,cpcmr,L40,2004-01-01,2012-01-01,
LEGIARTI000025076827,cpcmr,L40,2012-01-01,,
LEGIARTI000006362771,cpcmr,L41,1977-06-08,,
LEGIARTI000006362772,cpcmr,L42,1975-12-28,2004-01-01,
LEGIARTI000006362773,cpcmr,L43,1982-07-14,2012-01-01,
LEGIARTI000025076834,cpcmr,L43,2012-01-01,,
LEGIARTI000006362774,cpcmr,L44,1982-07-14,,
LEGIARTI000006362776,cpcmr,L45,1978-07-18,2004-01-01,
LEGIARTI000006362777,cpcmr,L45,2004-01-01,2012-01-01,
LEGIARTI000006362778,cpcmr,L46,1982-07-14,2012-01-01,
LEGIARTI000025076807,cpcmr,L46,2012-01-01,,
LEGIARTI000006362779,cpcmr,L47,1964-12-01,2004-01-01,
LEGIARTI000006362780,cpcmr,L47,2004-01-01,2005-07-01,
LEGIARTI000006362781,cpcmr,L47,2005-07-01,,
LEGIARTI000006362782,cpcmr,L48,1964-12-01,2004-01-01,
LEGIARTI000006362783,cpcmr,L48,2004-01-01,,
LEGIARTI000006362784,cpcmr,L49,1964-12-01,2005-07-01,
LEGIARTI000006362785,cpcmr,L49,2005-07-01,,
LEGIARTI000006362786,cpcmr,L50,1982-07-14,2004-01-01,
LEGIARTI000006362787,cpcmr,L50,2004-01-01,2011-01-01,
LEGIARTI000023383900,cpcmr,L50,2011-01-01,2013-05-30,
LEGIARTI000027474158,cpcmr,L50,2013-05-30,2014-01-22,
LEGIARTI000028498362,cpcmr,L50,2014-01-22,2017-01-01,
LEGIARTI000033814300,cpcmr,L50,2017-01-01,,
LEGIARTI000006362788,cpcmr,L51,1964-12-01,2011-07-01,
LEGIARTI000023096824,cpcmr,L51,2011-07-01,,
LEGIARTI000006362791,cpcmr,L52,1964-12-01,,
LEGIARTI000006362792,cpcmr,L53,1977-06-08,,
LEGIARTI000006362793,cpcmr,L54,1964-12-01,,
LEGIARTI000006362794,cpcmr,L55,1977-06-08,1996-12-20,
LEGIARTI000006362795,cpcmr,L55,1996-12-20,2011-07-01,
LEGIARTI000023031042,cpcmr,L55,2011-07-01,2012-01-01,
LEGIARTI000025076802,cpcmr,L55,2012-01-01,2012-08-25,
LEGIARTI000026313029,cpcmr,L55,2012-08-25,,
LEGIARTI000006362796,cpcmr,L56,1973-01-03,2003-08-22,
LEGIARTI000006362797,cpcmr,L56,2003-08-22,2009-05-14,
LEGIARTI000020627497,cpcmr,L56,2009-05-14,2012-01-01,
LEGIARTI000025076838,cpcmr,L56,2012-01-01,2029-01-01,
LEGIARTI000052850290,cpcmr,L56,2029-01-01,,
LEGIARTI000006362798,cpcmr,L57,1975-12-28,2004-01-01,
LEGIARTI000006362799,cpcmr,L57,2004-01-01,,
LEGIARTI000006362800,cpcmr,L58,1970-06-05,2001-07-18,
LEGIARTI000006362801,cpcmr,L58,2001-07-18,2002-12-31,
LEGIARTI000006362802,cpcmr,L58,2002-12-31,2004-01-01,
LEGIARTI000006362804,cpcmr,L59,1964-12-01,2004-01-01,
LEGIARTI000006362805,cpcmr,L60,1975-12-28,1991-07-27,
LEGIARTI000006362806,cpcmr,L61,1989-12-30,1991-02-01,
LEGIARTI000006362807,cpcmr,L61,1991-02-01,2006-01-01,
LEGIARTI000006362808,cpcmr,L61,2006-01-01,2010-11-11,
LEGIARTI000023032065,cpcmr,L61,2010-11-11,2018-06-14,
LEGIARTI000037064940,cpcmr,L61,2018-06-14,,
LEGIARTI000006362809,cpcmr,L62,1964-12-01,,
LEGIARTI000006362810,cpcmr,L63,1964-12-01,,
LEGIARTI000006362811,cpcmr,L64,1964-12-01,,
LEGIARTI000006362812,cpcmr,L65,1964-12-01,1991-07-27,
LEGIARTI000006362813,cpcmr,L65,1991-07-27,1996-12-20,
LEGIARTI000006362814,cpcmr,L65,1996-12-20,2005-07-01,
LEGIARTI000006362815,cpcmr,L65,2005-07-01,,
LEGIARTI000006362816,cpcmr,L66,1964-12-01,,
LEGIARTI000006362819,cpcmr,L67,1964-12-01,,
LEGIARTI000006362820,cpcmr,L68,1964-12-01,2004-01-01,
LEGIARTI000006362821,cpcmr,L69,1964-12-01,2004-01-01,
LEGIARTI000006362822,cpcmr,L70,1964-12-01,2004-01-01,
LEGIARTI000006362823,cpcmr,L71,1964-12-01,2004-01-01,
LEGIARTI000006362826,cpcmr,L72,1964-12-01,2004-01-01,
LEGIARTI000046874217,cpcmr,L72,2023-01-01,,
LEGIARTI000006362827,cpcmr,L73,1964-12-01,2004-01-01,
LEGIARTI000006362828,cpcmr,L73,2004-01-01,,
LEGIARTI000006362829,cpcmr,L74,1972-07-14,1980-07-09,
LEGIARTI000006362830,cpcmr,L74,1980-07-09,,
LEGIARTI000006362831,cpcmr,L75,1964-12-01,2003-08-22,
LEGIARTI000006362832,cpcmr,L76,1964-12-01,,
LEGIARTI000006362835,cpcmr,L77,1964-12-01,,
LEGIARTI000006362836,cpcmr,L78,1964-12-01,,
LEGIARTI000006362837,cpcmr,L79,1972-07-14,,
LEGIARTI000006362838,cpcmr,L80,1972-07-14,,
LEGIARTI000006362839,cpcmr,L81,1964-12-01,,
LEGIARTI000006362840,cpcmr,L82,1964-12-01,1983-12-30,
LEGIARTI000006362841,cpcmr,L83,1983-12-30,2004-08-17,
LEGIARTI000006362842,cpcmr,L83,2004-08-17,,
LEGIARTI000006362843,cpcmr,L84,1964-12-01,2004-01-01,
LEGIARTI000006362844,cpcmr,L84,2004-01-01,2008-12-19,
LEGIARTI000019959634,cpcmr,L84,2008-12-19,2014-01-22,
LEGIARTI000028498621,cpcmr,L84,2014-01-22,2023-09-01,
LEGIARTI000047453522,cpcmr,L84,2023-09-01,2025-12-31,
LEGIARTI000053279635,cpcmr,L84,2025-12-31,,
LEGIARTI000006362845,cpcmr,L85,1964-12-01,2004-01-01,
LEGIARTI000006362846,cpcmr,L85,2004-01-01,2027-01-01,
LEGIARTI000006362847,cpcmr,L86,1970-12-31,2004-01-01,
LEGIARTI000006362848,cpcmr,L86,2004-01-01,2014-01-22,
LEGIARTI000028498632,cpcmr,L86,2014-01-22,2017-01-01,
LEGIARTI000033714281,cpcmr,L86,2017-01-01,2021-05-27,
LEGIARTI000043540729,cpcmr,L86,2021-05-27,2022-12-25,
LEGIARTI000046806551,cpcmr,L86,2022-12-25,2023-01-01,
LEGIARTI000046872081,cpcmr,L86,2023-01-01,2025-12-31,
LEGIARTI000053279638,cpcmr,L86,2025-12-31,,
LEGIARTI000006362849,cpcmr,L86-1,1983-04-01,2004-01-01,
LEGIARTI000006362850,cpcmr,L86-1,2004-01-01,2025-12-31,
LEGIARTI000053279653,cpcmr,L86-1,2025-12-31,,
LEGIARTI000006362851,cpcmr,L87,1964-12-01,2002-01-18,
LEGIARTI000006362852,cpcmr,L87,2002-01-01,2004-01-01,
LEGIARTI000006362853,cpcmr,L87,2004-01-01,2014-01-01,
LEGIARTI000028448961,cpcmr,L87,2014-01-01,2021-01-01,
LEGIARTI000042916598,cpcmr,L87,2021-01-01,,
LEGIARTI000006362854,cpcmr,L88,1978-07-18,2011-07-01,
LEGIARTI000023031992,cpcmr,L88,2011-07-01,2013-05-19,
LEGIARTI000027432082,cpcmr,L88,2013-05-19,,
LEGIARTI000006362855,cpcmr,L89,1977-06-08,1991-07-27,
LEGIARTI000006362856,cpcmr,L89,1991-07-27,,
LEGIARTI000047451909,cpcmr,L89 bis,2023-09-01,2023-12-31,
LEGIARTI000048834938,cpcmr,L89 bis,2023-12-31,,
LEGIARTI000047451911,cpcmr,L89 ter,2023-09-01,,
LEGIARTI000006362858,cpcmr,L90,1974-12-31,1980-07-09,
LEGIARTI000006362859,cpcmr,L90,1980-07-09,2010-11-11,
LEGIARTI000023034140,cpcmr,L90,2010-11-11,,
LEGIARTI000006362860,cpcmr,L91,1964-12-01,,
LEGIARTI000006362861,cpcmr,L92,1964-12-01,1994-03-01,
LEGIARTI000006362862,cpcmr,L92,1994-03-01,2025-12-31,
LEGIARTI000053279663,cpcmr,L92,2025-12-31,,
LEGIARTI000006362863,cpcmr,L93,1964-12-01,,
LEGIARTI000006362864,cpcmr,L94,1964-12-01,1994-03-01,
LEGIARTI000006362865,cpcmr,L94,1994-03-01,,
LEGIARTI000006362867,cpcmr,L95,1990-01-01,1994-03-01,
LEGIARTI000006362868,cpcmr,L95,1994-03-01,,
LEGIARTI000006362869,cpcmr,L96,1964-12-01,1980-07-09,
LEGIARTI000006362870,cpcmr,L96,1980-07-09,,
LEGIARTI000006362881,cpcmr,R1,2004-01-01,,
LEGIARTI000023388607,cpcmr,R4-1,2011-01-01,,
LEGIARTI000006362889,cpcmr,R5,2004-01-01,,
LEGIARTI000006362890,cpcmr,R6,1964-12-01,2004-01-01,
LEGIARTI000006362891,cpcmr,R6,2004-01-01,,
LEGIARTI000006362893,cpcmr,R7,2004-01-01,,
LEGIARTI000006362895,cpcmr,R9,1964-12-01,2004-01-01,
LEGIARTI000006362896,cpcmr,R9,2006-05-12,2023-09-01,
LEGIARTI000047985825,cpcmr,R9,2023-09-01,2025-01-02,
LEGIARTI000050941558,cpcmr,R9,2025-01-02,,
LEGIARTI000050938495,cpcmr,R9 bis,2025-01-02,,
LEGIARTI000006362898,cpcmr,R10,1978-03-05,,
LEGIARTI000006362899,cpcmr,R11,1964-12-01,,
LEGIARTI000006362900,cpcmr,R12,1964-12-01,,
LEGIARTI000006362901,cpcmr,R13,1964-12-01,2004-01-01,
LEGIARTI000006362902,cpcmr,R13,2004-01-01,2006-05-12,
LEGIARTI000006362903,cpcmr,R13,2006-05-12,2009-04-19,
LEGIARTI000020532497,cpcmr,R13,2009-04-19,2011-01-01,
LEGIARTI000023449727,cpcmr,R13,2011-01-01,2025-10-01,
LEGIARTI000051969102,cpcmr,R13,2025-10-01,,
LEGIARTI000006362904,cpcmr,R14,1964-12-01,2011-11-06,
LEGIARTI000024758994,cpcmr,R14,2011-11-06,,
LEGIARTI000006362905,cpcmr,R15,1964-12-01,,
LEGIARTI000006362906,cpcmr,R16,1964-12-01,,
LEGIARTI000006362907,cpcmr,R17,1964-12-01,,
LEGIARTI000024755548,cpcmr,R17 bis,2011-11-06,,
LEGIARTI000006362908,cpcmr,R18,1964-12-01,,
LEGIARTI000006362911,cpcmr,R19,1964-12-01,,
LEGIARTI000006362912,cpcmr,R20,1982-04-02,2002-04-14,
LEGIARTI000006362913,cpcmr,R20,2002-04-14,,
LEGIARTI000006362914,cpcmr,R21,1964-12-01,,
LEGIARTI000006362915,cpcmr,R22,1964-12-01,2004-01-01,
LEGIARTI000006362916,cpcmr,R23,1964-12-01,2004-01-01,
LEGIARTI000006362917,cpcmr,R24,1964-12-01,2004-01-01,
LEGIARTI000006362918,cpcmr,R25,1964-12-01,2011-01-01,
LEGIARTI000023414046,cpcmr,R25,2011-01-01,,
LEGIARTI000006362919,cpcmr,R25-1,1977-11-20,2004-01-01,
LEGIARTI000006362920,cpcmr,R25-1,2004-01-01,2011-07-01,
LEGIARTI000024289467,cpcmr,R25-1,2011-07-01,2023-09-01,
LEGIARTI000047633087,cpcmr,R25-1,2023-09-01,2025-01-02,
LEGIARTI000050941554,cpcmr,R25-1,2025-01-02,,
LEGIARTI000006362923,cpcmr,R26,1964-12-01,2004-01-01,
LEGIARTI000006362924,cpcmr,R26,2004-01-01,,
LEGIARTI000006362925,cpcmr,R26 bis,2004-01-01,2026-01-22,
LEGIARTI000053389965,cpcmr,R26 bis,2026-01-22,,
LEGIARTI000047985147,cpcmr,R26 quater,2023-09-01,,
LEGIARTI000024111781,cpcmr,R26 ter,2011-06-03,,
LEGIARTI000006362926,cpcmr,R27,1964-12-01,2004-01-01,
LEGIARTI000006362927,cpcmr,R27,2004-01-01,2008-06-26,
LEGIARTI000019065979,cpcmr,R27,2008-06-26,2017-01-01,
LEGIARTI000033823690,cpcmr,R27,2017-01-01,2025-12-15,
LEGIARTI000052465548,cpcmr,R27,2025-12-15,2025-12-15,
LEGIARTI000053027211,cpcmr,R27,2025-12-15,,
LEGIARTI000006362928,cpcmr,R28,1964-12-01,,
LEGIARTI000006362929,cpcmr,R29,1964-12-01,2004-01-01,
LEGIARTI000006362930,cpcmr,R29,2004-01-01,,
LEGIARTI000006362931,cpcmr,R30,1964-12-01,2004-01-01,
LEGIARTI000006362932,cpcmr,R30,2004-01-01,,
LEGIARTI000006362933,cpcmr,R31,1964-12-01,2004-01-01,
LEGIARTI000006362934,cpcmr,R31,2004-01-01,,
LEGIARTI000006362935,cpcmr,R31-1,2005-02-24,2009-01-01,
LEGIARTI000047961873,cpcmr,R31-1,2023-09-01,,
LEGIARTI000006362936,cpcmr,R31-2,2005-02-24,2009-01-01,
LEGIARTI000006362944,cpcmr,R33,1964-12-01,2004-01-01,
LEGIARTI000006362945,cpcmr,R33,2004-01-01,2006-12-13,
LEGIARTI000006362946,cpcmr,R33,2006-12-13,,
LEGIARTI000006362947,cpcmr,R33 bis,2006-12-13,2012-03-14,
LEGIARTI000026384919,cpcmr,R33 bis,2012-03-14,2015-01-01,
LEGIARTI000030058911,cpcmr,R33 bis,2015-01-01,2015-02-04,
LEGIARTI000030188556,cpcmr,R33 bis,2015-02-04,,
LEGIARTI000006362950,cpcmr,R35,1964-12-01,2004-01-01,
LEGIARTI000006362951,cpcmr,R35,2004-01-01,2023-09-01,
LEGIARTI000047633332,cpcmr,R35,2023-09-01,,
LEGIARTI000006362952,cpcmr,R36,1964-12-01,2004-01-01,
LEGIARTI000006362953,cpcmr,R36,2004-01-01,,
LEGIARTI000006362957,cpcmr,R37,2005-05-11,2006-05-12,
LEGIARTI000006362958,cpcmr,R37,2006-05-12,2006-06-30,
LEGIARTI000006362959,cpcmr,R37,2006-06-30,2006-08-22,
LEGIARTI000006362960,cpcmr,R37,2006-08-22,2006-12-07,
LEGIARTI000006362961,cpcmr,R37,2006-12-07,2009-04-19,
LEGIARTI000020532466,cpcmr,R37,2009-04-19,2010-05-08,
LEGIARTI000022304692,cpcmr,R37,2010-05-08,2011-01-01,
LEGIARTI000023449688,cpcmr,R37,2011-01-01,2016-06-19,
LEGIARTI000032726567,cpcmr,R37,2016-06-19,2025-01-02,
LEGIARTI000050941566,cpcmr,R37,2025-01-02,2025-10-01,
LEGIARTI000051969132,cpcmr,R37,2025-10-01,2026-06-01,
LEGIARTI000054175249,cpcmr,R37,2026-06-01,,
LEGIARTI000006362962,cpcmr,R37 bis,2006-12-13,2011-07-01,
LEGIARTI000023414088,cpcmr,R37 bis,2011-07-01,2012-03-14,
LEGIARTI000026384914,cpcmr,R37 bis,2012-03-14,2015-01-01,
LEGIARTI000030058902,cpcmr,R37 bis,2015-01-01,2023-09-01,
LEGIARTI000047633325,cpcmr,R37 bis,2023-09-01,,
LEGIARTI000006362963,cpcmr,R38,1964-12-01,2011-07-01,
LEGIARTI000024289449,cpcmr,R38,2011-07-01,,
LEGIARTI000006362964,cpcmr,R39,1964-12-01,2020-01-01,
LEGIARTI000039348477,cpcmr,R39,2020-01-01,,
LEGIARTI000006362965,cpcmr,R40,1964-12-01,,
LEGIARTI000006362966,cpcmr,R41,1964-12-01,,
LEGIARTI000006362967,cpcmr,R42,1964-12-01,2012-01-01,
LEGIARTI000030188592,cpcmr,R42,2012-01-01,,
LEGIARTI000006362969,cpcmr,R44,1964-12-01,2012-01-01,
LEGIARTI000030188573,cpcmr,R44,2012-01-01,,
LEGIARTI000006362970,cpcmr,R45,1986-03-20,2005-05-10,
LEGIARTI000006362971,cpcmr,R45,2005-05-10,2013-01-01,
LEGIARTI000026736059,cpcmr,R45,2013-01-01,2014-05-30,
LEGIARTI000029007219,cpcmr,R45,2014-05-30,2022-03-14,
LEGIARTI000006362972,cpcmr,R46,1986-03-20,2005-05-10,
LEGIARTI000006362973,cpcmr,R46,2005-05-10,2013-01-01,
LEGIARTI000026736055,cpcmr,R46,2013-01-01,2014-05-30,
LEGIARTI000029007224,cpcmr,R46,2014-05-30,2020-01-01,
LEGIARTI000039346919,cpcmr,R46,2020-01-01,2022-03-14,
LEGIARTI000006362974,cpcmr,R47,1986-03-20,2022-03-14,
LEGIARTI000006362975,cpcmr,R48,1986-03-20,2022-03-14,
LEGIARTI000006362976,cpcmr,R49,1986-03-20,2022-03-14,
LEGIARTI000023886374,cpcmr,R49 bis,2011-07-01,,
LEGIARTI000006362977,cpcmr,R50,1964-12-01,,
LEGIARTI000006362980,cpcmr,R51,1964-12-01,,
LEGIARTI000006362981,cpcmr,R52,1964-12-01,,
LEGIARTI000006362983,cpcmr,R53,2004-01-01,,
LEGIARTI000006362985,cpcmr,R54,2004-01-01,,
LEGIARTI000006362989,cpcmr,R57,2004-01-01,2012-01-01,
LEGIARTI000030188515,cpcmr,R57,2012-01-01,,
LEGIARTI000006362990,cpcmr,R57 bis,2004-01-01,2012-01-01,
LEGIARTI000030188506,cpcmr,R57 bis,2012-01-01,,
LEGIARTI000006362995,cpcmr,R58,2005-02-24,,
LEGIARTI000006363002,cpcmr,R62,2004-01-01,,
LEGIARTI000006363008,cpcmr,R65,1979-01-30,2004-01-01,
LEGIARTI000006363009,cpcmr,R65,2004-01-01,2012-12-31,
LEGIARTI000022752945,cpcmr,R65,2012-12-31,,
LEGIARTI000037550134,cpcmr,R69,2018-11-01,,
LEGIARTI000037550115,cpcmr,R70,2022-01-01,,
LEGIARTI000037550110,cpcmr,R71,2018-11-01,2020-01-01,
LEGIARTI000039223174,cpcmr,R71,2020-01-01,,
LEGIARTI000037550128,cpcmr,R72,2018-11-01,,
LEGIARTI000037550122,cpcmr,R73,2018-11-01,,
LEGIARTI000037546872,cpcmr,R73-1,2018-11-01,,
LEGIARTI000017769419,cpcmr,R74-1,2008-01-01,2018-11-01,
LEGIARTI000037550157,cpcmr,R74-1,2018-11-01,,
LEGIARTI000030704294,cpcmr,R74-1-1,2015-06-11,,
LEGIARTI000006363025,cpcmr,R74-2,2002-11-28,2015-06-11,
LEGIARTI000030706625,cpcmr,R74-2,2015-06-11,,
LEGIARTI000006363026,cpcmr,R74-3,2004-01-01,2015-06-11,
LEGIARTI000030706595,cpcmr,R74-3,2015-06-11,,
LEGIARTI000019065993,cpcmr,R76 ter,2008-06-26,2018-11-01,
LEGIARTI000037550163,cpcmr,R76 ter,2018-11-01,,
LEGIARTI000006363034,cpcmr,R78,1964-12-01,2004-01-01,
LEGIARTI000006363035,cpcmr,R79,1964-12-01,2004-01-01,
LEGIARTI000006363036,cpcmr,R79,2004-01-01,2005-05-28,
LEGIARTI000006363037,cpcmr,R79,2005-05-28,,
LEGIARTI000006363053,cpcmr,R91,2004-01-01,,
LEGIARTI000006363055,cpcmr,R92,2004-01-01,,
LEGIARTI000006363060,cpcmr,R95,2004-01-01,,
LEGIARTI000006363061,cpcmr,R95-1,2002-11-28,2004-01-01,
LEGIARTI000006363062,cpcmr,R95-1,2004-01-01,2015-06-11,
LEGIARTI000030706617,cpcmr,R95-1,2015-06-11,,
LEGIARTI000006363063,cpcmr,R95-2,2002-11-28,2015-06-11,
LEGIARTI000030706588,cpcmr,R95-2,2015-06-11,,
LEGIARTI000006363064,cpcmr,R95-3,2002-11-28,2004-01-01,
LEGIARTI000006363065,cpcmr,R95-3,2004-01-01,2015-06-11,
LEGIARTI000030706608,cpcmr,R95-3,2015-06-11,,
LEGIARTI000006363066,cpcmr,R96,1964-12-01,2004-01-01,
LEGIARTI000006363067,cpcmr,R96,2004-01-01,2011-07-01,
LEGIARTI000024289454,cpcmr,R96,2011-07-01,,
LEGIARTI000006363068,cpcmr,R97,1964-12-01,2004-01-01,
LEGIARTI000006363069,cpcmr,R97,2004-01-01,,
LEGIARTI000006363070,cpcmr,R98,1964-12-01,2004-01-01,
LEGIARTI000006363071,cpcmr,R98,2004-01-01,,
LEGIARTI000006363072,cpcmr,R99,1964-12-01,2004-01-01,
LEGIARTI000006363073,cpcmr,R99,2004-01-01,,
LEGIARTI000006363074,cpcmr,R100,1986-01-26,,
LEGIARTI000006363083,cpcmr,R106,1964-12-01,2004-01-01,
LEGIARTI000006362880,cpcmr,R*1,1964-12-01,2004-01-01,
LEGIARTI000006362882,cpcmr,R*2,1964-12-01,2004-01-01,
LEGIARTI000006362883,cpcmr,R*3,1964-12-01,2004-01-01,
LEGIARTI000006362884,cpcmr,R*3,2004-01-01,,
LEGIARTI000006362885,cpcmr,R*4,1964-12-01,,
LEGIARTI000006362888,cpcmr,R*5,1964-12-01,2004-01-01,
LEGIARTI000006362892,cpcmr,R*7,1964-12-01,2004-01-01,
LEGIARTI000006362894,cpcmr,R*8,1964-12-01,2021-07-02,
LEGIARTI000043824438,cpcmr,R*8,2021-07-02,,
LEGIARTI000006362939,cpcmr,R*32,1964-12-01,2004-01-01,
LEGIARTI000006362940,cpcmr,R*32,2004-01-01,2006-12-13,
LEGIARTI000006362941,cpcmr,R*32,2006-12-13,,
LEGIARTI000006362942,cpcmr,R*32 bis,1966-12-01,2006-12-13,
LEGIARTI000006362943,cpcmr,R*32 bis,2006-12-13,,
LEGIARTI000006362948,cpcmr,R*34,1964-12-01,2004-01-01,
LEGIARTI000006362949,cpcmr,R*34,2004-01-01,,
LEGIARTI000006362956,cpcmr,R*37,1964-12-01,1979-01-30,
LEGIARTI000006362968,cpcmr,R*43,1979-01-30,2012-01-01,
LEGIARTI000030188583,cpcmr,R*43,2012-01-01,,
LEGIARTI000006362982,cpcmr,R*53,1964-12-01,2004-01-01,
LEGIARTI000006362984,cpcmr,R*54,1964-12-01,2004-01-01,
LEGIARTI000006362986,cpcmr,R*55,1964-12-01,2004-01-01,
LEGIARTI000006362987,cpcmr,R*56,1975-12-28,2004-01-01,
LEGIARTI000006362988,cpcmr,R*57,1975-12-28,2004-01-01,
LEGIARTI000006362994,cpcmr,R*58,1964-12-01,2005-02-24,
LEGIARTI000006362996,cpcmr,R*59,1964-12-01,,
LEGIARTI000006362997,cpcmr,R*60,1964-12-01,,
LEGIARTI000006362998,cpcmr,R*61,1964-12-01,1998-06-10,
LEGIARTI000006362999,cpcmr,R*61,1998-06-10,2004-01-01,
LEGIARTI000006363000,cpcmr,R*61,2004-01-01,,
LEGIARTI000006363001,cpcmr,R*62,1964-12-01,2004-01-01,
LEGIARTI000006363005,cpcmr,R*63,1964-12-01,2004-01-01,
LEGIARTI000006363006,cpcmr,R*64,1972-10-29,2004-01-01,
LEGIARTI000006363007,cpcmr,R*64,2004-01-01,2006-06-30,
LEGIARTI000006363010,cpcmr,R*66,1964-12-01,,
LEGIARTI000006363011,cpcmr,R*67,1964-12-01,2004-01-01,
LEGIARTI000006363012,cpcmr,R*67,2004-01-01,,
LEGIARTI000006363013,cpcmr,R*68,1964-12-01,2004-01-01,
LEGIARTI000006363014,cpcmr,R*68,2004-01-01,,
LEGIARTI000006363017,cpcmr,R*69,1964-12-01,2004-01-01,
LEGIARTI000006363018,cpcmr,R*70,1975-12-28,2004-01-01,
LEGIARTI000006363019,cpcmr,R*71,1964-12-01,2004-01-01,
LEGIARTI000006363020,cpcmr,R*72,1964-12-01,2004-01-01,
LEGIARTI000006363021,cpcmr,R*73,1964-12-01,2004-01-01,
LEGIARTI000006363022,cpcmr,R*74,1972-07-14,2004-01-01,
LEGIARTI000006363023,cpcmr,R*74,2004-01-01,2008-01-01,
LEGIARTI000017769412,cpcmr,R*74,2008-01-01,,
LEGIARTI000006363024,cpcmr,R*74-1,2002-11-28,2008-01-01,
LEGIARTI000006363027,cpcmr,R*75,1972-07-14,,
LEGIARTI000006363028,cpcmr,R*76,1964-12-01,2004-01-01,
LEGIARTI000006363029,cpcmr,R*76,2004-01-01,2008-06-26,
LEGIARTI000019065998,cpcmr,R*76,2008-06-26,2013-03-04,
LEGIARTI000027125117,cpcmr,R*76,2013-03-04,,
LEGIARTI000006363030,cpcmr,R*76 bis,2004-01-01,2008-06-26,
LEGIARTI000019065988,cpcmr,R*76 bis,2008-06-26,2013-03-04,
LEGIARTI000027125126,cpcmr,R*76 bis,2013-03-04,,
LEGIARTI000006363031,cpcmr,R*76 ter,2004-01-01,2008-06-26,
LEGIARTI000006363032,cpcmr,R*77,1964-12-01,2004-01-01,
LEGIARTI000006363033,cpcmr,R*77,2004-01-01,,
LEGIARTI000006363038,cpcmr,R*80,1964-12-01,2004-01-01,
LEGIARTI000006363039,cpcmr,R*81,1989-04-18,1991-02-01,
LEGIARTI000006363040,cpcmr,R*81,1991-02-01,1992-03-26,
LEGIARTI000006363041,cpcmr,R*81,1992-03-26,2004-01-01,
LEGIARTI000006363042,cpcmr,R*81,2004-01-01,2008-01-01,
LEGIARTI000017769416,cpcmr,R*81,2008-01-01,,
LEGIARTI000006363043,cpcmr,R*82,1964-12-01,2004-01-01,
LEGIARTI000006363044,cpcmr,R*83,1964-12-01,2004-01-01,
LEGIARTI000006363045,cpcmr,R*84,1964-12-01,2004-01-01,
LEGIARTI000006363046,cpcmr,R*85,1964-12-01,2004-01-01,
LEGIARTI000006363047,cpcmr,R*86,1964-12-01,2004-01-01,
LEGIARTI000006363048,cpcmr,R*87,1964-12-01,2004-01-01,
LEGIARTI000006363049,cpcmr,R*88,1964-12-01,2004-01-01,
LEGIARTI000006363050,cpcmr,R*89,1964-12-01,2004-01-01,
LEGIARTI000006363051,cpcmr,R*90,1964-12-01,2023-07-01,
LEGIARTI000047770112,cpcmr,R*90,2023-07-01,,
LEGIARTI000006363052,cpcmr,R*91,1964-12-01,2004-01-01,
LEGIARTI000006363054,cpcmr,R*92,1964-12-01,2004-01-01,
LEGIARTI000006363056,cpcmr,R*93,1964-12-01,2004-01-01,
LEGIARTI000006363057,cpcmr,R*93,2004-01-01,,
LEGIARTI000006363058,cpcmr,R*94,1964-12-01,,
LEGIARTI000006363059,cpcmr,R*95,1964-12-01,2004-01-01,
LEGIARTI000006363075,cpcmr,R*101,1964-12-01,2004-01-01,
LEGIARTI000006363076,cpcmr,R*101,2004-01-01,,
LEGIARTI000006363077,cpcmr,R*102,1979-01-30,2004-01-01,
LEGIARTI000006363078,cpcmr,R*102,2004-01-01,,
LEGIARTI000006363079,cpcmr,R*103,1964-12-01,,
LEGIARTI000006363080,cpcmr,R*104,1979-01-30,2004-01-01,
LEGIARTI000006363081,cpcmr,R*104,2004-01-01,,
LEGIARTI000006363082,cpcmr,R*105,1964-12-01,2004-01-01,
LEGIARTI000006363084,cpcmr,R*107,1964-12-01,2004-01-01,
LEGIARTI000023388636,css,D161-2-1-9,2011-07-01,2011-12-31,
LEGIARTI000025089933,css,D161-2-1-9,2011-12-31,2023-09-01,
LEGIARTI000047634502,css,D161-2-1-9,2023-09-01,,
LEGIARTI000006735410,css,D161-17,1994-09-23,2000-07-11,
LEGIARTI000006735411,css,D161-17,2005-01-01,2014-02-03,
LEGIARTI000027998278,css,D161-18,2013-09-30,,
LEGIARTI000027998280,css,D161-19,2013-09-30,,
LEGIARTI000027998282,css,D161-20,2013-09-30,,
LEGIARTI000027998284,css,D161-21,2013-09-30,,
LEGIARTI000033730619,css,D161-22,2016-12-30,,
LEGIARTI000006735711,css,D171-1,1985-12-21,1990-02-21,
LEGIARTI000006735712,css,D171-1,1990-02-21,2004-08-25,
LEGIARTI000006735483,css,D171-2,1985-12-21,2015-07-19,
LEGIARTI000030910656,css,D171-2,2015-07-19,,
LEGIARTI000006735611,css,D171-3,1985-12-21,1987-10-01,
LEGIARTI000006735612,css,D171-3,1987-10-01,2015-07-19,
LEGIARTI000030910644,css,D171-3,2015-07-19,,
LEGIARTI000006735484,css,D171-4,1985-12-21,2015-07-19,
LEGIARTI000030910632,css,D171-4,2015-07-19,2016-01-01,
LEGIARTI000031813488,css,D171-4,2016-01-01,,
LEGIARTI000006735485,css,D171-5,1985-12-21,2015-07-19,
LEGIARTI000030910623,css,D171-5,2015-07-19,,
LEGIARTI000006735486,css,D171-6,1985-12-21,2015-07-19,
LEGIARTI000030910612,css,D171-6,2015-07-19,,
LEGIARTI000006735487,css,D171-7,1985-12-21,2015-07-19,
LEGIARTI000030910603,css,D171-7,2015-07-19,,
LEGIARTI000006735488,css,D171-8,1985-12-21,2015-07-19,
LEGIARTI000030910592,css,D171-8,2015-07-19,,
LEGIARTI000006735489,css,D171-9,1985-12-21,2015-07-19,
LEGIARTI000030910575,css,D171-9,2015-07-19,,
LEGIARTI000006735490,css,D171-10,1985-12-21,2015-07-19,
LEGIARTI000006735491,css,D171-11,1985-12-21,2015-07-19,
LEGIARTI000030910553,css,D171-11,2015-07-19,,
LEGIARTI000006735492,css,D171-11-1,2003-10-31,2004-03-18,
LEGIARTI000006735494,css,D171-11-1,2004-01-01,2004-01-01,
LEGIARTI000006735495,css,D171-11-1,2004-01-01,2005-04-22,
LEGIARTI000006735493,css,D171-11-1,2004-03-18,2004-01-01,
LEGIARTI000006735496,css,D171-11-1,2005-04-22,2010-05-08,
LEGIARTI000022266515,css,D171-11-1,2010-05-08,2015-07-19,
LEGIARTI000030909703,css,D171-12,2015-07-19,2018-01-01,
LEGIARTI000036475158,css,D171-12,2018-01-01,,
LEGIARTI000030909714,css,D171-13,2015-07-19,,
LEGIARTI000030909726,css,D171-14,2015-07-19,,
LEGIARTI000030909738,css,D171-15,2015-07-19,2016-01-01,
LEGIARTI000033366693,css,D171-15,2016-11-11,2020-05-25,
LEGIARTI000041967883,css,D171-15,2020-05-25,,
LEGIARTI000033363637,css,D171-16,2016-11-11,2020-05-25,
LEGIARTI000041967880,css,D171-16,2020-05-25,,
LEGIARTI000033363653,css,D171-17,2016-11-11,2020-05-25,
LEGIARTI000041967877,css,D171-17,2020-05-25,,
LEGIARTI000006735497,css,D172-1,1985-12-21,2018-12-29,
LEGIARTI000006735614,css,D172-2,1985-12-21,1987-10-01,
LEGIARTI000006735615,css,D172-2,1987-10-01,2019-01-01,
LEGIARTI000038023046,css,D172-2,2019-01-01,,
LEGIARTI000006735499,css,D172-3,1985-12-21,2018-12-29,
LEGIARTI000006735500,css,D172-4,1985-12-21,2019-01-01,
LEGIARTI000006735501,css,D172-5,1985-12-21,2018-12-29,
LEGIARTI000006735502,css,D172-6,1985-12-21,,
LEGIARTI000006735503,css,D172-7,1985-12-21,2018-12-29,
LEGIARTI000006735504,css,D172-8,1985-12-21,2019-01-01,
LEGIARTI000006735505,css,D172-9,1985-12-21,2018-12-29,
LEGIARTI000006735506,css,D172-10,1985-12-21,,
LEGIARTI000006735507,css,D172-11,1985-12-21,2015-07-19,
LEGIARTI000006735509,css,D172-12,1985-12-21,2015-07-19,
LEGIARTI000006735510,css,D172-13,1985-12-21,2015-07-19,
LEGIARTI000006735511,css,D172-14,1985-12-21,,
LEGIARTI000006735512,css,D172-15,1985-12-21,,
LEGIARTI000006735513,css,D172-16,1985-12-21,2011-07-01,
LEGIARTI000023397603,css,D172-16,2011-07-01,,
LEGIARTI000006735514,css,D172-17,1985-12-21,2011-07-01,
LEGIARTI000023397597,css,D172-17,2011-07-01,,
LEGIARTI000006735515,css,D172-18,1985-12-21,2011-01-01,
LEGIARTI000023397592,css,D172-18,2011-01-01,,
LEGIARTI000006735516,css,D172-19,1985-12-21,,
LEGIARTI000006735518,css,D173-1,1985-12-21,,
LEGIARTI000031799236,css,D173-1-1,2016-01-01,,
LEGIARTI000031799238,css,D173-1-2,2016-01-01,2017-07-01,
LEGIARTI000034624478,css,D173-1-2,2017-07-01,,
LEGIARTI000006735519,css,D173-2,1985-12-21,,
LEGIARTI000006735520,css,D173-3,1985-12-21,,
LEGIARTI000006735521,css,D173-4,1985-12-21,2004-08-25,
LEGIARTI000006735522,css,D173-4,2004-08-25,,
LEGIARTI000006735523,css,D173-5,1985-12-21,,
LEGIARTI000006735524,css,D173-6,1985-12-21,,
LEGIARTI000006735525,css,D173-7,1985-12-21,,
LEGIARTI000006735526,css,D173-8,1985-12-21,,
LEGIARTI000006735527,css,D173-9,1985-12-21,,
LEGIARTI000006735528,css,D173-10,1985-12-21,,
LEGIARTI000006735529,css,D173-11,1985-12-21,,
LEGIARTI000006735530,css,D173-12,1985-12-21,,
LEGIARTI000006735531,css,D173-13,1985-12-21,,
LEGIARTI000006735532,css,D173-14,1985-12-21,,
LEGIARTI000006735534,css,D173-15,1985-12-21,,
LEGIARTI000006735535,css,D173-16,1985-12-21,2012-04-30,
LEGIARTI000025766876,css,D173-16,2012-04-30,,
LEGIARTI000006735536,css,D173-17,1985-12-21,,
LEGIARTI000006735537,css,D173-18,1985-12-21,2004-08-25,
LEGIARTI000006735538,css,D173-18,2004-08-25,,
LEGIARTI000006735713,css,D173-19,1985-12-21,1990-03-01,
LEGIARTI000006735714,css,D173-19,1990-03-01,,
LEGIARTI000006735539,css,D173-20,1985-12-21,,
LEGIARTI000006735540,css,D173-21,1985-12-21,,
LEGIARTI000024280080,css,D173-21-0-0-1,2011-07-01,2014-02-17,
LEGIARTI000028602639,css,D173-21-0-0-1,2014-02-17,2015-07-19,
LEGIARTI000024280088,css,D173-21-0-0-2,2011-07-01,2015-07-19,
LEGIARTI000006735542,css,D173-21-0-1,2004-01-01,2008-12-25,
LEGIARTI000019993424,css,D173-21-0-1,2008-12-25,2010-05-08,
LEGIARTI000022266555,css,D173-21-0-1,2010-05-08,2017-07-01,
LEGIARTI000030909671,css,D173-21-0-1-1,2015-07-19,2017-07-01,
LEGIARTI000030909788,css,D173-21-0-1-2,2015-07-19,2017-07-01,
LEGIARTI000030909772,css,D173-21-0-1-3,2015-07-19,2017-07-01,
LEGIARTI000025258477,css,D173-21-0-2,2012-03-01,2016-07-24,
LEGIARTI000032934892,css,D173-21-0-2,2016-07-24,2017-07-01,
LEGIARTI000006735543,css,D173-21-1,1988-05-08,2010-05-08,
LEGIARTI000022266577,css,D173-21-1,2010-05-08,2017-07-01,
LEGIARTI000034624355,css,D173-21-1,2017-07-01,2020-05-25,
LEGIARTI000041967851,css,D173-21-1,2020-05-25,2026-01-01,
LEGIARTI000053355913,css,D173-21-1,2026-01-01,,
LEGIARTI000034624390,css,D173-21-2,2017-07-01,2020-05-25,
LEGIARTI000041967840,css,D173-21-2,2020-05-25,2026-01-01,
LEGIARTI000053355931,css,D173-21-2,2026-01-01,,
LEGIARTI000034594647,css,D173-21-3,2017-07-01,2020-05-25,
LEGIARTI000041967828,css,D173-21-3,2020-05-25,,
LEGIARTI000039122268,css,D173-21-3-1,2019-11-01,2021-05-16,
LEGIARTI000043506371,css,D173-21-3-1,2021-05-16,,
LEGIARTI000034624407,css,D173-21-4,2017-07-01,,
LEGIARTI000034624410,css,D173-21-5,2017-07-01,,
LEGIARTI000034624371,css,D173-21-6,2017-07-01,,
LEGIARTI000034624366,css,D173-21-7,2017-07-01,2026-01-01,
LEGIARTI000006735544,css,D173-22,1985-12-21,2007-05-05,
LEGIARTI000006735545,css,D173-22,2007-05-05,2017-07-01,
LEGIARTI000006735546,css,D173-23,1985-12-21,,
LEGIARTI000006735715,css,D173-24,1985-12-21,1991-01-01,
LEGIARTI000006735716,css,D173-24,1991-01-01,2004-08-25,
LEGIARTI000023413997,css,D173-24,2011-01-01,,
LEGIARTI000006735717,css,D173-25,1985-12-21,1991-01-01,
LEGIARTI000006735718,css,D173-25,1991-01-01,2004-08-25,
LEGIARTI000023413994,css,D173-25,2011-01-01,,
LEGIARTI000006736513,css,D341-1,1986-01-29,2011-06-01,
LEGIARTI000034736797,css,D341-1,2017-09-01,2023-09-01,
LEGIARTI000047634682,css,D341-1,2023-09-01,,
LEGIARTI000006736514,css,D341-2,1986-01-29,2002-01-01,
LEGIARTI000006736515,css,D341-2,2002-01-01,2011-06-01,
LEGIARTI000006736520,css,D351-1,1985-12-21,2020-05-25,
LEGIARTI000006736521,css,D351-1-1,2003-10-31,2011-07-01,
LEGIARTI000023397567,css,D351-1-1,2011-07-01,2012-11-01,
LEGIARTI000026139949,css,D351-1-1,2012-11-01,2023-09-01,
LEGIARTI000047634571,css,D351-1-1,2023-09-01,2026-01-01,
LEGIARTI000053356023,css,D351-1-1,2026-01-01,2026-09-01,
LEGIARTI000054059621,css,D351-1-1,2026-09-01,,
LEGIARTI000006736522,css,D351-1-2,2003-10-31,2012-11-01,
LEGIARTI000026139944,css,D351-1-2,2012-11-01,2014-04-01,
LEGIARTI000028751938,css,D351-1-2,2014-04-01,2021-05-16,
LEGIARTI000043506391,css,D351-1-2,2021-05-16,2023-09-01,
LEGIARTI000047634564,css,D351-1-2,2023-09-01,2026-01-01,
LEGIARTI000053356011,css,D351-1-2,2026-01-01,,
LEGIARTI000054589209,css,D351-1-2-1,2026-08-01,,
LEGIARTI000006736523,css,D351-1-3,2003-10-31,2011-01-01,
LEGIARTI000023397562,css,D351-1-3,2011-01-01,2012-11-01,
LEGIARTI000026139940,css,D351-1-3,2012-11-01,2023-09-01,
LEGIARTI000047634559,css,D351-1-3,2023-09-01,2026-01-01,
LEGIARTI000053356007,css,D351-1-3,2026-01-01,,
LEGIARTI000006736524,css,D351-1-4,2004-02-19,2006-12-17,
LEGIARTI000006736525,css,D351-1-4,2006-12-17,2009-04-01,
LEGIARTI000020090083,css,D351-1-4,2009-04-01,2011-07-01,
LEGIARTI000023397575,css,D351-1-4,2011-07-01,2026-01-01,
LEGIARTI000053356001,css,D351-1-4,2026-01-01,,
LEGIARTI000006736526,css,D351-1-5,2004-03-18,2005-12-31,
LEGIARTI000006736527,css,D351-1-5,2005-12-31,2011-01-01,
LEGIARTI000023397584,css,D351-1-5,2011-01-01,2015-01-01,
LEGIARTI000030058836,css,D351-1-5,2015-01-01,2023-09-01,
LEGIARTI000047634590,css,D351-1-5,2023-09-01,2026-01-01,
LEGIARTI000053355992,css,D351-1-5,2026-01-01,2026-09-01,
LEGIARTI000054059626,css,D351-1-5,2026-09-01,,
LEGIARTI000006736528,css,D351-1-6,2004-03-18,2011-01-01,
LEGIARTI000023397579,css,D351-1-6,2011-01-01,2015-01-01,
LEGIARTI000030058868,css,D351-1-6,2015-01-01,2026-01-01,
LEGIARTI000053355980,css,D351-1-6,2026-01-01,,
LEGIARTI000006736529,css,D351-1-7,2003-12-30,2012-03-01,
LEGIARTI000030059081,css,D351-1-7,2014-12-31,2026-01-01,
LEGIARTI000023793844,css,D351-1-8,2011-07-01,2023-09-01,
LEGIARTI000023793849,css,D351-1-9,2011-07-01,2026-01-01,
LEGIARTI000053355976,css,D351-1-9,2026-01-01,2026-11-01,
LEGIARTI000054060374,css,D351-1-9,2026-11-01,,
LEGIARTI000023793852,css,D351-1-10,2011-07-01,2026-01-01,
LEGIARTI000053356031,css,D351-1-10,2026-01-01,2026-11-01,
LEGIARTI000054060371,css,D351-1-10,2026-11-01,,
LEGIARTI000023793855,css,D351-1-11,2011-07-01,2020-05-25,
LEGIARTI000041969384,css,D351-1-11,2020-05-25,2025-12-31,
LEGIARTI000053220545,css,D351-1-11,2025-12-31,2026-01-01,
LEGIARTI000053355959,css,D351-1-11,2026-01-01,,
LEGIARTI000023793877,css,D351-1-12,2011-07-01,2015-01-01,
LEGIARTI000029561115,css,D351-1-12,2015-01-01,2016-01-01,
LEGIARTI000031823433,css,D351-1-12,2016-01-01,2023-09-01,
LEGIARTI000047634628,css,D351-1-12,2023-09-01,2026-01-01,
LEGIARTI000053355953,css,D351-1-12,2026-01-01,,
LEGIARTI000042061506,css,D351-1-13,2020-06-30,2023-09-01,
LEGIARTI000047634661,css,D351-1-13,2023-09-01,2026-01-01,
LEGIARTI000047634688,css,D351-1-14,2023-09-01,2026-01-01,
LEGIARTI000053355951,css,D351-1-14,2026-01-01,,
LEGIARTI000053349550,css,D351-1-15,2026-01-01,,
LEGIARTI000053349606,css,D351-1-16,2026-01-01,,
LEGIARTI000053349554,css,D351-1-17,2026-01-01,,
LEGIARTI000006736530,css,D351-2,1985-12-21,2023-09-01,
LEGIARTI000047634554,css,D351-2,2023-09-01,2024-07-09,
LEGIARTI000049917724,css,D351-2,2024-07-09,,
LEGIARTI000006736531,css,D351-2-1,2003-12-30,2005-12-31,
LEGIARTI000006736532,css,D351-2-1,2005-12-31,2007-12-31,
LEGIARTI000017870194,css,D351-2-1,2007-12-31,2009-04-01,
LEGIARTI000020090091,css,D351-2-1,2009-04-01,2020-05-25,
LEGIARTI000041968645,css,D351-2-1,2020-05-25,2023-09-01,
LEGIARTI000047961314,css,D351-2-1,2023-09-01,,
LEGIARTI000020090096,css,D351-2-2,2009-04-01,2023-09-01,
LEGIARTI000047961311,css,D351-2-2,2023-09-01,2025-12-28,
LEGIARTI000053198185,css,D351-2-2,2025-12-28,2026-08-01,
LEGIARTI000054589231,css,D351-2-2,2026-08-01,,
LEGIARTI000006736533,css,D351-3,2004-01-01,2008-12-25,
LEGIARTI000019993434,css,D351-3,2008-12-25,2011-01-01,
LEGIARTI000023395894,css,D351-3,2011-01-01,,
LEGIARTI000006736534,css,D351-4,2004-01-01,2015-01-11,
LEGIARTI000030100605,css,D351-4,2015-01-11,2020-05-25,
LEGIARTI000041968628,css,D351-4,2020-05-25,2023-09-01,
LEGIARTI000047985449,css,D351-4,2023-09-01,2023-09-01,
LEGIARTI000048032010,css,D351-4,2023-09-01,2026-01-01,
LEGIARTI000053356049,css,D351-4,2026-01-01,,
LEGIARTI000006736535,css,D351-5,2004-01-01,2015-01-11,
LEGIARTI000030100621,css,D351-5,2015-01-11,2024-07-10,
LEGIARTI000049915764,css,D351-5,2024-07-10,,
LEGIARTI000006736536,css,D351-6,2004-01-01,,
LEGIARTI000006736537,css,D351-7,2004-01-01,2006-07-18,
LEGIARTI000006736538,css,D351-7,2006-07-18,2010-01-01,
LEGIARTI000021640279,css,D351-7,2010-01-01,,
LEGIARTI000006736539,css,D351-8,2004-01-01,2006-07-18,
LEGIARTI000006736540,css,D351-8,2006-07-18,2008-12-25,
LEGIARTI000019993437,css,D351-8,2008-12-25,2011-01-01,
LEGIARTI000023395884,css,D351-8,2011-01-01,2015-03-27,
LEGIARTI000030400040,css,D351-8,2015-03-27,2020-05-25,
LEGIARTI000041968546,css,D351-8,2020-05-25,,
LEGIARTI000006736541,css,D351-9,2004-01-01,2006-07-18,
LEGIARTI000006736542,css,D351-9,2006-07-18,2008-12-25,
LEGIARTI000019993446,css,D351-9,2008-12-25,2011-01-01,
LEGIARTI000023395879,css,D351-9,2011-01-01,2015-03-27,
LEGIARTI000030400105,css,D351-9,2015-03-27,,
LEGIARTI000006736543,css,D351-10,2004-01-01,2006-07-18,
LEGIARTI000006736544,css,D351-10,2006-07-18,2008-12-25,
LEGIARTI000019993451,css,D351-10,2008-12-25,,
LEGIARTI000006736545,css,D351-11,2004-01-01,2006-09-07,
LEGIARTI000006736546,css,D351-11,2006-09-07,,
LEGIARTI000006736547,css,D351-12,2004-01-01,,
LEGIARTI000006736548,css,D351-13,2004-01-01,2015-01-11,
LEGIARTI000030100632,css,D351-13,2015-01-11,,
LEGIARTI000006736549,css,D351-14,2004-01-01,2006-07-18,
LEGIARTI000006736550,css,D351-14,2006-07-18,,
LEGIARTI000030075651,css,D351-14-1,2015-01-11,2023-09-01,
LEGIARTI000047985442,css,D351-14-1,2023-09-01,,
LEGIARTI000030075867,css,D351-14-2,2015-01-11,,
LEGIARTI000030075910,css,D351-14-3,2015-01-11,,
LEGIARTI000045672555,css,D351-14-4,2022-01-01,2023-09-01,
LEGIARTI000006736551,css,D351-15,2006-06-08,2023-09-01,
LEGIARTI000030349559,css,D351-16,2015-03-15,2023-09-01,
LEGIARTI000047985437,css,D351-16,2023-09-01,,
LEGIARTI000030349617,css,D351-17,2015-03-15,,
LEGIARTI000030349704,css,D351-18,2015-03-15,,
LEGIARTI000030349717,css,D351-19,2015-03-15,,
LEGIARTI000030349733,css,D351-20,2015-03-15,,
LEGIARTI000006736586,css,D353-1,1985-12-21,1995-01-01,
LEGIARTI000006736587,css,D353-1,1995-01-01,2004-08-25,
LEGIARTI000006736588,css,D353-1,2004-08-25,2010-05-08,
LEGIARTI000022266722,css,D353-1,2010-05-08,2020-05-25,
LEGIARTI000041968528,css,D353-1,2020-05-25,2026-01-01,
LEGIARTI000053356066,css,D353-1,2026-01-01,,
LEGIARTI000006736552,css,D353-1-1,2004-08-25,,
LEGIARTI000006736553,css,D353-2,1988-05-08,2004-08-25,
LEGIARTI000006736554,css,D353-2,2004-08-25,,
LEGIARTI000020090020,css,D353-3,2009-01-01,,
LEGIARTI000020791861,css,D353-4,2009-06-26,,
LEGIARTI000006736555,css,D355-1,1985-12-21,2004-08-25,
LEGIARTI000040338212,css,D355-1,2020-01-01,,
LEGIARTI000006736729,css,D356-1,1985-12-21,1986-03-18,
LEGIARTI000006736730,css,D356-1,1986-03-18,1988-05-08,
LEGIARTI000006736731,css,D356-1,1988-05-08,1991-01-01,
LEGIARTI000006736732,css,D356-1,1991-01-01,1999-04-15,
LEGIARTI000006736733,css,D356-1,1999-04-15,2004-08-25,
LEGIARTI000023413988,css,D356-1,2011-01-01,,
LEGIARTI000006736590,css,D356-2,1985-12-21,1999-05-16,
LEGIARTI000006736591,css,D356-2,1999-05-16,2004-08-25,
LEGIARTI000023413984,css,D356-2,2011-01-01,,
LEGIARTI000006736592,css,D356-3,1985-12-21,1999-05-16,
LEGIARTI000006736593,css,D356-3,1999-05-16,2004-08-25,
LEGIARTI000023413974,css,D356-3,2011-01-01,2019-09-01,
LEGIARTI000038929151,css,D356-3,2019-09-01,,
LEGIARTI000006736556,css,D356-4,1985-12-21,2004-08-25,
LEGIARTI000023413970,css,D356-4,2011-01-01,,
LEGIARTI000006736557,css,D356-5,1994-09-23,2004-08-25,
LEGIARTI000023413967,css,D356-5,2011-01-01,2026-05-09,
LEGIARTI000054059336,css,D356-5,2026-05-09,,
LEGIARTI000006736594,css,D356-6,1994-09-23,2000-07-11,
LEGIARTI000023414200,css,D356-6,2011-01-01,2020-12-03,
LEGIARTI000042597117,css,D356-6,2020-12-03,,
LEGIARTI000023397262,css,D356-7,2011-01-01,,
LEGIARTI000023397278,css,D356-8,2011-01-01,2026-01-01,
LEGIARTI000053356081,css,D356-8,2026-01-01,,
LEGIARTI000023397287,css,D356-9,2011-01-01,2017-05-06,
LEGIARTI000034623509,css,D356-9,2017-05-06,,
LEGIARTI000023397350,css,D356-10,2011-01-01,,
LEGIARTI000023397362,css,D356-11,2011-01-01,,
LEGIARTI000023397496,css,D356-12,2011-01-01,,
LEGIARTI000023397536,css,D356-13,2011-01-01,,
LEGIARTI000006736595,css,D357-1,1985-12-21,1993-08-28,
LEGIARTI000006736596,css,D357-1,1993-08-28,,
LEGIARTI000006736558,css,D357-2,1985-12-21,2011-07-01,
LEGIARTI000023397622,css,D357-2,2011-07-01,,
LEGIARTI000006736559,css,D357-2-1,1988-05-08,,
LEGIARTI000006736561,css,D357-3,1985-12-21,2011-07-01,
LEGIARTI000023397635,css,D357-3,2011-07-01,,
LEGIARTI000006736562,css,D357-4,1985-12-21,2011-07-01,
LEGIARTI000023397640,css,D357-4,2011-07-01,2023-09-01,
LEGIARTI000047634655,css,D357-4,2023-09-01,,
LEGIARTI000006736563,css,D357-5,1985-12-21,,
LEGIARTI000006736564,css,D357-6,1985-12-21,,
LEGIARTI000006736565,css,D357-7,1985-12-21,2020-05-25,
LEGIARTI000041969758,css,D357-7,2020-05-25,,
LEGIARTI000006736566,css,D357-8,1985-12-21,2011-07-01,
LEGIARTI000023397707,css,D357-8,2011-07-01,2023-09-01,
LEGIARTI000047634495,css,D357-8,2023-09-01,,
LEGIARTI000006736567,css,D357-9,1985-12-21,,
LEGIARTI000006736597,css,D357-10,1985-12-21,1993-08-28,
LEGIARTI000006736598,css,D357-10,1993-08-28,2009-01-01,
LEGIARTI000020090046,css,D357-10,2009-01-01,,
LEGIARTI000006736599,css,D357-11,1985-12-21,1993-08-28,
LEGIARTI000006736600,css,D357-11,1993-08-28,2009-01-01,
LEGIARTI000020090049,css,D357-11,2009-01-01,,
LEGIARTI000006736601,css,D357-11-1,1993-08-28,1995-05-10,
LEGIARTI000006736602,css,D357-11-1,1995-05-10,2009-01-01,
LEGIARTI000006736568,css,D357-12,1985-12-21,,
LEGIARTI000006736569,css,D357-13,1985-12-21,,
LEGIARTI000006736571,css,D357-14,1985-12-21,2011-07-01,
LEGIARTI000023397618,css,D357-14,2011-07-01,2023-09-01,
LEGIARTI000006736572,css,D357-15,1985-12-21,,
LEGIARTI000006736606,css,D357-16,1985-12-21,1995-01-01,
LEGIARTI000006736607,css,D357-16,1995-01-01,,
LEGIARTI000006736573,css,D357-17,1985-12-21,,
LEGIARTI000006736574,css,D357-18,1985-12-21,,
LEGIARTI000006736575,css,D357-19,1985-12-21,,
LEGIARTI000006736576,css,D357-20,1985-12-21,,
LEGIARTI000006736577,css,D357-21,1985-12-21,,
LEGIARTI000006736578,css,D357-22,1985-12-21,,
LEGIARTI000006736579,css,D357-23,1985-12-21,,
LEGIARTI000006736580,css,D357-24,1985-12-21,,
LEGIARTI000006736581,css,D357-25,1985-12-21,,
LEGIARTI000006736582,css,D357-26,1985-12-21,,
LEGIARTI000006736583,css,D357-27,1985-12-21,,
LEGIARTI000006736584,css,D357-28,1985-12-21,2004-11-04,
LEGIARTI000006736585,css,D357-28,2004-11-04,2010-11-14,
LEGIARTI000023098376,css,D357-28,2010-11-14,2023-01-01,
LEGIARTI000046078916,css,D357-28,2023-01-01,,
LEGIARTI000006736734,css,D381-1,1985-12-21,1987-03-29,
LEGIARTI000006736735,css,D381-1,1987-03-29,1994-07-01,
LEGIARTI000006736736,css,D381-1,1994-07-01,1996-06-19,
LEGIARTI000006736737,css,D381-1,1996-06-19,2001-02-07,
LEGIARTI000006736738,css,D381-1,2001-02-07,2004-01-01,
LEGIARTI000006736739,css,D381-1,2004-01-01,2006-06-04,
LEGIARTI000006736740,css,D381-1,2006-06-04,2015-01-01,
LEGIARTI000030059074,css,D381-1,2015-01-01,2023-09-01,
LEGIARTI000047961306,css,D381-1,2023-09-01,,
LEGIARTI000006736741,css,D381-2,1985-12-21,1987-03-29,
LEGIARTI000006736742,css,D381-2,1987-03-29,1994-07-01,
LEGIARTI000006736743,css,D381-2,1994-07-01,1996-06-19,
LEGIARTI000006736744,css,D381-2,1996-06-19,2001-02-07,
LEGIARTI000006736745,css,D381-2,2001-02-07,2004-01-01,
LEGIARTI000006736746,css,D381-2,2004-01-01,2006-06-04,
LEGIARTI000006736747,css,D381-2,2006-06-04,2008-06-28,
LEGIARTI000019077557,css,D381-2,2008-06-28,2023-09-01,
LEGIARTI000047961302,css,D381-2,2023-09-01,2026-01-01,
LEGIARTI000053356084,css,D381-2,2026-01-01,,
LEGIARTI000006736702,css,D381-2-1,1994-07-01,2001-02-07,
LEGIARTI000006736703,css,D381-2-1,2001-02-07,2004-01-01,
LEGIARTI000006736704,css,D381-2-1,2004-01-01,2006-06-04,
LEGIARTI000006736705,css,D381-2-1,2006-06-04,2015-01-01,
LEGIARTI000030059066,css,D381-2-1,2015-01-01,2023-09-01,
LEGIARTI000047961298,css,D381-2-1,2023-09-01,,
LEGIARTI000006736637,css,D381-2-2,2007-04-20,2007-07-01,
LEGIARTI000006736638,css,D381-2-2,2007-07-01,2017-01-01,
LEGIARTI000033530344,css,D381-2-2,2017-01-01,2021-11-01,
LEGIARTI000043529709,css,D381-2-2,2021-11-01,2022-07-24,
LEGIARTI000046086818,css,D381-2-2,2022-07-24,2023-09-01,
LEGIARTI000006736748,css,D381-3,1985-12-21,1987-03-29,
LEGIARTI000006736749,css,D381-3,1987-03-29,1993-12-01,
LEGIARTI000006736750,css,D381-3,1993-12-01,2001-02-07,
LEGIARTI000006736751,css,D381-3,2001-02-07,2004-01-01,
LEGIARTI000006736752,css,D381-3,2004-01-01,2006-01-01,
LEGIARTI000006736753,css,D381-3,2006-01-01,2006-06-04,
LEGIARTI000006736754,css,D381-3,2006-06-04,2023-09-01,
LEGIARTI000047961290,css,D381-3,2023-09-01,,
LEGIARTI000006736755,css,D381-4,1985-12-21,1987-03-29,
LEGIARTI000006736756,css,D381-4,1987-03-29,2001-02-07,
LEGIARTI000006736757,css,D381-4,2001-02-07,2004-01-01,
LEGIARTI000006736758,css,D381-4,2004-01-01,2006-01-01,
LEGIARTI000006736759,css,D381-4,2006-01-01,2006-06-04,
LEGIARTI000006736760,css,D381-4,2006-06-04,2011-11-01,
LEGIARTI000047961286,css,D381-4,2023-09-01,,
LEGIARTI000006736761,css,D381-5,1985-12-21,1987-03-29,
LEGIARTI000006736762,css,D381-5,1987-03-29,1994-07-01,
LEGIARTI000006736763,css,D381-5,1994-07-01,2001-02-07,
LEGIARTI000006736764,css,D381-5,2001-02-07,2004-01-01,
LEGIARTI000006736765,css,D381-5,2004-01-01,2006-06-04,
LEGIARTI000006736766,css,D381-5,2006-06-04,2011-11-01,
LEGIARTI000047961281,css,D381-5,2023-09-01,,
LEGIARTI000006736767,css,D381-6,1985-12-21,1987-03-29,
LEGIARTI000006736768,css,D381-6,1987-03-29,2001-02-07,
LEGIARTI000006736769,css,D381-6,2001-02-07,2004-01-01,
LEGIARTI000006736770,css,D381-6,2004-01-01,2006-01-01,
LEGIARTI000006736771,css,D381-6,2006-01-01,2006-06-04,
LEGIARTI000006736772,css,D381-6,2006-06-04,2010-04-01,
LEGIARTI000022073310,css,D381-6,2010-04-01,2020-05-25,
LEGIARTI000041968523,css,D381-6,2020-05-25,2023-09-01,
LEGIARTI000047961277,css,D381-6,2023-09-01,,
LEGIARTI000006736773,css,D381-7,1985-12-21,1987-03-29,
LEGIARTI000006736774,css,D381-7,1987-03-29,2001-02-07,
LEGIARTI000006736775,css,D381-7,2001-02-07,2004-01-01,
LEGIARTI000006736776,css,D381-7,2004-01-01,2006-06-04,
LEGIARTI000006736777,css,D381-7,2006-06-04,2023-09-01,
LEGIARTI000006736639,css,D381-8,1985-12-21,2009-06-01,
LEGIARTI000006736640,css,D381-9,1985-12-21,2009-06-01,
LEGIARTI000006736641,css,D381-10,1985-12-21,2009-06-01,
LEGIARTI000006736642,css,D381-11,1985-12-21,2009-06-01,
LEGIARTI000006736643,css,D381-12,1985-12-21,2009-06-01,
LEGIARTI000006736706,css,D381-13,1985-12-21,1993-10-16,
LEGIARTI000006736707,css,D381-13,1993-10-16,2000-01-01,
LEGIARTI000006736644,css,D381-14,1985-12-21,2006-11-01,
LEGIARTI000006736708,css,D381-15,1985-12-21,2000-01-01,
LEGIARTI000006736709,css,D381-15,2000-01-01,2006-11-01,
LEGIARTI000006736648,css,D381-16,1985-12-21,2006-11-01,
LEGIARTI000006736649,css,D381-17,1985-12-21,2004-02-26,
LEGIARTI000006736650,css,D381-17,2004-02-26,2006-11-01,
LEGIARTI000006736710,css,D381-18,1985-12-21,1987-10-01,
LEGIARTI000006736711,css,D381-18,2004-02-26,2006-11-01,
LEGIARTI000006736712,css,D381-19,1985-12-21,1987-10-01,
LEGIARTI000006736713,css,D381-19,2004-02-26,2006-11-01,
LEGIARTI000006736714,css,D381-20,1985-12-21,1987-10-01,
LEGIARTI000006736715,css,D381-20,2004-02-26,2006-11-01,
LEGIARTI000006736716,css,D381-21,1985-12-21,1987-10-01,
LEGIARTI000006736717,css,D381-21,2004-02-26,2006-11-01,
LEGIARTI000006736651,css,D381-22,1985-12-21,,
LEGIARTI000006736718,css,D381-23,1994-12-21,1997-12-30,
LEGIARTI000006736719,css,D381-23,1997-12-30,2018-12-29,
LEGIARTI000006736720,css,D381-24,1997-12-30,2003-05-01,
LEGIARTI000006736721,css,D381-24,2003-05-01,2013-01-01,
LEGIARTI000006736652,css,D382-1,1985-12-21,2006-11-01,
LEGIARTI000006736653,css,D382-1,2006-11-01,2018-06-01,
LEGIARTI000036967457,css,D382-1,2018-06-01,2020-01-01,
LEGIARTI000039222791,css,D382-1,2020-01-01,,
LEGIARTI000006736654,css,D382-2,1985-12-21,2006-11-01,
LEGIARTI000006736655,css,D382-2,2006-11-01,,
LEGIARTI000006736656,css,D382-3,1994-12-29,2006-11-01,
LEGIARTI000006736657,css,D382-3,2006-11-01,2010-01-01,
LEGIARTI000021508890,css,D382-3,2010-01-01,2019-11-07,
LEGIARTI000039331751,css,D382-3,2019-11-07,,
LEGIARTI000006736658,css,D382-4,1994-12-29,2006-11-01,
LEGIARTI000006736659,css,D382-4,2006-11-01,2010-01-01,
LEGIARTI000021508886,css,D382-4,2010-01-01,2019-01-01,
LEGIARTI000037854537,css,D382-4,2019-01-01,2019-11-07,
LEGIARTI000039331747,css,D382-4,2019-11-07,2022-01-01,
LEGIARTI000044948653,css,D382-4,2022-01-01,,
LEGIARTI000006736660,css,D382-5,1994-12-29,2006-11-01,
LEGIARTI000006736661,css,D382-5,2006-11-01,2010-01-01,
LEGIARTI000021508882,css,D382-5,2010-01-01,2019-11-07,
LEGIARTI000046086952,css,D382-5,2022-07-25,2024-06-30,
LEGIARTI000049855875,css,D382-5,2024-06-30,,
LEGIARTI000006736662,css,D382-6,1994-12-29,2006-11-01,
LEGIARTI000006736663,css,D382-6,2006-11-01,2010-01-01,
LEGIARTI000021508879,css,D382-6,2010-01-01,2019-11-07,
LEGIARTI000006736664,css,D382-7,1994-12-29,2006-11-01,
LEGIARTI000006736665,css,D382-7,2006-11-01,2010-01-01,
LEGIARTI000021508877,css,D382-7,2010-01-01,2019-11-07,
LEGIARTI000006736666,css,D382-8,1994-12-29,2006-11-01,
LEGIARTI000006736667,css,D382-8,2006-11-01,2019-11-07,
LEGIARTI000006736668,css,D382-9,1994-12-29,2006-11-01,
LEGIARTI000006736669,css,D382-9,2006-11-01,2019-11-07,
LEGIARTI000006736670,css,D382-10,1994-12-29,2006-11-01,
LEGIARTI000006736671,css,D382-10,2006-11-01,2010-01-01,
LEGIARTI000021508870,css,D382-10,2010-01-01,2019-11-07,
LEGIARTI000006736672,css,D382-11,1994-12-29,2006-11-01,
LEGIARTI000006736673,css,D382-11,2006-11-01,2010-01-01,
LEGIARTI000021508874,css,D382-11,2010-01-01,2019-11-07,
LEGIARTI000006736674,css,D382-12,1994-12-29,2006-11-01,
LEGIARTI000006736675,css,D382-12,2006-11-01,2019-11-07,
LEGIARTI000006736676,css,D382-13,1994-12-29,2006-11-01,
LEGIARTI000006736677,css,D382-13,2006-11-01,2010-01-01,
LEGIARTI000021508866,css,D382-13,2010-01-01,2019-11-07,
LEGIARTI000006736678,css,D382-14,1994-12-29,2006-11-01,
LEGIARTI000006736679,css,D382-14,2006-11-01,2010-01-01,
LEGIARTI000021508863,css,D382-14,2010-01-01,2019-11-07,
LEGIARTI000006736680,css,D382-15,1994-12-29,2006-11-01,
LEGIARTI000006736681,css,D382-15,2006-11-01,2019-11-07,
LEGIARTI000006736682,css,D382-16,1994-12-29,2006-11-01,
LEGIARTI000006736683,css,D382-16,2006-11-01,2019-11-07,
LEGIARTI000006736686,css,D382-17,2006-11-01,,
LEGIARTI000006736687,css,D382-18,2006-11-01,,
LEGIARTI000006736688,css,D382-19,2006-11-01,,
LEGIARTI000006736689,css,D382-20,2006-11-01,,
LEGIARTI000006736690,css,D382-21,2006-11-01,,
LEGIARTI000006736691,css,D382-22,2006-11-01,,
LEGIARTI000006736692,css,D382-23,2006-11-01,,
LEGIARTI000006736693,css,D382-24,2006-11-01,,
LEGIARTI000006736694,css,D382-25,2006-11-01,,
LEGIARTI000042060690,css,D382-25-1,2020-07-01,,
LEGIARTI000042060692,css,D382-25-2,2020-07-01,2026-09-19,
LEGIARTI000054856702,css,D382-25-2,2026-09-19,,
LEGIARTI000042060694,css,D382-25-3,2020-07-01,2026-09-19,
LEGIARTI000054856693,css,D382-25-3,2026-09-19,,
LEGIARTI000006736695,css,D382-26,2006-11-01,,
LEGIARTI000006736696,css,D382-27,2006-11-01,,
LEGIARTI000006736697,css,D382-28,2006-11-01,,
LEGIARTI000006736698,css,D382-29,2006-11-01,,
LEGIARTI000006736699,css,D382-30,2006-11-01,,
LEGIARTI000006736700,css,D382-31,2006-11-01,,
LEGIARTI000006736701,css,D382-32,2006-11-01,2011-07-01,
LEGIARTI000023397714,css,D382-32,2011-07-01,,
LEGIARTI000006736684,css,D382-33,2006-07-18,2006-11-01,
LEGIARTI000006736685,css,D382-33,2006-11-01,2008-12-25,
LEGIARTI000019993457,css,D382-33,2008-12-25,2011-01-01,
LEGIARTI000023395860,css,D382-33,2011-01-01,2015-01-11,
LEGIARTI000030100650,css,D382-33,2015-01-11,,
LEGIARTI000027364746,css,D382-34,2013-01-01,,
LEGIARTI000048027757,css,D382-34-1,2023-09-01,,
LEGIARTI000051828142,css,D382-35,2025-07-01,,
LEGIARTI000006737877,css,D633-2,1985-12-21,1995-02-02,
LEGIARTI000006737878,css,D633-2,1995-02-02,2006-12-13,
LEGIARTI000006737879,css,D633-2,2006-12-13,2012-04-05,
LEGIARTI000025629830,css,D633-2,2012-04-05,2014-01-01,
LEGIARTI000028435877,css,D633-2,2014-01-01,2015-01-01,
LEGIARTI000030034546,css,D633-2,2015-01-01,2016-01-01,
LEGIARTI000031799409,css,D633-2,2016-01-01,2020-05-25,
LEGIARTI000041966730,css,D633-2,2020-05-25,2023-12-31,
LEGIARTI000048838330,css,D633-2,2023-12-31,,
LEGIARTI000006737959,css,D634-1,1985-12-21,1990-01-01,
LEGIARTI000006737960,css,D634-1,1990-01-01,1993-10-16,
LEGIARTI000006737961,css,D634-1,1993-10-16,2004-02-19,
LEGIARTI000006737962,css,D634-1,2004-02-19,2004-08-25,
LEGIARTI000006737963,css,D634-1,2004-08-25,2007-05-05,
LEGIARTI000006737964,css,D634-1,2007-05-05,2009-01-01,
LEGIARTI000020090061,css,D634-1,2009-01-01,2010-04-01,
LEGIARTI000022073382,css,D634-1,2010-04-01,2011-07-01,
LEGIARTI000024283655,css,D634-1,2011-07-01,2012-11-01,
LEGIARTI000026139975,css,D634-1,2012-11-01,2017-07-01,
LEGIARTI000034624458,css,D634-1,2017-07-01,2019-11-01,
LEGIARTI000039123769,css,D634-1,2019-11-01,2020-05-25,
LEGIARTI000041966654,css,D634-1,2020-05-25,2023-09-01,
LEGIARTI000047961824,css,D634-1,2023-09-01,2024-07-09,
LEGIARTI000049917702,css,D634-1,2024-07-09,2026-01-01,
LEGIARTI000053356087,css,D634-1,2026-01-01,,
LEGIARTI000006738327,css,D634-2,1986-03-20,1987-07-31,
LEGIARTI000006738328,css,D634-2,1987-07-31,1990-01-01,
LEGIARTI000006738329,css,D634-2,1990-01-01,2016-01-01,
LEGIARTI000031285359,css,D634-2,2016-01-01,2017-07-01,
LEGIARTI000034624447,css,D634-2,2017-07-01,2019-11-01,
LEGIARTI000039123756,css,D634-2,2019-11-01,2020-05-25,
LEGIARTI000041966631,css,D634-2,2020-05-25,2026-07-01,
LEGIARTI000054167854,css,D634-2,2026-07-01,,
LEGIARTI000006737965,css,D634-2-1,1995-02-17,2017-05-06,
LEGIARTI000034624713,css,D634-2-1,2017-05-06,2020-05-25,
LEGIARTI000041966624,css,D634-2-1,2020-05-25,,
LEGIARTI000006737966,css,D634-2-2,1995-02-17,2012-05-06,
LEGIARTI000025816612,css,D634-2-2,2012-05-06,,
LEGIARTI000006737967,css,D634-2-3,1995-02-17,2017-05-06,
LEGIARTI000034624547,css,D634-2-3,2017-05-06,2020-05-25,
LEGIARTI000041966619,css,D634-2-3,2020-05-25,,
LEGIARTI000006737968,css,D634-2-4,1995-02-17,,
LEGIARTI000006737976,css,D634-3,1985-12-21,1990-01-01,
LEGIARTI000006737977,css,D634-3,1990-01-01,2017-05-06,
LEGIARTI000034624704,css,D634-3,2017-05-06,2020-05-25,
LEGIARTI000053356107,css,D634-3,2026-01-01,,
LEGIARTI000006737969,css,D634-3-1,2004-01-01,2007-05-05,
LEGIARTI000006737970,css,D634-3-1,2007-05-05,2015-01-11,
LEGIARTI000030100671,css,D634-3-1,2015-01-11,2017-05-06,
LEGIARTI000034624687,css,D634-3-1,2017-05-06,2020-05-25,
LEGIARTI000006737978,css,D634-4,1985-12-21,1990-01-01,
LEGIARTI000006737979,css,D634-4,1990-01-01,1993-08-28,
LEGIARTI000006737980,css,D634-4,1993-08-28,2015-01-01,
LEGIARTI000030059113,css,D634-4,2015-01-01,2017-07-01,
LEGIARTI000006737971,css,D634-4-1,1993-08-28,2017-07-01,
LEGIARTI000006737997,css,D634-5,1985-12-21,1990-01-01,
LEGIARTI000006737998,css,D634-5,1990-01-01,2009-01-01,
LEGIARTI000020090079,css,D634-5,2009-01-01,2011-07-01,
LEGIARTI000023397687,css,D634-5,2011-07-01,2017-05-06,
LEGIARTI000034624541,css,D634-5,2017-05-06,2020-05-25,
LEGIARTI000041966606,css,D634-5,2020-05-25,2023-09-01,
LEGIARTI000047634717,css,D634-5,2023-09-01,,
LEGIARTI000006737999,css,D634-6,1988-05-08,1990-01-01,
LEGIARTI000006738000,css,D634-6,1990-01-01,2009-01-01,
LEGIARTI000020090074,css,D634-6,2009-01-01,,
LEGIARTI000006737972,css,D634-7,1990-01-01,2017-07-01,
LEGIARTI000006737973,css,D634-8,1990-01-01,2017-05-06,
LEGIARTI000034624676,css,D634-8,2017-05-06,2020-05-25,
LEGIARTI000041966593,css,D634-8,2020-05-25,,
LEGIARTI000006737974,css,D634-9,1990-01-01,2020-05-25,
LEGIARTI000006737975,css,D634-10,1990-01-01,2011-07-01,
LEGIARTI000023397656,css,D634-10,2011-07-01,2020-05-25,
LEGIARTI000041966587,css,D634-10,2020-05-25,2023-09-01,
LEGIARTI000047634707,css,D634-10,2023-09-01,,
LEGIARTI000006737981,css,D634-11,1990-01-01,2010-01-01,
LEGIARTI000006737983,css,D634-11-1,2004-08-03,2004-11-04,
LEGIARTI000006737984,css,D634-11-1,2004-11-04,2010-01-01,
LEGIARTI000021640172,css,D634-11-1,2010-01-01,2010-11-14,
LEGIARTI000023098369,css,D634-11-1,2010-11-14,2015-01-01,
LEGIARTI000030060036,css,D634-11-1,2015-01-01,2017-04-01,
LEGIARTI000034306151,css,D634-11-1,2017-04-01,2017-05-06,
LEGIARTI000034624671,css,D634-11-1,2017-05-06,2020-05-25,
LEGIARTI000041966574,css,D634-11-1,2020-05-25,2023-09-01,
LEGIARTI000047961817,css,D634-11-1,2023-09-01,,
LEGIARTI000006737985,css,D634-11-2,2004-08-03,2010-01-01,
LEGIARTI000021640164,css,D634-11-2,2010-01-01,2015-01-01,
LEGIARTI000030060007,css,D634-11-2,2015-01-01,2017-04-01,
LEGIARTI000034306141,css,D634-11-2,2017-04-01,2017-05-06,
LEGIARTI000034624663,css,D634-11-2,2017-05-06,2020-05-25,
LEGIARTI000041966556,css,D634-11-2,2020-05-25,2023-09-01,
LEGIARTI000047961809,css,D634-11-2,2023-09-01,,
LEGIARTI000006737986,css,D634-11-3,2004-08-03,2015-01-01,
LEGIARTI000030060047,css,D634-11-3,2015-01-01,,
LEGIARTI000006737987,css,D634-11-4,2004-08-03,2007-05-05,
LEGIARTI000006737988,css,D634-11-4,2007-05-05,2010-01-01,
LEGIARTI000021640161,css,D634-11-4,2010-01-01,2017-05-06,
LEGIARTI000034624658,css,D634-11-4,2017-05-06,2023-09-01,
LEGIARTI000047961806,css,D634-11-4,2023-09-01,,
LEGIARTI000006737989,css,D634-11-5,2004-08-03,2010-01-01,
LEGIARTI000021640157,css,D634-11-5,2010-01-01,2015-01-01,
LEGIARTI000030060063,css,D634-11-5,2015-01-01,2017-04-01,
LEGIARTI000034306134,css,D634-11-5,2017-04-01,2020-05-25,
LEGIARTI000041966552,css,D634-11-5,2020-05-25,,
LEGIARTI000006737990,css,D634-11-6,2004-08-03,2023-09-01,
LEGIARTI000047961803,css,D634-11-6,2023-09-01,,
LEGIARTI000047959683,css,D634-11-7,2023-09-01,,
LEGIARTI000006737991,css,D634-12,1990-01-01,2010-01-01,
LEGIARTI000006737992,css,D634-13,1990-01-01,1999-07-03,
LEGIARTI000006737993,css,D634-13,1999-07-03,2017-05-06,
LEGIARTI000034624652,css,D634-13,2017-05-06,2020-05-25,
LEGIARTI000006737994,css,D634-13-1,1993-03-28,2011-07-01,
LEGIARTI000023397697,css,D634-13-1,2011-07-01,2017-04-01,
LEGIARTI000034306127,css,D634-13-1,2017-04-01,2023-09-01,
LEGIARTI000047634488,css,D634-13-1,2023-09-01,,
LEGIARTI000006737995,css,D634-13-2,2007-03-30,,
LEGIARTI000006738001,css,D634-14,1990-01-01,,
LEGIARTI000006738002,css,D634-14-1,1993-08-28,2017-07-01,
LEGIARTI000006738003,css,D634-15,1991-02-01,2006-06-08,
LEGIARTI000006738004,css,D634-15,2006-06-08,2017-05-06,
LEGIARTI000034624645,css,D634-15,2017-05-06,2020-05-25,
LEGIARTI000041966545,css,D634-15,2020-05-25,2022-01-01,
LEGIARTI000045681478,css,D634-15,2022-01-01,2023-09-01,
LEGIARTI000006738005,css,D634-16,1991-02-01,2014-12-18,
LEGIARTI000029916142,css,D634-16,2014-12-18,2017-05-06,
LEGIARTI000034624634,css,D634-16,2017-05-06,2018-03-08,
LEGIARTI000036679713,css,D634-16,2018-03-08,2020-05-25,
LEGIARTI000041966532,css,D634-16,2020-05-25,2022-01-01,
LEGIARTI000045681464,css,D634-16,2022-01-01,2023-09-01,
LEGIARTI000006738006,css,D634-17,1991-02-01,2023-09-01,
LEGIARTI000006738007,css,D634-18,1991-02-01,2001-01-01,
LEGIARTI000006738008,css,D634-18,2001-01-01,2014-12-18,
LEGIARTI000029916135,css,D634-18,2014-12-18,2017-05-06,
LEGIARTI000034624627,css,D634-18,2017-05-06,2020-05-25,
LEGIARTI000041966525,css,D634-18,2020-05-25,2022-01-01,
LEGIARTI000045681457,css,D634-18,2022-01-01,2023-09-01,
LEGIARTI000006738010,css,D634-19,1991-02-01,2006-06-08,
LEGIARTI000006738011,css,D634-19,2006-06-08,2014-12-18,
LEGIARTI000029916124,css,D634-19,2014-12-18,2017-05-06,
LEGIARTI000034624612,css,D634-19,2017-05-06,2017-12-03,
LEGIARTI000036130408,css,D634-19,2017-12-03,2020-05-25,
LEGIARTI000006738012,css,D635-1,1985-12-21,2004-08-24,
LEGIARTI000006738013,css,D635-1,2004-08-24,2007-05-05,
LEGIARTI000006738014,css,D635-1,2007-05-05,2013-01-01,
LEGIARTI000025263544,css,D635-1,2013-01-01,2017-05-06,
LEGIARTI000034624608,css,D635-1,2017-05-06,2020-05-25,
LEGIARTI000006738015,css,D635-2,1985-12-21,2004-08-24,
LEGIARTI000006738016,css,D635-2,2004-08-24,2008-01-01,
LEGIARTI000006738017,css,D635-2,2008-01-01,2008-12-29,
LEGIARTI000020032159,css,D635-2,2008-12-29,2012-04-05,
LEGIARTI000025629861,css,D635-2,2012-04-05,2013-01-01,
LEGIARTI000025263548,css,D635-2,2013-01-01,2015-01-01,
LEGIARTI000030034575,css,D635-2,2015-01-01,2016-01-01,
LEGIARTI000031799392,css,D635-2,2016-01-01,2017-05-11,
LEGIARTI000034721550,css,D635-2,2017-05-11,2020-05-25,
LEGIARTI000041966510,css,D635-2,2020-05-25,,
LEGIARTI000006738018,css,D635-2-1,1995-02-17,2004-08-24,
LEGIARTI000006738331,css,D635-3,1985-12-21,1986-02-27,
LEGIARTI000006738332,css,D635-3,1986-02-27,2004-08-24,
LEGIARTI000006738333,css,D635-3,2004-08-24,2008-01-01,
LEGIARTI000006738334,css,D635-3,2008-01-01,2015-01-01,
LEGIARTI000006738335,css,D635-4,1985-12-21,1986-02-27,
LEGIARTI000006738336,css,D635-4,1986-02-27,1997-02-26,
LEGIARTI000006738337,css,D635-4,1997-02-26,2002-05-01,
LEGIARTI000006738338,css,D635-4,2002-05-01,2004-08-24,
LEGIARTI000006738339,css,D635-4,2004-08-24,2020-05-25,
LEGIARTI000041967058,css,D635-4,2020-05-25,,
LEGIARTI000006738019,css,D635-4-1,2002-05-01,2004-08-24,
LEGIARTI000006738020,css,D635-5,1985-12-21,2004-08-24,
LEGIARTI000006738021,css,D635-5,2004-08-24,2013-01-01,
LEGIARTI000025263555,css,D635-5,2013-01-01,2020-05-25,
LEGIARTI000041967053,css,D635-5,2020-05-25,,
LEGIARTI000006738071,css,D635-6,1985-12-21,1997-02-26,
LEGIARTI000006738072,css,D635-6,1997-02-26,2000-09-03,
LEGIARTI000006738073,css,D635-6,2000-09-03,2002-01-01,
LEGIARTI000006738074,css,D635-6,2002-01-01,2003-10-29,
LEGIARTI000006738075,css,D635-6,2003-10-29,2004-08-24,
LEGIARTI000006738076,css,D635-6,2004-08-24,2007-05-05,
LEGIARTI000006738077,css,D635-6,2007-05-05,2015-01-01,
LEGIARTI000030034588,css,D635-6,2015-01-01,2020-05-25,
LEGIARTI000006738023,css,D635-6-1,1995-02-17,2004-08-24,
LEGIARTI000006738024,css,D635-7,1985-12-21,2004-08-24,
LEGIARTI000006738025,css,D635-7,2004-08-24,2008-01-01,
LEGIARTI000017869802,css,D635-7,2008-01-01,2012-01-01,
LEGIARTI000025091410,css,D635-7,2012-01-01,2012-04-05,
LEGIARTI000025629857,css,D635-7,2012-04-05,2013-01-01,
LEGIARTI000025263581,css,D635-7,2013-01-01,2017-05-06,
LEGIARTI000034624601,css,D635-7,2017-05-06,2020-05-25,
LEGIARTI000041966498,css,D635-7,2020-05-25,2024-07-07,
LEGIARTI000049904623,css,D635-7,2024-07-07,,
LEGIARTI000006738078,css,D635-8,1985-12-21,1997-02-26,
LEGIARTI000006738079,css,D635-8,1997-02-26,2003-10-29,
LEGIARTI000006738080,css,D635-8,2003-10-29,2004-08-24,
LEGIARTI000006738081,css,D635-8,2004-08-24,2007-12-31,
LEGIARTI000017869401,css,D635-8,2007-12-31,2010-03-26,
LEGIARTI000022016477,css,D635-8,2010-03-26,2013-01-01,
LEGIARTI000025263576,css,D635-8,2013-01-01,2020-05-25,
LEGIARTI000041967049,css,D635-8,2020-05-25,,
LEGIARTI000017869404,css,D635-8-1,2007-12-31,2013-01-01,
LEGIARTI000006738340,css,D635-9,1985-12-21,1986-02-27,
LEGIARTI000006738341,css,D635-9,1986-02-27,2004-08-24,
LEGIARTI000006738342,css,D635-9,2004-08-24,2013-01-01,
LEGIARTI000025263565,css,D635-9,2013-01-01,2020-05-25,
LEGIARTI000041966492,css,D635-9,2020-05-25,,
LEGIARTI000006738026,css,D635-10,1985-12-21,2004-08-24,
LEGIARTI000006738027,css,D635-10,2004-08-24,2005-03-26,
LEGIARTI000006738028,css,D635-10,2005-03-26,2009-01-01,
LEGIARTI000020032165,css,D635-10,2009-01-01,2012-01-01,
LEGIARTI000025091405,css,D635-10,2012-01-01,2012-04-05,
LEGIARTI000025629850,css,D635-10,2012-04-05,2013-01-01,
LEGIARTI000006738040,css,D635-10-1,2006-12-13,2020-05-25,
LEGIARTI000006738041,css,D635-10-2,2006-12-13,2013-01-01,
LEGIARTI000025263590,css,D635-10-2,2013-01-01,2019-07-08,
LEGIARTI000006738029,css,D635-11,1985-12-21,2004-08-24,
LEGIARTI000006738030,css,D635-11,2004-08-24,2007-05-05,
LEGIARTI000006738031,css,D635-11,2007-05-05,2017-05-06,
LEGIARTI000034624582,css,D635-11,2017-05-06,2018-01-01,
LEGIARTI000006738032,css,D635-12,1985-12-21,2004-08-24,
LEGIARTI000006738033,css,D635-12,2004-08-24,2008-01-01,
LEGIARTI000006738034,css,D635-12,2008-01-01,2012-04-05,
LEGIARTI000025629868,css,D635-12,2012-04-05,2015-01-01,
LEGIARTI000030034593,css,D635-12,2015-01-01,2016-01-01,
LEGIARTI000031799376,css,D635-12,2016-01-01,2017-05-11,
LEGIARTI000034721534,css,D635-12,2017-05-11,2018-01-01,
LEGIARTI000006738343,css,D635-13,1985-12-21,1986-01-01,
LEGIARTI000006738344,css,D635-13,1986-01-01,2004-08-24,
LEGIARTI000006738345,css,D635-13,2004-08-24,2008-01-01,
LEGIARTI000006738346,css,D635-13,2008-01-01,2015-01-01,
LEGIARTI000006738035,css,D635-14,1985-12-21,2004-08-24,
LEGIARTI000006738036,css,D635-14,2004-08-24,2007-05-05,
LEGIARTI000006738037,css,D635-14,2007-05-05,2015-01-01,
LEGIARTI000030034582,css,D635-14,2015-01-01,2018-01-01,
LEGIARTI000006738082,css,D635-15,1985-12-21,2002-01-01,
LEGIARTI000006738083,css,D635-15,2002-01-01,2002-05-01,
LEGIARTI000006738084,css,D635-15,2002-05-01,2004-08-24,
LEGIARTI000006738085,css,D635-15,2004-08-24,2007-01-12,
LEGIARTI000006738086,css,D635-15,2007-01-12,2012-01-01,
LEGIARTI000025091401,css,D635-15,2012-01-01,2013-01-01,
LEGIARTI000025263595,css,D635-15,2013-01-01,2015-01-01,
LEGIARTI000029209311,css,D635-15,2015-01-01,2015-07-19,
LEGIARTI000030910747,css,D635-15,2015-07-19,2018-01-01,
LEGIARTI000006738347,css,D635-16,1985-12-21,1986-01-01,
LEGIARTI000006738348,css,D635-16,1986-01-01,1989-02-01,
LEGIARTI000006738349,css,D635-16,1989-02-01,1995-01-01,
LEGIARTI000006738350,css,D635-16,1995-01-01,2000-09-03,
LEGIARTI000006738351,css,D635-16,2000-09-03,2002-01-01,
LEGIARTI000006738352,css,D635-16,2002-01-01,2004-08-24,
LEGIARTI000006738353,css,D635-16,2004-08-24,2018-01-01,
LEGIARTI000006738354,css,D635-17,1985-12-21,1986-01-01,
LEGIARTI000006738355,css,D635-17,1986-01-01,2004-08-24,
LEGIARTI000006738356,css,D635-17,2004-08-24,2007-01-12,
LEGIARTI000006738357,css,D635-17,2007-01-12,2012-01-01,
LEGIARTI000025091397,css,D635-17,2012-01-01,2013-01-01,
LEGIARTI000025263599,css,D635-17,2013-01-01,2013-01-01,
LEGIARTI000026885824,css,D635-17,2013-01-01,2015-01-01,
LEGIARTI000029209315,css,D635-17,2015-01-01,2015-07-19,
LEGIARTI000030910742,css,D635-17,2015-07-19,2018-01-01,
LEGIARTI000006738038,css,D635-18,1985-12-21,2004-08-24,
LEGIARTI000006738039,css,D635-18,2006-12-13,2018-01-01,
LEGIARTI000006738042,css,D635-19,1985-12-21,2004-08-24,
LEGIARTI000006738043,css,D635-19,2006-12-13,2015-01-01,
LEGIARTI000030034607,css,D635-19,2015-01-01,2018-01-01,
LEGIARTI000006738044,css,D635-20,1985-12-21,2004-08-24,
LEGIARTI000006738045,css,D635-21,1985-12-21,2004-08-24,
LEGIARTI000006738088,css,D635-22,1985-12-21,1992-01-01,
LEGIARTI000006738089,css,D635-22,1992-01-01,2002-01-01,
LEGIARTI000006738090,css,D635-22,2002-01-01,2004-08-24,
LEGIARTI000006738046,css,D635-23,1985-12-21,2004-08-24,
LEGIARTI000006738047,css,D635-24,1985-12-21,2004-08-24,
LEGIARTI000006738049,css,D635-25,1985-12-21,2004-08-24,
LEGIARTI000006738091,css,D635-26,1985-12-21,1992-01-01,
LEGIARTI000006738092,css,D635-26,1992-01-01,2004-08-24,
LEGIARTI000006738050,css,D635-27,1985-12-21,2004-08-24,
LEGIARTI000006738051,css,D635-28,1985-12-21,2004-08-24,
LEGIARTI000006738052,css,D635-29,1985-12-21,2004-08-24,
LEGIARTI000006738053,css,D635-30,1985-12-21,2004-08-24,
LEGIARTI000006738093,css,D635-31,1985-12-21,1992-01-01,
LEGIARTI000006738094,css,D635-31,1992-01-01,2004-08-24,
LEGIARTI000006738054,css,D635-32,1985-12-21,2004-08-24,
LEGIARTI000006738055,css,D635-33,1985-12-21,2004-08-24,
LEGIARTI000006738056,css,D635-34,1985-12-21,2004-08-24,
LEGIARTI000006738057,css,D635-35,1985-12-21,2004-08-24,
LEGIARTI000006738059,css,D635-35-1,1995-02-17,2004-08-24,
LEGIARTI000006738095,css,D635-36,1985-12-21,1998-01-01,
LEGIARTI000006738096,css,D635-36,1998-01-01,1999-01-01,
LEGIARTI000006738097,css,D635-36,1999-01-01,2004-08-24,
LEGIARTI000006738060,css,D635-37,1985-12-21,2004-08-24,
LEGIARTI000006738061,css,D635-38,1985-12-21,2004-08-24,
LEGIARTI000006738062,css,D635-39,1985-12-21,2004-08-24,
LEGIARTI000006738063,css,D635-40,1985-12-21,2004-08-24,
LEGIARTI000006738064,css,D635-41,1985-12-21,2004-08-24,
LEGIARTI000006738065,css,D635-42,1985-12-21,2004-08-24,
LEGIARTI000006738066,css,D635-43,1985-12-21,2004-08-24,
LEGIARTI000006738098,css,D635-44,1985-12-21,2000-09-03,
LEGIARTI000006738099,css,D635-44,2000-09-03,2004-08-24,
LEGIARTI000006738067,css,D635-45,1985-12-21,2004-08-24,
LEGIARTI000006738069,css,D635-46,1985-12-21,2004-08-24,
LEGIARTI000006738358,css,D635-47,1985-12-21,1986-03-20,
LEGIARTI000006738359,css,D635-47,1986-03-20,2004-08-24,
LEGIARTI000006738070,css,D635-48,1985-12-21,2004-08-24,
LEGIARTI000006738101,css,D641-1,2004-01-01,2020-05-25,
LEGIARTI000006738102,css,D641-2,2004-01-01,2013-04-25,
LEGIARTI000027350873,css,D641-2,2013-04-25,2015-01-15,
LEGIARTI000030095931,css,D641-2,2015-01-15,2016-10-01,
LEGIARTI000032914102,css,D641-2,2016-10-01,2016-10-19,
LEGIARTI000033258133,css,D641-2,2016-10-19,,
LEGIARTI000006738103,css,D641-3,2004-01-01,,
LEGIARTI000006738104,css,D641-4,2004-01-01,2015-07-24,
LEGIARTI000030919053,css,D641-4,2015-07-24,,
LEGIARTI000006738105,css,D641-5,2004-01-01,,
LEGIARTI000006738107,css,D641-6,2004-01-01,2026-07-01,
LEGIARTI000006738108,css,D641-7,2004-01-01,,
LEGIARTI000006738360,css,D642-1,1985-12-21,1988-01-29,
LEGIARTI000006738361,css,D642-1,1988-01-29,1992-08-28,
LEGIARTI000006738362,css,D642-1,1992-08-28,2004-01-01,
LEGIARTI000006738363,css,D642-1,2004-01-01,2007-04-21,
LEGIARTI000006738364,css,D642-1,2007-04-21,2012-04-05,
LEGIARTI000025629893,css,D642-1,2012-04-05,2020-05-25,
LEGIARTI000041967344,css,D642-1,2020-05-25,2023-03-05,
LEGIARTI000047265934,css,D642-1,2023-03-05,,
LEGIARTI000006738109,css,D642-2,1985-12-21,2004-01-01,
LEGIARTI000006738110,css,D642-2,2004-01-01,2007-04-21,
LEGIARTI000006738111,css,D642-2,2007-04-21,2015-01-01,
LEGIARTI000006738112,css,D642-3,1985-12-21,1992-08-28,
LEGIARTI000006738113,css,D642-3,1992-08-28,1995-05-06,
LEGIARTI000006738114,css,D642-3,1995-05-06,2004-01-01,
LEGIARTI000006738115,css,D642-3,2004-01-01,2007-04-21,
LEGIARTI000006738116,css,D642-3,2007-04-21,2012-04-05,
LEGIARTI000025629886,css,D642-3,2012-04-05,2012-07-04,
LEGIARTI000026140019,css,D642-3,2012-07-04,2013-01-01,
LEGIARTI000026704782,css,D642-3,2013-01-01,2015-01-01,
LEGIARTI000029825130,css,D642-3,2015-01-01,2015-01-01,
LEGIARTI000030034616,css,D642-3,2015-01-01,2015-07-01,
LEGIARTI000030818722,css,D642-3,2015-07-01,2015-07-19,
LEGIARTI000030910750,css,D642-3,2015-07-19,2017-05-06,
LEGIARTI000034624570,css,D642-3,2017-05-06,2020-05-25,
LEGIARTI000041966479,css,D642-3,2020-05-25,2024-07-07,
LEGIARTI000049904651,css,D642-3,2024-07-07,,
LEGIARTI000006738117,css,D642-4,1988-01-29,1992-08-28,
LEGIARTI000006738118,css,D642-4,1992-08-28,1995-05-06,
LEGIARTI000006738119,css,D642-4,1995-05-06,2004-01-01,
LEGIARTI000006738120,css,D642-4,2004-01-01,2007-04-21,
LEGIARTI000006738121,css,D642-4,2007-04-21,2012-04-05,
LEGIARTI000025629881,css,D642-4,2012-04-05,2015-01-01,
LEGIARTI000030034623,css,D642-4,2015-01-01,2016-01-01,
LEGIARTI000030104469,css,D642-4,2016-01-01,2016-01-01,
LEGIARTI000031799405,css,D642-4,2016-01-01,2020-05-25,
LEGIARTI000041966471,css,D642-4,2020-05-25,2023-12-31,
LEGIARTI000048838321,css,D642-4,2023-12-31,,
LEGIARTI000019661795,css,D642-4-1,2008-10-19,2012-01-01,
LEGIARTI000025091394,css,D642-4-1,2012-01-01,2015-01-01,
LEGIARTI000041455378,css,D642-4-1,2020-01-01,2020-05-25,
LEGIARTI000041967336,css,D642-4-1,2020-05-25,2023-06-25,
LEGIARTI000047733374,css,D642-4-1,2023-06-25,,
LEGIARTI000041430605,css,D642-4-2,2020-01-01,2020-05-25,
LEGIARTI000041967323,css,D642-4-2,2020-05-25,2021-06-14,
LEGIARTI000043656695,css,D642-4-2,2021-06-14,,
LEGIARTI000041430640,css,D642-4-3,2020-01-02,2020-05-25,
LEGIARTI000041967312,css,D642-4-3,2020-05-25,2021-06-14,
LEGIARTI000043656684,css,D642-4-3,2021-06-14,,
LEGIARTI000041430883,css,D642-4-4,2020-01-01,2020-05-25,
LEGIARTI000041967301,css,D642-4-4,2020-05-25,,
LEGIARTI000006738123,css,D642-5,2004-01-01,2007-04-21,
LEGIARTI000006738124,css,D642-5,2007-04-21,2012-02-10,
LEGIARTI000006738125,css,D642-5-1,2007-04-21,2019-07-08,
LEGIARTI000006738126,css,D642-5-2,2007-04-21,2012-04-05,
LEGIARTI000025629875,css,D642-5-2,2012-04-05,2015-01-01,
LEGIARTI000030034633,css,D642-5-2,2015-01-01,2020-05-25,
LEGIARTI000041966458,css,D642-5-2,2020-05-25,,
LEGIARTI000006738127,css,D642-5-3,2007-04-21,2019-07-08,
LEGIARTI000006738128,css,D642-5-4,2007-04-21,2019-07-08,
LEGIARTI000006738129,css,D642-5-5,2007-04-21,2019-07-08,
LEGIARTI000006738130,css,D642-5-6,2007-04-21,2012-04-05,
LEGIARTI000025629785,css,D642-5-6,2012-04-05,2019-07-08,
LEGIARTI000006738131,css,D642-5-7,2007-04-21,2015-01-01,
LEGIARTI000030034644,css,D642-5-7,2015-01-01,2019-07-08,
LEGIARTI000006738132,css,D642-5-8,2007-04-21,2020-05-25,
LEGIARTI000041967294,css,D642-5-8,2020-05-25,,
LEGIARTI000006738134,css,D642-6,2004-01-01,2011-01-17,
LEGIARTI000023441980,css,D642-6,2011-01-17,2018-01-01,
LEGIARTI000006738135,css,D642-7,2004-01-01,2012-04-05,
LEGIARTI000006738136,css,D643-1,1985-12-21,2004-01-01,
LEGIARTI000006738137,css,D643-1,2004-01-01,2005-08-24,
LEGIARTI000006738138,css,D643-1,2005-08-24,2010-12-31,
LEGIARTI000023380432,css,D643-1,2010-12-31,2012-03-01,
LEGIARTI000025263086,css,D643-1,2012-03-01,2015-01-01,
LEGIARTI000029825121,css,D643-1,2015-01-01,2024-07-07,
LEGIARTI000049904642,css,D643-1,2024-07-07,,
LEGIARTI000006738139,css,D643-2,1985-12-21,2004-01-01,
LEGIARTI000006738140,css,D643-2,2004-01-01,2010-12-31,
LEGIARTI000023380443,css,D643-2,2010-12-31,2012-03-01,
LEGIARTI000025263095,css,D643-2,2012-03-01,2019-11-01,
LEGIARTI000039123748,css,D643-2,2019-11-01,,
LEGIARTI000006738141,css,D643-3,1985-12-21,2004-01-01,
LEGIARTI000006738142,css,D643-3,2004-01-01,2014-03-21,
LEGIARTI000028751534,css,D643-3,2014-03-21,2019-11-01,
LEGIARTI000039123745,css,D643-3,2019-11-01,,
LEGIARTI000006738143,css,D643-4,1985-12-21,2004-01-01,
LEGIARTI000006738144,css,D643-4,2004-01-01,2006-07-18,
LEGIARTI000006738145,css,D643-4,2006-07-18,2008-12-25,
LEGIARTI000019993483,css,D643-4,2008-12-25,2015-01-11,
LEGIARTI000030100689,css,D643-4,2015-01-11,,
LEGIARTI000006738146,css,D643-4-1,2003-10-31,2004-01-01,
LEGIARTI000006738367,css,D643-5,1985-12-21,1988-01-28,
LEGIARTI000006738368,css,D643-5,1988-01-28,2004-01-01,
LEGIARTI000006738369,css,D643-5,2004-01-01,2006-07-18,
LEGIARTI000006738370,css,D643-5,2006-07-18,2010-01-01,
LEGIARTI000021640273,css,D643-5,2010-01-01,,
LEGIARTI000006738147,css,D643-5-1,1988-01-28,2004-01-01,
LEGIARTI000006738148,css,D643-6,1985-12-21,2004-01-01,
LEGIARTI000006738149,css,D643-6,2004-01-01,2006-07-18,
LEGIARTI000006738150,css,D643-6,2006-07-18,2008-12-25,
LEGIARTI000019993467,css,D643-6,2008-12-25,2011-01-01,
LEGIARTI000023395871,css,D643-6,2011-01-01,,
LEGIARTI000006738151,css,D643-7,1985-12-21,2004-01-01,
LEGIARTI000006738152,css,D643-7,2004-01-01,2008-12-25,
LEGIARTI000019993475,css,D643-7,2008-12-25,2011-01-01,
LEGIARTI000023395852,css,D643-7,2011-01-01,,
LEGIARTI000006738153,css,D643-8,1985-12-21,2004-01-01,
LEGIARTI000006738154,css,D643-8,2004-01-01,2011-01-01,
LEGIARTI000023397555,css,D643-8,2011-01-01,2012-11-01,
LEGIARTI000026139961,css,D643-8,2012-11-01,,
LEGIARTI000006738155,css,D643-9,1985-12-21,2004-01-01,
LEGIARTI000006738156,css,D643-9,2004-01-01,2017-05-06,
LEGIARTI000034624525,css,D643-9,2017-05-06,,
LEGIARTI000023331806,css,D643-9-1,2010-12-31,,
LEGIARTI000023331808,css,D643-9-2,2010-12-31,,
LEGIARTI000023331810,css,D643-9-3,2010-12-31,,
LEGIARTI000023331812,css,D643-9-4,2010-12-31,,
LEGIARTI000023331814,css,D643-9-5,2010-12-31,,
LEGIARTI000023331816,css,D643-9-6,2010-12-31,,
LEGIARTI000023331818,css,D643-9-7,2010-12-31,,
LEGIARTI000023331820,css,D643-9-8,2010-12-31,,
LEGIARTI000006738157,css,D643-10,1985-12-21,2004-01-01,
LEGIARTI000006738158,css,D643-10,2004-01-01,2005-08-24,
LEGIARTI000006738159,css,D643-10,2005-08-24,2008-10-19,
LEGIARTI000019661799,css,D643-10,2008-10-19,2010-01-01,
LEGIARTI000021640177,css,D643-10,2010-01-01,2011-01-17,
LEGIARTI000023441985,css,D643-10,2011-01-17,2015-01-01,
LEGIARTI000030060076,css,D643-10,2015-01-01,,
LEGIARTI000023431338,css,D643-10-1,2011-01-17,2015-01-01,
LEGIARTI000030060099,css,D643-10-1,2015-01-01,,
LEGIARTI000023431324,css,D643-10-2,2011-01-17,2015-01-01,
LEGIARTI000030060110,css,D643-10-2,2015-01-01,2017-04-01,
LEGIARTI000034306123,css,D643-10-2,2017-04-01,,
LEGIARTI000006738160,css,D643-11,1985-12-21,2004-01-01,
LEGIARTI000006738161,css,D643-11,2007-04-21,,
LEGIARTI000020416872,css,D643-12,2009-03-21,,
LEGIARTI000020416867,css,D643-13,2009-03-21,,
LEGIARTI000026357718,css,D643-14,2012-09-10,2020-05-25,
LEGIARTI000047634694,css,D643-14,2023-09-01,,
LEGIARTI000026357720,css,D643-15,2012-09-10,2020-05-25,
LEGIARTI000026357722,css,D643-16,2012-09-10,,
LEGIARTI000006738162,css,D644-1,1985-12-21,,
LEGIARTI000006738164,css,D644-2,2004-01-01,,
LEGIARTI000041430945,css,D644-3,2021-01-01,,
LEGIARTI000006738165,css,D645-1,1985-12-21,2021-07-01,
LEGIARTI000006738371,css,D645-2,1985-12-21,1986-01-01,
LEGIARTI000006738372,css,D645-2,1986-01-01,1993-03-30,
LEGIARTI000006738373,css,D645-2,1993-03-30,1994-01-01,
LEGIARTI000006738374,css,D645-2,1994-01-01,1995-01-01,
LEGIARTI000006738375,css,D645-2,1995-01-01,1999-01-01,
LEGIARTI000006738376,css,D645-2,1999-01-01,2001-12-29,
LEGIARTI000006738377,css,D645-2,2001-12-29,2003-12-24,
LEGIARTI000006738378,css,D645-2,2003-12-24,2004-12-02,
LEGIARTI000006738379,css,D645-2,2004-12-02,2004-12-30,
LEGIARTI000006738380,css,D645-2,2004-12-30,2005-12-31,
LEGIARTI000006738381,css,D645-2,2005-12-31,2006-12-30,
LEGIARTI000006738382,css,D645-2,2006-12-30,2007-03-28,
LEGIARTI000006738383,css,D645-2,2007-03-28,2007-12-31,
LEGIARTI000017867034,css,D645-2,2007-12-31,2008-03-09,
LEGIARTI000018250536,css,D645-2,2008-03-09,2008-10-12,
LEGIARTI000019601964,css,D645-2,2008-10-12,2008-12-31,
LEGIARTI000020039605,css,D645-2,2008-12-31,2010-01-01,
LEGIARTI000021640299,css,D645-2,2010-01-01,2010-12-31,
LEGIARTI000023380413,css,D645-2,2010-12-31,2012-01-01,
LEGIARTI000024871105,css,D645-2,2012-01-01,2012-01-01,
LEGIARTI000025077320,css,D645-2,2012-01-01,2020-01-01,
LEGIARTI000041455350,css,D645-2,2020-01-01,,
LEGIARTI000006738166,css,D645-3,1985-12-21,1993-03-30,
LEGIARTI000006738167,css,D645-3,1993-03-30,1994-07-08,
LEGIARTI000006738168,css,D645-3,1994-07-08,1995-08-31,
LEGIARTI000006738169,css,D645-3,1995-08-31,2004-12-02,
LEGIARTI000041455343,css,D645-3,2020-01-01,,
LEGIARTI000006738170,css,D645-4,1985-12-21,1994-07-08,
LEGIARTI000006738171,css,D645-4,1994-07-08,2004-12-02,
LEGIARTI000006738172,css,D645-5,1985-12-21,,
LEGIARTI000006738173,css,D645-6,1985-12-21,,
LEGIARTI000006738174,css,D645-7,1985-12-21,2009-08-30,
LEGIARTI000006738176,css,D645-8,1985-12-21,2009-08-30,
LEGIARTI000006738177,css,D645-9,1985-12-21,2009-08-30,
LEGIARTI000006738178,css,D645-10,1985-12-21,2009-08-30,
LEGIARTI000006738179,css,D645-11,1985-12-21,2009-08-30,
LEGIARTI000006738180,css,D645-12,1985-12-21,2009-08-30,
LEGIARTI000006738181,css,D645-13,1985-12-21,2009-08-30,
LEGIARTI000006738182,css,D645-14,1985-12-21,2009-08-30,
LEGIARTI000006738183,css,D645-15,1985-12-21,2009-08-30,
LEGIARTI000006738895,css,D721-1,1985-12-21,2006-11-01,
LEGIARTI000006738896,css,D721-2,1985-12-21,2006-11-01,
LEGIARTI000006738451,css,D721-3,1985-12-21,2000-01-01,
LEGIARTI000006738897,css,D721-4,1985-12-21,2006-11-01,
LEGIARTI000006738452,css,D721-5,1985-12-21,1993-10-16,
LEGIARTI000006738453,css,D721-5,1993-10-16,2000-01-01,
LEGIARTI000006738454,css,D721-5,2000-01-01,2006-11-01,
LEGIARTI000006738898,css,D721-6,1985-12-21,2004-02-26,
LEGIARTI000006738899,css,D721-6,2004-02-26,2006-11-01,
LEGIARTI000006738455,css,D721-7,1985-12-21,1998-06-21,
LEGIARTI000006738456,css,D721-7,2004-01-01,2006-11-01,
LEGIARTI000006738457,css,D721-8,1985-12-21,1998-06-21,
LEGIARTI000006738458,css,D721-8,2004-01-01,2006-11-01,
LEGIARTI000006738459,css,D721-9,1985-12-21,1998-06-21,
LEGIARTI000006738460,css,D721-9,2004-01-01,2006-11-01,
LEGIARTI000006738461,css,D721-10,1985-12-21,1998-06-21,
LEGIARTI000006738462,css,D721-10,2004-01-01,2006-11-01,
LEGIARTI000006739119,css,D721-11,1985-12-21,1988-11-13,
LEGIARTI000006739120,css,D721-11,1988-11-13,1998-06-21,
LEGIARTI000006738463,css,D721-12,1985-12-21,1998-06-21,
LEGIARTI000006738464,css,D721-13,1985-12-21,1998-06-21,
LEGIARTI000006738465,css,D721-13,1998-06-21,2006-11-01,
LEGIARTI000006738466,css,D721-14,1985-12-21,2000-01-01,
LEGIARTI000006738467,css,D721-14,2000-01-01,2004-02-26,
LEGIARTI000006738468,css,D721-14,2004-02-26,2006-11-01,
LEGIARTI000006739122,css,D721-15,1985-12-21,1988-11-13,
LEGIARTI000006739123,css,D721-15,1988-11-13,1998-06-21,
LEGIARTI000006739124,css,D721-16,1985-12-21,1988-11-13,
LEGIARTI000006739125,css,D721-16,1988-11-13,1998-06-21,
LEGIARTI000006739126,css,D721-17,1985-12-21,1988-11-13,
LEGIARTI000006739127,css,D721-17,1988-11-13,1998-06-21,
LEGIARTI000006739128,css,D721-18,1985-12-21,1988-11-13,
LEGIARTI000006739129,css,D721-18,1988-11-13,1998-06-21,
LEGIARTI000006739130,css,D721-19,1985-12-21,1988-11-13,
LEGIARTI000006739131,css,D721-19,1991-07-23,2006-11-01,
LEGIARTI000006738900,css,D721-20,1991-07-23,2004-02-26,
LEGIARTI000006738901,css,D721-21,1998-06-21,2004-02-26,
LEGIARTI000006738902,css,D721-22,2000-01-01,2004-02-26,
LEGIARTI000006738903,css,D721-23,2000-01-01,2004-02-26,
LEGIARTI000006738904,css,D721-24,2000-01-01,2006-11-01,
LEGIARTI000006738905,css,D722-1,1985-12-21,2015-01-01,
LEGIARTI000030034653,css,D722-1,2015-01-01,2020-05-25,
LEGIARTI000006738906,css,D722-2,1985-12-21,2004-12-02,
LEGIARTI000006738907,css,D722-2,2004-12-02,2012-04-05,
LEGIARTI000025629904,css,D722-2,2012-04-05,2014-01-06,
LEGIARTI000030034665,css,D722-2,2015-01-01,2020-05-25,
LEGIARTI000006738469,css,D722-3,1985-12-21,1993-03-28,
LEGIARTI000006738470,css,D722-3,1993-03-28,1995-03-31,
LEGIARTI000006738471,css,D722-3,1995-03-31,2004-12-02,
LEGIARTI000006738472,css,D722-3,2004-12-02,2012-04-05,
LEGIARTI000025629898,css,D722-3,2012-04-05,2016-01-01,
LEGIARTI000031792820,css,D722-3,2016-01-01,2018-01-01,
LEGIARTI000036467666,css,D722-3,2018-01-01,2018-03-08,
LEGIARTI000036679528,css,D722-3,2018-03-08,2020-05-25,
LEGIARTI000006738908,css,D722-4,1985-12-21,2014-01-06,
LEGIARTI000028436348,css,D722-4,2014-01-06,2020-05-25,
LEGIARTI000006738909,css,D722-5,1985-12-21,2014-01-06,
LEGIARTI000028436343,css,D722-5,2014-01-06,2015-01-01,
LEGIARTI000006738910,css,D722-6,1985-12-21,2014-01-06,
LEGIARTI000006738911,css,D722-7,1985-12-21,2014-01-06,
LEGIARTI000006738473,css,D722-8,1985-12-21,1994-06-28,
LEGIARTI000006738474,css,D722-8,1994-06-28,2014-01-06,
LEGIARTI000006738475,css,D722-9,1985-12-21,2002-05-01,
LEGIARTI000006738476,css,D722-9,2002-05-01,2014-01-06,
LEGIARTI000006738912,css,D722-10,1985-12-21,2020-05-25,
LEGIARTI000006738477,css,D722-11,1985-12-21,2002-05-01,
LEGIARTI000006738478,css,D722-11,2002-05-01,2014-01-06,
LEGIARTI000028436336,css,D722-11,2014-01-06,2015-01-01,
LEGIARTI000030034676,css,D722-11,2015-01-01,2017-05-11,
LEGIARTI000006738913,css,D722-12,1985-12-21,2015-01-01,
LEGIARTI000006738914,css,D722-13,1985-12-21,2014-01-06,
LEGIARTI000006738915,css,D722-14,1985-12-21,2006-06-02,
LEGIARTI000006738916,css,D722-14,2006-06-02,2010-05-08,
LEGIARTI000022266932,css,D722-14,2010-05-08,2019-05-30,
LEGIARTI000038622305,css,D722-14,2019-05-30,2020-05-25,
LEGIARTI000006738479,css,D722-15,1985-12-21,1993-03-28,
LEGIARTI000006738480,css,D722-15,1993-03-28,1995-03-31,
LEGIARTI000006738481,css,D722-15,1995-03-31,2001-12-30,
LEGIARTI000006738482,css,D722-15,2001-12-30,2005-08-10,
LEGIARTI000006738483,css,D722-15,2005-08-10,2006-06-02,
LEGIARTI000006738484,css,D722-15,2006-06-02,2007-05-05,
LEGIARTI000006738485,css,D722-15,2007-05-05,2014-08-21,
LEGIARTI000029377548,css,D722-15,2014-08-21,2019-05-30,
LEGIARTI000006738486,css,D722-15-1,1993-03-28,2001-12-30,
LEGIARTI000006738487,css,D722-15-1,2001-12-30,2005-08-10,
LEGIARTI000006738488,css,D722-15-1,2005-08-10,2020-05-25,
LEGIARTI000006738917,css,D722-15-1-1,2001-12-30,2005-08-10,
LEGIARTI000006738489,css,D722-15-2,1993-03-28,2001-12-30,
LEGIARTI000006738490,css,D722-15-2,2001-12-30,2002-12-29,
LEGIARTI000006738491,css,D722-15-2,2002-12-29,2005-08-10,
LEGIARTI000006738492,css,D722-15-2,2006-06-02,2019-05-30,
LEGIARTI000006738493,css,D722-15-3,1993-03-28,2001-12-30,
LEGIARTI000006738494,css,D722-15-3,2001-12-30,2005-08-10,
LEGIARTI000006738495,css,D722-15-3,2006-06-02,2006-10-27,
LEGIARTI000006738496,css,D722-15-3,2006-10-27,2020-05-25,
LEGIARTI000006738497,css,D722-15-4,1993-03-28,2002-12-29,
LEGIARTI000006738498,css,D722-15-4,2002-12-29,2005-08-10,
LEGIARTI000006738499,css,D722-15-4,2006-06-02,2006-10-27,
LEGIARTI000006738500,css,D722-15-4,2006-10-27,2020-05-25,
LEGIARTI000006738501,css,D722-15-5,1993-03-28,2002-12-29,
LEGIARTI000006738502,css,D722-15-5,2002-12-29,2005-08-10,
LEGIARTI000006738503,css,D722-15-5,2006-06-02,2014-08-21,
LEGIARTI000029377544,css,D722-15-5,2014-08-21,2020-05-25,
LEGIARTI000006738504,css,D722-15-6,1993-03-28,2001-12-30,
LEGIARTI000006738505,css,D722-15-6,2001-12-30,2005-08-10,
LEGIARTI000030818844,css,D722-15-6,2015-07-01,2020-05-25,
LEGIARTI000006738506,css,D722-15-7,1993-03-28,2001-12-30,
LEGIARTI000006738507,css,D722-15-7,2001-12-30,2005-08-10,
LEGIARTI000006738918,css,D722-15-8,1993-03-28,2005-08-10,
LEGIARTI000006738508,css,D722-15-9,1993-03-28,2001-12-30,
LEGIARTI000006738509,css,D722-15-9,2001-12-30,2005-08-10,
LEGIARTI000006738919,css,D722-16,1985-12-21,2020-05-25,
LEGIARTI000006738510,css,D722-17,1985-12-21,2001-12-30,
LEGIARTI000006738511,css,D722-17,2001-12-30,2005-08-10,
LEGIARTI000006738512,css,D722-17,2005-08-10,2006-06-02,
LEGIARTI000006738513,css,D722-17,2006-06-02,2019-05-30,
LEGIARTI000029375360,css,D722-18,2014-08-21,2019-05-30,
LEGIARTI000038622302,css,D722-18,2019-05-30,2020-05-25,
LEGIARTI000006738928,css,D723-1,1985-12-21,2004-01-01,
LEGIARTI000006738929,css,D723-1,1992-09-08,2019-07-08,
LEGIARTI000031794004,css,D723-1-1,2016-01-01,2019-07-08,
LEGIARTI000038788861,css,D723-1-1,2019-07-08,2019-07-08,
LEGIARTI000006738930,css,D723-2,1985-12-21,2004-01-01,
LEGIARTI000006738931,css,D723-2,1992-09-08,2019-07-08,
LEGIARTI000038788839,css,D723-2,2019-07-08,2019-07-08,
LEGIARTI000026117523,css,D723-2-0,2012-07-04,2014-01-01,
LEGIARTI000028435862,css,D723-2-0,2014-01-01,2015-01-01,
LEGIARTI000029924547,css,D723-2-0,2015-01-01,2016-01-01,
LEGIARTI000006738932,css,D723-2-1,2003-10-31,2004-01-01,
LEGIARTI000006738920,css,D723-3,2004-01-01,2011-01-01,
LEGIARTI000023397545,css,D723-3,2011-01-01,2012-11-01,
LEGIARTI000026139954,css,D723-3,2012-11-01,2019-07-08,
LEGIARTI000038788779,css,D723-3,2019-07-08,2019-07-08,
LEGIARTI000006738921,css,D723-4,2004-01-01,2006-07-18,
LEGIARTI000006738922,css,D723-4,2006-07-18,2008-12-25,
LEGIARTI000019993511,css,D723-4,2008-12-25,2015-01-11,
LEGIARTI000030100717,css,D723-4,2015-01-11,2019-07-08,
LEGIARTI000038788678,css,D723-4,2019-07-08,2019-07-08,
LEGIARTI000006738923,css,D723-5,2004-01-01,2006-07-18,
LEGIARTI000006738924,css,D723-5,2006-07-18,2010-01-01,
LEGIARTI000021640268,css,D723-5,2010-01-01,2019-07-08,
LEGIARTI000006738925,css,D723-6,2004-01-01,2006-07-18,
LEGIARTI000006738926,css,D723-6,2006-07-18,2008-12-25,
LEGIARTI000019993496,css,D723-6,2008-12-25,2011-01-01,
LEGIARTI000023395844,css,D723-6,2011-01-01,2015-03-27,
LEGIARTI000030400089,css,D723-6,2015-03-27,2019-07-08,
LEGIARTI000038788717,css,D723-6,2019-07-08,2019-07-08,
LEGIARTI000006738927,css,D723-7,2004-01-01,2008-12-25,
LEGIARTI000019993504,css,D723-7,2008-12-25,2011-01-01,
LEGIARTI000023395837,css,D723-7,2011-01-01,2019-07-08,
LEGIARTI000038788788,css,D723-7,2019-07-08,2019-07-08,
LEGIARTI000020416881,css,D723-8,2009-03-21,2019-07-08,
LEGIARTI000038788819,css,D723-8,2019-07-08,2019-07-08,
LEGIARTI000020416876,css,D723-9,2009-03-21,2012-03-01,
LEGIARTI000025263102,css,D723-9,2012-03-01,2019-07-08,
LEGIARTI000038788764,css,D723-9,2019-07-08,2019-07-08,
LEGIARTI000026358070,css,D723-10,2012-09-10,2019-07-08,
LEGIARTI000038788752,css,D723-10,2019-07-08,2019-07-08,
LEGIARTI000026358080,css,D723-11,2012-09-10,2019-07-08,
LEGIARTI000026358088,css,D723-12,2012-09-10,2019-07-08,
LEGIARTI000006739733,css,D814-1,1985-12-21,1987-05-03,
LEGIARTI000006739734,css,D814-1,1987-05-03,1988-01-28,
LEGIARTI000006739735,css,D814-1,1988-01-28,1990-10-10,
LEGIARTI000006739736,css,D814-1,1990-10-10,1991-01-01,
LEGIARTI000006739737,css,D814-1,1991-01-01,1999-12-02,
LEGIARTI000006739738,css,D814-1,1999-12-02,2007-01-13,
LEGIARTI000006739549,css,D814-2,1985-12-21,1991-01-01,
LEGIARTI000006739550,css,D814-2,1991-01-01,1999-12-02,
LEGIARTI000006739551,css,D814-2,1999-12-02,2007-01-13,
LEGIARTI000006739739,css,D814-3,1985-12-21,1987-05-03,
LEGIARTI000006739740,css,D814-3,1987-05-03,1991-01-01,
LEGIARTI000006739741,css,D814-3,1991-01-01,1999-12-02,
LEGIARTI000006739742,css,D814-3,1999-12-02,2007-01-13,
LEGIARTI000006739743,css,D814-4,1985-12-21,1987-05-03,
LEGIARTI000006739744,css,D814-4,1987-05-03,1991-01-01,
LEGIARTI000006739745,css,D814-4,1991-01-01,1993-12-31,
LEGIARTI000006739746,css,D814-4,1993-12-31,1999-12-02,
LEGIARTI000006739747,css,D814-4,1999-12-02,2002-12-22,
LEGIARTI000006739748,css,D814-4,2002-12-22,2007-01-13,
LEGIARTI000006739552,css,D814-5,1985-12-21,1991-01-01,
LEGIARTI000006739553,css,D814-5,1993-12-31,1999-12-02,
LEGIARTI000006739554,css,D814-5,1999-12-02,2007-01-13,
LEGIARTI000006739555,css,D814-6,1985-12-21,1991-01-01,
LEGIARTI000006739556,css,D814-6,1991-01-01,1999-12-02,
LEGIARTI000006739557,css,D814-6,1999-12-02,2002-12-22,
LEGIARTI000006739558,css,D814-6,2002-12-22,2007-01-13,
LEGIARTI000006739749,css,D814-7,1985-12-21,1987-05-03,
LEGIARTI000006739750,css,D814-7,1987-05-03,1991-01-01,
LEGIARTI000006739751,css,D814-7,1993-12-31,1999-12-02,
LEGIARTI000006739752,css,D814-7,1999-12-02,2007-01-13,
LEGIARTI000006739559,css,D814-8,1985-12-21,1991-01-01,
LEGIARTI000006739560,css,D814-8,1991-01-01,1999-12-02,
LEGIARTI000006739561,css,D814-8,1999-12-02,2007-01-13,
LEGIARTI000006739753,css,D814-9,1985-12-21,1986-01-29,
LEGIARTI000006739754,css,D814-9,1986-01-29,1990-10-10,
LEGIARTI000006739755,css,D814-9,1990-10-10,1991-01-01,
LEGIARTI000006739756,css,D814-9,1991-01-01,1999-12-02,
LEGIARTI000006739757,css,D814-9,1999-12-02,2007-01-13,
LEGIARTI000006739563,css,D814-10,1985-12-21,1991-01-01,
LEGIARTI000006739564,css,D814-10,1991-01-01,1993-12-31,
LEGIARTI000006739565,css,D814-10,1993-12-31,1999-12-02,
LEGIARTI000006739566,css,D814-10,1999-12-02,2006-09-07,
LEGIARTI000006739567,css,D814-10,2006-09-07,2007-01-13,
LEGIARTI000006739568,css,D814-11,1985-12-21,1990-10-10,
LEGIARTI000006739569,css,D814-11,1990-10-10,1991-01-01,
LEGIARTI000006739570,css,D814-11,1991-01-01,1999-12-02,
LEGIARTI000006739571,css,D814-11,1999-12-02,2007-01-13,
LEGIARTI000006739572,css,D814-12,1985-12-21,1991-01-01,
LEGIARTI000006739573,css,D814-12,1991-01-01,1999-12-02,
LEGIARTI000006739574,css,D814-12,1999-12-02,2007-01-13,
LEGIARTI000006739575,css,D814-13,1985-12-21,1991-01-01,
LEGIARTI000006739576,css,D814-13,1991-01-01,1993-12-31,
LEGIARTI000006739577,css,D814-13,1993-12-31,1999-12-02,
LEGIARTI000006739578,css,D814-13,1999-12-02,2007-01-13,
LEGIARTI000006739758,css,D814-14,1985-12-21,1987-05-03,
LEGIARTI000006739759,css,D814-14,1987-05-03,1991-01-01,
LEGIARTI000006739760,css,D814-14,1991-01-01,1993-12-31,
LEGIARTI000006739761,css,D814-14,1993-12-31,1999-12-02,
LEGIARTI000006739762,css,D814-14,1999-12-02,2007-01-13,
LEGIARTI000006739763,css,D814-15,1985-12-21,1987-05-03,
LEGIARTI000006739764,css,D814-15,1987-05-03,1991-01-01,
LEGIARTI000006739765,css,D814-15,1991-01-01,1993-12-31,
LEGIARTI000006739766,css,D814-15,1993-12-31,1999-12-02,
LEGIARTI000006739767,css,D814-15,1999-12-02,2007-01-13,
LEGIARTI000006739579,css,D814-16,1985-12-21,1991-01-01,
LEGIARTI000006739580,css,D814-16,1991-01-01,1993-12-31,
LEGIARTI000006739581,css,D814-16,1993-12-31,1999-12-02,
LEGIARTI000006739582,css,D814-16,1999-12-02,2007-01-13,
LEGIARTI000006739583,css,D814-17,1985-12-21,1991-01-01,
LEGIARTI000006739584,css,D814-17,1991-01-01,1993-12-31,
LEGIARTI000006739585,css,D814-17,1993-12-31,1999-12-02,
LEGIARTI000006739586,css,D814-17,1999-12-02,2007-01-13,
LEGIARTI000006739587,css,D814-18,1985-12-21,1991-01-01,
LEGIARTI000006739588,css,D814-18,1991-01-01,1993-12-31,
LEGIARTI000006739589,css,D814-18,1993-12-31,1999-12-02,
LEGIARTI000006739590,css,D814-18,1999-12-02,2007-01-13,
LEGIARTI000006739768,css,D814-19,1985-12-21,1987-05-03,
LEGIARTI000006739769,css,D814-19,1987-05-03,1991-01-01,
LEGIARTI000006739770,css,D814-19,1991-01-01,1993-12-31,
LEGIARTI000006739771,css,D814-19,1993-12-31,1999-12-02,
LEGIARTI000006739772,css,D814-19,1999-12-02,2007-01-13,
LEGIARTI000006739774,css,D814-20,1985-12-21,1987-05-03,
LEGIARTI000006739775,css,D814-20,1987-05-03,1991-01-01,
LEGIARTI000006739776,css,D814-20,1991-01-01,1993-12-31,
LEGIARTI000006739777,css,D814-20,1993-12-31,1999-12-02,
LEGIARTI000006739778,css,D814-20,1999-12-02,2007-01-13,
LEGIARTI000006739592,css,D814-21,1985-12-21,1991-01-01,
LEGIARTI000006739593,css,D814-21,1991-01-01,1993-12-31,
LEGIARTI000006739594,css,D814-21,1993-12-31,1999-12-02,
LEGIARTI000006739595,css,D814-21,1999-12-02,2007-01-13,
LEGIARTI000006739596,css,D814-22,1985-12-21,1991-01-01,
LEGIARTI000006739597,css,D814-22,1991-01-01,1993-12-31,
LEGIARTI000006739779,css,D814-23,1985-12-21,1987-05-03,
LEGIARTI000006739780,css,D814-23,1987-05-03,1991-01-01,
LEGIARTI000006739781,css,D814-23,1991-01-01,1993-12-31,
LEGIARTI000006739782,css,D814-24,1985-12-21,1987-05-03,
LEGIARTI000006739783,css,D814-24,1987-05-03,1991-01-01,
LEGIARTI000006739784,css,D814-24,1991-01-01,1993-12-31,
LEGIARTI000006739785,css,D814-25,1985-12-21,1987-05-03,
LEGIARTI000006739786,css,D814-25,1987-05-03,1991-01-01,
LEGIARTI000006739787,css,D814-25,1991-01-01,1993-12-31,
LEGIARTI000006739788,css,D814-26,1985-12-21,1987-05-03,
LEGIARTI000006739789,css,D814-26,1987-05-03,1991-01-01,
LEGIARTI000006739790,css,D814-26,1991-01-01,1993-12-31,
LEGIARTI000006739791,css,D814-26,1993-12-31,1999-12-02,
LEGIARTI000006739792,css,D814-26,1999-12-02,2007-01-13,
LEGIARTI000006739793,css,D814-27,1985-12-21,1987-05-03,
LEGIARTI000006739794,css,D814-27,1987-05-03,1991-01-01,
LEGIARTI000006739795,css,D814-27,1991-01-01,1993-12-31,
LEGIARTI000006739796,css,D814-28,1985-12-21,1987-05-03,
LEGIARTI000006739797,css,D814-28,1987-05-03,1991-01-01,
LEGIARTI000006739798,css,D814-28,1991-01-01,1993-12-31,
LEGIARTI000006739799,css,D814-28,1993-12-31,1999-12-02,
LEGIARTI000006739800,css,D814-28,1999-12-02,2007-01-13,
LEGIARTI000006739598,css,D814-29,1985-12-21,1991-01-01,
LEGIARTI000006739599,css,D814-29,1991-01-01,1999-12-02,
LEGIARTI000006739600,css,D814-29,1999-12-02,2007-01-13,
LEGIARTI000006739801,css,D814-30,1985-12-21,1987-05-03,
LEGIARTI000006739802,css,D814-30,1987-05-03,1991-01-01,
LEGIARTI000006739803,css,D814-30,1991-01-01,1999-12-02,
LEGIARTI000006739804,css,D814-30,1999-12-02,2007-01-13,
LEGIARTI000006739601,css,D814-31,1985-12-21,1991-01-01,
LEGIARTI000006739602,css,D814-31,1991-01-01,1999-12-02,
LEGIARTI000006739603,css,D814-31,1999-12-02,2007-01-13,
LEGIARTI000006739604,css,D815-1,1985-12-21,1991-01-01,
LEGIARTI000006739605,css,D815-1,1991-01-01,1999-12-02,
LEGIARTI000006739606,css,D815-1,1999-12-02,2002-01-01,
LEGIARTI000006739607,css,D815-1,2002-01-01,2007-01-13,
LEGIARTI000006739608,css,D815-1,2007-01-13,2009-04-30,
LEGIARTI000020562595,css,D815-1,2009-04-30,2014-10-23,
LEGIARTI000029619584,css,D815-1,2014-10-23,2018-04-01,
LEGIARTI000036760292,css,D815-1,2018-04-01,,
LEGIARTI000006739609,css,D815-2,1985-12-21,1991-01-01,
LEGIARTI000006739610,css,D815-2,1991-01-01,1999-12-02,
LEGIARTI000006739611,css,D815-2,1999-12-02,2007-01-13,
LEGIARTI000006739612,css,D815-2,2007-01-13,2009-04-30,
LEGIARTI000020562591,css,D815-2,2009-04-30,2014-10-23,
LEGIARTI000029619577,css,D815-2,2014-10-23,,
LEGIARTI000040338724,css,D815-2-1,2020-01-01,,
LEGIARTI000006739613,css,D815-3,1985-12-21,1990-10-10,
LEGIARTI000006739614,css,D815-3,1990-10-10,1991-01-01,
LEGIARTI000006739615,css,D815-3,1991-01-01,1999-12-02,
LEGIARTI000006739616,css,D815-3,1999-12-02,2007-01-13,
LEGIARTI000006739617,css,D815-3,2007-01-13,2009-04-30,
LEGIARTI000020562598,css,D815-3,2009-04-30,,
LEGIARTI000006739855,css,D815-4,2007-01-13,2023-09-01,
LEGIARTI000006739856,css,D815-5,2007-01-13,2010-05-08,
LEGIARTI000022266940,css,D815-5,2010-05-08,2011-12-29,
LEGIARTI000025041469,css,D815-5,2011-12-29,,
LEGIARTI000006739857,css,D815-6,2007-01-13,2023-09-01,
LEGIARTI000047961270,css,D815-6,2023-09-01,,
LEGIARTI000006739858,css,D815-7,2007-01-13,2016-07-01,
LEGIARTI000023397718,css,D815-7,2016-07-01,2023-09-01,
LEGIARTI000047634758,css,D815-7,2023-09-01,2026-01-01,
LEGIARTI000053356111,css,D815-7,2026-01-01,,
LEGIARTI000006739859,css,D815-8,2007-01-13,2020-01-01,
LEGIARTI000006739860,css,D815-9,2007-01-13,2016-01-01,
LEGIARTI000031285368,css,D815-9,2016-01-01,2020-01-01,
LEGIARTI000040340093,css,D815-9,2020-01-01,,
LEGIARTI000006739862,css,D815-10,2007-01-13,2020-01-01,
LEGIARTI000040340054,css,D815-10,2020-01-01,,
LEGIARTI000006739863,css,D815-11,2007-01-13,,
LEGIARTI000006739864,css,D815-12,2007-01-13,2020-01-01,
LEGIARTI000006739865,css,D815-13,2007-01-13,2020-01-01,
LEGIARTI000006739866,css,D815-14,2007-01-13,2020-01-01,
LEGIARTI000040340086,css,D815-14,2020-01-01,,
LEGIARTI000006739867,css,D815-15,2007-01-13,,
LEGIARTI000006739868,css,D815-16,2007-01-13,2020-01-01,
LEGIARTI000040340076,css,D815-16,2020-01-01,,
LEGIARTI000006739869,css,D815-17,2007-01-13,2020-01-01,
LEGIARTI000040340067,css,D815-17,2020-01-01,,
LEGIARTI000006739870,css,D815-18,2007-01-13,,
LEGIARTI000006739872,css,D815-19,2007-01-13,2009-01-01,
LEGIARTI000020090008,css,D815-19,2009-01-01,2020-04-01,
LEGIARTI000042421539,css,D815-19,2020-04-01,2021-01-01,
LEGIARTI000042956446,css,D815-19,2021-01-01,,
LEGIARTI000020090011,css,D815-19-1,2009-01-01,2020-04-01,
LEGIARTI000006739873,css,D815-20,2007-01-13,2009-01-01,
LEGIARTI000020090014,css,D815-20,2009-01-01,2020-01-01,
LEGIARTI000042956455,css,D815-20,2021-01-01,,
LEGIARTI000042939631,css,D815-21,2021-01-01,,
LEGIARTI000042939636,css,D815-22,2021-01-01,,
LEGIARTI000006740712,css,L161-17,1985-12-21,2003-08-22,
LEGIARTI000006740713,css,L161-17,2003-08-22,2010-07-01,
LEGIARTI000021960438,css,L161-17,2010-07-01,2011-05-19,
LEGIARTI000024040755,css,L161-17,2011-05-19,2012-01-01,
LEGIARTI000023025194,css,L161-17,2012-01-01,2014-01-22,
LEGIARTI000028498922,css,L161-17,2014-01-22,2014-07-01,
LEGIARTI000029916712,css,L161-17,2014-07-01,2017-01-01,
LEGIARTI000029916749,css,L161-17,2017-01-01,2023-09-01,
LEGIARTI000047453729,css,L161-17,2023-09-01,2025-12-31,
LEGIARTI000053279717,css,L161-17,2025-12-31,,
LEGIARTI000006740714,css,L161-17-1,2000-12-24,2003-08-22,
LEGIARTI000006740715,css,L161-17-1,2003-08-22,2014-07-01,
LEGIARTI000028498933,css,L161-17-1,2014-07-01,2021-02-28,
LEGIARTI000043197130,css,L161-17-1,2021-02-28,,
LEGIARTI000028497763,css,L161-17-1-1,2014-01-22,2019-01-01,
LEGIARTI000037951421,css,L161-17-1-1,2019-01-01,2026-01-01,
LEGIARTI000051289666,css,L161-17-1-1,2026-01-01,,
LEGIARTI000028497802,css,L161-17-1-2,2014-01-22,2023-12-20,
LEGIARTI000048590243,css,L161-17-1-2,2023-12-20,2026-06-27,
LEGIARTI000054336597,css,L161-17-1-2,2026-06-27,,
LEGIARTI000023030935,css,L161-17-2,2011-07-01,2011-12-23,
LEGIARTI000025014605,css,L161-17-2,2011-12-23,2023-09-01,
LEGIARTI000047452768,css,L161-17-2,2023-09-01,2025-02-28,
LEGIARTI000051289659,css,L161-17-2,2025-02-28,2025-12-31,
LEGIARTI000053280889,css,L161-17-2,2025-12-31,,
LEGIARTI000028494794,css,L161-17-3,2014-01-22,2023-09-01,
LEGIARTI000047452764,css,L161-17-3,2023-09-01,2025-12-31,
LEGIARTI000053280903,css,L161-17-3,2025-12-31,,
LEGIARTI000028496554,css,L161-17-4,2015-01-01,,
LEGIARTI000006741250,css,L161-18,1985-12-21,2010-01-30,
LEGIARTI000021763368,css,L161-18,2010-01-30,2010-05-08,
LEGIARTI000022267241,css,L161-18,2010-05-08,2017-01-01,
LEGIARTI000033714240,css,L161-18,2017-01-01,2018-01-01,
LEGIARTI000036391599,css,L161-18,2018-01-01,2023-09-01,
LEGIARTI000047453152,css,L161-18,2023-09-01,2025-02-28,
LEGIARTI000051289654,css,L161-18,2025-02-28,,
LEGIARTI000006741251,css,L161-18-1,1993-08-29,,
LEGIARTI000006740716,css,L161-19,1985-12-21,2001-12-26,
LEGIARTI000006740717,css,L161-19,2001-12-26,,
LEGIARTI000019959547,css,L161-19-1,2008-12-19,2010-05-08,
LEGIARTI000022287794,css,L161-19-1,2010-05-08,2018-06-14,
LEGIARTI000037063414,css,L161-19-1,2018-06-14,2025-02-28,
LEGIARTI000051289640,css,L161-19-1,2025-02-28,,
LEGIARTI000006741252,css,L161-20,1985-12-21,2010-01-30,
LEGIARTI000021763364,css,L161-20,2010-01-30,2010-05-08,
LEGIARTI000022267251,css,L161-20,2010-05-08,2025-02-28,
LEGIARTI000051289631,css,L161-20,2025-02-28,,
LEGIARTI000006741253,css,L161-21,1985-12-21,,
LEGIARTI000033688409,css,L161-21-1,2016-12-25,2018-06-14,
LEGIARTI000037063393,css,L161-21-1,2018-06-14,2023-09-01,
LEGIARTI000047453142,css,L161-21-1,2023-09-01,2026-01-01,
LEGIARTI000051289750,css,L161-21-1,2026-01-01,,
LEGIARTI000053146362,css,L161-21-2,2025-12-24,,
LEGIARTI000006741547,css,L161-22,1985-12-21,1987-01-28,
LEGIARTI000006741548,css,L161-22,1987-01-28,1988-01-06,
LEGIARTI000006741549,css,L161-22,1988-01-06,1991-01-20,
LEGIARTI000006741550,css,L161-22,1991-01-20,1992-01-04,
LEGIARTI000006741551,css,L161-22,1992-01-04,1993-01-30,
LEGIARTI000006741552,css,L161-22,1993-01-30,1993-12-21,
LEGIARTI000006741553,css,L161-22,1993-12-21,1995-02-05,
LEGIARTI000006741554,css,L161-22,1995-02-05,1998-12-27,
LEGIARTI000006741555,css,L161-22,1998-12-27,1999-12-30,
LEGIARTI000006741556,css,L161-22,1999-12-30,2000-12-14,
LEGIARTI000006741557,css,L161-22,2000-12-14,2000-12-24,
LEGIARTI000006741558,css,L161-22,2000-12-24,2002-12-24,
LEGIARTI000006741559,css,L161-22,2002-12-24,2003-08-22,
LEGIARTI000006741560,css,L161-22,2003-08-22,2006-12-22,
LEGIARTI000006741561,css,L161-22,2006-12-22,2008-12-19,
LEGIARTI000019959680,css,L161-22,2008-12-19,2010-05-08,
LEGIARTI000022267321,css,L161-22,2010-05-08,2015-01-01,
LEGIARTI000028498569,css,L161-22,2015-01-01,2015-08-19,
LEGIARTI000031086997,css,L161-22,2015-08-19,2015-12-23,
LEGIARTI000031686209,css,L161-22,2015-12-23,2017-01-01,
LEGIARTI000033713940,css,L161-22,2017-01-01,2022-12-25,
LEGIARTI000046806536,css,L161-22,2022-12-25,2023-09-01,
LEGIARTI000047453712,css,L161-22,2023-09-01,2025-12-31,
LEGIARTI000053279730,css,L161-22,2025-12-31,,
LEGIARTI000051289735,css,L161-22,2026-01-01,2025-12-31,
LEGIARTI000006741254,css,L161-22-1,1986-07-17,2023-09-01,
LEGIARTI000047453688,css,L161-22-1,2023-09-01,2026-01-01,
LEGIARTI000053279754,css,L161-22-1,2026-01-01,,
LEGIARTI000028496884,css,L161-22-1 A,2014-01-22,2023-09-01,
LEGIARTI000047450790,css,L161-22-1-1,2023-09-01,2025-02-28,
LEGIARTI000051289731,css,L161-22-1-1,2025-02-28,2026-01-01,
LEGIARTI000053279747,css,L161-22-1-1,2026-01-01,,
LEGIARTI000047450629,css,L161-22-1-2,2023-09-01,2025-12-31,
LEGIARTI000053279758,css,L161-22-1-2,2025-12-31,,
LEGIARTI000047450636,css,L161-22-1-3,2023-09-01,,
LEGIARTI000047450642,css,L161-22-1-4,2023-09-01,2025-12-31,
LEGIARTI000053279767,css,L161-22-1-4,2025-12-31,,
LEGIARTI000047450655,css,L161-22-1-5,2023-09-01,2023-12-28,
LEGIARTI000048697292,css,L161-22-1-5,2023-12-28,2025-02-28,
LEGIARTI000051289726,css,L161-22-1-5,2025-02-28,2025-10-26,
LEGIARTI000052437156,css,L161-22-1-5,2025-10-26,,
LEGIARTI000047450659,css,L161-22-1-6,2023-09-01,,
LEGIARTI000047450663,css,L161-22-1-7,2023-09-01,,
LEGIARTI000047450667,css,L161-22-1-8,2023-09-01,,
LEGIARTI000047450671,css,L161-22-1-9,2023-09-01,,
LEGIARTI000028498063,css,L161-22-2,2016-01-01,2023-09-01,
LEGIARTI000047456834,css,L161-22-2,2023-09-01,,
LEGIARTI000042671505,css,L161-22-3,2020-12-16,,
LEGIARTI000006741255,css,L161-23,1985-12-21,,
LEGIARTI000006741256,css,L161-23-1,2004-01-01,2008-12-19,
LEGIARTI000019959486,css,L161-23-1,2008-12-19,2010-11-11,
LEGIARTI000023025187,css,L161-23-1,2010-11-11,2014-01-22,
LEGIARTI000028498366,css,L161-23-1,2014-01-22,2015-12-23,
LEGIARTI000031688460,css,L161-23-1,2015-12-23,2018-01-01,
LEGIARTI000036393194,css,L161-23-1,2018-01-01,2026-01-01,
LEGIARTI000051289722,css,L161-23-1,2026-01-01,,
LEGIARTI000043972974,css,L161-23-1 A,2021-08-26,,
LEGIARTI000006741257,css,L161-24,1985-12-21,2007-12-22,
LEGIARTI000042686429,css,L161-24,2020-12-16,2026-07-23,
LEGIARTI000054477759,css,L161-24,2026-07-23,2028-01-01,
LEGIARTI000054478475,css,L161-24,2028-01-01,,
LEGIARTI000042675131,css,L161-24-1,2020-12-16,2028-01-01,
LEGIARTI000051288129,css,L161-24-1,2028-01-01,2026-06-27,
LEGIARTI000054358416,css,L161-24-1,2028-01-01,,
LEGIARTI000042675133,css,L161-24-2,2020-12-16,,
LEGIARTI000042675135,css,L161-24-3,2020-12-16,,
LEGIARTI000006741258,css,L161-25,1985-12-21,2016-01-01,
LEGIARTI000031781092,css,L161-25,2016-01-01,,
LEGIARTI000006741259,css,L161-25-1,1993-08-29,,
LEGIARTI000006741260,css,L161-25-2,1993-08-29,2016-01-01,
LEGIARTI000006741261,css,L161-25-3,1998-05-12,2008-12-19,
LEGIARTI000019953369,css,L161-25-3,2008-12-19,2016-01-01,
LEGIARTI000006741452,css,L171-1,1985-12-21,2018-01-01,
LEGIARTI000036391591,css,L171-1,2018-01-01,2018-06-14,
LEGIARTI000037064129,css,L171-1,2018-06-14,,
LEGIARTI000006741453,css,L171-2,1985-12-21,2018-01-01,
LEGIARTI000036391585,css,L171-2,2018-01-01,,
LEGIARTI000036381027,css,L171-2-1,2018-01-01,,
LEGIARTI000006741454,css,L171-3,1999-07-10,2005-02-24,
LEGIARTI000006741455,css,L171-3,2005-02-24,2012-03-24,
LEGIARTI000025576773,css,L171-3,2012-03-24,2014-12-25,
LEGIARTI000029961551,css,L171-3,2014-12-25,2018-01-01,
LEGIARTI000029108969,css,L171-3,2015-01-01,2014-12-25,
LEGIARTI000036391567,css,L171-3,2018-01-01,2018-06-14,
LEGIARTI000037062148,css,L171-3,2018-06-14,,
LEGIARTI000029954898,css,L171-4,2015-07-01,2018-01-01,
LEGIARTI000036391580,css,L171-4,2018-01-01,2020-01-01,
LEGIARTI000037064120,css,L171-4,2020-01-01,,
LEGIARTI000029954903,css,L171-5,2015-07-01,2018-01-01,
LEGIARTI000036391576,css,L171-5,2018-01-01,2020-01-01,
LEGIARTI000037064113,css,L171-5,2020-01-01,,
LEGIARTI000029956560,css,L171-6,2015-01-01,2018-01-01,
LEGIARTI000036391573,css,L171-6,2018-01-01,,
LEGIARTI000036381041,css,L171-6-1,2018-01-01,,
LEGIARTI000031923591,css,L171-7,2016-01-28,2018-01-01,
LEGIARTI000036391564,css,L171-7,2018-01-01,,
LEGIARTI000006741456,css,L172-1,1985-12-21,2010-12-22,
LEGIARTI000023272327,css,L172-1,2010-12-22,2018-01-01,
LEGIARTI000033714585,css,L172-1,2018-01-01,2018-01-01,
LEGIARTI000036392746,css,L172-1,2018-01-01,,
LEGIARTI000017842064,css,L172-1 A,2007-12-22,2010-05-08,
LEGIARTI000022287651,css,L172-1 A,2010-05-08,2016-01-01,
LEGIARTI000031686627,css,L172-1 A,2016-01-01,2016-12-25,
LEGIARTI000033779631,css,L172-1 A,2016-12-25,2018-01-01,
LEGIARTI000042681364,css,L172-1-1,2021-01-01,,
LEGIARTI000046805141,css,L172-1-2,2022-12-25,,
LEGIARTI000033689813,css,L172-2,2018-01-01,2018-01-01,
LEGIARTI000036391562,css,L172-2,2018-01-01,,
LEGIARTI000033689818,css,L172-3,2018-01-01,2018-01-01,
LEGIARTI000036390185,css,L172-3,2018-01-01,,
LEGIARTI000006740906,css,L173-1,1985-12-21,2003-08-22,
LEGIARTI000006740907,css,L173-1,2003-08-22,,
LEGIARTI000019959415,css,L173-1-1,2008-12-19,2010-05-08,
LEGIARTI000022287748,css,L173-1-1,2010-05-08,2025-02-28,
LEGIARTI000051289711,css,L173-1-1,2025-02-28,,
LEGIARTI000028498029,css,L173-1-2,2017-01-01,2015-12-23,
LEGIARTI000031667681,css,L173-1-2,2017-01-01,2016-12-25,
LEGIARTI000033714345,css,L173-1-2,2017-07-01,2025-02-28,
LEGIARTI000051289707,css,L173-1-2,2025-02-28,,
LEGIARTI000028498089,css,L173-1-3,2016-01-01,,
LEGIARTI000037388250,css,L173-1-4,2019-01-01,,
LEGIARTI000047451322,css,L173-1-5,2023-04-16,,
LEGIARTI000006740908,css,L173-2,1985-12-21,2004-01-01,
LEGIARTI000019959490,css,L173-2,2008-12-19,2010-05-08,
LEGIARTI000022267147,css,L173-2,2010-05-08,2010-12-22,
LEGIARTI000023271329,css,L173-2,2010-12-22,2018-01-01,
LEGIARTI000036391874,css,L173-2,2018-01-01,,
LEGIARTI000021537932,css,L173-2-0-1,2009-12-28,,
LEGIARTI000023033911,css,L173-2-0-1 A,2010-11-11,2012-03-14,
LEGIARTI000025500345,css,L173-2-0-1 A,2012-03-14,,
LEGIARTI000021537929,css,L173-2-0-2,2009-12-28,2014-01-22,
LEGIARTI000028498651,css,L173-2-0-2,2014-01-22,,
LEGIARTI000006741457,css,L173-2-1,1988-01-01,,
LEGIARTI000006741458,css,L173-3,1985-12-21,2017-01-01,
LEGIARTI000033713936,css,L173-3,2017-01-01,2018-01-01,
LEGIARTI000006741459,css,L173-4,1985-12-21,2005-12-09,
LEGIARTI000006741460,css,L173-4,2005-12-09,,
LEGIARTI000006741461,css,L173-5,1985-12-21,,
LEGIARTI000006741462,css,L173-6,1985-12-21,,
LEGIARTI000006740909,css,L173-7,1985-12-21,2003-08-22,
LEGIARTI000019959519,css,L173-7,2008-12-19,2010-05-08,
LEGIARTI000022287776,css,L173-7,2010-05-08,2014-01-22,
LEGIARTI000028498683,css,L173-7,2014-01-22,2018-01-01,
LEGIARTI000036391837,css,L173-7,2018-01-01,2018-06-14,
LEGIARTI000037063292,css,L173-7,2018-06-14,2021-12-25,
LEGIARTI000044629798,css,L173-7,2021-12-25,2023-09-01,
LEGIARTI000047452747,css,L173-7,2023-09-01,2025-02-28,
LEGIARTI000051289778,css,L173-7,2025-02-28,,
LEGIARTI000006740910,css,L173-8,1985-12-21,2003-08-22,
LEGIARTI000023034892,css,L173-8,2010-11-11,,
LEGIARTI000023034890,css,L173-9,2010-11-11,,
LEGIARTI000006742593,css,L341-1,1985-12-21,2020-01-01,
LEGIARTI000041398968,css,L341-1,2020-01-01,,
LEGIARTI000006742594,css,L341-2,1985-12-21,1993-01-01,
LEGIARTI000006742595,css,L341-2,1993-01-01,2016-12-25,
LEGIARTI000033714698,css,L341-2,2016-12-25,2020-01-01,
LEGIARTI000041398963,css,L341-2,2020-01-01,,
LEGIARTI000006742596,css,L341-3,1985-12-21,2016-01-01,
LEGIARTI000031687176,css,L341-3,2016-01-01,,
LEGIARTI000006742597,css,L341-4,1985-12-21,,
LEGIARTI000006742598,css,L341-5,1985-12-21,,
LEGIARTI000006742599,css,L341-6,1985-12-21,1994-01-01,
LEGIARTI000006742600,css,L341-6,1994-01-01,1998-12-27,
LEGIARTI000006742601,css,L341-6,1998-12-27,2014-01-22,
LEGIARTI000028498312,css,L341-6,2014-01-22,2015-12-23,
LEGIARTI000031688452,css,L341-6,2015-12-23,,
LEGIARTI000006742602,css,L341-7,1985-12-21,2020-01-01,
LEGIARTI000041398957,css,L341-7,2020-01-01,,
LEGIARTI000006742603,css,L341-8,1985-12-21,2020-01-01,
LEGIARTI000041398951,css,L341-8,2020-01-01,,
LEGIARTI000006742604,css,L341-9,1985-12-21,2020-01-01,
LEGIARTI000041398943,css,L341-9,2020-01-01,,
LEGIARTI000006742605,css,L341-10,1985-12-21,2011-06-01,
LEGIARTI000006742606,css,L341-11,1985-12-21,2020-01-01,
LEGIARTI000041398936,css,L341-11,2020-01-01,,
LEGIARTI000006742607,css,L341-12,1985-12-21,2020-01-01,
LEGIARTI000041398930,css,L341-12,2020-01-01,2022-04-01,
LEGIARTI000044629850,css,L341-12,2022-04-01,,
LEGIARTI000006742608,css,L341-13,1985-12-21,,
LEGIARTI000006742609,css,L341-14,1985-12-21,2020-01-01,
LEGIARTI000041398924,css,L341-14,2020-01-01,2022-04-01,
LEGIARTI000021537953,css,L341-14-1,2010-03-01,2010-05-08,
LEGIARTI000022287948,css,L341-14-1,2010-05-08,2010-11-11,
LEGIARTI000023032198,css,L341-14-1,2010-11-11,2011-12-23,
LEGIARTI000025014489,css,L341-14-1,2011-12-23,2012-12-19,
LEGIARTI000026799871,css,L341-14-1,2012-12-19,2016-01-01,
LEGIARTI000032182025,css,L341-14-1,2016-01-01,2018-01-01,
LEGIARTI000036391775,css,L341-14-1,2018-01-01,2020-01-01,
LEGIARTI000041398899,css,L341-14-1,2020-01-01,2022-01-01,
LEGIARTI000044629925,css,L341-14-1,2022-01-01,2023-09-01,
LEGIARTI000047453702,css,L341-14-1,2023-09-01,2026-01-01,
LEGIARTI000051289821,css,L341-14-1,2026-01-01,,
LEGIARTI000047450875,css,L341-14-2,2023-09-01,,
LEGIARTI000006742610,css,L341-15,1985-12-21,2003-08-22,
LEGIARTI000006742611,css,L341-15,2003-08-22,2008-12-19,
LEGIARTI000019959677,css,L341-15,2008-12-19,2023-09-01,
LEGIARTI000047453137,css,L341-15,2023-09-01,,
LEGIARTI000006742612,css,L341-16,1985-12-21,2003-08-22,
LEGIARTI000006742613,css,L341-16,2003-08-22,2010-03-01,
LEGIARTI000021537943,css,L341-16,2010-03-01,2020-01-01,
LEGIARTI000041398892,css,L341-16,2020-01-01,2023-09-01,
LEGIARTI000047453121,css,L341-16,2023-09-01,,
LEGIARTI000033689553,css,L341-17,2016-12-25,2023-09-01,
LEGIARTI000047453130,css,L341-17,2023-09-01,,
LEGIARTI000006742620,css,L351-1,1985-12-21,1993-07-23,
LEGIARTI000006742621,css,L351-1,1993-07-23,2003-08-22,
LEGIARTI000006742622,css,L351-1,2003-08-22,2010-11-11,
LEGIARTI000023030958,css,L351-1,2010-11-11,2010-11-11,
LEGIARTI000023035688,css,L351-1,2010-11-11,,
LEGIARTI000006742669,css,L351-1-1,2003-08-22,2014-01-22,
LEGIARTI000028498678,css,L351-1-1,2014-01-22,2023-09-01,
LEGIARTI000047453115,css,L351-1-1,2023-09-01,2023-12-28,
LEGIARTI000048697791,css,L351-1-1,2023-12-28,2025-12-31,
LEGIARTI000053280379,css,L351-1-1,2025-12-31,,
LEGIARTI000047449227,css,L351-1-1 A,2023-09-01,,
LEGIARTI000006742670,css,L351-1-2,2003-08-22,2010-11-11,
LEGIARTI000023033672,css,L351-1-2,2010-11-11,2011-12-23,
LEGIARTI000025014540,css,L351-1-2,2011-12-23,,
LEGIARTI000047449229,css,L351-1-2-1,2023-09-01,2025-02-28,
LEGIARTI000051289776,css,L351-1-2-1,2025-02-28,,
LEGIARTI000006742671,css,L351-1-3,2003-08-22,2005-02-12,
LEGIARTI000006742672,css,L351-1-3,2005-02-12,2010-11-11,
LEGIARTI000023035065,css,L351-1-3,2010-11-11,2014-01-22,
LEGIARTI000028498841,css,L351-1-3,2014-01-22,2023-09-01,
LEGIARTI000047453110,css,L351-1-3,2023-09-01,,
LEGIARTI000023032128,css,L351-1-4,2011-07-01,2015-01-01,
LEGIARTI000028498378,css,L351-1-4,2015-01-01,2017-10-01,
LEGIARTI000035640851,css,L351-1-4,2017-10-01,2023-04-16,
LEGIARTI000047452214,css,L351-1-4,2023-04-16,2025-12-31,
LEGIARTI000053281659,css,L351-1-4,2025-12-31,,
LEGIARTI000047449233,css,L351-1-5,2023-09-01,,
LEGIARTI000006742623,css,L351-2,1985-12-21,2003-08-22,
LEGIARTI000006742624,css,L351-2,2003-08-22,2008-12-19,
LEGIARTI000019959916,css,L351-2,2008-12-19,2014-01-22,
LEGIARTI000028498654,css,L351-2,2014-01-22,2015-12-23,
LEGIARTI000031686263,css,L351-2,2015-12-23,,
LEGIARTI000006742919,css,L351-3,1985-12-21,1986-12-31,
LEGIARTI000006742920,css,L351-3,1986-12-31,2002-01-18,
LEGIARTI000006742921,css,L351-3,2002-01-18,2003-08-22,
LEGIARTI000006742922,css,L351-3,2003-08-22,2005-01-19,
LEGIARTI000006742923,css,L351-3,2005-01-19,2008-05-01,
LEGIARTI000030226210,css,L351-3,2008-05-01,2011-07-30,
LEGIARTI000024421443,css,L351-3,2011-07-30,2011-12-23,
LEGIARTI000025014498,css,L351-3,2011-12-23,2014-01-22,
LEGIARTI000028498769,css,L351-3,2014-01-22,2020-07-31,
LEGIARTI000042174619,css,L351-3,2020-07-31,2020-12-16,
LEGIARTI000042683463,css,L351-3,2020-12-16,2023-09-01,
LEGIARTI000047453382,css,L351-3,2023-09-01,2025-12-31,
LEGIARTI000053279221,css,L351-3,2025-12-31,2026-11-01,
LEGIARTI000051288449,css,L351-3,2026-11-01,,
LEGIARTI000031667793,css,L351-3-1,2015-12-23,,
LEGIARTI000006742625,css,L351-4,1985-12-21,2001-12-26,
LEGIARTI000006742626,css,L351-4,2001-12-26,2003-08-22,
LEGIARTI000006742627,css,L351-4,2003-08-22,2009-12-28,
LEGIARTI000021537916,css,L351-4,2009-12-28,2010-05-08,
LEGIARTI000022267455,css,L351-4,2010-05-08,2013-05-19,
LEGIARTI000027432121,css,L351-4,2013-05-19,2016-12-25,
LEGIARTI000033713911,css,L351-4,2016-12-25,2018-01-01,
LEGIARTI000036391746,css,L351-4,2018-01-01,2018-06-14,
LEGIARTI000037063369,css,L351-4,2018-06-14,2022-02-09,
LEGIARTI000045136636,css,L351-4,2022-02-09,2023-04-16,
LEGIARTI000047453184,css,L351-4,2023-04-16,2023-09-01,
LEGIARTI000047456714,css,L351-4,2023-09-01,2025-02-28,
LEGIARTI000051289761,css,L351-4,2025-02-28,2025-12-31,
LEGIARTI000053280393,css,L351-4,2025-12-31,,
LEGIARTI000006742673,css,L351-4-1,2003-08-22,2005-02-12,
LEGIARTI000006742674,css,L351-4-1,2005-02-12,2008-04-01,
LEGIARTI000017845585,css,L351-4-1,2008-04-01,,
LEGIARTI000028497884,css,L351-4-2,2014-01-22,,
LEGIARTI000006742628,css,L351-5,1985-12-21,2003-08-22,
LEGIARTI000006742629,css,L351-5,2003-08-22,2009-12-28,
LEGIARTI000021537902,css,L351-5,2009-12-28,,
LEGIARTI000006742630,css,L351-6,1985-12-21,2003-08-22,
LEGIARTI000006742631,css,L351-6,2003-08-22,,
LEGIARTI000028496572,css,L351-6-1,2015-01-01,2017-10-01,
LEGIARTI000035640839,css,L351-6-1,2017-10-01,2017-12-22,
LEGIARTI000036243464,css,L351-6-1,2017-12-22,2018-01-01,
LEGIARTI000036391737,css,L351-6-1,2018-01-01,2018-06-14,
LEGIARTI000037063352,css,L351-6-1,2018-06-14,2023-04-16,
LEGIARTI000047452192,css,L351-6-1,2023-04-16,2025-03-01,
LEGIARTI000051289798,css,L351-6-1,2025-03-01,,
LEGIARTI000006742675,css,L351-7,1985-12-21,,
LEGIARTI000006742676,css,L351-7-1,1994-01-01,2017-01-01,
LEGIARTI000053612584,css,L351-7-1,2017-01-01,,
LEGIARTI000039795377,css,L351-7-1 A,2020-07-01,2023-09-01,
LEGIARTI000047453128,css,L351-7-1 A,2023-09-01,,
LEGIARTI000006742632,css,L351-8,1985-12-21,2003-08-22,
LEGIARTI000006742633,css,L351-8,2003-08-22,2011-07-01,
LEGIARTI000023030950,css,L351-8,2011-07-01,2014-01-22,
LEGIARTI000028498855,css,L351-8,2014-01-22,2023-09-01,
LEGIARTI000047452736,css,L351-8,2023-09-01,2025-02-28,
LEGIARTI000051289852,css,L351-8,2025-02-28,,
LEGIARTI000006742677,css,L351-9,1985-12-21,2016-01-01,
LEGIARTI000006742924,css,L351-10,1985-12-21,1986-07-17,
LEGIARTI000006742925,css,L351-10,1986-07-17,2004-01-01,
LEGIARTI000006742926,css,L351-10,2004-01-01,2008-12-19,
LEGIARTI000019959492,css,L351-10,2008-12-19,2023-09-01,
LEGIARTI000047453225,css,L351-10,2023-09-01,2023-12-28,
LEGIARTI000048697787,css,L351-10,2023-12-28,,
LEGIARTI000019959488,css,L351-10-1,2008-12-19,,
LEGIARTI000006742634,css,L351-11,1985-12-21,1994-01-01,
LEGIARTI000006742635,css,L351-11,1994-01-01,1998-12-27,
LEGIARTI000006742636,css,L351-11,1998-12-27,1999-12-30,
LEGIARTI000006742637,css,L351-11,1999-12-30,2000-12-24,
LEGIARTI000006742638,css,L351-11,2000-12-24,2001-12-26,
LEGIARTI000006742639,css,L351-11,2001-12-26,2002-12-24,
LEGIARTI000006742640,css,L351-11,2002-12-24,2004-01-01,
LEGIARTI000006742641,css,L351-11,2004-01-01,2015-12-23,
LEGIARTI000031688444,css,L351-11,2015-12-23,,
LEGIARTI000006742642,css,L351-12,1985-12-21,1998-12-27,
LEGIARTI000006742643,css,L351-12,1998-12-27,2023-09-01,
LEGIARTI000047453177,css,L351-12,2023-09-01,,
LEGIARTI000006742678,css,L351-13,1985-12-21,2010-11-11,
LEGIARTI000023033932,css,L351-13,2010-11-11,,
LEGIARTI000006742679,css,L351-14,1985-12-21,2011-01-01,
LEGIARTI000021539141,css,L351-14,2011-01-01,,
LEGIARTI000006742680,css,L351-14-1,2004-01-01,2006-12-22,
LEGIARTI000006742681,css,L351-14-1,2006-12-22,2007-12-22,
LEGIARTI000017842775,css,L351-14-1,2007-12-22,2008-12-19,
LEGIARTI000019959524,css,L351-14-1,2008-12-19,2014-01-22,
LEGIARTI000028498706,css,L351-14-1,2014-01-22,2018-09-01,
LEGIARTI000036687801,css,L351-14-1,2018-09-01,2023-09-01,
LEGIARTI000047452730,css,L351-14-1,2023-09-01,,
LEGIARTI000006742644,css,L351-15,1988-01-06,2003-08-22,
LEGIARTI000006742645,css,L351-15,2003-08-22,2010-11-11,
LEGIARTI000023034598,css,L351-15,2010-11-11,2014-01-22,
LEGIARTI000028498553,css,L351-15,2014-01-22,2018-01-01,
LEGIARTI000033713884,css,L351-15,2018-01-01,2018-01-01,
LEGIARTI000036391731,css,L351-15,2018-01-01,2022-01-01,
LEGIARTI000044629917,css,L351-15,2022-01-01,2023-09-01,
LEGIARTI000006742646,css,L351-16,1988-01-06,2003-08-22,
LEGIARTI000006742647,css,L351-16,2003-08-22,2014-01-22,
LEGIARTI000028498566,css,L351-16,2014-01-22,2018-01-01,
LEGIARTI000033713881,css,L351-16,2018-01-01,2022-01-01,
LEGIARTI000044629913,css,L351-16,2022-01-01,2023-09-01,
LEGIARTI000028497468,css,L351-17,2014-01-22,2014-07-12,
LEGIARTI000029236196,css,L351-17,2014-07-12,2023-09-01,
LEGIARTI000047452725,css,L351-17,2023-09-01,,
LEGIARTI000006742682,css,L352-1,1985-12-21,2008-12-19,
LEGIARTI000006742648,css,L353-1,1985-12-21,2003-08-22,
LEGIARTI000006742649,css,L353-1,2003-08-22,2008-12-19,
LEGIARTI000019959405,css,L353-1,2008-12-19,2011-12-23,
LEGIARTI000025018616,css,L353-1,2011-12-23,2023-09-01,
LEGIARTI000047453693,css,L353-1,2023-09-01,,
LEGIARTI000039775455,css,L353-1-1,2019-12-30,2020-12-16,
LEGIARTI000006742683,css,L353-2,1985-12-21,,
LEGIARTI000006742650,css,L353-3,1985-12-21,2003-08-22,
LEGIARTI000006742651,css,L353-3,2003-08-22,,
LEGIARTI000006742684,css,L353-4,1987-01-28,,
LEGIARTI000006742652,css,L353-5,1988-01-01,1990-01-25,
LEGIARTI000006742653,css,L353-5,1990-01-25,2003-08-22,
LEGIARTI000006742654,css,L353-5,2003-08-22,2015-12-23,
LEGIARTI000031688429,css,L353-5,2015-12-23,,
LEGIARTI000019959401,css,L353-6,2010-01-01,,
LEGIARTI000006742685,css,L355-1,1985-12-21,,
LEGIARTI000006742655,css,L355-2,1985-12-21,1998-07-31,
LEGIARTI000006742656,css,L355-2,1998-07-31,2003-08-22,
LEGIARTI000006742657,css,L355-2,2003-08-22,2029-01-01,
LEGIARTI000052850993,css,L355-2,2029-01-01,,
LEGIARTI000006742927,css,L355-3,1985-12-21,1986-03-20,
LEGIARTI000006742928,css,L355-3,1986-03-20,2011-12-23,
LEGIARTI000025014727,css,L355-3,2011-12-23,2020-01-01,
LEGIARTI000037951413,css,L355-3,2020-01-01,2019-07-26,
LEGIARTI000038825680,css,L355-3,2020-01-01,2020-01-01,
LEGIARTI000041398495,css,L355-3,2020-01-01,2022-12-25,
LEGIARTI000046811422,css,L355-3,2022-12-25,,
LEGIARTI000006742658,css,L356-1,1985-12-21,1993-08-29,
LEGIARTI000006742659,css,L356-1,1993-08-29,1998-07-31,
LEGIARTI000006742660,css,L356-1,1998-07-31,1998-12-27,
LEGIARTI000006742661,css,L356-1,1998-12-27,2000-12-24,
LEGIARTI000006742662,css,L356-1,2000-12-24,2003-08-22,
LEGIARTI000023034909,css,L356-1,2010-11-11,,
LEGIARTI000006742929,css,L356-2,1985-12-21,1987-01-28,
LEGIARTI000006742930,css,L356-2,1987-01-28,1998-12-27,
LEGIARTI000006742931,css,L356-2,1998-12-27,2003-08-22,
LEGIARTI000023034906,css,L356-2,2010-11-11,2015-12-23,
LEGIARTI000031688424,css,L356-2,2015-12-23,,
LEGIARTI000006742663,css,L356-3,1985-12-21,1999-11-16,
LEGIARTI000006742664,css,L356-3,1999-11-16,2003-08-22,
LEGIARTI000023034902,css,L356-3,2010-11-11,,
LEGIARTI000006742665,css,L356-4,1985-12-21,2003-08-22,
LEGIARTI000023034899,css,L356-4,2010-11-11,,
LEGIARTI000023034897,css,L356-5,2010-11-11,,
LEGIARTI000006742686,css,L357-1,1985-12-21,,
LEGIARTI000006742687,css,L357-2,1985-12-21,,
LEGIARTI000006742688,css,L357-3,1985-12-21,,
LEGIARTI000006742933,css,L357-4,1985-12-21,1988-01-06,
LEGIARTI000006742934,css,L357-4,1988-01-06,1994-01-01,
LEGIARTI000006742935,css,L357-4,1994-01-01,2005-12-20,
LEGIARTI000006742936,css,L357-4,2005-12-20,2023-09-01,
LEGIARTI000047453675,css,L357-4,2023-09-01,,
LEGIARTI000006742666,css,L357-4-1,1994-01-01,1999-01-01,
LEGIARTI000006742689,css,L357-5,1985-12-21,,
LEGIARTI000006742667,css,L357-6,1985-12-21,1994-01-01,
LEGIARTI000006742668,css,L357-6,1994-01-01,1999-01-01,
LEGIARTI000006742690,css,L357-7,1985-12-21,,
LEGIARTI000006742691,css,L357-8,1985-12-21,,
LEGIARTI000006742692,css,L357-9,1985-12-21,,
LEGIARTI000006742693,css,L357-10,1985-12-21,,
LEGIARTI000006742694,css,L357-10-1,1988-01-01,,
LEGIARTI000019959377,css,L357-10-2,2010-01-01,,
LEGIARTI000006742695,css,L357-11,1985-12-21,,
LEGIARTI000006742696,css,L357-12,1985-12-21,2005-12-20,
LEGIARTI000006742697,css,L357-12,2005-12-20,,
LEGIARTI000006742698,css,L357-13,1985-12-21,,
LEGIARTI000006742699,css,L357-14,1985-12-21,2012-04-01,
LEGIARTI000025516557,css,L357-14,2012-04-01,2019-01-01,
LEGIARTI000033459035,css,L357-14,2019-01-01,2020-01-01,
LEGIARTI000038314452,css,L357-14,2020-01-01,,
LEGIARTI000006742700,css,L357-15,1985-12-21,,
LEGIARTI000006742701,css,L357-16,1985-12-21,,
LEGIARTI000006742702,css,L357-17,1985-12-21,,
LEGIARTI000006742703,css,L357-18,1985-12-21,,
LEGIARTI000006742704,css,L357-19,1985-12-21,,
LEGIARTI000006742705,css,L357-20,1985-12-21,,
LEGIARTI000006742706,css,L357-21,1985-12-21,,
LEGIARTI000006742941,css,L381-1,1985-12-21,1987-01-01,
LEGIARTI000006742942,css,L381-1,1987-01-01,1994-07-26,
LEGIARTI000006742943,css,L381-1,1994-07-26,2000-12-24,
LEGIARTI000006742944,css,L381-1,2000-12-24,2002-01-18,
LEGIARTI000006742945,css,L381-1,2002-01-18,2004-01-01,
LEGIARTI000006742947,css,L381-1,2003-12-19,2005-02-12,
LEGIARTI000006742946,css,L381-1,2004-01-01,2003-12-19,
LEGIARTI000006742948,css,L381-1,2005-02-12,2005-12-20,
LEGIARTI000006742949,css,L381-1,2005-12-20,2006-12-22,
LEGIARTI000006742950,css,L381-1,2006-12-22,2009-12-28,
LEGIARTI000021537966,css,L381-1,2009-12-28,2010-05-08,
LEGIARTI000022267496,css,L381-1,2010-05-08,2010-11-11,
LEGIARTI000023034972,css,L381-1,2010-11-11,2014-02-01,
LEGIARTI000028498895,css,L381-1,2014-02-01,2014-08-06,
LEGIARTI000029336685,css,L381-1,2014-08-06,2015-12-30,
LEGIARTI000031728010,css,L381-1,2015-12-30,2018-01-01,
LEGIARTI000036391713,css,L381-1,2018-01-01,2018-06-14,
LEGIARTI000037062471,css,L381-1,2018-06-14,2019-01-01,
LEGIARTI000033459023,css,L381-1,2019-01-01,2019-12-28,
LEGIARTI000041398467,css,L381-1,2019-12-28,2020-12-16,
LEGIARTI000038314437,css,L381-1,2020-01-01,2019-05-24,
LEGIARTI000042686435,css,L381-1,2020-12-16,2023-01-01,
LEGIARTI000038595912,css,L381-1,2023-01-01,2023-09-01,
LEGIARTI000047453431,css,L381-1,2023-09-01,,
LEGIARTI000006742819,css,L381-2,1985-12-21,2000-01-01,
LEGIARTI000006742820,css,L381-2,2000-01-01,2009-06-01,
LEGIARTI000047453417,css,L381-2,2023-09-01,2026-01-01,
LEGIARTI000051289896,css,L381-2,2026-01-01,,
LEGIARTI000006742761,css,L381-3,1985-12-21,2016-01-01,
LEGIARTI000006742821,css,L381-4,1985-12-21,2000-01-01,
LEGIARTI000006742822,css,L381-4,2000-01-01,2016-01-01,
LEGIARTI000031685975,css,L381-4,2016-01-01,2018-09-01,
LEGIARTI000006742762,css,L381-5,1985-12-21,2018-09-01,
LEGIARTI000006742823,css,L381-6,1985-12-21,1994-07-27,
LEGIARTI000006742824,css,L381-6,1994-07-27,1995-02-05,
LEGIARTI000006742825,css,L381-6,1995-02-05,2018-09-01,
LEGIARTI000006742826,css,L381-7,1985-12-21,2000-01-01,
LEGIARTI000006742827,css,L381-7,2000-01-01,2016-01-01,
LEGIARTI000006742951,css,L381-8,1985-12-21,1986-07-17,
LEGIARTI000006742952,css,L381-8,1986-07-17,1994-01-19,
LEGIARTI000006742953,css,L381-8,1994-01-19,1996-10-01,
LEGIARTI000006742954,css,L381-8,1996-10-01,2016-01-01,
LEGIARTI000031685970,css,L381-8,2016-01-01,2016-12-25,
LEGIARTI000033714657,css,L381-8,2016-12-25,2018-09-01,
LEGIARTI000006742955,css,L381-9,1985-12-21,1986-07-17,
LEGIARTI000006742956,css,L381-9,1986-07-17,1996-10-01,
LEGIARTI000006742957,css,L381-9,1996-10-01,2000-01-01,
LEGIARTI000006742958,css,L381-9,2000-10-01,2016-01-01,
LEGIARTI000006742763,css,L381-10,1985-12-21,2016-01-01,
LEGIARTI000006742764,css,L381-11,1985-12-21,2016-01-01,
LEGIARTI000006742828,css,L381-12,1985-12-21,1999-07-28,
LEGIARTI000006742829,css,L381-12,2000-01-01,2002-01-01,
LEGIARTI000006742830,css,L381-12,2002-01-01,2005-12-20,
LEGIARTI000006742831,css,L381-13,1985-12-21,1999-07-28,
LEGIARTI000006742832,css,L381-14,1985-12-21,2002-01-01,
LEGIARTI000006742833,css,L381-14,2002-01-01,2005-12-20,
LEGIARTI000006742834,css,L381-15,1985-12-21,2002-01-01,
LEGIARTI000006742835,css,L381-15,2002-01-01,2005-12-20,
LEGIARTI000006742836,css,L381-15-1,1991-01-20,1999-07-28,
LEGIARTI000006742837,css,L381-16,1985-12-21,1999-07-28,
LEGIARTI000006742959,css,L381-17,1985-12-21,1987-07-31,
LEGIARTI000006742960,css,L381-17,1987-07-31,1999-07-28,
LEGIARTI000006742961,css,L381-17,1999-07-28,2002-01-01,
LEGIARTI000006742962,css,L381-17,2002-01-01,2005-12-20,
LEGIARTI000006742838,css,L381-18,1985-12-21,2002-01-01,
LEGIARTI000006742839,css,L381-18,2002-01-01,2005-12-20,
LEGIARTI000006742766,css,L381-18-1,2002-01-01,2005-12-20,
LEGIARTI000006742767,css,L381-19,1985-12-21,2016-01-01,
LEGIARTI000006742768,css,L381-20,1985-12-21,2016-01-01,
LEGIARTI000031686569,css,L381-20,2016-01-01,2019-01-01,
LEGIARTI000033459020,css,L381-20,2019-01-01,2020-01-01,
LEGIARTI000038314449,css,L381-20,2020-01-01,,
LEGIARTI000006742769,css,L381-21,1985-12-21,2016-01-01,
LEGIARTI000006742770,css,L381-22,1985-12-21,2016-01-01,
LEGIARTI000006742771,css,L381-23,1985-12-21,2016-01-01,
LEGIARTI000031686566,css,L381-23,2016-01-01,,
LEGIARTI000006742772,css,L381-24,1985-12-21,,
LEGIARTI000006742840,css,L381-25,1985-12-21,1992-01-03,
LEGIARTI000006742841,css,L381-25,1992-01-03,,
LEGIARTI000006742774,css,L381-26,1985-12-21,2016-01-01,
LEGIARTI000006742775,css,L381-27,1985-12-21,2005-09-09,
LEGIARTI000006742776,css,L381-27,2005-09-09,2016-01-01,
LEGIARTI000006742777,css,L381-28,1985-12-21,2005-09-09,
LEGIARTI000006742778,css,L381-28,2005-09-09,2016-01-01,
LEGIARTI000006742842,css,L381-29,1985-12-21,1986-07-17,
LEGIARTI000006742843,css,L381-30,1985-12-21,1991-08-01,
LEGIARTI000006742844,css,L381-30,1991-08-01,1993-08-29,
LEGIARTI000006742845,css,L381-30,1993-08-29,1994-01-19,
LEGIARTI000006742846,css,L381-30,1994-01-01,2012-12-19,
LEGIARTI000026799337,css,L381-30,2012-12-19,2016-01-01,
LEGIARTI000031686561,css,L381-30,2016-01-01,2016-12-25,
LEGIARTI000033779665,css,L381-30,2016-12-25,2018-01-01,
LEGIARTI000036431127,css,L381-30,2018-01-01,2022-01-01,
LEGIARTI000044628845,css,L381-30,2022-01-01,2024-12-01,
LEGIARTI000006742779,css,L381-30-1,1994-01-01,2005-12-20,
LEGIARTI000006742780,css,L381-30-1,2005-12-20,2012-12-19,
LEGIARTI000026799328,css,L381-30-1,2012-12-19,2015-01-01,
LEGIARTI000029962538,css,L381-30-1,2015-01-01,2016-01-01,
LEGIARTI000031686554,css,L381-30-1,2016-01-01,2018-01-01,
LEGIARTI000036431119,css,L381-30-1,2018-01-01,2022-01-01,
LEGIARTI000044628849,css,L381-30-1,2022-01-01,2024-12-01,
LEGIARTI000006742781,css,L381-30-2,1994-01-01,2016-01-01,
LEGIARTI000031686550,css,L381-30-2,2016-01-01,2018-01-01,
LEGIARTI000006742782,css,L381-30-3,1994-01-01,2018-01-01,
LEGIARTI000006742783,css,L381-30-4,1994-01-01,2018-01-01,
LEGIARTI000036390100,css,L381-30-4,2018-01-01,2024-12-01,
LEGIARTI000006742784,css,L381-30-5,1994-01-01,2005-01-01,
LEGIARTI000006742785,css,L381-30-5,2005-01-01,2010-02-26,
LEGIARTI000021940047,css,L381-30-5,2010-02-26,2012-12-19,
LEGIARTI000026799321,css,L381-30-5,2012-12-19,2015-01-01,
LEGIARTI000029962531,css,L381-30-5,2015-01-01,2016-01-01,
LEGIARTI000029963811,css,L381-30-5,2016-01-01,2015-12-23,
LEGIARTI000031731215,css,L381-30-5,2016-01-01,2017-01-14,
LEGIARTI000033865621,css,L381-30-5,2017-01-14,2018-01-01,
LEGIARTI000006742786,css,L381-30-6,1994-01-01,2024-12-01,
LEGIARTI000006742847,css,L381-31,1985-12-21,1991-08-01,
LEGIARTI000006742848,css,L381-31,1991-08-01,1993-08-29,
LEGIARTI000006742849,css,L381-31,1993-08-29,2024-12-01,
LEGIARTI000018171093,css,L381-31-1,2008-02-27,2024-12-01,
LEGIARTI000006742850,css,L381-32,1992-02-05,1999-07-13,
LEGIARTI000006742851,css,L381-32,1999-07-13,2013-01-01,
LEGIARTI000047452607,css,L381-32,2023-09-01,,
LEGIARTI000006742853,css,L382-1,1985-12-21,1993-01-30,
LEGIARTI000006742854,css,L382-1,1993-01-30,1995-07-01,
LEGIARTI000006742855,css,L382-1,1995-07-01,2005-12-20,
LEGIARTI000006742856,css,L382-1,2005-12-20,2006-08-03,
LEGIARTI000006742857,css,L382-1,2006-08-03,2019-01-01,
LEGIARTI000036392732,css,L382-1,2019-01-01,2026-04-01,
LEGIARTI000053282091,css,L382-1,2026-04-01,,
LEGIARTI000006742858,css,L382-2,1985-12-21,1994-07-01,
LEGIARTI000006742859,css,L382-2,1994-07-01,1994-01-19,
LEGIARTI000006742860,css,L382-2,1995-01-01,2005-12-20,
LEGIARTI000006742861,css,L382-2,2005-12-20,2019-01-01,
LEGIARTI000036392728,css,L382-2,2019-01-01,2026-06-01,
LEGIARTI000053282099,css,L382-2,2026-06-01,,
LEGIARTI000006742963,css,L382-3,1985-12-21,1986-07-17,
LEGIARTI000006742964,css,L382-3,1986-07-17,1993-01-30,
LEGIARTI000006742965,css,L382-3,1993-01-30,1994-01-19,
LEGIARTI000006742966,css,L382-3,1994-01-19,2005-12-20,
LEGIARTI000006742967,css,L382-3,2005-12-20,2016-01-01,
LEGIARTI000032078751,css,L382-3,2016-01-01,,
LEGIARTI000036366553,css,L382-3-1,2019-01-01,,
LEGIARTI000044578204,css,L382-3-2,2021-12-25,2025-12-31,
LEGIARTI000053282103,css,L382-3-2,2025-12-31,,
LEGIARTI000006742862,css,L382-4,1985-12-21,1994-07-01,
LEGIARTI000006742864,css,L382-4,1994-01-19,2005-12-20,
LEGIARTI000006742863,css,L382-4,1994-07-01,1994-01-19,
LEGIARTI000006742865,css,L382-4,2005-12-20,2019-01-01,
LEGIARTI000036392723,css,L382-4,2019-01-01,,
LEGIARTI000006742787,css,L382-5,1985-12-21,2005-12-20,
LEGIARTI000006742788,css,L382-5,2005-12-20,2019-01-01,
LEGIARTI000031685236,css,L382-5,2019-01-01,2018-01-01,
LEGIARTI000036392712,css,L382-5,2019-01-01,,
LEGIARTI000006742789,css,L382-6,1985-12-21,2005-12-20,
LEGIARTI000006742790,css,L382-6,2005-12-20,2018-01-01,
LEGIARTI000036392698,css,L382-6,2018-01-01,2025-12-31,
LEGIARTI000053282109,css,L382-6,2025-12-31,,
LEGIARTI000006742866,css,L382-7,1985-12-21,1993-01-30,
LEGIARTI000006742867,css,L382-7,1995-02-05,2005-12-20,
LEGIARTI000006742868,css,L382-7,2005-12-20,2021-12-25,
LEGIARTI000044629840,css,L382-7,2021-12-25,2026-06-01,
LEGIARTI000053282106,css,L382-7,2026-06-01,,
LEGIARTI000006742969,css,L382-8,1985-12-21,1986-07-17,
LEGIARTI000006742970,css,L382-8,1986-07-17,2005-12-20,
LEGIARTI000006742971,css,L382-8,2005-12-20,2016-01-01,
LEGIARTI000031687160,css,L382-8,2016-01-01,2016-12-25,
LEGIARTI000006742869,css,L382-9,1985-12-21,1993-01-30,
LEGIARTI000006742870,css,L382-9,1993-01-30,2000-01-01,
LEGIARTI000006742871,css,L382-9,2000-01-01,2005-12-20,
LEGIARTI000006742872,css,L382-9,2005-12-20,2019-01-01,
LEGIARTI000036392686,css,L382-9,2019-01-01,,
LEGIARTI000006742791,css,L382-10,1985-12-21,2005-12-20,
LEGIARTI000006742792,css,L382-10,2005-12-20,,
LEGIARTI000006742873,css,L382-11,1985-12-21,2003-08-01,
LEGIARTI000006742875,css,L382-12,1985-12-21,2003-08-01,
LEGIARTI000006742876,css,L382-12,2003-08-01,2005-01-01,
LEGIARTI000006742877,css,L382-12,2005-01-01,2005-12-20,
LEGIARTI000006742878,css,L382-12,2005-12-20,2010-01-01,
LEGIARTI000020627503,css,L382-12,2010-01-01,2010-11-11,
LEGIARTI000023034216,css,L382-12,2010-11-11,,
LEGIARTI000006742879,css,L382-13,1985-12-21,2003-08-01,
LEGIARTI000006742972,css,L382-14,1985-12-21,1986-07-17,
LEGIARTI000006742973,css,L382-14,1986-07-17,1994-07-01,
LEGIARTI000006742975,css,L382-14,1994-01-19,2005-12-20,
LEGIARTI000006742974,css,L382-14,1994-07-01,1994-01-19,
LEGIARTI000006742976,css,L382-14,2005-12-20,2019-01-01,
LEGIARTI000036392679,css,L382-14,2019-01-01,2021-12-25,
LEGIARTI000044629031,css,L382-14,2021-12-25,2025-12-31,
LEGIARTI000053282119,css,L382-14,2025-12-31,,
LEGIARTI000020740422,css,L382-14-1,2009-06-14,2016-01-01,
LEGIARTI000031686547,css,L382-14-1,2016-01-01,,
LEGIARTI000006742793,css,L382-15,2005-12-20,2015-12-23,
LEGIARTI000031686004,css,L382-15,2015-12-23,,
LEGIARTI000006742794,css,L382-16,2005-12-20,,
LEGIARTI000006742795,css,L382-17,2005-12-20,2010-01-24,
LEGIARTI000021740666,css,L382-17,2010-01-24,2023-01-01,
LEGIARTI000041395080,css,L382-17,2023-01-01,,
LEGIARTI000006742796,css,L382-18,2005-12-20,2018-06-14,
LEGIARTI000037064478,css,L382-18,2018-06-14,,
LEGIARTI000006742797,css,L382-19,2005-12-20,,
LEGIARTI000006742798,css,L382-20,2005-12-20,,
LEGIARTI000006742799,css,L382-21,2005-12-20,2016-01-01,
LEGIARTI000031686543,css,L382-21,2016-01-01,,
LEGIARTI000039798040,css,L382-21-1,2020-07-01,,
LEGIARTI000006742800,css,L382-22,2005-12-20,2018-01-01,
LEGIARTI000036390086,css,L382-22,2018-01-01,,
LEGIARTI000006742801,css,L382-23,2005-12-20,,
LEGIARTI000006742802,css,L382-24,2005-12-20,2023-09-01,
LEGIARTI000047453105,css,L382-24,2023-09-01,,
LEGIARTI000006742803,css,L382-25,2005-12-20,2018-06-14,
LEGIARTI000037064466,css,L382-25,2018-06-14,2026-01-01,
LEGIARTI000051289014,css,L382-25,2026-01-01,,
LEGIARTI000006742804,css,L382-26,2005-12-20,,
LEGIARTI000006742805,css,L382-27,2005-12-20,2008-12-19,
LEGIARTI000019959668,css,L382-27,2008-12-19,2023-09-01,
LEGIARTI000047453094,css,L382-27,2023-09-01,2023-12-28,
LEGIARTI000048697351,css,L382-27,2023-12-28,,
LEGIARTI000006742806,css,L382-28,2005-12-20,,
LEGIARTI000006742807,css,L382-29,2005-12-20,2008-12-19,
LEGIARTI000019959528,css,L382-29,2008-12-19,2013-12-25,
LEGIARTI000028394821,css,L382-29,2013-12-25,2017-01-01,
LEGIARTI000033713059,css,L382-29,2017-01-01,,
LEGIARTI000025011198,css,L382-29-1,2012-01-01,2014-01-22,
LEGIARTI000028498728,css,L382-29-1,2014-01-22,,
LEGIARTI000006742808,css,L382-30,2005-12-20,,
LEGIARTI000026790815,css,L382-31,2013-01-01,2023-09-01,
LEGIARTI000047453392,css,L382-31,2023-09-01,2023-12-28,
LEGIARTI000048697317,css,L382-31,2023-12-28,,
LEGIARTI000046448353,css,L382-32,2022-10-21,2029-01-01,
LEGIARTI000052850986,css,L382-32,2029-01-01,,
LEGIARTI000046448359,css,L382-33,2022-10-21,,
LEGIARTI000046448363,css,L382-34,2022-10-21,,
LEGIARTI000046448365,css,L382-35,2022-10-21,,
LEGIARTI000046448367,css,L382-36,2022-10-21,,
LEGIARTI000046448371,css,L382-37,2022-10-21,,
LEGIARTI000046448455,css,L382-38,2024-12-01,,
LEGIARTI000046448459,css,L382-39,2024-12-01,,
LEGIARTI000046448463,css,L382-40,2024-12-01,,
LEGIARTI000046448467,css,L382-41,2024-12-01,,
LEGIARTI000046448471,css,L382-42,2024-12-01,,
LEGIARTI000046448507,css,L382-43,2024-12-01,,
LEGIARTI000046448510,css,L382-44,2024-12-01,,
LEGIARTI000046448517,css,L382-45,2024-12-01,,
LEGIARTI000046448519,css,L382-46,2024-12-01,,
LEGIARTI000046448521,css,L382-47,2024-12-01,,
LEGIARTI000046448533,css,L382-48,2024-12-01,,
LEGIARTI000046448538,css,L382-49,2024-12-01,,
LEGIARTI000006743711,css,L634-1,1985-12-21,2017-01-01,
LEGIARTI000033714130,css,L634-1,2017-01-01,2018-01-01,
LEGIARTI000006743943,css,L634-2,1985-12-21,1987-01-28,
LEGIARTI000006743944,css,L634-2,1987-01-28,1988-01-01,
LEGIARTI000006743945,css,L634-2,1988-01-01,2003-08-22,
LEGIARTI000006743946,css,L634-2,2003-08-22,2005-08-03,
LEGIARTI000006743947,css,L634-2,2005-08-03,2006-12-22,
LEGIARTI000006743948,css,L634-2,2006-12-22,2010-01-01,
LEGIARTI000019959390,css,L634-2,2010-01-01,2010-12-22,
LEGIARTI000023271648,css,L634-2,2010-12-22,2011-12-23,
LEGIARTI000025014511,css,L634-2,2011-12-23,2014-01-22,
LEGIARTI000028498881,css,L634-2,2014-01-22,2017-01-01,
LEGIARTI000033714121,css,L634-2,2017-01-01,2018-01-01,
LEGIARTI000036391466,css,L634-2,2018-01-01,2023-12-28,
LEGIARTI000048697333,css,L634-2,2023-12-28,,
LEGIARTI000006743712,css,L634-2-1,1994-02-13,2010-01-01,
LEGIARTI000019959554,css,L634-2-1,2010-01-01,2010-05-08,
LEGIARTI000022267632,css,L634-2-1,2010-05-08,2017-01-01,
LEGIARTI000033714108,css,L634-2-1,2017-01-01,2018-01-01,
LEGIARTI000036391452,css,L634-2-1,2018-01-01,2018-06-14,
LEGIARTI000037063324,css,L634-2-1,2018-06-14,2018-09-01,
LEGIARTI000037074651,css,L634-2-1,2018-09-01,2025-02-28,
LEGIARTI000051289835,css,L634-2-1,2025-02-28,,
LEGIARTI000006743713,css,L634-2-2,2004-01-01,2014-01-22,
LEGIARTI000028498715,css,L634-2-2,2014-01-22,2017-01-01,
LEGIARTI000033714103,css,L634-2-2,2017-01-01,2018-01-01,
LEGIARTI000006743714,css,L634-3,1985-12-21,2018-01-01,
LEGIARTI000036391704,css,L634-3,2018-01-01,,
LEGIARTI000006743715,css,L634-3-1,1988-01-06,2017-01-01,
LEGIARTI000033714100,css,L634-3-1,2017-01-01,2018-01-01,
LEGIARTI000036391448,css,L634-3-1,2018-01-01,2022-01-01,
LEGIARTI000044629903,css,L634-3-1,2022-01-01,2023-09-01,
LEGIARTI000006743716,css,L634-3-2,2003-08-22,2014-01-22,
LEGIARTI000028498673,css,L634-3-2,2014-01-22,2017-01-01,
LEGIARTI000033714159,css,L634-3-2,2017-01-01,2018-01-01,
LEGIARTI000006743718,css,L634-3-3,2003-08-22,2005-02-12,
LEGIARTI000006743719,css,L634-3-3,2005-02-12,2011-12-23,
LEGIARTI000025018619,css,L634-3-3,2011-12-23,2014-01-22,
LEGIARTI000028498837,css,L634-3-3,2014-01-22,2017-01-01,
LEGIARTI000033714152,css,L634-3-3,2017-01-01,2018-01-01,
LEGIARTI000006743720,css,L634-4,1985-12-21,2018-01-01,
LEGIARTI000006743721,css,L634-5,1985-12-21,2017-01-01,
LEGIARTI000033714156,css,L634-5,2017-01-01,2018-01-01,
LEGIARTI000006743950,css,L634-6,1985-12-21,1988-01-06,
LEGIARTI000006743951,css,L634-6,1988-01-06,1991-01-20,
LEGIARTI000006743952,css,L634-6,1991-01-20,1992-01-04,
LEGIARTI000006743953,css,L634-6,1992-01-04,1993-01-30,
LEGIARTI000006743954,css,L634-6,1993-01-30,1993-12-21,
LEGIARTI000006743955,css,L634-6,1993-12-21,1998-12-27,
LEGIARTI000006743956,css,L634-6,1998-12-27,1999-12-30,
LEGIARTI000006743957,css,L634-6,1999-12-30,2000-12-24,
LEGIARTI000006743958,css,L634-6,2000-12-24,2003-08-22,
LEGIARTI000006743959,css,L634-6,2003-08-22,2008-12-19,
LEGIARTI000019959660,css,L634-6,2008-12-19,2014-01-22,
LEGIARTI000028498591,css,L634-6,2014-01-22,2015-12-23,
LEGIARTI000031686233,css,L634-6,2015-12-23,2017-01-01,
LEGIARTI000033714145,css,L634-6,2017-01-01,2018-01-01,
LEGIARTI000036391441,css,L634-6,2018-01-01,2023-09-01,
LEGIARTI000047453664,css,L634-6,2023-09-01,2025-12-31,
LEGIARTI000051289877,css,L634-6,2026-01-01,2025-12-31,
LEGIARTI000006743722,css,L634-6-1,1992-01-04,2005-08-03,
LEGIARTI000006743723,css,L634-6-1,2005-08-03,,
LEGIARTI000006743724,css,L635-1,1985-12-21,2004-01-01,
LEGIARTI000006743725,css,L635-1,2004-01-01,2005-12-09,
LEGIARTI000006743726,css,L635-1,2005-12-09,2011-12-23,
LEGIARTI000025013914,css,L635-1,2011-12-23,2013-01-01,
LEGIARTI000023034245,css,L635-1,2013-01-01,2015-01-01,
LEGIARTI000029109159,css,L635-1,2015-01-01,2016-12-25,
LEGIARTI000033728448,css,L635-1,2016-12-25,2017-01-01,
LEGIARTI000033713390,css,L635-1,2017-01-01,2018-01-01,
LEGIARTI000036391495,css,L635-1,2018-01-01,2018-06-14,
LEGIARTI000037062054,css,L635-1,2018-06-14,,
LEGIARTI000006743727,css,L635-2,1985-12-21,2004-01-01,
LEGIARTI000006743728,css,L635-2,2004-01-01,2005-12-09,
LEGIARTI000006743729,css,L635-2,2005-12-09,2013-01-01,
LEGIARTI000023034240,css,L635-2,2013-01-01,2018-01-01,
LEGIARTI000036391490,css,L635-2,2018-01-01,,
LEGIARTI000006743745,css,L635-3,1985-12-21,1994-02-13,
LEGIARTI000006743746,css,L635-3,1994-02-13,2004-01-01,
LEGIARTI000006743747,css,L635-3,2004-01-01,2005-12-09,
LEGIARTI000006743748,css,L635-3,2005-12-09,2013-01-01,
LEGIARTI000023034237,css,L635-3,2013-01-01,2017-01-01,
LEGIARTI000033714142,css,L635-3,2017-01-01,2018-01-01,
LEGIARTI000036391487,css,L635-3,2018-01-01,,
LEGIARTI000006743730,css,L635-4,1985-12-21,2004-01-01,
LEGIARTI000006743731,css,L635-4,2004-01-01,2005-12-09,
LEGIARTI000006743732,css,L635-4,2005-12-09,2017-01-01,
LEGIARTI000033714138,css,L635-4,2017-01-01,2018-01-01,
LEGIARTI000036391483,css,L635-4,2018-01-01,,
LEGIARTI000036379171,css,L635-4-1,2020-01-01,2020-01-01,
LEGIARTI000041396174,css,L635-4-1,2020-01-01,2020-12-16,
LEGIARTI000042684489,css,L635-4-1,2020-12-16,,
LEGIARTI000006743733,css,L635-5,1985-12-21,2004-01-01,
LEGIARTI000006743734,css,L635-5,2004-01-01,2005-12-09,
LEGIARTI000006743735,css,L635-5,2005-12-09,2011-12-23,
LEGIARTI000025013910,css,L635-5,2011-12-23,2015-01-01,
LEGIARTI000029109154,css,L635-5,2015-01-01,2017-01-01,
LEGIARTI000033714133,css,L635-5,2017-01-01,2018-01-01,
LEGIARTI000006743736,css,L635-6,1985-12-21,2004-01-01,
LEGIARTI000006743737,css,L635-6,2004-01-01,2017-01-01,
LEGIARTI000033714275,css,L635-6,2017-01-01,2018-01-01,
LEGIARTI000006743738,css,L635-7,1985-12-21,2004-01-01,
LEGIARTI000006743739,css,L635-8,1985-12-21,2004-01-01,
LEGIARTI000006743742,css,L635-9,1985-12-21,2004-01-01,
LEGIARTI000006743743,css,L635-10,1985-12-21,2004-01-01,
LEGIARTI000006743744,css,L635-11,1985-12-21,2004-01-01,
LEGIARTI000006743758,css,L641-1,1985-12-21,2004-01-01,
LEGIARTI000006743759,css,L641-1,2004-01-01,2018-01-01,
LEGIARTI000036391505,css,L641-1,2018-01-01,,
LEGIARTI000006743763,css,L641-2,2004-01-01,2014-01-22,
LEGIARTI000028499031,css,L641-2,2014-01-22,2021-07-01,
LEGIARTI000042685415,css,L641-2,2021-07-01,,
LEGIARTI000006743764,css,L641-3,2004-01-01,2018-12-23,
LEGIARTI000038039088,css,L641-3,2018-12-23,,
LEGIARTI000028498136,css,L641-3-1,2014-01-22,2018-12-23,
LEGIARTI000037948875,css,L641-3-1,2018-12-23,,
LEGIARTI000006743765,css,L641-4,2004-01-01,2014-01-22,
LEGIARTI000028499028,css,L641-4,2014-01-22,,
LEGIARTI000028498146,css,L641-4-1,2014-01-22,,
LEGIARTI000006743760,css,L641-5,2004-01-01,2014-01-22,
LEGIARTI000028499025,css,L641-5,2014-01-22,,
LEGIARTI000006743761,css,L641-6,2004-01-01,,
LEGIARTI000028498165,css,L641-7,2014-01-22,2018-12-23,
LEGIARTI000037948797,css,L641-7,2018-12-23,,
LEGIARTI000036379501,css,L641-8,2018-01-01,2023-01-01,
LEGIARTI000044626469,css,L641-8,2023-01-01,,
LEGIARTI000006743766,css,L642-1,1985-12-21,1991-01-20,
LEGIARTI000006743767,css,L642-1,1991-01-20,1992-01-04,
LEGIARTI000006743768,css,L642-1,1992-01-04,1993-07-23,
LEGIARTI000006743769,css,L642-1,1993-07-23,1995-02-05,
LEGIARTI000006743770,css,L642-1,1995-02-05,2004-01-01,
LEGIARTI000006743771,css,L642-1,2004-01-01,2011-12-23,
LEGIARTI000025013900,css,L642-1,2011-12-23,2015-01-01,
LEGIARTI000029109141,css,L642-1,2015-01-01,2018-06-14,
LEGIARTI000037062040,css,L642-1,2018-06-14,2026-01-01,
LEGIARTI000051289006,css,L642-1,2026-01-01,,
LEGIARTI000006743772,css,L642-2,1985-12-21,2004-01-01,
LEGIARTI000006743773,css,L642-2,2004-01-01,2005-07-19,
LEGIARTI000006743774,css,L642-2,2005-07-19,2008-12-19,
LEGIARTI000019953304,css,L642-2,2008-12-19,2010-11-11,
LEGIARTI000023034254,css,L642-2,2010-11-11,2011-12-23,
LEGIARTI000025013896,css,L642-2,2011-12-23,2015-01-01,
LEGIARTI000006743781,css,L642-2-1,2005-08-03,2011-12-23,
LEGIARTI000025013887,css,L642-2-1,2011-12-23,2015-01-01,
LEGIARTI000029109131,css,L642-2-1,2015-01-01,2017-01-01,
LEGIARTI000033714247,css,L642-2-1,2017-01-01,2018-06-14,
LEGIARTI000006743782,css,L642-2-2,2005-08-03,2017-01-01,
LEGIARTI000033714271,css,L642-2-2,2017-01-01,2018-06-14,
LEGIARTI000006743775,css,L642-3,1985-12-21,2002-01-18,
LEGIARTI000006743776,css,L642-3,2002-01-18,2004-01-01,
LEGIARTI000006743777,css,L642-3,2004-01-01,2016-12-30,
LEGIARTI000033745702,css,L642-3,2016-12-30,,
LEGIARTI000006743778,css,L642-4,1985-12-21,2004-01-01,
LEGIARTI000006743779,css,L642-4,2004-01-01,2011-12-23,
LEGIARTI000025013715,css,L642-4,2011-12-23,,
LEGIARTI000030989201,css,L642-4-1,2015-08-08,,
LEGIARTI000037857610,css,L642-4-2,2020-01-01,2020-01-01,
LEGIARTI000041397762,css,L642-4-2,2020-01-01,2022-12-25,
LEGIARTI000046805473,css,L642-4-2,2022-12-25,2025-07-01,
LEGIARTI000051284270,css,L642-4-2,2025-07-01,2025-12-31,
LEGIARTI000053285122,css,L642-4-2,2025-12-31,2026-01-01,
LEGIARTI000051290062,css,L642-4-2,2026-01-01,,
LEGIARTI000006743783,css,L642-5,2004-01-01,2009-01-01,
LEGIARTI000019287151,css,L642-5,2009-01-01,2018-06-14,
LEGIARTI000037062071,css,L642-5,2018-06-14,2023-01-01,
LEGIARTI000044626450,css,L642-5,2023-01-01,,
LEGIARTI000036379509,css,L642-6,2018-01-01,,
LEGIARTI000006743784,css,L643-1,1985-12-21,2004-01-01,
LEGIARTI000006743785,css,L643-1,2004-01-01,2008-12-19,
LEGIARTI000019959482,css,L643-1,2008-12-19,2009-12-28,
LEGIARTI000021537907,css,L643-1,2009-12-28,,
LEGIARTI000036379753,css,L643-1 A,2018-01-01,2018-06-14,
LEGIARTI000037063488,css,L643-1 A,2018-06-14,,
LEGIARTI000021537910,css,L643-1-1,2009-12-28,2010-11-11,
LEGIARTI000023034968,css,L643-1-1,2010-11-11,2014-01-22,
LEGIARTI000028498913,css,L643-1-1,2014-01-22,2023-09-01,
LEGIARTI000047453363,css,L643-1-1,2023-09-01,,
LEGIARTI000006743786,css,L643-2,1985-12-21,2004-01-01,
LEGIARTI000006743787,css,L643-2,2004-01-01,2014-01-22,
LEGIARTI000028498711,css,L643-2,2014-01-22,2018-09-01,
LEGIARTI000036687904,css,L643-2,2018-09-01,,
LEGIARTI000023034259,css,L643-2-1,2010-11-11,,
LEGIARTI000006743788,css,L643-3,1985-12-21,2004-01-01,
LEGIARTI000006743789,css,L643-3,2004-01-01,2008-12-19,
LEGIARTI000019959477,css,L643-3,2008-12-19,2010-11-11,
LEGIARTI000023035054,css,L643-3,2010-11-11,2011-12-23,
LEGIARTI000025014529,css,L643-3,2011-12-23,2014-01-22,
LEGIARTI000028498667,css,L643-3,2014-01-22,2023-09-01,
LEGIARTI000047453031,css,L643-3,2023-09-01,2025-12-31,
LEGIARTI000053280388,css,L643-3,2025-12-31,,
LEGIARTI000037388247,css,L643-3-1,2019-01-01,,
LEGIARTI000006743791,css,L643-4,1985-12-21,2004-01-01,
LEGIARTI000006743792,css,L643-4,2004-01-01,2008-12-19,
LEGIARTI000019959512,css,L643-4,2008-12-19,2023-09-01,
LEGIARTI000047453026,css,L643-4,2023-09-01,,
LEGIARTI000006743793,css,L643-5,1985-12-21,2004-01-01,
LEGIARTI000006743794,css,L643-5,2004-01-01,2005-08-03,
LEGIARTI000006743795,css,L643-5,2005-08-03,,
LEGIARTI000006743796,css,L643-6,1985-12-21,2004-01-01,
LEGIARTI000006743797,css,L643-6,2004-01-01,2008-12-19,
LEGIARTI000019959656,css,L643-6,2008-12-19,2014-01-22,
LEGIARTI000028498584,css,L643-6,2014-01-22,2015-12-23,
LEGIARTI000031686248,css,L643-6,2015-12-23,2023-09-01,
LEGIARTI000047453657,css,L643-6,2023-09-01,2025-12-31,
LEGIARTI000006743798,css,L643-7,1985-12-21,2004-01-01,
LEGIARTI000006743799,css,L643-7,2004-01-01,2010-01-01,
LEGIARTI000019959385,css,L643-7,2010-01-01,,
LEGIARTI000006743800,css,L643-8,1985-12-21,2004-01-01,
LEGIARTI000006743801,css,L643-8,2004-01-01,,
LEGIARTI000006743802,css,L643-8-1,1988-01-06,2004-01-01,
LEGIARTI000006743960,css,L643-9,1985-12-21,1987-07-31,
LEGIARTI000006743961,css,L643-9,1987-07-31,2004-01-01,
LEGIARTI000029961920,css,L643-9,2014-12-25,2018-06-14,
LEGIARTI000006743803,css,L643-10,1985-12-21,2004-01-01,
LEGIARTI000036391552,css,L643-10,2018-01-01,,
LEGIARTI000006743962,css,L644-1,1985-12-21,1987-07-31,
LEGIARTI000006743963,css,L644-1,1987-07-31,1994-07-27,
LEGIARTI000006743964,css,L644-1,1994-07-27,1996-05-29,
LEGIARTI000006743965,css,L644-1,1996-05-29,2004-01-01,
LEGIARTI000006743966,css,L644-1,2004-01-01,2005-08-03,
LEGIARTI000006743967,css,L644-1,2005-08-03,2018-06-14,
LEGIARTI000037063798,css,L644-1,2018-06-14,,
LEGIARTI000006743804,css,L644-2,1985-12-21,2004-01-01,
LEGIARTI000006743805,css,L644-2,2004-01-01,2005-08-03,
LEGIARTI000006743806,css,L644-2,2005-08-03,2009-12-28,
LEGIARTI000021536770,css,L644-2,2009-12-28,2018-06-14,
LEGIARTI000037063787,css,L644-2,2018-06-14,2020-01-01,
LEGIARTI000037949989,css,L644-2,2020-01-01,,
LEGIARTI000006743808,css,L644-3,1987-07-31,1989-07-12,
LEGIARTI000006743809,css,L644-3,2004-01-01,,
LEGIARTI000029954988,css,L644-4,2015-07-01,2018-06-14,
LEGIARTI000006743810,css,L645-1,1985-12-21,2006-01-01,
LEGIARTI000006743811,css,L645-1,2006-01-01,2018-06-14,
LEGIARTI000037062649,css,L645-1,2018-06-14,,
LEGIARTI000006743812,css,L645-2,1985-12-21,1993-01-05,
LEGIARTI000006743813,css,L645-2,1993-01-05,1994-07-27,
LEGIARTI000006743814,css,L645-2,1994-07-27,1996-04-25,
LEGIARTI000006743815,css,L645-2,1996-04-25,1999-12-30,
LEGIARTI000006743816,css,L645-2,1999-12-30,2003-12-19,
LEGIARTI000006743817,css,L645-2,2003-12-19,2004-08-17,
LEGIARTI000006743818,css,L645-2,2004-08-17,2006-01-01,
LEGIARTI000006743819,css,L645-2,2006-01-01,2009-12-28,
LEGIARTI000021537961,css,L645-2,2009-12-28,2011-12-23,
LEGIARTI000025013882,css,L645-2,2011-12-23,2015-01-01,
LEGIARTI000029109127,css,L645-2,2015-01-01,2025-12-31,
LEGIARTI000053279769,css,L645-2,2025-12-31,,
LEGIARTI000006743820,css,L645-2-1,1996-04-25,1999-12-30,
LEGIARTI000006743821,css,L645-2-1,1999-12-30,2002-03-07,
LEGIARTI000006743822,css,L645-2-1,2002-03-07,2004-08-17,
LEGIARTI000041397757,css,L645-2-1,2020-01-01,,
LEGIARTI000006743823,css,L645-3,1985-12-21,2006-01-01,
LEGIARTI000006743824,css,L645-3,2006-01-01,2018-06-14,
LEGIARTI000037062633,css,L645-3,2018-06-14,,
LEGIARTI000006743825,css,L645-4,1985-12-21,2006-01-01,
LEGIARTI000006743826,css,L645-4,2006-01-01,,
LEGIARTI000006743828,css,L645-5,1985-12-21,2004-08-17,
LEGIARTI000006743829,css,L645-5,2004-08-17,2006-01-01,
LEGIARTI000006743830,css,L645-5,2006-01-01,2012-12-19,
LEGIARTI000026799784,css,L645-5,2012-12-19,,
LEGIARTI000006743831,css,L645-6,1985-12-21,2006-01-01,
LEGIARTI000006743832,css,L645-6,2006-01-01,2009-01-01,
LEGIARTI000029955007,css,L645-6,2015-07-01,2018-06-14,
LEGIARTI000037055745,css,L653-3,2018-06-14,2023-09-01,
LEGIARTI000047453367,css,L653-3,2023-09-01,,
LEGIARTI000006744045,css,L721-1,1985-12-21,2002-01-01,
LEGIARTI000006744046,css,L721-1,2002-01-01,2005-12-20,
LEGIARTI000006744048,css,L721-2,1985-12-21,1999-07-28,
LEGIARTI000006744049,css,L721-2,1999-07-28,2002-01-01,
LEGIARTI000006744050,css,L721-2,2002-01-01,2005-12-20,
LEGIARTI000006744302,css,L721-3,1985-12-21,1993-07-23,
LEGIARTI000006744303,css,L721-3,1993-07-23,1997-12-23,
LEGIARTI000006744304,css,L721-3,1997-12-23,2002-01-01,
LEGIARTI000006744305,css,L721-3,2002-01-01,2005-12-20,
LEGIARTI000006744306,css,L721-4,1985-12-21,1997-12-23,
LEGIARTI000006744051,css,L721-5,1985-12-21,2002-01-01,
LEGIARTI000006744052,css,L721-5,2002-01-01,2005-12-20,
LEGIARTI000006744053,css,L721-5-1,1991-01-20,2002-01-01,
LEGIARTI000006744054,css,L721-5-1,2002-01-01,2005-12-20,
LEGIARTI000006744307,css,L721-6,1985-12-21,1997-12-23,
LEGIARTI000006744308,css,L721-6,1997-12-23,2005-12-20,
LEGIARTI000006744055,css,L721-7,1985-12-21,2005-12-20,
LEGIARTI000006744056,css,L721-8,1985-12-21,2004-01-01,
LEGIARTI000006744057,css,L721-8,2004-01-01,2005-12-20,
LEGIARTI000006744058,css,L721-8-1,1997-12-23,1999-07-28,
LEGIARTI000006744059,css,L721-8-1,1999-07-28,2005-12-20,
LEGIARTI000006744061,css,L721-9,1985-12-21,1999-07-28,
LEGIARTI000006744062,css,L721-9,1999-07-28,2002-01-01,
LEGIARTI000006744309,css,L721-10,1985-12-21,1997-12-23,
LEGIARTI000006744310,css,L721-10,1997-12-23,2002-01-01,
LEGIARTI000006744311,css,L721-11,1985-12-21,1997-12-23,
LEGIARTI000006744312,css,L721-11,1997-12-23,2002-01-01,
LEGIARTI000006744063,css,L721-11-1,1991-01-20,2002-01-01,
LEGIARTI000006744064,css,L721-12,1985-12-21,2002-01-01,
LEGIARTI000006744065,css,L721-13,1985-12-21,2002-01-01,
LEGIARTI000006744066,css,L721-14,1985-12-21,2002-01-01,
LEGIARTI000006744067,css,L721-15,1985-12-21,2005-12-20,
LEGIARTI000006744068,css,L721-15-1,1991-01-20,1999-07-28,
LEGIARTI000006744069,css,L721-15-1,1999-07-28,2005-12-20,
LEGIARTI000006744070,css,L721-16,1985-12-21,2005-12-20,
LEGIARTI000006744071,css,L721-17,1985-12-21,2005-12-20,
LEGIARTI000006744313,css,L721-18,1985-12-21,1997-12-23,
LEGIARTI000006744314,css,L721-18,1997-12-23,2005-12-20,
LEGIARTI000006744316,css,L722-1,1985-12-21,1993-01-05,
LEGIARTI000006744317,css,L722-1,1993-01-05,1993-01-30,
LEGIARTI000006744318,css,L722-1,1993-01-30,1994-07-27,
LEGIARTI000006744319,css,L722-1,1994-07-27,1996-04-25,
LEGIARTI000006744320,css,L722-1,1996-04-25,2004-08-17,
LEGIARTI000006744321,css,L722-1,2004-08-17,2017-01-01,
LEGIARTI000033714193,css,L722-1,2017-01-01,2018-01-01,
LEGIARTI000036392823,css,L722-1,2018-01-01,2018-06-14,
LEGIARTI000006744322,css,L722-1-1,1987-01-28,1993-01-05,
LEGIARTI000006744323,css,L722-1-1,1993-01-05,2004-08-17,
LEGIARTI000006744324,css,L722-1-1,2004-08-17,2011-12-23,
LEGIARTI000025013938,css,L722-1-1,2011-12-23,2017-01-01,
LEGIARTI000033714185,css,L722-1-1,2017-01-01,2018-01-01,
LEGIARTI000036392137,css,L722-1-1,2018-01-01,2018-06-14,
LEGIARTI000006744072,css,L722-2,1985-12-21,2016-01-01,
LEGIARTI000031687429,css,L722-2,2016-01-01,2018-01-01,
LEGIARTI000006744073,css,L722-3,1985-12-21,2016-01-01,
LEGIARTI000031687425,css,L722-3,2016-01-01,2018-01-01,
LEGIARTI000006744325,css,L722-4,1985-12-21,1990-01-25,
LEGIARTI000006744326,css,L722-4,1990-01-25,1993-01-05,
LEGIARTI000006744327,css,L722-4,1993-01-05,1994-07-27,
LEGIARTI000006744328,css,L722-4,1994-07-27,1996-04-25,
LEGIARTI000006744329,css,L722-4,1996-04-25,1999-12-30,
LEGIARTI000006744330,css,L722-4,1999-12-30,2003-12-19,
LEGIARTI000006744331,css,L722-4,2003-12-19,2004-08-17,
LEGIARTI000006744332,css,L722-4,2004-08-17,2008-12-19,
LEGIARTI000019953301,css,L722-4,2008-12-19,2010-12-22,
LEGIARTI000023264164,css,L722-4,2010-12-22,2011-12-23,
LEGIARTI000025013873,css,L722-4,2011-12-23,2013-01-01,
LEGIARTI000026798310,css,L722-4,2013-01-01,2013-12-25,
LEGIARTI000028393458,css,L722-4,2013-12-25,2015-01-01,
LEGIARTI000029109011,css,L722-4,2015-01-01,2018-01-01,
LEGIARTI000036392146,css,L722-4,2018-01-01,2018-06-14,
LEGIARTI000006744074,css,L722-4-1,1996-04-25,1999-12-30,
LEGIARTI000006744075,css,L722-4-1,1999-12-30,2004-08-17,
LEGIARTI000006744076,css,L722-5,1985-12-21,2013-12-25,
LEGIARTI000028393477,css,L722-5,2013-12-25,2018-01-01,
LEGIARTI000036392125,css,L722-5,2018-01-01,2018-06-14,
LEGIARTI000006744077,css,L722-5-1,1993-01-30,2018-01-01,
LEGIARTI000006744079,css,L722-6,1985-12-21,2000-01-01,
LEGIARTI000006744080,css,L722-6,2000-01-01,2013-12-25,
LEGIARTI000028393898,css,L722-6,2013-12-25,2016-01-01,
LEGIARTI000031687404,css,L722-6,2016-01-01,2018-01-01,
LEGIARTI000036392101,css,L722-6,2018-01-01,2018-06-14,
LEGIARTI000006744081,css,L722-7,1985-12-21,2018-01-01,
LEGIARTI000006744333,css,L722-8,1985-12-21,1993-01-05,
LEGIARTI000006744334,css,L722-8,1993-01-05,1994-07-26,
LEGIARTI000006744335,css,L722-8,1994-07-26,1995-02-05,
LEGIARTI000006744336,css,L722-8,1995-02-05,1996-07-06,
LEGIARTI000006744337,css,L722-8,1996-07-06,2000-12-23,
LEGIARTI000006744338,css,L722-8,2000-12-23,2006-03-24,
LEGIARTI000006744339,css,L722-8,2006-03-24,2007-12-22,
LEGIARTI000017842095,css,L722-8,2007-12-22,2013-05-19,
LEGIARTI000027432134,css,L722-8,2013-05-19,2018-06-14,
LEGIARTI000006744341,css,L722-8-1,1993-01-05,1994-07-26,
LEGIARTI000006744342,css,L722-8-1,1994-07-26,1995-02-05,
LEGIARTI000006744343,css,L722-8-1,1995-02-05,1996-07-06,
LEGIARTI000006744344,css,L722-8-1,1996-07-06,2004-04-17,
LEGIARTI000006744345,css,L722-8-1,2004-04-17,2006-03-24,
LEGIARTI000006744346,css,L722-8-1,2006-03-24,2013-05-19,
LEGIARTI000027432146,css,L722-8-1,2013-05-19,2018-06-14,
LEGIARTI000006744347,css,L722-8-2,1994-07-26,1996-07-06,
LEGIARTI000006744348,css,L722-8-2,1996-07-06,2004-04-17,
LEGIARTI000028393895,css,L722-8-2,2013-12-25,2016-01-01,
LEGIARTI000031687397,css,L722-8-2,2016-01-01,2018-06-14,
LEGIARTI000006744082,css,L722-8-3,2001-12-26,2004-04-17,
LEGIARTI000006744083,css,L722-8-3,2004-04-17,2012-12-19,
LEGIARTI000026799948,css,L722-8-3,2012-12-19,2013-05-19,
LEGIARTI000027432163,css,L722-8-3,2013-05-19,2018-06-14,
LEGIARTI000029956610,css,L722-8-4,2014-12-25,2018-06-14,
LEGIARTI000006744084,css,L722-9,1985-12-21,2017-01-01,
LEGIARTI000033714190,css,L722-9,2017-01-01,2018-01-01,
LEGIARTI000036392098,css,L722-9,2018-01-01,2018-06-14,
LEGIARTI000006744085,css,L723-1,1985-12-21,2005-08-03,
LEGIARTI000006744086,css,L723-1,2005-08-03,2015-10-16,
LEGIARTI000031323792,css,L723-1,2015-10-16,2018-06-14,
LEGIARTI000006744087,css,L723-2,1985-12-21,2018-06-14,
LEGIARTI000036376686,css,L723-2-1,2018-01-01,2018-06-14,
LEGIARTI000006744349,css,L723-3,1985-12-21,1992-01-01,
LEGIARTI000006744350,css,L723-3,1992-01-01,1994-07-27,
LEGIARTI000006744351,css,L723-3,1994-07-27,2014-01-01,
LEGIARTI000028499036,css,L723-3,2014-01-01,2015-10-16,
LEGIARTI000031323836,css,L723-3,2015-10-16,2018-06-14,
LEGIARTI000006744088,css,L723-4,1985-12-21,1992-01-01,
LEGIARTI000006744089,css,L723-4,1992-01-01,2010-12-31,
LEGIARTI000006744352,css,L723-5,1985-12-21,1991-01-20,
LEGIARTI000006744353,css,L723-5,1991-01-20,1992-01-04,
LEGIARTI000006744354,css,L723-5,1992-01-04,1993-07-23,
LEGIARTI000006744355,css,L723-5,1993-07-23,1995-02-05,
LEGIARTI000006744356,css,L723-5,1995-02-05,2005-08-03,
LEGIARTI000006744357,css,L723-5,2005-08-03,2008-12-19,
LEGIARTI000019953293,css,L723-5,2008-12-19,2011-12-23,
LEGIARTI000025013865,css,L723-5,2011-12-23,2015-01-01,
LEGIARTI000029109014,css,L723-5,2015-01-01,2018-06-14,
LEGIARTI000006744090,css,L723-5-1,2002-01-18,2018-06-14,
LEGIARTI000006744091,css,L723-6,1985-12-21,2009-12-28,
LEGIARTI000021536767,css,L723-6,2009-12-28,2018-06-14,
LEGIARTI000006744092,css,L723-6-1,1992-01-01,2018-06-14,
LEGIARTI000006744093,css,L723-6-2,1994-07-27,2018-01-01,
LEGIARTI000036392092,css,L723-6-2,2018-01-01,2018-06-14,
LEGIARTI000006744094,css,L723-6-3,2005-10-01,2018-06-14,
LEGIARTI000006744095,css,L723-7,1985-12-21,2004-01-01,
LEGIARTI000006744096,css,L723-7,2004-01-01,2011-03-30,
LEGIARTI000023780823,css,L723-7,2011-03-30,2018-06-14,
LEGIARTI000006744097,css,L723-8,1985-12-21,2018-06-14,
LEGIARTI000006744098,css,L723-9,1985-12-21,2018-06-14,
LEGIARTI000006744099,css,L723-10,1985-12-21,2018-06-14,
LEGIARTI000006744100,css,L723-10-1,2004-01-01,2008-12-19,
LEGIARTI000019959509,css,L723-10-1,2008-12-19,2010-11-11,
LEGIARTI000023035061,css,L723-10-1,2010-11-11,2011-12-23,
LEGIARTI000025014525,css,L723-10-1,2011-12-23,2014-01-22,
LEGIARTI000028498662,css,L723-10-1,2014-01-22,2018-06-14,
LEGIARTI000021537913,css,L723-10-1-1,2009-12-28,2010-11-11,
LEGIARTI000023034964,css,L723-10-1-1,2010-11-11,2014-01-22,
LEGIARTI000028498910,css,L723-10-1-1,2014-01-22,2018-06-14,
LEGIARTI000006744101,css,L723-10-2,2004-01-01,2005-08-03,
LEGIARTI000006744102,css,L723-10-2,2005-08-03,2008-12-19,
LEGIARTI000019959501,css,L723-10-2,2008-12-19,2018-06-14,
LEGIARTI000006744103,css,L723-10-3,2004-01-01,2014-01-22,
LEGIARTI000028498720,css,L723-10-3,2014-01-22,2018-06-14,
LEGIARTI000006744104,css,L723-10-4,2004-01-01,2005-08-03,
LEGIARTI000006744105,css,L723-10-4,2005-08-03,2018-06-14,
LEGIARTI000006744358,css,L723-11,1985-12-21,1992-01-01,
LEGIARTI000006744359,css,L723-11,1992-01-01,2004-01-01,
LEGIARTI000006744360,css,L723-11,2004-01-01,2017-01-01,
LEGIARTI000019959652,css,L723-11-1,2008-12-19,2014-01-22,
LEGIARTI000028498614,css,L723-11-1,2014-01-22,2018-06-14,
LEGIARTI000006744106,css,L723-12,1985-12-21,2018-06-14,
LEGIARTI000006744532,css,L723-13,1985-12-21,1986-03-20,
LEGIARTI000006744533,css,L723-13,1986-03-20,2011-12-23,
LEGIARTI000025014724,css,L723-13,2011-12-23,2018-06-14,
LEGIARTI000029955031,css,L723-13-1,2015-07-01,2018-06-14,
LEGIARTI000006744363,css,L723-14,1985-12-21,1995-02-05,
LEGIARTI000006744364,css,L723-14,1995-02-05,2005-08-03,
LEGIARTI000006744365,css,L723-14,2005-08-03,2018-06-14,
LEGIARTI000006744366,css,L723-15,1985-12-21,1992-01-01,
LEGIARTI000006744367,css,L723-15,1992-01-01,1995-02-05,
LEGIARTI000006744368,css,L723-15,1995-02-05,2005-08-03,
LEGIARTI000006744369,css,L723-15,2005-08-03,2008-12-19,
LEGIARTI000019953287,css,L723-15,2008-12-19,2011-03-30,
LEGIARTI000023780826,css,L723-15,2011-03-30,2011-12-23,
LEGIARTI000025013858,css,L723-15,2011-12-23,2018-06-14,
LEGIARTI000006744107,css,L723-16,1985-12-21,2018-06-14,
LEGIARTI000006744108,css,L723-17,1985-12-21,2018-06-14,
LEGIARTI000006744370,css,L723-18,1985-12-21,1992-01-01,
LEGIARTI000006744371,css,L723-19,1985-12-21,1992-01-01,
LEGIARTI000006744372,css,L723-19,1992-01-01,2018-06-14,
LEGIARTI000006744109,css,L723-20,1985-12-21,2018-06-14,
LEGIARTI000006744110,css,L723-21,1985-12-21,2018-06-14,
LEGIARTI000029960230,css,L723-21-1,2015-07-01,2018-06-14,
LEGIARTI000006744373,css,L723-22,1985-12-21,1992-01-01,
LEGIARTI000006744374,css,L723-22,1992-01-01,2018-06-14,
LEGIARTI000006744375,css,L723-23,1985-12-21,1992-01-01,
LEGIARTI000006744376,css,L723-23,1992-01-01,2018-06-14,
LEGIARTI000006744111,css,L723-24,1985-12-21,2018-06-14,
LEGIARTI000006744377,css,L723-25,1987-07-31,1989-07-12,
LEGIARTI000006744378,css,L723-25,2002-01-18,2006-06-24,
LEGIARTI000006744771,css,L814-1,1985-12-21,1990-07-11,
LEGIARTI000006744772,css,L814-1,1990-07-11,1992-01-04,
LEGIARTI000006744773,css,L814-1,1992-01-04,1998-07-31,
LEGIARTI000006744774,css,L814-1,1998-07-31,2000-01-01,
LEGIARTI000006744775,css,L814-1,2000-01-01,2000-07-06,
LEGIARTI000006744776,css,L814-1,2000-07-06,2006-01-01,
LEGIARTI000006745106,css,L814-2,1985-12-21,1987-01-28,
LEGIARTI000006745107,css,L814-2,1987-01-28,1990-07-11,
LEGIARTI000006745108,css,L814-2,1990-07-11,1992-01-04,
LEGIARTI000006745109,css,L814-2,1992-01-04,1998-07-31,
LEGIARTI000006745110,css,L814-2,1998-07-31,2000-01-01,
LEGIARTI000006745111,css,L814-2,2000-01-01,2000-07-06,
LEGIARTI000006745112,css,L814-2,2000-07-06,2006-01-01,
LEGIARTI000006744777,css,L814-3,1985-12-21,1990-07-11,
LEGIARTI000006744778,css,L814-3,1990-07-11,1992-01-04,
LEGIARTI000006744779,css,L814-3,1992-01-04,1998-07-31,
LEGIARTI000006744780,css,L814-3,1998-07-31,2000-01-01,
LEGIARTI000006744781,css,L814-3,2000-01-01,2000-07-06,
LEGIARTI000006744782,css,L814-3,2000-07-06,2006-01-01,
LEGIARTI000006744784,css,L814-4,1985-12-21,1990-07-11,
LEGIARTI000006744785,css,L814-4,1990-07-11,1990-10-10,
LEGIARTI000006744786,css,L814-4,1990-10-10,1992-01-04,
LEGIARTI000006744787,css,L814-4,1992-01-04,1998-07-31,
LEGIARTI000006744788,css,L814-4,1998-07-31,2000-01-01,
LEGIARTI000006744789,css,L814-4,2000-01-01,2000-07-06,
LEGIARTI000006744790,css,L814-4,2000-07-06,2006-01-01,
LEGIARTI000006744791,css,L814-5,1985-12-21,1990-07-11,
LEGIARTI000006744792,css,L814-5,1990-07-11,1992-01-04,
LEGIARTI000006744793,css,L814-5,1992-01-04,1993-07-23,
LEGIARTI000006744794,css,L814-5,1993-07-23,1993-12-31,
LEGIARTI000006744795,css,L814-5,1993-12-31,1998-07-31,
LEGIARTI000006744796,css,L814-5,1998-07-31,2000-01-01,
LEGIARTI000006744797,css,L814-5,2000-01-01,2000-07-06,
LEGIARTI000006744798,css,L814-5,2000-07-06,2006-01-01,
LEGIARTI000006744799,css,L814-6,1985-12-21,1990-07-11,
LEGIARTI000006744800,css,L814-6,1990-07-11,1992-01-04,
LEGIARTI000006744801,css,L814-6,1992-01-04,1994-03-01,
LEGIARTI000006744802,css,L814-6,1994-03-01,1998-07-31,
LEGIARTI000006744803,css,L814-6,1998-07-31,2000-01-01,
LEGIARTI000006744804,css,L814-6,2000-01-01,2000-07-06,
LEGIARTI000006744805,css,L814-6,2000-07-06,2002-01-01,
LEGIARTI000006744806,css,L814-6,2002-01-01,2006-01-01,
LEGIARTI000006744807,css,L814-7,1985-12-21,1990-07-11,
LEGIARTI000006744808,css,L814-7,1990-07-11,1992-01-04,
LEGIARTI000006744809,css,L814-7,1992-01-04,1993-12-31,
LEGIARTI000006744810,css,L814-7,1993-12-31,1998-07-31,
LEGIARTI000006744811,css,L814-7,1998-07-31,2000-01-01,
LEGIARTI000006744812,css,L814-7,2000-01-01,2000-07-06,
LEGIARTI000006744813,css,L814-7,2000-07-06,2006-01-01,
LEGIARTI000006744814,css,L814-8,1985-12-21,1990-07-11,
LEGIARTI000006744815,css,L814-8,1990-07-11,1992-01-04,
LEGIARTI000006744816,css,L814-8,1992-01-04,1998-07-31,
LEGIARTI000006744817,css,L814-8,1998-07-31,2000-01-01,
LEGIARTI000006744818,css,L814-8,2000-01-01,2000-07-06,
LEGIARTI000006744819,css,L814-8,2000-07-06,2006-01-01,
LEGIARTI000006744820,css,L814-9,1985-12-21,1990-07-11,
LEGIARTI000006744821,css,L814-9,1990-07-11,1992-01-04,
LEGIARTI000006744822,css,L814-9,1992-01-04,1993-07-23,
LEGIARTI000006744823,css,L814-9,1993-07-23,1998-07-31,
LEGIARTI000006744824,css,L814-9,1998-07-31,2000-01-01,
LEGIARTI000006744825,css,L814-9,2000-01-01,2000-07-06,
LEGIARTI000006744826,css,L814-9,2000-07-06,2006-01-01,
LEGIARTI000006744829,css,L815-1,1985-12-21,1990-07-11,
LEGIARTI000006744830,css,L815-1,1990-07-11,1992-01-04,
LEGIARTI000006744831,css,L815-1,1992-01-04,1993-07-23,
LEGIARTI000006744832,css,L815-1,2006-01-01,2014-01-22,
LEGIARTI000028498876,css,L815-1,2014-01-22,2015-10-16,
LEGIARTI000031323911,css,L815-1,2015-10-16,2023-09-01,
LEGIARTI000047453234,css,L815-1,2023-09-01,2026-07-23,
LEGIARTI000054477905,css,L815-1,2026-07-23,,
LEGIARTI000006745114,css,L815-2,1985-12-21,1987-01-28,
LEGIARTI000006745115,css,L815-2,1987-01-28,1990-07-11,
LEGIARTI000006745116,css,L815-2,1990-07-11,1992-01-04,
LEGIARTI000006745117,css,L815-2,1992-01-04,1993-07-23,
LEGIARTI000006745118,css,L815-2,1993-07-23,1998-07-31,
LEGIARTI000006745119,css,L815-2,1998-07-31,2000-01-01,
LEGIARTI000006745120,css,L815-2,2000-01-01,2000-07-06,
LEGIARTI000006745121,css,L815-2,2000-07-06,2006-01-01,
LEGIARTI000006745122,css,L815-2,2006-01-01,2026-01-01,
LEGIARTI000051289045,css,L815-2,2026-01-01,,
LEGIARTI000006745291,css,L815-2-1,1993-07-23,1998-07-31,
LEGIARTI000006745292,css,L815-2-1,1998-07-31,2000-01-01,
LEGIARTI000006745293,css,L815-2-1,2000-01-01,2000-07-06,
LEGIARTI000006745294,css,L815-2-1,2000-07-06,2006-01-01,
LEGIARTI000006745123,css,L815-3,1985-12-21,1987-01-28,
LEGIARTI000006745124,css,L815-3,1987-01-28,1990-07-11,
LEGIARTI000006745125,css,L815-3,1990-07-11,1992-01-04,
LEGIARTI000006745126,css,L815-3,1992-01-04,1993-07-23,
LEGIARTI000006745127,css,L815-3,1993-07-23,1998-07-31,
LEGIARTI000006745128,css,L815-3,1998-07-31,2000-01-01,
LEGIARTI000006745129,css,L815-3,2000-01-01,2000-07-06,
LEGIARTI000006745130,css,L815-3,2000-07-06,2006-01-01,
LEGIARTI000006745131,css,L815-3,2006-01-01,,
LEGIARTI000006745295,css,L815-3-1,1993-07-23,1998-07-31,
LEGIARTI000006745296,css,L815-3-1,1998-07-31,2000-01-01,
LEGIARTI000006745297,css,L815-3-1,2000-01-01,2000-07-06,
LEGIARTI000006745298,css,L815-3-1,2000-07-06,2006-01-01,
LEGIARTI000006744833,css,L815-4,1985-12-21,1990-07-11,
LEGIARTI000006744834,css,L815-4,1990-07-11,1992-01-04,
LEGIARTI000006744835,css,L815-4,1992-01-04,1993-07-23,
LEGIARTI000006744836,css,L815-4,1993-07-23,1998-07-31,
LEGIARTI000006744837,css,L815-4,1998-07-31,2000-01-01,
LEGIARTI000006744838,css,L815-4,2000-01-01,2000-07-06,
LEGIARTI000006744839,css,L815-4,2000-07-06,2006-01-01,
LEGIARTI000006744840,css,L815-4,2006-01-01,,
LEGIARTI000006744841,css,L815-5,1985-12-21,1990-07-11,
LEGIARTI000006744842,css,L815-5,1990-07-11,1992-01-04,
LEGIARTI000006744843,css,L815-5,1992-01-04,1993-07-23,
LEGIARTI000006744844,css,L815-5,1993-07-23,1998-07-31,
LEGIARTI000006744845,css,L815-5,1998-07-31,2000-01-01,
LEGIARTI000006744846,css,L815-5,2000-01-01,2000-07-06,
LEGIARTI000006744847,css,L815-5,2000-07-06,2006-01-01,
LEGIARTI000006744848,css,L815-5,2006-01-01,,
LEGIARTI000006744849,css,L815-6,1985-12-21,1990-07-11,
LEGIARTI000006744850,css,L815-6,1990-07-11,1992-01-04,
LEGIARTI000006744851,css,L815-6,1992-01-04,1993-07-23,
LEGIARTI000006744852,css,L815-6,1993-07-23,1998-07-31,
LEGIARTI000006744853,css,L815-6,1998-07-31,2000-01-01,
LEGIARTI000006744854,css,L815-6,2000-01-01,2000-07-06,
LEGIARTI000006744855,css,L815-6,2000-07-06,2006-01-01,
LEGIARTI000006744856,css,L815-6,2006-01-01,2022-01-01,
LEGIARTI000044522717,css,L815-6,2022-01-01,,
LEGIARTI000006744857,css,L815-7,1985-12-21,1990-07-11,
LEGIARTI000006744858,css,L815-7,1990-07-11,1992-01-04,
LEGIARTI000006744859,css,L815-7,1992-01-04,1993-07-23,
LEGIARTI000006744860,css,L815-7,1993-07-23,1998-07-31,
LEGIARTI000006744861,css,L815-7,1998-07-31,2000-01-01,
LEGIARTI000006744862,css,L815-7,2000-01-01,2000-07-06,
LEGIARTI000006744863,css,L815-7,2000-07-06,2006-01-01,
LEGIARTI000006744864,css,L815-7,2006-01-01,2014-01-22,
LEGIARTI000028498930,css,L815-7,2014-01-22,2020-01-01,
LEGIARTI000033715689,css,L815-7,2020-01-01,,
LEGIARTI000006744865,css,L815-8,1985-12-21,1990-07-11,
LEGIARTI000006744866,css,L815-8,1990-07-11,1992-01-04,
LEGIARTI000006744867,css,L815-8,1992-01-04,1993-07-23,
LEGIARTI000006744868,css,L815-8,1993-07-23,1998-07-31,
LEGIARTI000006744869,css,L815-8,1998-07-31,2000-01-01,
LEGIARTI000006744870,css,L815-8,2000-01-01,2000-07-06,
LEGIARTI000006744871,css,L815-8,2000-07-06,2006-01-01,
LEGIARTI000006744872,css,L815-8,2006-01-01,2020-01-01,
LEGIARTI000033715684,css,L815-8,2020-01-01,2026-01-01,
LEGIARTI000051289042,css,L815-8,2026-01-01,,
LEGIARTI000006744873,css,L815-9,1985-12-21,1990-07-11,
LEGIARTI000006744874,css,L815-9,1990-07-11,1992-01-04,
LEGIARTI000006744875,css,L815-9,1992-01-04,1993-07-23,
LEGIARTI000006744876,css,L815-9,1993-07-23,1998-07-31,
LEGIARTI000006744877,css,L815-9,1998-07-31,2000-01-01,
LEGIARTI000006744878,css,L815-9,2000-01-01,2000-07-06,
LEGIARTI000006744879,css,L815-9,2000-07-06,2006-01-01,
LEGIARTI000006744880,css,L815-9,2006-01-01,,
LEGIARTI000006744881,css,L815-10,1985-12-21,1990-07-11,
LEGIARTI000006744882,css,L815-10,1990-07-11,1992-01-04,
LEGIARTI000006744883,css,L815-10,1992-01-04,1993-07-23,
LEGIARTI000006744884,css,L815-10,1993-07-23,1998-07-31,
LEGIARTI000006744885,css,L815-10,1998-07-31,2000-01-01,
LEGIARTI000006744886,css,L815-10,2000-01-01,2000-07-06,
LEGIARTI000006744887,css,L815-10,2000-07-06,2006-01-01,
LEGIARTI000006744888,css,L815-10,2006-01-01,,
LEGIARTI000006744889,css,L815-11,1985-12-21,1990-07-11,
LEGIARTI000006744890,css,L815-11,1990-07-11,1992-01-04,
LEGIARTI000006744891,css,L815-11,1992-01-04,1993-07-23,
LEGIARTI000006744892,css,L815-11,1993-07-23,1998-07-31,
LEGIARTI000006744893,css,L815-11,1998-07-31,2000-01-01,
LEGIARTI000006744894,css,L815-11,2000-01-01,2000-07-06,
LEGIARTI000006744895,css,L815-11,2000-07-06,2006-01-01,
LEGIARTI000006744896,css,L815-11,2006-01-01,2008-12-19,
LEGIARTI000019959855,css,L815-11,2008-12-19,2011-12-23,
LEGIARTI000025014720,css,L815-11,2011-12-23,2015-10-16,
LEGIARTI000031323869,css,L815-11,2015-10-16,2020-01-01,
LEGIARTI000037951394,css,L815-11,2020-01-01,2019-07-26,
LEGIARTI000038825638,css,L815-11,2020-01-01,2020-01-01,
LEGIARTI000041398446,css,L815-11,2020-01-01,2026-07-23,
LEGIARTI000054477893,css,L815-11,2026-07-23,,
LEGIARTI000006744897,css,L815-12,1985-12-21,1990-07-11,
LEGIARTI000006744898,css,L815-12,1990-07-11,1992-01-04,
LEGIARTI000006744899,css,L815-12,1992-01-04,1993-01-30,
LEGIARTI000006744900,css,L815-12,1993-01-30,1993-07-23,
LEGIARTI000006744901,css,L815-12,1993-07-23,1995-02-02,
LEGIARTI000006744902,css,L815-12,1995-02-02,1998-07-31,
LEGIARTI000006744903,css,L815-12,1998-07-31,2000-01-01,
LEGIARTI000006744905,css,L815-12,1999-07-10,2000-07-06,
LEGIARTI000006744904,css,L815-12,2000-01-01,1999-07-10,
LEGIARTI000006744906,css,L815-12,2000-07-06,2006-01-01,
LEGIARTI000006744907,css,L815-12,2006-01-01,2015-10-16,
LEGIARTI000031323862,css,L815-12,2015-10-16,2026-07-23,
LEGIARTI000054477886,css,L815-12,2026-07-23,,
LEGIARTI000006744908,css,L815-13,1985-12-21,1990-07-11,
LEGIARTI000006744909,css,L815-13,1990-07-11,1992-01-04,
LEGIARTI000006744910,css,L815-13,1992-01-04,1993-07-23,
LEGIARTI000006744911,css,L815-13,1993-07-23,1998-07-31,
LEGIARTI000006744912,css,L815-13,1998-07-31,2000-01-01,
LEGIARTI000006744913,css,L815-13,2000-01-01,2000-07-06,
LEGIARTI000006744914,css,L815-13,2000-07-06,2006-01-01,
LEGIARTI000006744915,css,L815-13,2006-01-01,2010-11-11,
LEGIARTI000023034833,css,L815-13,2010-11-11,2017-03-02,
LEGIARTI000034110283,css,L815-13,2017-03-02,2023-09-01,
LEGIARTI000047453227,css,L815-13,2023-09-01,2024-01-01,
LEGIARTI000048697753,css,L815-13,2024-01-01,,
LEGIARTI000006744916,css,L815-14,1985-12-21,1990-07-11,
LEGIARTI000006744917,css,L815-14,1990-07-11,1992-01-04,
LEGIARTI000006744918,css,L815-14,1992-01-04,1993-07-23,
LEGIARTI000006744919,css,L815-14,1993-07-23,1998-07-31,
LEGIARTI000006744920,css,L815-14,1998-07-31,2000-01-01,
LEGIARTI000006744921,css,L815-14,2000-01-01,2000-07-06,
LEGIARTI000006744922,css,L815-14,2000-07-06,2006-01-01,
LEGIARTI000006744923,css,L815-14,2006-01-01,,
LEGIARTI000006744924,css,L815-15,1985-12-21,1990-07-11,
LEGIARTI000006744925,css,L815-15,1990-07-11,1992-01-04,
LEGIARTI000006744926,css,L815-15,1992-01-04,1993-07-23,
LEGIARTI000006744927,css,L815-15,1993-07-23,1998-07-31,
LEGIARTI000006744928,css,L815-15,1998-07-31,2000-01-01,
LEGIARTI000006744929,css,L815-15,2000-01-01,2000-07-06,
LEGIARTI000006744930,css,L815-15,2000-07-06,2006-01-01,
LEGIARTI000006744931,css,L815-15,2006-01-01,,
LEGIARTI000006744932,css,L815-16,1985-12-21,1990-07-11,
LEGIARTI000006744933,css,L815-16,1990-07-11,1992-01-04,
LEGIARTI000006744934,css,L815-16,1992-01-04,1993-07-23,
LEGIARTI000006744935,css,L815-16,1993-07-23,1998-07-31,
LEGIARTI000006744936,css,L815-16,1998-07-31,2000-01-01,
LEGIARTI000006744937,css,L815-16,2000-01-01,2000-07-06,
LEGIARTI000006744938,css,L815-16,2000-07-06,2006-01-01,
LEGIARTI000006744939,css,L815-16,2006-01-01,,
LEGIARTI000006744940,css,L815-17,1985-12-21,1990-07-11,
LEGIARTI000006744941,css,L815-17,1990-07-11,1992-01-04,
LEGIARTI000006744942,css,L815-17,1992-01-04,1993-07-23,
LEGIARTI000006744943,css,L815-17,1993-07-23,1998-07-31,
LEGIARTI000006744944,css,L815-17,1998-07-31,2000-01-01,
LEGIARTI000006744945,css,L815-17,2000-01-01,2000-07-06,
LEGIARTI000006744946,css,L815-17,2000-07-06,2006-01-01,
LEGIARTI000006744947,css,L815-17,2006-01-01,,
LEGIARTI000006744948,css,L815-18,1985-12-21,1990-07-11,
LEGIARTI000006744949,css,L815-18,1990-07-11,1992-01-04,
LEGIARTI000006744950,css,L815-18,1992-01-04,1993-07-23,
LEGIARTI000006744951,css,L815-18,1993-07-23,1998-07-31,
LEGIARTI000006744952,css,L815-18,1998-07-31,2000-01-01,
LEGIARTI000006744953,css,L815-18,2000-01-01,2000-07-06,
LEGIARTI000006744954,css,L815-18,2000-07-06,2006-01-01,
LEGIARTI000006744955,css,L815-18,2006-01-01,,
LEGIARTI000006744956,css,L815-19,1985-12-21,1990-07-11,
LEGIARTI000006744957,css,L815-19,1990-07-11,1992-01-04,
LEGIARTI000006744958,css,L815-19,1992-01-04,1993-07-23,
LEGIARTI000006744959,css,L815-19,1993-07-23,1998-07-31,
LEGIARTI000006744960,css,L815-19,1998-07-31,2000-01-01,
LEGIARTI000006744961,css,L815-19,2000-01-01,2000-07-06,
LEGIARTI000006744962,css,L815-19,2000-07-06,2006-01-01,
LEGIARTI000006744963,css,L815-19,2006-01-01,2018-06-14,
LEGIARTI000037064431,css,L815-19,2018-06-14,2026-01-01,
LEGIARTI000051289032,css,L815-19,2026-01-01,,
LEGIARTI000006744964,css,L815-20,1985-12-21,1987-01-01,
LEGIARTI000006744965,css,L815-20,2006-01-01,2026-01-01,
LEGIARTI000051289028,css,L815-20,2026-01-01,,
LEGIARTI000006744966,css,L815-21,1985-12-21,1990-07-11,
LEGIARTI000006744967,css,L815-21,1990-07-11,1992-01-04,
LEGIARTI000006744968,css,L815-21,1992-01-04,1993-07-23,
LEGIARTI000006744969,css,L815-21,1993-07-23,1998-07-31,
LEGIARTI000006744970,css,L815-21,1998-07-31,2000-01-01,
LEGIARTI000006744971,css,L815-21,2000-01-01,2000-07-06,
LEGIARTI000006744972,css,L815-21,2000-07-06,2006-01-01,
LEGIARTI000006744973,css,L815-21,2006-01-01,2026-01-01,
LEGIARTI000051289023,css,L815-21,2026-01-01,,
LEGIARTI000006744975,css,L815-22,1985-12-21,1990-07-11,
LEGIARTI000006744976,css,L815-22,1990-07-11,1992-01-04,
LEGIARTI000006744977,css,L815-22,1992-01-04,1993-07-23,
LEGIARTI000006744978,css,L815-22,1993-07-23,1998-07-31,
LEGIARTI000006744979,css,L815-22,1998-07-31,2000-01-01,
LEGIARTI000006744980,css,L815-22,2000-01-01,2000-07-06,
LEGIARTI000006744981,css,L815-22,2000-07-06,2006-01-01,
LEGIARTI000006744982,css,L815-22,2006-01-01,2026-01-01,
LEGIARTI000051289038,css,L815-22,2026-01-01,,
LEGIARTI000006745339,css,L815-23,2006-01-01,,
LEGIARTI000006745340,css,L815-24,2006-01-01,2008-12-19,
LEGIARTI000019959369,css,L815-24,2008-12-19,2015-10-16,
LEGIARTI000031324291,css,L815-24,2015-10-16,2020-04-01,
LEGIARTI000041474271,css,L815-24,2020-04-01,2026-07-23,
LEGIARTI000054477883,css,L815-24,2026-07-23,,
LEGIARTI000019959373,css,L815-24-1,2008-12-19,2020-04-01,
LEGIARTI000041474269,css,L815-24-1,2020-04-01,,
LEGIARTI000006745341,css,L815-25,2006-01-01,,
LEGIARTI000006745342,css,L815-26,2006-01-01,2021-01-01,
LEGIARTI000042685675,css,L815-26,2021-01-01,,
LEGIARTI000006745343,css,L815-27,2006-01-01,,
LEGIARTI000006745345,css,L815-28,2006-01-01,2020-01-01,
LEGIARTI000006745346,css,L815-29,2006-01-01,2009-12-28,
LEGIARTI000021540057,css,L815-29,2009-12-28,2012-12-19,
LEGIARTI000026798286,css,L815-29,2012-12-19,2018-06-14,
LEGIARTI000037064420,css,L815-29,2018-06-14,2021-01-01,
LEGIARTI000042685665,css,L815-29,2021-01-01,,
LEGIARTI000006745347,css,L815-30,2006-01-01,2005-12-20,
LEGIARTI000006745348,css,L816-2,2004-01-01,2014-01-22,
LEGIARTI000028498316,css,L816-2,2014-01-22,2015-12-23,
LEGIARTI000031688363,css,L816-2,2015-12-23,2018-12-31,
LEGIARTI000036393188,css,L816-2,2018-12-31,,
LEGIARTI000006745499,css,L921-1,1994-08-10,1996-05-29,
LEGIARTI000006745500,css,L921-1,1996-05-29,2004-01-01,
LEGIARTI000006745501,css,L921-1,2004-01-01,2004-08-11,
LEGIARTI000006745502,css,L921-1,2004-08-11,2005-12-20,
LEGIARTI000006745503,css,L921-1,2005-12-20,2006-06-24,
LEGIARTI000006745504,css,L921-1,2006-06-24,2010-05-08,
LEGIARTI000022267857,css,L921-1,2010-05-08,2023-09-01,
LEGIARTI000047452643,css,L921-1,2023-09-01,,
LEGIARTI000006745505,css,L921-2,1994-08-10,2006-06-24,
LEGIARTI000006745506,css,L921-2,2006-06-24,2010-05-08,
LEGIARTI000022267877,css,L921-2,2010-05-08,,
LEGIARTI000028498187,css,L921-2-1,2014-01-22,2023-01-01,
LEGIARTI000041395074,css,L921-2-1,2023-01-01,2023-09-01,
LEGIARTI000047452641,css,L921-2-1,2023-09-01,2024-01-01,
LEGIARTI000048701019,css,L921-2-1,2024-01-01,,
LEGIARTI000048682719,css,L921-2-2,2024-09-01,,
LEGIARTI000006745507,css,L921-3,1994-08-10,2006-06-24,
LEGIARTI000006745508,css,L921-3,2006-06-24,,
LEGIARTI000006745509,css,L921-4,1994-08-10,2006-06-24,
LEGIARTI000006745510,css,L921-4,2006-06-24,,
LEGIARTI000006745511,css,L922-1,1994-08-10,2004-08-11,
LEGIARTI000006745512,css,L922-1,2004-08-11,2006-06-24,
LEGIARTI000006745513,css,L922-1,2006-06-24,,
LEGIARTI000006745514,css,L922-2,1994-08-10,2006-06-24,
LEGIARTI000006745515,css,L922-2,2006-06-24,2017-01-01,
LEGIARTI000028499046,css,L922-2,2017-01-01,,
LEGIARTI000006745516,css,L922-3,1994-08-10,2006-06-24,
LEGIARTI000006745517,css,L922-3,2006-06-24,,
LEGIARTI000006745518,css,L922-4,1994-08-10,2006-06-24,
LEGIARTI000006745519,css,L922-4,2006-06-24,,
LEGIARTI000006745520,css,L922-5,1994-08-10,2006-06-24,
LEGIARTI000006745521,css,L922-5,2006-06-24,,
LEGIARTI000006745522,css,L922-6,1994-08-10,2006-06-24,
LEGIARTI000006745523,css,L922-6,2006-06-24,,
LEGIARTI000006745524,css,L922-7,1994-08-10,2006-06-24,
LEGIARTI000006745525,css,L922-7,2006-06-24,,
LEGIARTI000006745526,css,L922-8,1994-08-10,2006-06-24,
LEGIARTI000006745527,css,L922-8,2006-06-24,2016-01-01,
LEGIARTI000030438909,css,L922-8,2016-01-01,,
LEGIARTI000006745528,css,L922-9,1994-08-10,2000-09-21,
LEGIARTI000006745529,css,L922-9,2000-09-21,2005-09-09,
LEGIARTI000006745530,css,L922-9,2005-09-09,2006-06-24,
LEGIARTI000006745531,css,L922-9,2006-06-24,2024-01-01,
LEGIARTI000048539692,css,L922-9,2024-01-01,,
LEGIARTI000006745532,css,L922-10,1994-08-10,2006-06-24,
LEGIARTI000006745533,css,L922-10,2006-06-24,,
LEGIARTI000006745534,css,L922-11,1994-08-10,2000-06-22,
LEGIARTI000006745535,css,L922-11,2000-06-22,2006-06-24,
LEGIARTI000006745536,css,L922-11,2006-06-24,2010-05-08,
LEGIARTI000022267892,css,L922-11,2010-05-08,,
LEGIARTI000006745537,css,L922-12,1994-08-10,2006-06-24,
LEGIARTI000006745538,css,L922-12,2006-06-24,,
LEGIARTI000006745539,css,L922-13,1994-08-10,2006-06-24,
LEGIARTI000006745540,css,L922-13,2006-06-24,,
LEGIARTI000006745541,css,L922-14,1994-08-10,2006-06-24,
LEGIARTI000006745542,css,L922-14,2006-06-24,,
LEGIARTI000006747398,css,R161-17,2006-06-20,,
LEGIARTI000006747403,css,R161-18,2006-06-20,2023-09-01,
LEGIARTI000047960997,css,R161-18,2023-09-01,,
LEGIARTI000006747404,css,R161-19,2006-06-20,2023-09-01,
LEGIARTI000047960991,css,R161-19,2023-09-01,,
LEGIARTI000031986254,css,R161-19-1,2016-02-08,2023-09-01,
LEGIARTI000047960988,css,R161-19-1,2023-09-01,2026-01-01,
LEGIARTI000038747952,css,R161-19-2,2019-07-08,2023-09-01,
LEGIARTI000047960982,css,R161-19-2,2023-09-01,,
LEGIARTI000045414718,css,R161-19-3,2021-08-24,2023-09-01,
LEGIARTI000047960975,css,R161-19-3,2023-09-01,,
LEGIARTI000047906328,css,R161-19-4,2023-07-31,2023-09-01,
LEGIARTI000047960984,css,R161-19-4,2023-09-01,,
LEGIARTI000047906330,css,R161-19-5,2023-07-31,2023-09-01,
LEGIARTI000047961040,css,R161-19-5,2023-09-01,,
LEGIARTI000047906332,css,R161-19-6,2023-07-31,2023-09-01,
LEGIARTI000047961034,css,R161-19-6,2023-09-01,,
LEGIARTI000047906334,css,R161-19-7,2023-07-31,2023-09-01,
LEGIARTI000047961031,css,R161-19-7,2023-09-01,2026-01-01,
LEGIARTI000053335388,css,R161-19-7,2026-01-01,,
LEGIARTI000047906336,css,R161-19-8,2023-07-31,2023-09-01,
LEGIARTI000047961022,css,R161-19-8,2023-09-01,2025-02-22,
LEGIARTI000051226235,css,R161-19-8,2025-02-22,,
LEGIARTI000047906338,css,R161-19-9,2023-07-31,2023-09-01,
LEGIARTI000047961010,css,R161-19-9,2023-09-01,2026-01-01,
LEGIARTI000053335391,css,R161-19-9,2026-01-01,,
LEGIARTI000047906340,css,R161-19-10,2023-07-31,2023-09-01,
LEGIARTI000047961003,css,R161-19-10,2023-09-01,,
LEGIARTI000047959226,css,R161-19-11,2023-09-01,2026-01-01,
LEGIARTI000053335393,css,R161-19-11,2026-01-01,,
LEGIARTI000053324532,css,R161-19-11-1,2026-01-01,,
LEGIARTI000047958147,css,R161-19-12,2023-09-01,,
LEGIARTI000047958138,css,R161-19-13,2023-09-01,,
LEGIARTI000048033215,css,R161-19-14,2023-09-01,,
LEGIARTI000048033222,css,R161-19-15,2023-09-01,,
LEGIARTI000048033230,css,R161-19-16,2023-09-01,,
LEGIARTI000048033226,css,R161-19-17,2023-09-01,,
LEGIARTI000048033234,css,R161-19-18,2023-09-01,,
LEGIARTI000048033238,css,R161-19-19,2023-09-01,,
LEGIARTI000048033242,css,R161-19-20,2023-09-01,,
LEGIARTI000006747407,css,R161-20,2006-06-20,,
LEGIARTI000032348340,css,R161-21,2016-04-03,,
LEGIARTI000006747835,css,R171-1,1985-12-21,2001-04-29,
LEGIARTI000006747836,css,R171-1,2001-04-29,,
LEGIARTI000006747839,css,R171-1-1,2001-06-22,,
LEGIARTI000006747837,css,R171-2,1985-12-21,2001-04-29,
LEGIARTI000006747838,css,R171-2,2001-04-29,2017-07-01,
LEGIARTI000034595891,css,R171-2,2017-07-01,,
LEGIARTI000006747840,css,R171-3,2001-04-29,2006-06-30,
LEGIARTI000006747841,css,R171-3,2006-06-30,2010-05-08,
LEGIARTI000022287310,css,R171-3,2010-05-08,2015-07-19,
LEGIARTI000006747842,css,R171-3-1,2006-06-30,2015-07-19,
LEGIARTI000006747843,css,R171-4,2001-04-29,2015-07-19,
LEGIARTI000006747844,css,R171-5,2001-04-29,2015-07-19,
LEGIARTI000006747845,css,R171-6,2001-04-29,2015-07-19,
LEGIARTI000006748364,css,R172-1,1985-12-21,1987-10-01,
LEGIARTI000006748365,css,R172-1,1987-10-01,2009-05-11,
LEGIARTI000020602388,css,R172-1,2009-05-11,2016-07-01,
LEGIARTI000032586881,css,R172-1,2016-07-01,2019-01-01,
LEGIARTI000037941954,css,R172-1,2019-01-01,,
LEGIARTI000006747846,css,R172-2,1985-12-21,2016-07-01,
LEGIARTI000032586874,css,R172-2,2016-07-01,2019-01-01,
LEGIARTI000037941928,css,R172-2,2019-01-01,,
LEGIARTI000006747847,css,R172-3,1985-12-21,2017-05-06,
LEGIARTI000034623119,css,R172-3,2017-05-06,2019-01-01,
LEGIARTI000006748366,css,R172-4,1985-12-21,1987-10-01,
LEGIARTI000006748367,css,R172-4,1987-10-01,2016-07-01,
LEGIARTI000006747848,css,R172-5,1985-12-21,2019-01-01,
LEGIARTI000006747849,css,R172-6,1985-12-21,2019-01-01,
LEGIARTI000006747850,css,R172-7,1985-12-21,2016-07-01,
LEGIARTI000032586883,css,R172-7,2016-07-01,2018-12-29,
LEGIARTI000006747851,css,R172-8,1985-12-21,2016-07-01,
LEGIARTI000032586921,css,R172-8,2016-07-01,2019-01-01,
LEGIARTI000006747852,css,R172-9,1985-12-21,2019-01-01,
LEGIARTI000037942032,css,R172-9,2019-01-01,,
LEGIARTI000006747853,css,R172-10,1985-12-21,2015-07-19,
LEGIARTI000006747854,css,R172-11,1985-12-21,2015-07-19,
LEGIARTI000006747855,css,R172-12,1985-12-21,2015-07-19,
LEGIARTI000020602386,css,R172-12-1,2009-05-11,2010-05-08,
LEGIARTI000022287855,css,R172-12-1,2010-05-08,2017-05-06,
LEGIARTI000034623040,css,R172-12-1,2017-05-06,2018-01-01,
LEGIARTI000034623909,css,R172-12-1,2018-01-01,2019-01-01,
LEGIARTI000037941970,css,R172-12-1,2019-01-01,,
LEGIARTI000020602384,css,R172-12-2,2009-05-11,2017-05-06,
LEGIARTI000034623046,css,R172-12-2,2017-05-06,,
LEGIARTI000020602382,css,R172-12-3,2009-05-11,2016-01-01,
LEGIARTI000031829858,css,R172-12-3,2016-01-01,2017-05-06,
LEGIARTI000034623043,css,R172-12-3,2017-05-06,2018-01-01,
LEGIARTI000034624106,css,R172-12-3,2018-01-01,2019-01-01,
LEGIARTI000037941973,css,R172-12-3,2019-01-01,2026-07-01,
LEGIARTI000054167676,css,R172-12-3,2026-07-01,,
LEGIARTI000006748368,css,R172-13,1985-12-21,1988-05-08,
LEGIARTI000006748369,css,R172-13,1988-05-08,2000-01-01,
LEGIARTI000006748370,css,R172-13,2000-01-01,2009-06-01,
LEGIARTI000020528904,css,R172-13,2009-06-01,2016-01-01,
LEGIARTI000006748371,css,R172-14,1985-12-21,1987-10-01,
LEGIARTI000006748372,css,R172-14,1987-10-01,2016-01-01,
LEGIARTI000006748373,css,R172-15,1985-12-21,1988-05-08,
LEGIARTI000006748374,css,R172-15,1988-05-08,2016-01-01,
LEGIARTI000006747856,css,R172-16,1986-07-17,2016-07-01,
LEGIARTI000032586917,css,R172-16,2016-07-01,,
LEGIARTI000006747857,css,R172-17,1986-07-17,2016-07-01,
LEGIARTI000032586913,css,R172-17,2016-07-01,,
LEGIARTI000032586911,css,R172-17-1,2016-07-01,,
LEGIARTI000006747858,css,R172-18,1986-07-17,2016-07-01,
LEGIARTI000032586906,css,R172-18,2016-07-01,,
LEGIARTI000006747859,css,R172-19,1986-07-17,2016-07-01,
LEGIARTI000032586902,css,R172-19,2016-07-01,,
LEGIARTI000006747860,css,R172-20,1986-07-17,2016-07-01,
LEGIARTI000032586899,css,R172-20,2016-07-01,,
LEGIARTI000032586897,css,R172-20-1,2016-07-01,,
LEGIARTI000006747861,css,R172-21,1986-07-17,2016-07-01,
LEGIARTI000032586894,css,R172-21,2016-07-01,,
LEGIARTI000032586892,css,R172-21-1,2016-07-01,2020-01-01,
LEGIARTI000037942038,css,R172-21-1,2020-01-01,2022-04-01,
LEGIARTI000045250323,css,R172-21-1,2022-04-01,,
LEGIARTI000032586890,css,R172-21-2,2016-07-01,,
LEGIARTI000032586888,css,R172-21-3,2016-07-01,,
LEGIARTI000037924976,css,R172-21-4,2019-01-01,,
LEGIARTI000006747862,css,R172-22,1988-05-08,2016-01-01,
LEGIARTI000031829064,css,R172-22,2016-01-01,,
LEGIARTI000006747863,css,R173-1,1985-12-21,,
LEGIARTI000006747865,css,R173-2,1985-12-21,2017-07-01,
LEGIARTI000034595909,css,R173-2,2017-07-01,,
LEGIARTI000006746801,css,R173-3,1985-12-21,1990-03-01,
LEGIARTI000006746802,css,R173-3,1990-03-01,2026-01-01,
LEGIARTI000053339888,css,R173-3,2026-01-01,,
LEGIARTI000023794540,css,R173-3-1,2011-07-01,2026-01-01,
LEGIARTI000053335433,css,R173-3-1,2026-01-01,2026-11-01,
LEGIARTI000054060169,css,R173-3-1,2026-11-01,,
LEGIARTI000053327958,css,R173-3-2,2026-01-01,2026-05-09,
LEGIARTI000054059837,css,R173-3-2,2026-05-09,2026-08-01,
LEGIARTI000054589934,css,R173-3-2,2026-08-01,,
LEGIARTI000053327917,css,R173-3-3,2026-01-01,,
LEGIARTI000006747866,css,R173-4,1985-12-21,2026-01-01,
LEGIARTI000053335453,css,R173-4,2026-01-01,,
LEGIARTI000006747867,css,R173-4-1,1997-11-01,2017-05-06,
LEGIARTI000034595972,css,R173-4-1,2017-05-06,2019-07-08,
LEGIARTI000038790415,css,R173-4-1,2019-07-08,2026-01-01,
LEGIARTI000053335468,css,R173-4-1,2026-01-01,,
LEGIARTI000006747868,css,R173-4-2,2004-02-15,2017-05-06,
LEGIARTI000034595977,css,R173-4-2,2017-05-06,2026-01-01,
LEGIARTI000006747869,css,R173-4-3,2004-02-15,2006-01-28,
LEGIARTI000006747870,css,R173-4-3,2006-01-28,2010-05-08,
LEGIARTI000022287439,css,R173-4-3,2010-05-08,2019-07-08,
LEGIARTI000038790394,css,R173-4-3,2019-07-08,2026-01-01,
LEGIARTI000033084964,css,R173-4-4,2017-01-01,2017-05-06,
LEGIARTI000034595986,css,R173-4-4,2017-05-06,2019-07-08,
LEGIARTI000038790366,css,R173-4-4,2019-07-08,2022-01-01,
LEGIARTI000045681361,css,R173-4-4,2022-01-01,2023-09-01,
LEGIARTI000047961058,css,R173-4-4,2023-09-01,2026-01-01,
LEGIARTI000053335474,css,R173-4-4,2026-01-01,,
LEGIARTI000034595887,css,R173-4-4-1,2017-07-01,2026-01-01,
LEGIARTI000053335493,css,R173-4-4-1,2026-01-01,,
LEGIARTI000033084977,css,R173-4-5,2017-01-01,,
LEGIARTI000053389663,css,R173-4-6,2026-01-22,,
LEGIARTI000006747871,css,R173-5,1985-12-21,2011-03-17,
LEGIARTI000023719567,css,R173-5,2011-03-17,,
LEGIARTI000006747872,css,R173-6,1985-12-21,2011-03-17,
LEGIARTI000023719561,css,R173-6,2011-03-17,,
LEGIARTI000006747874,css,R173-7,1985-12-21,2011-03-17,
LEGIARTI000023719554,css,R173-7,2011-03-17,,
LEGIARTI000006747875,css,R173-8,1985-12-21,2011-03-17,
LEGIARTI000023719547,css,R173-8,2011-03-17,,
LEGIARTI000006747876,css,R173-9,1985-12-21,2011-03-17,
LEGIARTI000006747877,css,R173-10,1985-12-21,2011-03-17,
LEGIARTI000006747878,css,R173-11,1985-12-21,2011-03-17,
LEGIARTI000006747879,css,R173-12,1985-12-21,2011-03-17,
LEGIARTI000006747880,css,R173-13,1985-12-21,2011-03-17,
LEGIARTI000006747881,css,R173-14,1985-12-21,2011-03-17,
LEGIARTI000006747882,css,R173-15,1985-12-21,2001-09-18,
LEGIARTI000006747883,css,R173-15,2001-09-18,2008-08-24,
LEGIARTI000019375554,css,R173-15,2008-08-24,2011-05-30,
LEGIARTI000024083898,css,R173-15,2011-05-30,2015-01-01,
LEGIARTI000030059086,css,R173-15,2015-01-01,2017-05-06,
LEGIARTI000034595998,css,R173-15,2017-05-06,,
LEGIARTI000024082508,css,R173-15-1,2011-05-30,,
LEGIARTI000030047301,css,R173-15-2,2015-01-01,,
LEGIARTI000006747885,css,R173-16,1985-12-21,2011-05-30,
LEGIARTI000024083906,css,R173-16,2011-05-30,,
LEGIARTI000006747886,css,R173-17,1985-12-21,2006-07-01,
LEGIARTI000006747887,css,R173-17,2006-07-01,2010-05-08,
LEGIARTI000022287463,css,R173-17,2010-05-08,2017-05-06,
LEGIARTI000034595897,css,R173-17,2017-05-06,2017-07-01,
LEGIARTI000034596107,css,R173-17,2017-07-01,2019-07-08,
LEGIARTI000038790348,css,R173-17,2019-07-08,2026-01-01,
LEGIARTI000053335508,css,R173-17,2026-01-01,,
LEGIARTI000020791823,css,R173-17-1,2009-06-26,2010-05-08,
LEGIARTI000022287867,css,R173-17-1,2010-05-08,2017-05-06,
LEGIARTI000034596007,css,R173-17-1,2017-05-06,2019-07-08,
LEGIARTI000038790317,css,R173-17-1,2019-07-08,2026-01-01,
LEGIARTI000053335521,css,R173-17-1,2026-01-01,,
LEGIARTI000033666951,css,R173-17-2,2016-12-23,2017-07-01,
LEGIARTI000034595894,css,R173-17-2,2017-07-01,,
LEGIARTI000053327900,css,R173-17-3,2026-01-01,,
LEGIARTI000006747888,css,R173-18,1985-12-21,,
LEGIARTI000006747889,css,R173-19,1995-01-01,,
LEGIARTI000006749305,css,R341-1,1985-12-21,,
LEGIARTI000006749306,css,R341-2,1985-12-21,2022-04-01,
LEGIARTI000045250316,css,R341-2,2022-04-01,,
LEGIARTI000006749307,css,R341-3,1985-12-21,2019-01-01,
LEGIARTI000037551914,css,R341-3,2019-01-01,2020-01-01,
LEGIARTI000041404403,css,R341-3,2020-01-01,2022-04-01,
LEGIARTI000045250310,css,R341-3,2022-04-01,,
LEGIARTI000006749308,css,R341-4,1985-12-21,1993-08-28,
LEGIARTI000006749309,css,R341-4,1993-08-28,2011-06-01,
LEGIARTI000024106812,css,R341-4,2011-06-01,2022-04-01,
LEGIARTI000045250301,css,R341-4,2022-04-01,,
LEGIARTI000006749311,css,R341-5,1985-12-21,2011-06-01,
LEGIARTI000024106823,css,R341-5,2011-06-01,,
LEGIARTI000006750014,css,R341-6,1985-12-21,1986-10-01,
LEGIARTI000006750015,css,R341-6,1986-10-01,,
LEGIARTI000018981740,css,R341-6-1,2008-06-14,,
LEGIARTI000006749312,css,R341-7,1985-12-21,2022-04-01,
LEGIARTI000006749313,css,R341-7-1,1994-01-01,2004-08-25,
LEGIARTI000006749314,css,R341-7-1,2004-08-25,2007-01-13,
LEGIARTI000006749315,css,R341-8,1985-12-21,2022-04-01,
LEGIARTI000045250297,css,R341-8,2022-04-01,,
LEGIARTI000006749316,css,R341-9,1985-12-21,2019-07-08,
LEGIARTI000038787446,css,R341-9,2019-07-08,2022-04-01,
LEGIARTI000045250290,css,R341-9,2022-04-01,,
LEGIARTI000006749317,css,R341-10,1985-12-21,2019-07-08,
LEGIARTI000038787436,css,R341-10,2019-07-08,2022-04-01,
LEGIARTI000045250283,css,R341-10,2022-04-01,,
LEGIARTI000006749320,css,R341-11,1985-12-21,1993-08-28,
LEGIARTI000006749321,css,R341-11,1993-08-28,2022-04-01,
LEGIARTI000045250277,css,R341-11,2022-04-01,,
LEGIARTI000006749318,css,R341-12,1985-12-21,,
LEGIARTI000006749319,css,R341-13,1985-12-21,2022-04-01,
LEGIARTI000045250274,css,R341-13,2022-04-01,,
LEGIARTI000006749322,css,R341-14,1985-12-21,2011-06-01,
LEGIARTI000024100456,css,R341-14,2011-06-01,2022-04-01,
LEGIARTI000045250272,css,R341-14,2022-04-01,,
LEGIARTI000006750016,css,R341-15,1985-12-21,1986-10-01,
LEGIARTI000006750017,css,R341-15,1986-10-01,1989-03-18,
LEGIARTI000006750018,css,R341-15,1989-03-18,2011-06-01,
LEGIARTI000006749323,css,R341-16,1985-12-21,2011-06-01,
LEGIARTI000024106807,css,R341-16,2011-06-01,,
LEGIARTI000006749324,css,R341-17,1985-12-21,2011-06-01,
LEGIARTI000024106802,css,R341-17,2011-06-01,2019-07-08,
LEGIARTI000038787015,css,R341-17,2019-07-08,2022-04-01,
LEGIARTI000045250256,css,R341-17,2022-04-01,2023-07-30,
LEGIARTI000047908363,css,R341-17,2023-07-30,,
LEGIARTI000006749325,css,R341-18,1985-12-21,2022-04-01,
LEGIARTI000006749326,css,R341-19,1985-12-21,2022-04-01,
LEGIARTI000006749327,css,R341-20,1985-12-21,,
LEGIARTI000006749328,css,R341-21,1985-12-21,2017-05-06,
LEGIARTI000034623857,css,R341-21,2017-05-06,,
LEGIARTI000006749330,css,R341-22,1985-12-21,2011-06-03,
LEGIARTI000024112993,css,R341-22,2011-06-03,2023-09-01,
LEGIARTI000047633241,css,R341-22,2023-09-01,,
LEGIARTI000006749331,css,R341-23,1985-12-21,2011-06-03,
LEGIARTI000006749332,css,R341-24,1985-12-21,2022-04-01,
LEGIARTI000006749339,css,R351-1,1985-12-21,,
LEGIARTI000006749340,css,R351-2,1985-12-21,2011-06-03,
LEGIARTI000024113000,css,R351-2,2011-06-03,2023-09-01,
LEGIARTI000047985060,css,R351-2-1,2023-09-01,2026-01-01,
LEGIARTI000053335540,css,R351-2-1,2026-01-01,2026-08-01,
LEGIARTI000054589948,css,R351-2-1,2026-08-01,,
LEGIARTI000006749341,css,R351-3,1985-12-21,2026-01-22,
LEGIARTI000053389999,css,R351-3,2026-01-22,,
LEGIARTI000006749342,css,R351-4,1985-12-21,2000-04-09,
LEGIARTI000006749343,css,R351-4,2000-04-09,2004-09-16,
LEGIARTI000006749344,css,R351-4,2004-09-16,2010-05-08,
LEGIARTI000022287538,css,R351-4,2010-05-08,2017-05-06,
LEGIARTI000034596041,css,R351-4,2017-05-06,2019-07-08,
LEGIARTI000038790293,css,R351-4,2019-07-08,2026-01-01,
LEGIARTI000053335565,css,R351-4,2026-01-01,,
LEGIARTI000006749346,css,R351-5,1985-12-21,,
LEGIARTI000006749347,css,R351-6,1985-12-21,2004-02-15,
LEGIARTI000006749348,css,R351-6,2004-02-15,2007-04-27,
LEGIARTI000006749349,css,R351-6,2007-04-27,2026-01-01,
LEGIARTI000053335582,css,R351-6,2026-01-01,,
LEGIARTI000006749350,css,R351-7,1985-12-21,2004-02-15,
LEGIARTI000006749351,css,R351-7,2004-02-15,2011-06-03,
LEGIARTI000024113035,css,R351-7,2011-06-03,2023-09-01,
LEGIARTI000047633307,css,R351-7,2023-09-01,2026-01-01,
LEGIARTI000053335592,css,R351-7,2026-01-01,,
LEGIARTI000006749352,css,R351-8,1985-12-21,2026-01-01,
LEGIARTI000006749353,css,R351-9,1985-12-21,2014-03-21,
LEGIARTI000028751530,css,R351-9,2014-03-21,2026-01-01,
LEGIARTI000053335598,css,R351-9,2026-01-01,,
LEGIARTI000006749354,css,R351-10,1985-12-21,,
LEGIARTI000006750021,css,R351-11,1985-12-21,1987-08-15,
LEGIARTI000006750022,css,R351-11,1987-08-15,1988-05-08,
LEGIARTI000006750023,css,R351-11,1988-05-08,1990-12-01,
LEGIARTI000006750024,css,R351-11,1990-12-01,2008-06-14,
LEGIARTI000018981745,css,R351-11,2008-06-14,2008-08-28,
LEGIARTI000019380370,css,R351-11,2008-08-28,2020-01-01,
LEGIARTI000039222886,css,R351-11,2020-01-01,2026-01-01,
LEGIARTI000053335606,css,R351-11,2026-01-01,,
LEGIARTI000006750025,css,R351-12,1985-12-21,1987-08-15,
LEGIARTI000006750026,css,R351-12,1987-08-15,1990-11-30,
LEGIARTI000006750027,css,R351-12,1990-11-30,2000-12-21,
LEGIARTI000006750028,css,R351-12,2000-12-21,2001-06-12,
LEGIARTI000006750029,css,R351-12,2001-06-12,2004-02-15,
LEGIARTI000006750030,css,R351-12,2004-02-15,2011-06-03,
LEGIARTI000024113005,css,R351-12,2011-06-03,2011-08-05,
LEGIARTI000024438787,css,R351-12,2011-08-05,2012-11-01,
LEGIARTI000026560090,css,R351-12,2012-11-01,2014-06-02,
LEGIARTI000029012986,css,R351-12,2014-06-02,2015-10-09,
LEGIARTI000031285238,css,R351-12,2015-10-09,2016-01-01,
LEGIARTI000031828370,css,R351-12,2016-01-01,2021-05-13,
LEGIARTI000043495410,css,R351-12,2021-05-13,2023-09-01,
LEGIARTI000047985880,css,R351-12,2023-09-01,2026-01-01,
LEGIARTI000053335617,css,R351-12,2026-01-01,2026-07-01,
LEGIARTI000054167657,css,R351-12,2026-07-01,2026-11-01,
LEGIARTI000054425288,css,R351-12,2026-11-01,,
LEGIARTI000006750032,css,R351-13,1985-12-21,1987-08-15,
LEGIARTI000006750033,css,R351-13,1987-08-15,2011-08-05,
LEGIARTI000024438779,css,R351-13,2011-08-05,2016-01-01,
LEGIARTI000031828810,css,R351-13,2016-01-01,2021-05-13,
LEGIARTI000043495391,css,R351-13,2021-05-13,2024-07-01,
LEGIARTI000049795134,css,R351-13,2024-07-01,,
LEGIARTI000006749355,css,R351-14,1985-12-21,2004-02-15,
LEGIARTI000026560107,css,R351-14,2012-11-01,2020-01-01,
LEGIARTI000039647995,css,R351-14,2020-01-01,2026-01-01,
LEGIARTI000053335633,css,R351-14,2026-01-01,,
LEGIARTI000006750034,css,R351-15,1985-12-21,1987-10-01,
LEGIARTI000006750035,css,R351-15,1987-10-01,,
LEGIARTI000006749356,css,R351-16,1985-12-21,,
LEGIARTI000006750036,css,R351-17,1985-12-21,1987-10-01,
LEGIARTI000006750037,css,R351-17,1987-10-01,,
LEGIARTI000006749357,css,R351-18,1985-12-21,,
LEGIARTI000006749358,css,R351-19,1985-12-21,,
LEGIARTI000006749359,css,R351-20,1985-12-21,,
LEGIARTI000006749360,css,R351-21,1985-12-21,,
LEGIARTI000006749361,css,R351-22,1985-12-21,2001-06-22,
LEGIARTI000006749362,css,R351-22,2001-06-22,,
LEGIARTI000006749363,css,R351-23,1985-12-21,,
LEGIARTI000006749364,css,R351-24,1985-12-21,2010-04-01,
LEGIARTI000022073115,css,R351-24,2010-04-01,,
LEGIARTI000023794690,css,R351-24-1,2011-07-01,2019-12-01,
LEGIARTI000038423494,css,R351-24-1,2019-12-01,,
LEGIARTI000024111740,css,R351-24-2,2011-06-03,,
LEGIARTI000024111743,css,R351-24-3,2011-06-03,2015-01-01,
LEGIARTI000030058882,css,R351-24-3,2015-01-01,2023-09-01,
LEGIARTI000047633303,css,R351-24-3,2023-09-01,,
LEGIARTI000006749365,css,R351-25,1985-12-21,2004-02-15,
LEGIARTI000020791832,css,R351-25,2009-06-26,2026-01-01,
LEGIARTI000053335638,css,R351-25,2026-01-01,,
LEGIARTI000006749367,css,R351-26,1985-12-21,2012-04-27,
LEGIARTI000025749165,css,R351-26,2012-04-27,2016-02-08,
LEGIARTI000006749434,css,R351-27,1985-12-21,1993-08-28,
LEGIARTI000006749435,css,R351-27,1993-08-28,2004-02-15,
LEGIARTI000006749436,css,R351-27,2004-02-15,2009-01-01,
LEGIARTI000020082993,css,R351-27,2009-01-01,2011-06-03,
LEGIARTI000024113020,css,R351-27,2011-06-03,2023-09-01,
LEGIARTI000047633296,css,R351-27,2023-09-01,2026-01-01,
LEGIARTI000053335645,css,R351-27,2026-01-01,2026-08-01,
LEGIARTI000054589995,css,R351-27,2026-08-01,,
LEGIARTI000029560610,css,R351-27-1,2015-01-01,,
LEGIARTI000006749368,css,R351-28,1985-12-21,2009-01-01,
LEGIARTI000006750038,css,R351-29,1985-12-21,1987-08-15,
LEGIARTI000006750039,css,R351-29,1987-08-15,1988-05-08,
LEGIARTI000006750040,css,R351-29,1988-05-08,1993-08-28,
LEGIARTI000006750041,css,R351-29,1993-08-28,2004-02-15,
LEGIARTI000006750042,css,R351-29,2004-02-15,2005-11-03,
LEGIARTI000006750043,css,R351-29,2005-11-03,2011-01-01,
LEGIARTI000023416577,css,R351-29,2011-01-01,2011-04-18,
LEGIARTI000023868111,css,R351-29,2011-04-18,2023-09-01,
LEGIARTI000047961046,css,R351-29,2023-09-01,2023-08-23,
LEGIARTI000047985858,css,R351-29,2023-09-01,2023-08-31,
LEGIARTI000048031614,css,R351-29,2023-09-01,2025-02-22,
LEGIARTI000051226243,css,R351-29,2025-02-22,2026-01-01,
LEGIARTI000053335651,css,R351-29,2026-01-01,,
LEGIARTI000006749369,css,R351-29-1,1993-08-28,2004-02-15,
LEGIARTI000006749370,css,R351-29-1,2004-02-15,2007-04-27,
LEGIARTI000006749371,css,R351-29-1,2007-04-27,2026-01-01,
LEGIARTI000006749372,css,R351-29-2,1994-01-01,2004-08-25,
LEGIARTI000006749373,css,R351-29-2,2004-08-25,2007-01-13,
LEGIARTI000006750044,css,R351-30,1985-12-21,1986-12-01,
LEGIARTI000006750045,css,R351-30,1986-12-01,,
LEGIARTI000006749374,css,R351-31,1985-12-21,2001-06-22,
LEGIARTI000006749375,css,R351-31,2001-06-22,2007-01-13,
LEGIARTI000006749376,css,R351-31,2007-01-13,2011-06-03,
LEGIARTI000006749377,css,R351-32,1985-12-21,2007-01-13,
LEGIARTI000006749378,css,R351-32,2007-01-13,2011-06-03,
LEGIARTI000006750047,css,R351-33,1985-12-21,1986-12-01,
LEGIARTI000006750048,css,R351-33,1986-12-01,2011-06-03,
LEGIARTI000006749437,css,R351-34,1985-12-21,1990-11-30,
LEGIARTI000006749438,css,R351-34,1990-11-30,1997-11-01,
LEGIARTI000006749439,css,R351-34,1997-11-01,1998-11-14,
LEGIARTI000006749440,css,R351-34,1998-11-14,2010-06-21,
LEGIARTI000022373849,css,R351-34,2010-06-21,2019-07-08,
LEGIARTI000038790892,css,R351-34,2019-07-08,2026-01-01,
LEGIARTI000053335682,css,R351-34,2026-01-01,,
LEGIARTI000006749379,css,R351-35,1985-12-21,2019-07-08,
LEGIARTI000038790283,css,R351-35,2019-07-08,2026-01-01,
LEGIARTI000006749380,css,R351-36,1985-12-21,2026-01-01,
LEGIARTI000006749382,css,R351-37,1985-12-21,2004-02-15,
LEGIARTI000006749383,css,R351-37,2004-02-15,2011-07-01,
LEGIARTI000023796396,css,R351-37,2011-07-01,2023-09-01,
LEGIARTI000047633235,css,R351-37,2023-09-01,2026-11-01,
LEGIARTI000054060160,css,R351-37,2026-11-01,,
LEGIARTI000006749384,css,R351-37-1,1988-05-10,,
LEGIARTI000006749441,css,R351-37-2,1988-05-10,1992-05-23,
LEGIARTI000006749442,css,R351-37-2,1992-05-23,2011-01-01,
LEGIARTI000023416596,css,R351-37-2,2011-01-01,2017-05-06,
LEGIARTI000034623100,css,R351-37-2,2017-05-06,2019-07-08,
LEGIARTI000038789423,css,R351-37-2,2019-07-08,,
LEGIARTI000006749385,css,R351-37-3,1988-05-10,2011-01-01,
LEGIARTI000006749386,css,R351-37-4,1988-05-10,2011-01-01,
LEGIARTI000006749387,css,R351-37-5,1988-05-10,2011-01-01,
LEGIARTI000023416573,css,R351-37-5,2011-01-01,,
LEGIARTI000006749443,css,R351-37-6,1988-05-10,1992-05-23,
LEGIARTI000006749444,css,R351-37-6,1992-05-23,2011-01-01,
LEGIARTI000023416569,css,R351-37-6,2011-01-01,,
LEGIARTI000006749388,css,R351-37-7,1988-05-10,,
LEGIARTI000006749389,css,R351-37-8,1988-05-10,,
LEGIARTI000006749390,css,R351-37-9,1988-05-10,2011-01-01,
LEGIARTI000023416565,css,R351-37-9,2011-01-01,,
LEGIARTI000006749391,css,R351-37-10,1988-05-10,,
LEGIARTI000006749393,css,R351-37-11,1988-05-10,2011-01-01,
LEGIARTI000023416561,css,R351-37-11,2011-01-01,,
LEGIARTI000006749394,css,R351-38,1985-12-21,,
LEGIARTI000006749445,css,R351-39,1988-05-04,1993-08-28,
LEGIARTI000006749446,css,R351-39,1993-08-28,2006-06-08,
LEGIARTI000006749447,css,R351-39,2006-06-08,2014-12-18,
LEGIARTI000029916118,css,R351-39,2014-12-18,2022-01-01,
LEGIARTI000045681439,css,R351-39,2022-01-01,2023-09-01,
LEGIARTI000053327980,css,R351-39,2026-01-01,,
LEGIARTI000006749395,css,R351-40,1988-05-04,2006-06-08,
LEGIARTI000006749396,css,R351-40,2006-06-08,2017-01-01,
LEGIARTI000033471255,css,R351-40,2017-01-01,2017-12-03,
LEGIARTI000036130383,css,R351-40,2017-12-03,2022-01-01,
LEGIARTI000045681432,css,R351-40,2022-01-01,2023-09-01,
LEGIARTI000006749397,css,R351-41,1988-05-04,2014-12-18,
LEGIARTI000029916110,css,R351-41,2014-12-18,2017-12-03,
LEGIARTI000036130391,css,R351-41,2017-12-03,2022-01-01,
LEGIARTI000045681420,css,R351-41,2022-01-01,2023-09-01,
LEGIARTI000006749398,css,R351-42,1988-05-04,2022-01-01,
LEGIARTI000045681415,css,R351-42,2022-01-01,2023-09-01,
LEGIARTI000006749399,css,R351-43,1988-05-04,2017-12-03,
LEGIARTI000036130401,css,R351-43,2017-12-03,2022-01-01,
LEGIARTI000045681407,css,R351-43,2022-01-01,2023-09-01,
LEGIARTI000006749400,css,R351-44,1988-05-04,2014-12-18,
LEGIARTI000029916101,css,R351-44,2014-12-18,2022-01-01,
LEGIARTI000045681397,css,R351-44,2022-01-01,2023-09-01,
LEGIARTI000006749449,css,R351-45,1993-08-28,1995-05-10,
LEGIARTI000006749450,css,R351-45,1995-05-10,2009-01-01,
LEGIARTI000006749401,css,R352-1,1985-12-21,2004-10-22,
LEGIARTI000053335689,css,R352-1,2026-01-01,,
LEGIARTI000006750049,css,R352-2,1985-12-21,1986-12-01,
LEGIARTI000006750050,css,R352-2,1986-12-01,2010-01-09,
LEGIARTI000006749451,css,R353-1,1985-12-21,1990-11-30,
LEGIARTI000006749452,css,R353-1,1990-11-30,2004-08-25,
LEGIARTI000006749453,css,R353-1,2004-08-25,2004-12-30,
LEGIARTI000006749454,css,R353-1,2004-12-30,2007-01-13,
LEGIARTI000006749455,css,R353-1,2007-01-13,2009-01-01,
LEGIARTI000020082979,css,R353-1,2009-01-01,2010-05-08,
LEGIARTI000022287566,css,R353-1,2010-05-08,2017-05-06,
LEGIARTI000034596023,css,R353-1,2017-05-06,2019-07-08,
LEGIARTI000038790257,css,R353-1,2019-07-08,,
LEGIARTI000006749402,css,R353-1-1,2004-08-25,2004-12-30,
LEGIARTI000006749403,css,R353-1-1,2004-12-30,2007-01-13,
LEGIARTI000006749404,css,R353-1-1,2007-01-13,2011-06-03,
LEGIARTI000024113027,css,R353-1-1,2011-06-03,2026-01-01,
LEGIARTI000053335692,css,R353-1-1,2026-01-01,,
LEGIARTI000006749405,css,R353-2,1985-12-21,,
LEGIARTI000006749406,css,R353-3,1985-12-21,2004-08-25,
LEGIARTI000006749407,css,R353-3,2004-08-25,2007-04-27,
LEGIARTI000006749408,css,R353-3,2007-04-27,2011-06-03,
LEGIARTI000024113043,css,R353-3,2011-06-03,,
LEGIARTI000006749409,css,R353-3-1,1993-08-28,2004-08-25,
LEGIARTI000006749410,css,R353-4,1985-12-21,2004-08-25,
LEGIARTI000006749411,css,R353-4,2004-08-25,,
LEGIARTI000006749412,css,R353-5,1985-12-21,2004-08-25,
LEGIARTI000006749413,css,R353-6,1985-12-21,2011-06-03,
LEGIARTI000024113077,css,R353-6,2011-06-03,,
LEGIARTI000006750051,css,R353-7,1985-12-21,1986-12-01,
LEGIARTI000006750052,css,R353-7,1986-12-01,2004-08-25,
LEGIARTI000006750053,css,R353-7,2004-08-25,2009-01-01,
LEGIARTI000020082988,css,R353-7,2009-01-01,,
LEGIARTI000006749414,css,R353-8,1985-12-21,,
LEGIARTI000006749456,css,R353-9,1988-05-08,1990-11-30,
LEGIARTI000006749457,css,R353-9,1990-11-30,2011-06-03,
LEGIARTI000024113067,css,R353-9,2011-06-03,2016-01-01,
LEGIARTI000031828755,css,R353-9,2016-01-01,,
LEGIARTI000006749416,css,R353-10,1988-05-08,,
LEGIARTI000006749417,css,R353-11,1988-05-08,2026-01-01,
LEGIARTI000053335708,css,R353-11,2026-01-01,,
LEGIARTI000020791843,css,R353-12,2009-06-26,,
LEGIARTI000020791839,css,R353-13,2009-06-26,2011-06-03,
LEGIARTI000024113062,css,R353-13,2011-06-03,2026-01-01,
LEGIARTI000053335717,css,R353-13,2026-01-01,,
LEGIARTI000020791836,css,R353-14,2009-06-26,,
LEGIARTI000006749458,css,R354-1,1985-12-21,1990-11-30,
LEGIARTI000006749459,css,R354-1,1990-11-30,1997-11-01,
LEGIARTI000006749460,css,R354-1,1997-11-01,1998-11-14,
LEGIARTI000006749461,css,R354-1,1998-11-14,2001-06-22,
LEGIARTI000006749462,css,R354-1,2001-06-22,2010-06-21,
LEGIARTI000022373839,css,R354-1,2010-06-21,2019-07-08,
LEGIARTI000038790872,css,R354-1,2019-07-08,,
LEGIARTI000006750054,css,R355-1,1985-12-21,1986-12-01,
LEGIARTI000006750055,css,R355-1,1986-12-01,2011-06-03,
LEGIARTI000024113081,css,R355-1,2011-06-03,,
LEGIARTI000006750056,css,R355-2,1985-12-21,1986-01-29,
LEGIARTI000006750057,css,R355-2,1986-01-29,2026-01-01,
LEGIARTI000053335726,css,R355-2,2026-01-01,,
LEGIARTI000006749418,css,R355-3,1985-12-21,2010-04-01,
LEGIARTI000022073113,css,R355-3,2010-04-01,2019-07-08,
LEGIARTI000038790869,css,R355-3,2019-07-08,2026-01-01,
LEGIARTI000053335734,css,R355-3,2026-01-01,,
LEGIARTI000006749419,css,R355-4,1985-12-21,2010-04-01,
LEGIARTI000022073108,css,R355-4,2010-04-01,2019-07-08,
LEGIARTI000038790860,css,R355-4,2019-07-08,2026-01-01,
LEGIARTI000053335738,css,R355-4,2026-01-01,,
LEGIARTI000006749420,css,R355-5,1985-12-21,2010-04-01,
LEGIARTI000022073106,css,R355-5,2010-04-01,2019-07-08,
LEGIARTI000038790857,css,R355-5,2019-07-08,2026-01-01,
LEGIARTI000006749421,css,R355-6,1985-12-21,2026-01-01,
LEGIARTI000006749422,css,R356-1,1985-12-21,1999-05-16,
LEGIARTI000006749423,css,R356-1,1999-05-16,2004-08-25,
LEGIARTI000053335744,css,R356-1,2026-01-01,,
LEGIARTI000006750058,css,R356-2,1985-12-21,1987-08-15,
LEGIARTI000006750059,css,R356-2,1987-08-15,1988-05-08,
LEGIARTI000006750060,css,R356-2,1988-05-08,2004-08-25,
LEGIARTI000006750062,css,R356-3,1985-12-21,1987-10-07,
LEGIARTI000006750063,css,R356-3,1987-10-07,2000-02-05,
LEGIARTI000006750064,css,R356-3,2000-02-05,2001-11-20,
LEGIARTI000006750065,css,R356-3,2001-11-20,2004-08-25,
LEGIARTI000006750066,css,R356-4,1985-12-21,1987-10-07,
LEGIARTI000006750067,css,R356-4,1987-10-07,1999-05-16,
LEGIARTI000006750068,css,R356-4,1999-05-16,2004-08-25,
LEGIARTI000006749424,css,R356-5,1985-12-21,2004-08-25,
LEGIARTI000006749426,css,R356-6,1985-12-21,2004-08-25,
LEGIARTI000006749427,css,R356-7,1985-12-21,2004-08-25,
LEGIARTI000006749428,css,R356-8,1985-12-21,2004-08-25,
LEGIARTI000006749429,css,R356-9,1985-12-21,1999-05-16,
LEGIARTI000006749430,css,R356-9,1999-05-16,2004-08-25,
LEGIARTI000006749431,css,R356-10,1985-12-21,2004-08-25,
LEGIARTI000006749432,css,R356-11,1985-12-21,2004-08-25,
LEGIARTI000006749433,css,R356-12,1985-12-21,2004-08-25,
LEGIARTI000006750069,css,R381-1,1985-12-21,1987-03-29,
LEGIARTI000006750070,css,R381-1,1987-03-29,2001-02-07,
LEGIARTI000006750071,css,R381-1,2001-02-07,2004-01-01,
LEGIARTI000006750072,css,R381-1,2004-01-01,2006-06-04,
LEGIARTI000006750073,css,R381-1,2006-06-04,2011-11-01,
LEGIARTI000024665347,css,R381-1,2011-11-01,2023-09-01,
LEGIARTI000047961955,css,R381-1,2023-09-01,,
LEGIARTI000006750074,css,R381-2,1985-12-21,1987-03-29,
LEGIARTI000006750075,css,R381-2,1987-03-29,1996-06-22,
LEGIARTI000006750076,css,R381-2,1996-06-22,2001-02-07,
LEGIARTI000006750077,css,R381-2,2001-02-07,2004-01-01,
LEGIARTI000006750078,css,R381-2,2004-01-01,2006-06-04,
LEGIARTI000006750079,css,R381-2,2006-06-04,2010-04-01,
LEGIARTI000022073118,css,R381-2,2010-04-01,2015-01-01,
LEGIARTI000030055459,css,R381-2,2015-01-01,2017-05-06,
LEGIARTI000034623097,css,R381-2,2017-05-06,2019-07-08,
LEGIARTI000038790854,css,R381-2,2019-07-08,,
LEGIARTI000024664307,css,R381-2-1,2011-11-01,2022-04-30,
LEGIARTI000045709294,css,R381-2-1,2022-04-30,2023-09-01,
LEGIARTI000006750080,css,R381-3,1985-12-21,1987-03-29,
LEGIARTI000006750081,css,R381-3,1987-03-29,1994-07-01,
LEGIARTI000006750082,css,R381-3,1994-07-01,2001-02-07,
LEGIARTI000006750083,css,R381-3,2001-02-07,2002-10-13,
LEGIARTI000006750084,css,R381-3,2002-10-13,2004-01-01,
LEGIARTI000006750085,css,R381-3,2004-01-01,2006-06-04,
LEGIARTI000006750086,css,R381-3,2006-06-04,2011-11-01,
LEGIARTI000024665343,css,R381-3,2011-11-01,2015-01-01,
LEGIARTI000030055462,css,R381-3,2015-01-01,2017-01-01,
LEGIARTI000033507324,css,R381-3,2017-01-01,2023-09-01,
LEGIARTI000047961951,css,R381-3,2023-09-01,,
LEGIARTI000006749516,css,R381-3-1,1994-07-01,2001-02-07,
LEGIARTI000006749517,css,R381-3-1,2001-02-07,2004-01-01,
LEGIARTI000006749518,css,R381-3-1,2004-01-01,2006-06-04,
LEGIARTI000006749519,css,R381-3-1,2006-06-04,2011-11-01,
LEGIARTI000024665363,css,R381-3-1,2011-11-01,2015-01-01,
LEGIARTI000030055466,css,R381-3-1,2015-01-01,2017-01-01,
LEGIARTI000033507319,css,R381-3-1,2017-01-01,2023-09-01,
LEGIARTI000047961944,css,R381-3-1,2023-09-01,,
LEGIARTI000006750087,css,R381-4,1985-12-21,1987-03-29,
LEGIARTI000006750088,css,R381-4,1987-03-29,2001-02-07,
LEGIARTI000006750089,css,R381-4,2001-02-07,2004-01-01,
LEGIARTI000006750090,css,R381-4,2004-01-01,2006-06-04,
LEGIARTI000006750091,css,R381-4,2006-06-04,,
LEGIARTI000006749844,css,R381-5,1985-12-21,1994-11-09,
LEGIARTI000006749845,css,R381-5,1994-11-09,2019-01-01,
LEGIARTI000047961931,css,R381-5,2023-09-01,,
LEGIARTI000006749520,css,R381-6,1985-12-21,2019-01-01,
LEGIARTI000047961920,css,R381-6,2023-09-01,,
LEGIARTI000006749521,css,R381-7,1985-12-21,2017-05-06,
LEGIARTI000047961910,css,R381-7,2023-09-01,,
LEGIARTI000006749522,css,R381-8,1985-12-21,2016-01-01,
LEGIARTI000047961900,css,R381-8,2023-09-01,,
LEGIARTI000006749523,css,R381-9,1985-12-21,2016-01-01,
LEGIARTI000047961889,css,R381-9,2023-09-01,,
LEGIARTI000006749846,css,R381-10,1985-12-21,1994-11-09,
LEGIARTI000006749847,css,R381-10,1994-11-09,2016-01-01,
LEGIARTI000006749524,css,R381-11,1985-12-21,2016-01-01,
LEGIARTI000006749525,css,R381-12,1985-12-21,2017-05-06,
LEGIARTI000006749527,css,R381-13,1985-12-21,2010-01-01,
LEGIARTI000021508450,css,R381-13,2010-01-01,2017-05-06,
LEGIARTI000006749528,css,R381-14,1985-12-21,2010-01-01,
LEGIARTI000021508459,css,R381-14,2010-01-01,2017-05-06,
LEGIARTI000006749529,css,R381-15,1985-12-21,2007-06-01,
LEGIARTI000006749530,css,R381-15,2007-06-01,2008-07-27,
LEGIARTI000019247562,css,R381-15,2008-07-27,2016-01-01,
LEGIARTI000031828070,css,R381-15,2016-01-01,2019-01-01,
LEGIARTI000006749531,css,R381-16,1985-12-21,2003-08-28,
LEGIARTI000006749532,css,R381-16,2003-08-28,2008-07-27,
LEGIARTI000019247565,css,R381-16,2008-07-27,2016-01-01,
LEGIARTI000031828061,css,R381-16,2016-01-01,2019-01-01,
LEGIARTI000006749533,css,R381-17,1985-12-21,2003-08-28,
LEGIARTI000006749534,css,R381-17,2003-08-28,2008-07-27,
LEGIARTI000019247569,css,R381-17,2008-07-27,2016-01-01,
LEGIARTI000031828057,css,R381-17,2016-01-01,2017-05-06,
LEGIARTI000034623640,css,R381-17,2017-05-06,2019-01-01,
LEGIARTI000006749535,css,R381-18,1985-12-21,2008-07-27,
LEGIARTI000019247571,css,R381-18,2008-07-27,2016-01-01,
LEGIARTI000031828048,css,R381-18,2016-01-01,2019-01-01,
LEGIARTI000006749536,css,R381-19,1985-12-21,2016-01-01,
LEGIARTI000031828077,css,R381-19,2016-01-01,2019-01-01,
LEGIARTI000006749537,css,R381-20,1985-12-21,2016-01-01,
LEGIARTI000031828182,css,R381-20,2016-01-01,2019-01-01,
LEGIARTI000006749538,css,R381-21,1985-12-21,2003-08-28,
LEGIARTI000006749539,css,R381-21,2003-08-28,2008-07-27,
LEGIARTI000019247575,css,R381-21,2008-07-27,2016-01-01,
LEGIARTI000031828086,css,R381-21,2016-01-01,2017-04-30,
LEGIARTI000006749540,css,R381-22,1985-12-21,2016-01-01,
LEGIARTI000031828174,css,R381-22,2016-01-01,2019-01-01,
LEGIARTI000006749542,css,R381-23,1985-12-21,2016-01-01,
LEGIARTI000006749543,css,R381-24,1985-12-21,2016-01-01,
LEGIARTI000006749544,css,R381-25,1985-12-21,2016-01-01,
LEGIARTI000006749545,css,R381-26,1985-12-21,2012-03-29,
LEGIARTI000025584750,css,R381-26,2012-03-29,2016-01-01,
LEGIARTI000006749546,css,R381-27,1985-12-21,2016-01-01,
LEGIARTI000006749547,css,R381-28,1985-12-21,2012-03-29,
LEGIARTI000006749548,css,R381-29,1985-12-21,2010-01-01,
LEGIARTI000021508461,css,R381-29,2010-01-01,2016-01-01,
LEGIARTI000006749549,css,R381-30,1985-12-21,2016-01-01,
LEGIARTI000006749550,css,R381-31,1985-12-21,2016-01-01,
LEGIARTI000006749551,css,R381-32,1985-12-21,2016-01-01,
LEGIARTI000006749553,css,R381-33,1985-12-21,2016-01-01,
LEGIARTI000006749554,css,R381-34,1985-12-21,2006-11-01,
LEGIARTI000006749555,css,R381-35,1985-12-21,1999-12-29,
LEGIARTI000006749556,css,R381-36,1985-12-21,1999-12-29,
LEGIARTI000006749557,css,R381-36,1999-12-29,2004-02-26,
LEGIARTI000006749558,css,R381-36,2004-02-26,2006-11-01,
LEGIARTI000006749559,css,R381-37,1985-12-21,1999-12-29,
LEGIARTI000006749561,css,R381-38,1985-12-21,1999-12-29,
LEGIARTI000006749562,css,R381-39,1985-12-21,1999-12-29,
LEGIARTI000006749563,css,R381-40,1985-12-21,1999-12-29,
LEGIARTI000006749564,css,R381-41,1985-12-21,1999-12-29,
LEGIARTI000006749565,css,R381-42,1985-12-21,1999-12-29,
LEGIARTI000006749566,css,R381-43,1985-12-21,1999-12-29,
LEGIARTI000006749567,css,R381-44,1985-12-21,1999-12-29,
LEGIARTI000006750092,css,R381-45,1985-12-21,1986-07-17,
LEGIARTI000006750093,css,R381-45,1986-07-17,1999-12-29,
LEGIARTI000006749568,css,R381-46,1985-12-21,1999-12-29,
LEGIARTI000006749569,css,R381-47,1985-12-21,1999-12-29,
LEGIARTI000006749570,css,R381-47,1999-12-29,2006-11-01,
LEGIARTI000006750094,css,R381-48,1985-12-21,1986-03-20,
LEGIARTI000006750095,css,R381-48,1986-03-20,1999-12-29,
LEGIARTI000006749571,css,R381-49,1985-12-21,1999-12-29,
LEGIARTI000006749573,css,R381-50,1985-12-21,1999-12-29,
LEGIARTI000006749574,css,R381-51,1985-12-21,1999-12-29,
LEGIARTI000006749575,css,R381-52,1985-12-21,1999-12-29,
LEGIARTI000006749576,css,R381-53,1985-12-21,1999-12-29,
LEGIARTI000006749577,css,R381-54,1985-12-21,1999-12-29,
LEGIARTI000006749578,css,R381-54,1999-12-29,2006-11-01,
LEGIARTI000006749579,css,R381-55,1985-12-21,1999-12-29,
LEGIARTI000006749580,css,R381-56,1985-12-21,1999-12-29,
LEGIARTI000006749581,css,R381-56,1999-12-29,2006-11-01,
LEGIARTI000006749583,css,R381-57,1985-12-21,2000-01-01,
LEGIARTI000006749585,css,R381-57,1999-08-07,1999-12-29,
LEGIARTI000006749586,css,R381-57,1999-12-29,2006-11-01,
LEGIARTI000006749584,css,R381-57,2000-01-01,1999-08-07,
LEGIARTI000006749587,css,R381-58,1985-12-21,1999-12-29,
LEGIARTI000006749588,css,R381-58,1999-12-29,2006-11-01,
LEGIARTI000006749589,css,R381-59,1985-12-21,1999-12-29,
LEGIARTI000006749590,css,R381-59,1999-12-29,2006-11-01,
LEGIARTI000006749591,css,R381-60,1985-12-21,2006-11-01,
LEGIARTI000006750096,css,R381-61,1985-12-21,1986-03-20,
LEGIARTI000006750097,css,R381-61,1986-03-20,1999-12-29,
LEGIARTI000006750099,css,R381-62,1985-12-21,1987-12-30,
LEGIARTI000006750100,css,R381-62,1987-12-30,2000-01-01,
LEGIARTI000006750102,css,R381-62,1999-12-29,2004-02-26,
LEGIARTI000006750101,css,R381-62,2000-01-01,1999-12-29,
LEGIARTI000006750103,css,R381-62,2004-02-26,2006-11-01,
LEGIARTI000006749592,css,R381-63,1985-12-21,2006-11-01,
LEGIARTI000006750104,css,R381-64,1985-12-21,1986-08-02,
LEGIARTI000006750105,css,R381-64,1986-08-02,2000-01-01,
LEGIARTI000006750106,css,R381-64,2000-01-01,2006-11-01,
LEGIARTI000006749593,css,R381-65,1985-12-21,1999-03-31,
LEGIARTI000006749594,css,R381-65,1999-03-31,2006-11-01,
LEGIARTI000006750107,css,R381-66,1985-12-21,1986-08-02,
LEGIARTI000006750108,css,R381-66,1986-08-02,2000-01-01,
LEGIARTI000006750110,css,R381-66,1999-12-29,2006-11-01,
LEGIARTI000006750109,css,R381-66,2000-01-01,1999-12-29,
LEGIARTI000006749595,css,R381-67,1985-12-21,2000-01-01,
LEGIARTI000006749597,css,R381-67,1999-12-29,2006-11-01,
LEGIARTI000006749596,css,R381-67,2000-01-01,1999-12-29,
LEGIARTI000006749598,css,R381-68,1985-12-21,1999-12-29,
LEGIARTI000006749599,css,R381-68,1999-12-29,2006-11-01,
LEGIARTI000006749952,css,R381-69,1985-12-21,1990-12-01,
LEGIARTI000006749953,css,R381-69,1990-12-01,1996-01-01,
LEGIARTI000006749954,css,R381-69,1996-01-01,2001-07-01,
LEGIARTI000006749955,css,R381-69,2001-07-01,2006-11-01,
LEGIARTI000006749956,css,R381-70,1985-12-21,1990-12-01,
LEGIARTI000006749957,css,R381-70,1990-12-01,2006-11-01,
LEGIARTI000006750111,css,R381-71,1985-12-21,1986-03-20,
LEGIARTI000006750112,css,R381-71,1986-03-20,1990-12-01,
LEGIARTI000006750113,css,R381-71,1990-12-01,2006-11-01,
LEGIARTI000006749958,css,R381-72,1985-12-21,1990-12-01,
LEGIARTI000006749959,css,R381-72,1990-12-01,2006-11-01,
LEGIARTI000006749600,css,R381-73,1985-12-21,2006-11-01,
LEGIARTI000006749602,css,R381-74,1985-12-21,2006-11-01,
LEGIARTI000006749603,css,R381-75,1985-12-21,2000-01-01,
LEGIARTI000006749604,css,R381-76,1985-12-21,2006-11-01,
LEGIARTI000006749605,css,R381-77,1985-12-21,2000-01-01,
LEGIARTI000006749606,css,R381-78,1985-12-21,2000-01-01,
LEGIARTI000006749607,css,R381-78,2000-01-01,2006-11-01,
LEGIARTI000006749848,css,R381-79,1985-12-21,1995-10-21,
LEGIARTI000006749849,css,R381-79,1995-10-21,1999-12-29,
LEGIARTI000006749850,css,R381-79,1999-12-29,2006-11-01,
LEGIARTI000006749608,css,R381-79-1,2004-02-26,2006-11-01,
LEGIARTI000006749609,css,R381-79-2,2004-02-26,2006-11-01,
LEGIARTI000006749611,css,R381-79-3,2004-02-26,2006-11-01,
LEGIARTI000006749612,css,R381-79-4,2004-02-26,2006-11-01,
LEGIARTI000006749613,css,R381-79-5,2004-02-26,2006-11-01,
LEGIARTI000006749614,css,R381-79-6,2004-02-26,2006-11-01,
LEGIARTI000006749615,css,R381-79-7,2004-02-26,2006-11-01,
LEGIARTI000006749616,css,R381-79-8,2004-02-26,2006-11-01,
LEGIARTI000006749617,css,R381-79-9,2004-02-26,2006-11-01,
LEGIARTI000006749618,css,R381-79-10,2004-02-26,2006-11-01,
LEGIARTI000006749620,css,R381-79-11,2004-02-26,2006-11-01,
LEGIARTI000006749621,css,R381-79-12,2004-02-26,2006-11-01,
LEGIARTI000006749622,css,R381-79-13,2004-02-26,2006-11-01,
LEGIARTI000006749623,css,R381-79-14,2004-02-26,2006-11-01,
LEGIARTI000006749624,css,R381-80,1985-12-21,2000-01-01,
LEGIARTI000006749625,css,R381-80,2000-01-01,2016-01-01,
LEGIARTI000031829887,css,R381-80,2016-01-01,2017-05-06,
LEGIARTI000034623318,css,R381-80,2017-05-06,,
LEGIARTI000006749626,css,R381-81,1985-12-21,2016-01-01,
LEGIARTI000031828165,css,R381-81,2016-01-01,2017-05-06,
LEGIARTI000034623311,css,R381-81,2017-05-06,,
LEGIARTI000006749627,css,R381-82,1985-12-21,2017-05-06,
LEGIARTI000034623356,css,R381-82,2017-05-06,2019-07-08,
LEGIARTI000038789807,css,R381-82,2019-07-08,,
LEGIARTI000006749629,css,R381-83,1985-12-21,2014-05-30,
LEGIARTI000029007649,css,R381-83,2014-05-30,2017-05-06,
LEGIARTI000034623350,css,R381-83,2017-05-06,,
LEGIARTI000006749630,css,R381-84,1985-12-21,2017-05-06,
LEGIARTI000034623342,css,R381-84,2017-05-06,,
LEGIARTI000006749631,css,R381-85,1985-12-21,2016-01-01,
LEGIARTI000031828154,css,R381-85,2016-01-01,2017-05-06,
LEGIARTI000034623333,css,R381-85,2017-05-06,,
LEGIARTI000006749632,css,R381-86,1985-12-21,2005-04-22,
LEGIARTI000006749633,css,R381-86,2005-04-22,2010-05-08,
LEGIARTI000022287611,css,R381-86,2010-05-08,2016-01-01,
LEGIARTI000031828145,css,R381-86,2016-01-01,2017-05-06,
LEGIARTI000006749634,css,R381-87,1985-12-21,2017-05-06,
LEGIARTI000006749635,css,R381-88,1985-12-21,2017-05-06,
LEGIARTI000006749636,css,R381-89,1985-12-21,2017-05-06,
LEGIARTI000006749637,css,R381-90,1985-12-21,2017-05-06,
LEGIARTI000006749638,css,R381-91,1985-12-21,2016-01-01,
LEGIARTI000031828137,css,R381-91,2016-01-01,2017-05-06,
LEGIARTI000006749639,css,R381-92,1985-12-21,2000-01-01,
LEGIARTI000006749640,css,R381-92,2000-01-01,2016-01-01,
LEGIARTI000031828128,css,R381-92,2016-01-01,2017-05-06,
LEGIARTI000006749642,css,R381-93,1985-12-21,2014-05-30,
LEGIARTI000029007652,css,R381-93,2014-05-30,2017-05-06,
LEGIARTI000006749643,css,R381-94,1985-12-21,2016-01-01,
LEGIARTI000006749960,css,R381-95,1985-12-21,1992-07-08,
LEGIARTI000006749961,css,R381-95,1992-07-08,2017-05-06,
LEGIARTI000006749644,css,R381-95-1,1992-07-08,2017-05-06,
LEGIARTI000006749645,css,R381-95-2,1992-07-08,2017-05-06,
LEGIARTI000006749646,css,R381-95-3,1992-07-08,2017-05-06,
LEGIARTI000006749647,css,R381-95-4,1992-07-08,2016-01-01,
LEGIARTI000031828119,css,R381-95-4,2016-01-01,2017-05-06,
LEGIARTI000006749648,css,R381-95-5,1992-07-08,2017-05-06,
LEGIARTI000006749649,css,R381-95-6,1992-07-08,2017-05-06,
LEGIARTI000006749650,css,R381-95-7,1992-07-08,2017-05-06,
LEGIARTI000006749652,css,R381-95-8,1992-07-08,2016-01-01,
LEGIARTI000031828108,css,R381-95-8,2016-01-01,2017-05-06,
LEGIARTI000006749653,css,R381-95-9,1992-07-08,2000-01-01,
LEGIARTI000006749654,css,R381-95-9,2000-01-01,2017-05-06,
LEGIARTI000006749655,css,R381-96,1985-12-21,2016-01-01,
LEGIARTI000031828100,css,R381-96,2016-01-01,,
LEGIARTI000006749851,css,R381-97,1985-12-21,1993-07-01,
LEGIARTI000006749852,css,R381-97,1993-07-01,1994-01-01,
LEGIARTI000006749853,css,R381-97,1994-01-01,2017-05-06,
LEGIARTI000006749854,css,R381-97-1,1993-07-01,1994-01-01,
LEGIARTI000006749855,css,R381-97-2,1993-07-01,1994-01-01,
LEGIARTI000006749856,css,R381-97-3,1993-07-01,1994-01-01,
LEGIARTI000006749858,css,R381-97-4,1993-07-01,1994-01-01,
LEGIARTI000006749859,css,R381-98,1985-12-21,1994-01-01,
LEGIARTI000006749860,css,R381-98,1994-01-01,2008-12-22,
LEGIARTI000019984949,css,R381-98,2008-12-22,2025-07-01,
LEGIARTI000006749861,css,R381-99,1985-12-21,1993-03-28,
LEGIARTI000006749862,css,R381-99,1993-03-28,1994-01-01,
LEGIARTI000006749863,css,R381-99,1994-01-01,1997-04-03,
LEGIARTI000006749864,css,R381-99,1997-04-03,1998-07-22,
LEGIARTI000006749865,css,R381-99,1998-07-22,2008-12-22,
LEGIARTI000019984946,css,R381-99,2008-12-22,2025-07-01,
LEGIARTI000006749866,css,R381-100,1985-12-21,1994-01-01,
LEGIARTI000006749867,css,R381-100,1994-01-01,2013-09-19,
LEGIARTI000027964496,css,R381-100,2013-09-19,2019-01-01,
LEGIARTI000006749868,css,R381-101,1985-12-21,1993-03-28,
LEGIARTI000006749869,css,R381-102,1985-12-21,1993-07-01,
LEGIARTI000006749870,css,R381-102,1993-07-01,1994-01-01,
LEGIARTI000006749656,css,R381-103,1985-12-21,2017-05-06,
LEGIARTI000006749657,css,R381-104,1985-12-21,2008-12-22,
LEGIARTI000019984944,css,R381-104,2008-12-22,2025-07-01,
LEGIARTI000006749658,css,R381-105,1985-12-21,2001-03-28,
LEGIARTI000006749659,css,R381-105,2001-03-29,2025-07-01,
LEGIARTI000006749660,css,R381-106,1985-12-21,2025-07-01,
LEGIARTI000006749662,css,R381-107,1985-12-21,2025-07-01,
LEGIARTI000006749663,css,R381-108,1985-12-21,2008-12-22,
LEGIARTI000006749664,css,R381-109,1985-12-21,2008-12-22,
LEGIARTI000019984941,css,R381-109,2008-12-22,2025-07-01,
LEGIARTI000006749665,css,R381-110,1988-05-10,2025-07-01,
LEGIARTI000006749666,css,R381-111,1988-05-10,2011-01-01,
LEGIARTI000023416556,css,R381-111,2011-01-01,2017-05-06,
LEGIARTI000034623089,css,R381-111,2017-05-06,2025-07-01,
LEGIARTI000006749667,css,R381-112,1988-05-10,2011-01-01,
LEGIARTI000006749668,css,R381-113,1988-05-10,2011-01-01,
LEGIARTI000006749669,css,R381-114,1988-05-10,2011-01-01,
LEGIARTI000023416552,css,R381-114,2011-01-01,2025-07-01,
LEGIARTI000006749871,css,R381-115,1988-05-10,1992-05-23,
LEGIARTI000006749872,css,R381-115,1992-05-23,2011-01-01,
LEGIARTI000023416549,css,R381-115,2011-01-01,2025-07-01,
LEGIARTI000006749670,css,R381-116,1988-05-10,2025-07-01,
LEGIARTI000006749671,css,R381-117,1988-05-10,2025-07-01,
LEGIARTI000006749672,css,R381-118,1988-05-10,2011-01-01,
LEGIARTI000023416545,css,R381-118,2011-01-01,2025-07-01,
LEGIARTI000006749673,css,R381-119,1988-05-10,2025-07-01,
LEGIARTI000006749674,css,R381-120,1988-05-10,2025-07-01,
LEGIARTI000006749873,css,R382-1,1985-12-21,1994-12-29,
LEGIARTI000006749874,css,R382-1,1994-12-29,2000-01-01,
LEGIARTI000006749875,css,R382-1,2000-01-01,2001-07-20,
LEGIARTI000006749876,css,R382-1,2001-07-20,2006-11-01,
LEGIARTI000006749877,css,R382-1,2006-11-01,2019-01-01,
LEGIARTI000037854390,css,R382-1,2019-01-01,2021-01-01,
LEGIARTI000042287067,css,R382-1,2021-01-01,,
LEGIARTI000042285880,css,R382-1-1,2021-01-01,,
LEGIARTI000042285884,css,R382-1-2,2021-01-01,,
LEGIARTI000006749878,css,R382-2,1985-12-21,1994-12-29,
LEGIARTI000006749879,css,R382-2,1994-12-29,2001-07-20,
LEGIARTI000006749880,css,R382-2,2001-07-20,2006-11-01,
LEGIARTI000006749881,css,R382-2,2006-11-01,2019-01-01,
LEGIARTI000037854386,css,R382-2,2019-01-01,,
LEGIARTI000006749675,css,R382-3,1985-12-21,2006-11-01,
LEGIARTI000006749676,css,R382-3,2006-11-01,2019-01-01,
LEGIARTI000037854406,css,R382-3,2019-01-01,2021-04-01,
LEGIARTI000043291985,css,R382-3,2021-04-01,2023-01-01,
LEGIARTI000043315170,css,R382-3,2023-01-01,,
LEGIARTI000006749882,css,R382-4,1985-12-21,1995-05-10,
LEGIARTI000006749883,css,R382-4,1995-05-10,2001-07-20,
LEGIARTI000006749884,css,R382-4,2001-07-20,2006-11-01,
LEGIARTI000006749885,css,R382-4,2006-11-01,2019-01-01,
LEGIARTI000037854402,css,R382-4,2019-01-01,,
LEGIARTI000006749886,css,R382-5,1985-12-21,1994-12-29,
LEGIARTI000006749887,css,R382-5,1994-12-29,2006-11-01,
LEGIARTI000006749888,css,R382-5,2006-11-01,2019-01-01,
LEGIARTI000037854399,css,R382-5,2019-01-01,,
LEGIARTI000006749889,css,R382-6,1985-12-21,1994-12-29,
LEGIARTI000006749890,css,R382-6,1994-12-29,2006-11-01,
LEGIARTI000006749891,css,R382-6,2006-11-01,2019-01-01,
LEGIARTI000006749677,css,R382-7,1985-12-21,2006-11-01,
LEGIARTI000006749678,css,R382-7,2006-11-01,2012-12-10,
LEGIARTI000026757077,css,R382-7,2012-12-10,2019-01-01,
LEGIARTI000006749892,css,R382-8,1985-12-21,1994-12-29,
LEGIARTI000006749893,css,R382-8,1994-12-29,2006-11-01,
LEGIARTI000006749894,css,R382-8,2006-11-01,2019-01-01,
LEGIARTI000037854436,css,R382-8,2019-01-01,2019-07-08,
LEGIARTI000038789507,css,R382-8,2019-07-08,2021-01-01,
LEGIARTI000042287089,css,R382-8,2021-01-01,,
LEGIARTI000006749895,css,R382-9,1985-12-21,1994-12-29,
LEGIARTI000006749896,css,R382-9,1994-12-29,2006-11-01,
LEGIARTI000006749897,css,R382-9,2006-11-01,2019-01-01,
LEGIARTI000037854433,css,R382-9,2019-01-01,,
LEGIARTI000006749898,css,R382-10,1985-12-21,1994-12-29,
LEGIARTI000006749899,css,R382-10,1994-12-29,2006-11-01,
LEGIARTI000006749900,css,R382-10,2006-11-01,2010-01-01,
LEGIARTI000021508322,css,R382-10,2010-01-01,,
LEGIARTI000006749901,css,R382-11,1985-12-21,1994-12-29,
LEGIARTI000006749902,css,R382-11,1994-12-29,2006-11-01,
LEGIARTI000006749903,css,R382-11,2006-11-01,2019-01-01,
LEGIARTI000037854429,css,R382-11,2019-01-01,2023-01-01,
LEGIARTI000046800518,css,R382-11,2023-01-01,,
LEGIARTI000006749679,css,R382-12,1985-12-21,2006-11-01,
LEGIARTI000006749680,css,R382-12,2006-11-01,2019-01-01,
LEGIARTI000037854426,css,R382-12,2019-01-01,,
LEGIARTI000006749681,css,R382-13,1985-12-21,1988-03-02,
LEGIARTI000006749682,css,R382-13,1988-03-02,2006-11-01,
LEGIARTI000006749683,css,R382-13,2006-11-01,2010-01-01,
LEGIARTI000021508402,css,R382-13,2010-01-01,2019-01-01,
LEGIARTI000037854423,css,R382-13,2019-01-01,,
LEGIARTI000006749905,css,R382-14,1985-12-21,1988-03-02,
LEGIARTI000006749906,css,R382-14,1988-03-02,1994-12-29,
LEGIARTI000006749907,css,R382-14,1994-12-29,2006-11-01,
LEGIARTI000006749908,css,R382-14,2006-11-01,2010-01-01,
LEGIARTI000021508318,css,R382-14,2010-01-01,2019-01-01,
LEGIARTI000037854415,css,R382-14,2019-01-01,,
LEGIARTI000006749684,css,R382-15,1985-12-21,2006-11-01,
LEGIARTI000006749685,css,R382-15,2006-11-01,2009-11-16,
LEGIARTI000021269142,css,R382-15,2009-11-16,2019-01-01,
LEGIARTI000037854410,css,R382-15,2019-01-01,,
LEGIARTI000006749909,css,R382-16,1985-12-21,1994-12-29,
LEGIARTI000006749910,css,R382-16,1994-12-29,2006-11-01,
LEGIARTI000006749911,css,R382-16,2006-11-01,2019-01-01,
LEGIARTI000037854476,css,R382-16,2019-01-01,,
LEGIARTI000006749687,css,R382-16-1,1994-12-29,2006-11-01,
LEGIARTI000006749688,css,R382-16-1,2006-11-01,2019-01-01,
LEGIARTI000037854469,css,R382-16-1,2019-01-01,2021-04-01,
LEGIARTI000043291980,css,R382-16-1,2021-04-01,2023-01-01,
LEGIARTI000043315230,css,R382-16-1,2023-01-01,,
LEGIARTI000037841751,css,R382-16-2,2019-01-01,,
LEGIARTI000006749912,css,R382-17,1985-12-21,1994-12-29,
LEGIARTI000006749913,css,R382-17,1994-12-29,2001-07-20,
LEGIARTI000006749914,css,R382-17,2001-07-20,2006-11-01,
LEGIARTI000006749915,css,R382-17,2006-11-01,2019-01-01,
LEGIARTI000037854499,css,R382-17,2019-01-01,,
LEGIARTI000006749916,css,R382-18,1985-12-21,1994-12-29,
LEGIARTI000006749917,css,R382-18,1994-12-29,2006-11-01,
LEGIARTI000006749918,css,R382-18,2006-11-01,,
LEGIARTI000006749919,css,R382-19,1985-12-21,1994-12-29,
LEGIARTI000006749920,css,R382-19,1994-12-29,2006-11-01,
LEGIARTI000006749921,css,R382-19,2006-11-01,2019-01-01,
LEGIARTI000037854495,css,R382-19,2019-01-01,,
LEGIARTI000006749922,css,R382-20,1985-12-21,1994-12-29,
LEGIARTI000006749923,css,R382-20,1994-12-29,2006-11-01,
LEGIARTI000006749924,css,R382-20,2006-11-01,2019-01-01,
LEGIARTI000037854492,css,R382-20,2019-01-01,,
LEGIARTI000006749689,css,R382-21,1985-12-21,2006-11-01,
LEGIARTI000006749690,css,R382-21,2006-11-01,2019-01-01,
LEGIARTI000037854488,css,R382-21,2019-01-01,,
LEGIARTI000006749691,css,R382-22,1985-12-21,2006-11-01,
LEGIARTI000006749692,css,R382-22,2006-11-01,2019-01-01,
LEGIARTI000037854485,css,R382-22,2019-01-01,,
LEGIARTI000006749925,css,R382-23,1985-12-21,1994-12-29,
LEGIARTI000006749926,css,R382-23,1994-12-29,2006-11-01,
LEGIARTI000006749927,css,R382-23,2006-11-01,2020-01-01,
LEGIARTI000006749928,css,R382-24,1985-12-21,1994-12-29,
LEGIARTI000006749929,css,R382-24,1994-12-29,2001-07-20,
LEGIARTI000006749930,css,R382-24,2001-07-20,2006-11-01,
LEGIARTI000006749931,css,R382-24,2006-11-01,2019-01-01,
LEGIARTI000037854549,css,R382-24,2020-01-01,,
LEGIARTI000006749933,css,R382-25,1985-12-21,1994-12-29,
LEGIARTI000006749934,css,R382-25,1994-12-29,2006-11-01,
LEGIARTI000006749935,css,R382-25,2006-11-01,2019-01-01,
LEGIARTI000037854543,css,R382-25,2019-01-01,,
LEGIARTI000006749936,css,R382-26,1985-12-21,1994-12-29,
LEGIARTI000006749937,css,R382-26,1994-12-29,2006-11-01,
LEGIARTI000006749938,css,R382-26,2006-11-01,2019-01-01,
LEGIARTI000037854528,css,R382-26,2019-01-01,,
LEGIARTI000006749939,css,R382-27,1985-12-21,1994-12-29,
LEGIARTI000006749940,css,R382-27,1994-12-29,2001-07-20,
LEGIARTI000006749941,css,R382-27,2001-07-20,2004-08-25,
LEGIARTI000006749942,css,R382-27,2004-08-25,2006-11-01,
LEGIARTI000006749943,css,R382-27,2006-11-01,2019-01-01,
LEGIARTI000037854522,css,R382-27,2019-01-01,2020-08-30,
LEGIARTI000042287114,css,R382-27,2020-08-30,,
LEGIARTI000006749944,css,R382-28,1985-12-21,1994-12-29,
LEGIARTI000006749945,css,R382-28,1994-12-29,2006-11-01,
LEGIARTI000006749946,css,R382-28,2006-11-01,2020-01-01,
LEGIARTI000037854516,css,R382-28,2020-01-01,,
LEGIARTI000006749693,css,R382-29,1985-12-21,2006-11-01,
LEGIARTI000006749694,css,R382-29,2006-11-01,2019-01-01,
LEGIARTI000037854506,css,R382-29,2019-01-01,,
LEGIARTI000006749695,css,R382-30,1985-12-21,2006-11-01,
LEGIARTI000006749696,css,R382-30,2006-11-01,2019-01-01,
LEGIARTI000006749697,css,R382-30-1,1995-05-10,2001-07-20,
LEGIARTI000006749698,css,R382-30-1,2001-07-20,2005-09-16,
LEGIARTI000006749699,css,R382-30-1,2005-09-16,2006-11-01,
LEGIARTI000006749700,css,R382-30-1,2006-11-01,2012-12-10,
LEGIARTI000026757097,css,R382-30-1,2012-12-10,2019-01-01,
LEGIARTI000037854580,css,R382-30-1,2019-01-01,,
LEGIARTI000006749701,css,R382-30-2,1995-05-10,2001-07-20,
LEGIARTI000006749702,css,R382-30-2,2001-07-20,2006-11-01,
LEGIARTI000006749703,css,R382-30-2,2006-11-01,2019-01-01,
LEGIARTI000037854568,css,R382-30-2,2019-01-01,,
LEGIARTI000006749705,css,R382-31,1985-12-21,2001-07-20,
LEGIARTI000006749706,css,R382-31,2001-07-20,2006-11-01,
LEGIARTI000006749707,css,R382-31,2006-11-01,2016-01-01,
LEGIARTI000031828985,css,R382-31,2016-01-01,2019-01-01,
LEGIARTI000037854632,css,R382-31,2019-01-01,,
LEGIARTI000006749708,css,R382-31-1,1986-04-01,2001-12-30,
LEGIARTI000006749709,css,R382-31-1,2001-12-30,2006-11-01,
LEGIARTI000006749710,css,R382-31-1,2006-11-01,2019-01-01,
LEGIARTI000037854625,css,R382-31-1,2019-01-01,2023-08-20,
LEGIARTI000047983334,css,R382-31-1,2023-08-20,2026-07-01,
LEGIARTI000054167726,css,R382-31-1,2026-07-01,,
LEGIARTI000006749711,css,R382-31-2,1986-04-01,2006-11-01,
LEGIARTI000006749712,css,R382-31-2,2006-11-01,2019-01-01,
LEGIARTI000037854621,css,R382-31-2,2019-01-01,,
LEGIARTI000006749713,css,R382-32,1985-12-21,2006-11-01,
LEGIARTI000006749714,css,R382-32,2006-11-01,2019-01-01,
LEGIARTI000037854614,css,R382-32,2019-01-01,,
LEGIARTI000006750114,css,R382-33,1985-12-21,1986-04-01,
LEGIARTI000006750115,css,R382-33,1986-04-01,1995-06-01,
LEGIARTI000006750116,css,R382-33,1995-06-01,2001-07-20,
LEGIARTI000006750117,css,R382-33,2001-07-20,2006-11-01,
LEGIARTI000006750118,css,R382-33,2006-11-01,2012-01-01,
LEGIARTI000025035435,css,R382-33,2012-01-01,,
LEGIARTI000006750119,css,R382-34,1985-12-21,1986-04-01,
LEGIARTI000006750120,css,R382-34,1986-04-01,2001-07-20,
LEGIARTI000006750121,css,R382-34,2001-07-20,2006-11-01,
LEGIARTI000006750122,css,R382-34,2006-11-01,2011-04-07,
LEGIARTI000023821690,css,R382-34,2011-04-07,2012-01-01,
LEGIARTI000025035432,css,R382-34,2012-01-01,2015-01-01,
LEGIARTI000029396137,css,R382-34,2015-01-01,2019-01-01,
LEGIARTI000037854609,css,R382-34,2019-01-01,2025-02-22,
LEGIARTI000051226481,css,R382-34,2025-02-22,,
LEGIARTI000025034650,css,R382-34-1,2012-01-01,2015-01-01,
LEGIARTI000029396140,css,R382-34-1,2015-01-01,2019-01-01,
LEGIARTI000037854604,css,R382-34-1,2019-01-01,2025-02-22,
LEGIARTI000051226476,css,R382-34-1,2025-02-22,,
LEGIARTI000006749715,css,R382-35,1985-12-21,2001-07-20,
LEGIARTI000006749716,css,R382-35,2001-07-20,2006-11-01,
LEGIARTI000006749717,css,R382-35,2006-11-01,2019-01-01,
LEGIARTI000037854599,css,R382-35,2019-01-01,,
LEGIARTI000006749718,css,R382-36,1985-12-21,2001-07-20,
LEGIARTI000006749719,css,R382-36,2001-07-20,2006-11-01,
LEGIARTI000006749720,css,R382-36,2006-11-01,2012-01-01,
LEGIARTI000025035426,css,R382-36,2012-01-01,2019-01-01,
LEGIARTI000037854594,css,R382-36,2019-01-01,2020-08-30,
LEGIARTI000045681356,css,R382-36,2022-01-01,,
LEGIARTI000006749947,css,R382-37,1985-12-21,1994-12-29,
LEGIARTI000006749948,css,R382-37,1994-12-29,1995-05-10,
LEGIARTI000006749949,css,R382-37,1995-05-10,2006-11-01,
LEGIARTI000006749950,css,R382-37,2006-11-01,2019-01-01,
LEGIARTI000037854643,css,R382-37,2019-01-01,,
LEGIARTI000006749721,css,R382-38,1994-12-29,2006-11-01,
LEGIARTI000006749722,css,R382-38,2006-11-01,2019-01-01,
LEGIARTI000006749723,css,R382-39,1994-12-29,2006-11-01,
LEGIARTI000006749724,css,R382-39,2006-11-01,2019-01-01,
LEGIARTI000006749726,css,R382-40,1994-12-29,2006-11-01,
LEGIARTI000006749727,css,R382-40,2006-11-01,2019-01-01,
LEGIARTI000006749728,css,R382-41,1994-12-29,2006-11-01,
LEGIARTI000006749729,css,R382-41,2006-11-01,2010-01-01,
LEGIARTI000021508337,css,R382-41,2010-01-01,2019-01-01,
LEGIARTI000006749730,css,R382-42,1994-12-29,2006-11-01,
LEGIARTI000006749731,css,R382-42,2006-11-01,2019-01-01,
LEGIARTI000006749732,css,R382-43,1994-12-29,2006-11-01,
LEGIARTI000006749733,css,R382-43,2006-11-01,2010-01-01,
LEGIARTI000021508335,css,R382-43,2010-01-01,2019-01-01,
LEGIARTI000006749734,css,R382-44,1994-12-29,2006-11-01,
LEGIARTI000006749735,css,R382-44,2006-11-01,2019-01-01,
LEGIARTI000006749736,css,R382-45,1994-12-29,2006-11-01,
LEGIARTI000006749737,css,R382-45,2006-11-01,2019-01-01,
LEGIARTI000006749738,css,R382-46,1994-12-29,2006-11-01,
LEGIARTI000006749739,css,R382-46,2006-11-01,2010-01-01,
LEGIARTI000021508333,css,R382-46,2010-01-01,2019-01-01,
LEGIARTI000006749740,css,R382-47,1994-12-29,2006-11-01,
LEGIARTI000006749741,css,R382-47,2006-11-01,2010-01-01,
LEGIARTI000021508331,css,R382-47,2010-01-01,2019-01-01,
LEGIARTI000006749742,css,R382-48,1994-12-29,2006-11-01,
LEGIARTI000006749743,css,R382-48,2006-11-01,2019-01-01,
LEGIARTI000006749744,css,R382-49,1994-12-29,2006-11-01,
LEGIARTI000006749745,css,R382-49,2006-11-01,2019-01-01,
LEGIARTI000006749746,css,R382-50,1994-12-29,2006-11-01,
LEGIARTI000006749747,css,R382-50,2006-11-01,2010-01-01,
LEGIARTI000021508329,css,R382-50,2010-01-01,2019-01-01,
LEGIARTI000006749748,css,R382-51,1994-12-29,2006-11-01,
LEGIARTI000006749749,css,R382-51,2006-11-01,2010-01-01,
LEGIARTI000021508326,css,R382-51,2010-01-01,2019-01-01,
LEGIARTI000006749750,css,R382-52,1994-12-29,2006-11-01,
LEGIARTI000006749751,css,R382-52,2006-11-01,2019-01-01,
LEGIARTI000006749752,css,R382-53,1994-12-29,2006-11-01,
LEGIARTI000006749753,css,R382-53,2006-11-01,2008-05-25,
LEGIARTI000018846336,css,R382-53,2008-05-25,2019-01-01,
LEGIARTI000006749755,css,R382-54,1994-12-29,2006-11-01,
LEGIARTI000006749756,css,R382-54,2006-11-01,2008-05-25,
LEGIARTI000018846333,css,R382-54,2008-05-25,2019-01-01,
LEGIARTI000006749757,css,R382-55,1994-12-29,2006-11-01,
LEGIARTI000006749758,css,R382-55,2006-11-01,2010-01-01,
LEGIARTI000021508324,css,R382-55,2010-01-01,2019-01-01,
LEGIARTI000006749759,css,R382-56,2006-11-01,,
LEGIARTI000006749760,css,R382-57,2006-11-01,2025-04-20,
LEGIARTI000051499430,css,R382-57,2025-04-20,,
LEGIARTI000006749762,css,R382-58,2006-11-01,2019-07-08,
LEGIARTI000038789798,css,R382-58,2019-07-08,,
LEGIARTI000006749763,css,R382-59,2006-11-01,,
LEGIARTI000006749764,css,R382-60,2006-11-01,2019-07-08,
LEGIARTI000038789792,css,R382-60,2019-07-08,,
LEGIARTI000006749765,css,R382-61,2006-11-01,,
LEGIARTI000006749766,css,R382-62,2006-11-01,,
LEGIARTI000006749767,css,R382-63,2006-11-01,,
LEGIARTI000006749768,css,R382-64,2006-11-01,,
LEGIARTI000006749769,css,R382-65,2006-11-01,,
LEGIARTI000006749770,css,R382-66,2006-11-01,,
LEGIARTI000006749771,css,R382-67,2006-11-01,,
LEGIARTI000006749773,css,R382-68,2006-11-01,,
LEGIARTI000006749774,css,R382-69,2006-11-01,,
LEGIARTI000006749775,css,R382-70,2006-11-01,2019-07-29,
LEGIARTI000025690156,css,R382-70,2019-07-29,2025-04-20,
LEGIARTI000051499423,css,R382-70,2025-04-20,,
LEGIARTI000006749776,css,R382-71,2006-11-01,,
LEGIARTI000006749777,css,R382-72,2006-11-01,2222-02-22,
LEGIARTI000025690160,css,R382-72,2222-02-22,,
LEGIARTI000006749778,css,R382-73,2006-11-01,,
LEGIARTI000006749779,css,R382-74,2006-11-01,2010-01-24,
LEGIARTI000021740679,css,R382-74,2010-01-24,2019-07-08,
LEGIARTI000038789234,css,R382-74,2019-07-08,,
LEGIARTI000006749780,css,R382-75,2006-11-01,2010-01-24,
LEGIARTI000021740677,css,R382-75,2010-01-24,,
LEGIARTI000006749781,css,R382-76,2006-11-01,2009-01-01,
LEGIARTI000020056964,css,R382-76,2009-01-01,2010-01-24,
LEGIARTI000021740674,css,R382-76,2010-01-24,,
LEGIARTI000006749783,css,R382-77,2006-11-01,2010-01-24,
LEGIARTI000021740671,css,R382-77,2010-01-24,,
LEGIARTI000006749784,css,R382-78,2006-11-01,,
LEGIARTI000006749785,css,R382-79,2006-11-01,2025-04-20,
LEGIARTI000051499417,css,R382-79,2025-04-20,,
LEGIARTI000006749786,css,R382-80,2006-11-01,2019-01-01,
LEGIARTI000037551909,css,R382-80,2019-01-01,,
LEGIARTI000006749787,css,R382-81,2006-11-01,,
LEGIARTI000006749788,css,R382-82,2006-11-01,,
LEGIARTI000006749789,css,R382-83,2006-11-01,2025-10-01,
LEGIARTI000051829839,css,R382-83,2025-10-01,,
LEGIARTI000006749790,css,R382-84,2006-11-01,2017-05-06,
LEGIARTI000034623071,css,R382-84,2017-05-06,,
LEGIARTI000006749791,css,R382-85,2006-11-01,2017-05-06,
LEGIARTI000006749792,css,R382-86,2006-11-01,,
LEGIARTI000006749793,css,R382-87,2006-11-01,,
LEGIARTI000006749794,css,R382-88,2006-11-01,,
LEGIARTI000006749795,css,R382-89,2006-11-01,,
LEGIARTI000006749796,css,R382-90,2006-11-01,,
LEGIARTI000006749797,css,R382-91,2006-11-01,2023-09-01,
LEGIARTI000047961089,css,R382-91,2023-09-01,,
LEGIARTI000006749798,css,R382-92,2006-11-01,,
LEGIARTI000006749799,css,R382-93,2006-11-01,,
LEGIARTI000006749801,css,R382-94,2006-11-01,,
LEGIARTI000006749802,css,R382-95,2006-11-01,2020-01-01,
LEGIARTI000039222865,css,R382-95,2020-01-01,,
LEGIARTI000006749803,css,R382-96,2006-11-01,2020-01-01,
LEGIARTI000039222856,css,R382-96,2020-01-01,,
LEGIARTI000006749804,css,R382-97,2006-11-01,,
LEGIARTI000006749805,css,R382-98,2006-11-01,,
LEGIARTI000006749806,css,R382-99,2006-11-01,,
LEGIARTI000006749807,css,R382-100,2006-11-01,2017-09-28,
LEGIARTI000035656836,css,R382-100,2017-09-28,2019-07-08,
LEGIARTI000038786991,css,R382-100,2019-07-08,,
LEGIARTI000006749808,css,R382-101,2006-11-01,,
LEGIARTI000006749809,css,R382-102,2006-11-01,,
LEGIARTI000006749810,css,R382-103,2006-11-01,,
LEGIARTI000006749812,css,R382-104,2006-11-01,2019-01-01,
LEGIARTI000037941983,css,R382-104,2019-01-01,,
LEGIARTI000042596064,css,R382-104-1,2020-07-01,,
LEGIARTI000006749813,css,R382-105,2006-11-01,,
LEGIARTI000006749814,css,R382-106,2006-11-01,,
LEGIARTI000006749815,css,R382-107,2006-11-01,,
LEGIARTI000006749816,css,R382-108,2006-11-01,,
LEGIARTI000006749817,css,R382-109,2006-11-01,,
LEGIARTI000006749818,css,R382-110,2006-11-01,,
LEGIARTI000006749819,css,R382-111,2006-11-01,,
LEGIARTI000006749821,css,R382-112,2006-11-01,,
LEGIARTI000006749822,css,R382-113,2006-11-01,,
LEGIARTI000006749823,css,R382-114,2006-11-01,,
LEGIARTI000006749824,css,R382-115,2006-11-01,,
LEGIARTI000006749825,css,R382-116,2006-11-01,,
LEGIARTI000006749826,css,R382-117,2006-11-01,,
LEGIARTI000006749827,css,R382-118,2006-11-01,,
LEGIARTI000006749828,css,R382-119,2006-11-01,2023-09-01,
LEGIARTI000047985855,css,R382-119,2023-09-01,,
LEGIARTI000006749830,css,R382-120,2006-11-01,,
LEGIARTI000006749831,css,R382-121,2006-11-01,,
LEGIARTI000006749832,css,R382-122,2006-11-01,,
LEGIARTI000006749833,css,R382-123,2006-11-01,,
LEGIARTI000006749834,css,R382-124,2006-11-01,,
LEGIARTI000006749835,css,R382-125,2006-11-01,,
LEGIARTI000006749836,css,R382-126,2006-11-01,,
LEGIARTI000006749837,css,R382-127,2006-11-01,,
LEGIARTI000006749838,css,R382-128,2006-11-01,,
LEGIARTI000006749840,css,R382-129,2006-11-01,,
LEGIARTI000006749841,css,R382-130,2006-11-01,,
LEGIARTI000006749842,css,R382-131,2006-11-01,,
LEGIARTI000051828235,css,R382-132,2025-07-01,,
LEGIARTI000051828237,css,R382-133,2025-07-01,,
LEGIARTI000051828239,css,R382-134,2025-07-01,,
LEGIARTI000051828241,css,R382-135,2025-07-01,,
LEGIARTI000051828247,css,R382-136,2025-07-01,,
LEGIARTI000051828249,css,R382-137,2025-07-01,,
LEGIARTI000051828267,css,R382-138,2025-07-01,,
LEGIARTI000051828271,css,R382-139,2025-07-01,,
LEGIARTI000051828274,css,R382-140,2025-07-01,,
LEGIARTI000051828276,css,R382-141,2025-07-01,,
LEGIARTI000051828278,css,R382-142,2025-07-01,,
LEGIARTI000051828280,css,R382-143,2025-07-01,,
LEGIARTI000051828282,css,R382-144,2025-07-01,,
LEGIARTI000051828284,css,R382-145,2025-07-01,,
LEGIARTI000051828286,css,R382-146,2025-07-01,,
LEGIARTI000006751722,css,R634-1,1985-12-21,1993-08-28,
LEGIARTI000006751723,css,R634-1,1993-08-28,2004-02-15,
LEGIARTI000006751724,css,R634-1,2004-02-15,2011-01-01,
LEGIARTI000023416532,css,R634-1,2011-01-01,2012-09-10,
LEGIARTI000026362659,css,R634-1,2012-09-10,2015-01-01,
LEGIARTI000030059094,css,R634-1,2015-01-01,2017-05-11,
LEGIARTI000034727935,css,R634-1,2017-05-11,2017-07-01,
LEGIARTI000034595925,css,R634-1,2017-07-01,2019-07-08,
LEGIARTI000038787378,css,R634-1,2019-07-08,2023-09-01,
LEGIARTI000047961079,css,R634-1,2023-09-01,2026-01-01,
LEGIARTI000006751725,css,R634-1-1,1993-08-28,2004-02-15,
LEGIARTI000006751726,css,R634-1-1,2004-02-15,2007-04-27,
LEGIARTI000006751727,css,R634-1-1,2007-04-27,2026-01-01,
LEGIARTI000006751728,css,R634-2,1985-12-21,2004-10-22,
LEGIARTI000006751729,css,R634-2,2004-10-22,2015-01-01,
LEGIARTI000006751730,css,R634-3,1985-12-21,2004-10-22,
LEGIARTI000006751731,css,R634-4,1985-12-21,2004-10-22,
LEGIARTI000006751732,css,R634-4,2004-10-22,2017-05-11,
LEGIARTI000006751734,css,R634-5,1993-08-28,2007-04-27,
LEGIARTI000006751735,css,R634-5,2007-04-27,2017-05-11,
LEGIARTI000006751736,css,R634-6,1997-11-01,2017-05-11,
LEGIARTI000034727919,css,R634-6,2017-05-11,2019-07-08,
LEGIARTI000006751737,css,R635-1,1985-12-21,2001-06-22,
LEGIARTI000006751738,css,R635-1,2001-06-22,2019-07-08,
LEGIARTI000038787419,css,R635-1,2019-07-08,2019-07-08,
LEGIARTI000006751739,css,R635-2,1997-12-28,2001-06-22,
LEGIARTI000034728011,css,R635-2,2017-05-11,2019-07-08,
LEGIARTI000038787396,css,R635-2,2019-07-08,,
LEGIARTI000006751740,css,R635-8,2001-06-22,2006-01-28,
LEGIARTI000006751741,css,R635-9,2001-06-22,2006-01-28,
LEGIARTI000006751742,css,R635-9,2006-01-28,2013-01-01,
LEGIARTI000025181977,css,R635-9,2013-01-01,2017-05-11,
LEGIARTI000006751743,css,R635-10,2006-03-30,2013-01-01,
LEGIARTI000025181981,css,R635-10,2013-01-01,2013-01-01,
LEGIARTI000026885804,css,R635-10,2013-01-01,2017-05-11,
LEGIARTI000006751745,css,R635-11,2006-03-30,2013-01-01,
LEGIARTI000025181991,css,R635-11,2013-01-01,2013-01-01,
LEGIARTI000026885812,css,R635-11,2013-01-01,2017-05-11,
LEGIARTI000034727984,css,R635-11,2017-05-11,2019-07-08,
LEGIARTI000030465003,css,R641-0,2015-04-11,,
LEGIARTI000030465005,css,R641-0-1,2015-04-11,,
LEGIARTI000030465007,css,R641-0-2,2015-04-11,,
LEGIARTI000030465011,css,R641-0-3,2015-04-11,,
LEGIARTI000006751746,css,R641-1,1985-12-21,2004-01-01,
LEGIARTI000006751747,css,R641-1,2004-01-01,2006-01-01,
LEGIARTI000006751748,css,R641-1,2006-01-01,2009-01-01,
LEGIARTI000020020148,css,R641-1,2009-01-01,2012-05-06,
LEGIARTI000025820411,css,R641-1,2012-05-06,2019-07-08,
LEGIARTI000038790221,css,R641-1,2019-07-08,2019-12-16,
LEGIARTI000039625840,css,R641-1,2019-12-16,2023-03-05,
LEGIARTI000047265836,css,R641-1,2023-03-05,,
LEGIARTI000006751749,css,R641-2,1985-12-21,2004-01-01,
LEGIARTI000006751750,css,R641-2,2004-01-01,,
LEGIARTI000006751751,css,R641-3,1985-12-21,2004-01-01,
LEGIARTI000006751752,css,R641-3,2004-01-01,,
LEGIARTI000006751753,css,R641-4,1985-12-21,2004-01-01,
LEGIARTI000006751754,css,R641-4,2004-01-01,2005-05-07,
LEGIARTI000006751755,css,R641-4,2005-05-07,,
LEGIARTI000006751756,css,R641-5,1985-12-21,2004-01-01,
LEGIARTI000006751757,css,R641-5,2004-01-01,2010-01-01,
LEGIARTI000021508342,css,R641-5,2010-01-01,2015-07-24,
LEGIARTI000030919051,css,R641-5,2015-07-24,,
LEGIARTI000006752033,css,R641-6,1985-12-21,1988-01-23,
LEGIARTI000006752034,css,R641-6,1988-01-23,1996-07-04,
LEGIARTI000006752035,css,R641-6,1996-07-04,2000-01-01,
LEGIARTI000006752036,css,R641-6,2000-01-01,2004-01-01,
LEGIARTI000006752037,css,R641-6,2004-01-01,2009-04-09,
LEGIARTI000020495589,css,R641-6,2009-04-09,2016-01-01,
LEGIARTI000030919032,css,R641-6,2016-01-01,2023-01-01,
LEGIARTI000046800515,css,R641-6,2023-01-01,,
LEGIARTI000006751759,css,R641-7,1985-12-21,2004-01-01,
LEGIARTI000006751760,css,R641-7,2004-01-01,2015-07-24,
LEGIARTI000030919041,css,R641-7,2015-07-24,,
LEGIARTI000006751761,css,R641-8,1985-12-21,2004-01-01,
LEGIARTI000006751762,css,R641-8,2004-01-01,,
LEGIARTI000006751763,css,R641-9,1985-12-21,2004-01-01,
LEGIARTI000006751764,css,R641-9,2004-01-01,2015-07-24,
LEGIARTI000030919026,css,R641-9,2015-07-24,,
LEGIARTI000006751765,css,R641-10,1985-12-21,2004-01-01,
LEGIARTI000006751766,css,R641-10,2004-01-01,2015-07-24,
LEGIARTI000030919020,css,R641-10,2015-07-24,,
LEGIARTI000006751767,css,R641-11,1985-12-21,2004-01-01,
LEGIARTI000006751768,css,R641-11,2004-01-01,,
LEGIARTI000006751769,css,R641-12,1985-12-21,2004-01-01,
LEGIARTI000006751770,css,R641-12,2004-01-01,,
LEGIARTI000006751771,css,R641-13,1985-12-21,2004-01-01,
LEGIARTI000006751772,css,R641-13,2004-01-01,2015-07-24,
LEGIARTI000030919013,css,R641-13,2015-07-24,,
LEGIARTI000030918107,css,R641-13-1,2015-07-24,,
LEGIARTI000006751773,css,R641-14,1985-12-21,2004-01-01,
LEGIARTI000006751774,css,R641-14,2004-01-01,2015-07-24,
LEGIARTI000030919035,css,R641-14,2015-07-24,,
LEGIARTI000006751775,css,R641-15,1985-12-21,2004-01-01,
LEGIARTI000006751776,css,R641-15,2004-01-01,,
LEGIARTI000006751778,css,R641-16,1985-12-21,2004-01-01,
LEGIARTI000006751779,css,R641-16,2004-01-01,2015-07-24,
LEGIARTI000030919006,css,R641-16,2015-07-24,,
LEGIARTI000006751780,css,R641-17,1985-12-21,2004-01-01,
LEGIARTI000006751781,css,R641-17,2004-01-01,2019-12-16,
LEGIARTI000039625850,css,R641-17,2019-12-16,,
LEGIARTI000006751782,css,R641-18,1985-12-21,2004-01-01,
LEGIARTI000006751783,css,R641-18,2004-01-01,2015-07-24,
LEGIARTI000030919000,css,R641-18,2015-07-24,,
LEGIARTI000006751784,css,R641-19,1985-12-21,2004-01-01,
LEGIARTI000006751785,css,R641-19,2004-01-01,2017-06-26,
LEGIARTI000035055595,css,R641-19,2017-06-26,,
LEGIARTI000006751786,css,R641-20,1985-12-21,2004-01-01,
LEGIARTI000006751787,css,R641-20,2004-01-01,,
LEGIARTI000006751788,css,R641-21,1985-12-21,2004-01-01,
LEGIARTI000006751789,css,R641-21,2004-01-01,,
LEGIARTI000006751790,css,R641-22,1985-12-21,2004-01-01,
LEGIARTI000006751791,css,R641-22,2004-01-01,,
LEGIARTI000006751792,css,R641-23,1985-12-21,2004-01-01,
LEGIARTI000006751793,css,R641-23,2004-01-01,2010-01-01,
LEGIARTI000021508340,css,R641-23,2010-01-01,2011-02-27,
LEGIARTI000006751794,css,R641-24,1985-12-21,2004-01-01,
LEGIARTI000006751795,css,R641-24,2004-01-01,2019-07-08,
LEGIARTI000038790210,css,R641-24,2019-07-08,,
LEGIARTI000006751796,css,R641-25,1985-12-21,2004-01-01,
LEGIARTI000006751797,css,R641-25,2004-01-01,,
LEGIARTI000006751798,css,R641-26,1985-12-21,2004-01-01,
LEGIARTI000006751799,css,R641-26,2004-01-01,,
LEGIARTI000006751800,css,R641-27,1985-12-21,2004-01-01,
LEGIARTI000006751801,css,R641-27,2004-01-01,,
LEGIARTI000006751802,css,R641-28,1985-12-21,2004-01-01,
LEGIARTI000038790207,css,R641-28,2019-07-08,,
LEGIARTI000006751803,css,R641-29,1985-12-21,2004-01-01,
LEGIARTI000006751804,css,R641-30,1985-12-21,2004-01-01,
LEGIARTI000006751805,css,R642-1,1985-12-21,2004-01-01,
LEGIARTI000006751806,css,R642-1,2008-01-01,2023-01-01,
LEGIARTI000047265850,css,R642-1,2023-01-01,,
LEGIARTI000006751807,css,R642-2,1985-12-21,2004-01-01,
LEGIARTI000036704465,css,R642-2,2018-01-01,2019-07-08,
LEGIARTI000038786957,css,R642-2,2019-07-08,2023-01-01,
LEGIARTI000047265853,css,R642-2,2023-01-01,2023-03-05,
LEGIARTI000047266010,css,R642-2,2023-03-05,,
LEGIARTI000006751809,css,R642-3,1985-12-21,2004-01-01,
LEGIARTI000041727803,css,R642-3,2020-03-16,2023-01-01,
LEGIARTI000043292698,css,R642-3,2023-01-01,2023-10-20,
LEGIARTI000048224874,css,R642-3,2023-10-20,,
LEGIARTI000006751810,css,R642-4,1985-12-21,2004-01-01,
LEGIARTI000041727798,css,R642-4,2020-03-16,,
LEGIARTI000006751811,css,R642-5,1985-12-21,2004-01-01,
LEGIARTI000041727813,css,R642-5,2020-03-16,,
LEGIARTI000006751812,css,R642-6,1985-12-21,2004-01-01,
LEGIARTI000041727794,css,R642-6,2020-03-16,,
LEGIARTI000006751813,css,R642-7,1985-12-21,2004-01-01,
LEGIARTI000041727787,css,R642-7,2020-03-16,2023-01-01,
LEGIARTI000043292688,css,R642-7,2023-01-01,2023-10-20,
LEGIARTI000048224882,css,R642-7,2023-10-20,,
LEGIARTI000006751814,css,R642-8,1985-12-21,2004-01-01,
LEGIARTI000041727769,css,R642-8,2020-03-16,,
LEGIARTI000006751815,css,R642-9,1985-12-21,2004-01-01,
LEGIARTI000006751816,css,R642-10,1985-12-21,2004-01-01,
LEGIARTI000006751817,css,R642-11,1985-12-21,2004-01-01,
LEGIARTI000006751818,css,R642-12,1985-12-21,2004-01-01,
LEGIARTI000006751819,css,R642-13,1985-12-21,2004-01-01,
LEGIARTI000006751820,css,R642-14,1985-12-21,2004-01-01,
LEGIARTI000006751821,css,R642-15,1985-12-21,2004-01-01,
LEGIARTI000006751822,css,R643-1,1985-12-21,2015-01-01,
LEGIARTI000030055082,css,R643-1,2015-01-01,2018-01-01,
LEGIARTI000036704457,css,R643-1,2018-01-01,2023-03-05,
LEGIARTI000047265883,css,R643-1,2023-03-05,,
LEGIARTI000006751823,css,R643-2,1985-12-21,,
LEGIARTI000006751824,css,R643-3,1985-12-21,2016-02-28,
LEGIARTI000032118836,css,R643-3,2016-02-28,,
LEGIARTI000006751825,css,R643-4,1985-12-21,,
LEGIARTI000006751827,css,R643-5,1985-12-21,2016-02-28,
LEGIARTI000032118827,css,R643-5,2016-02-28,2017-05-06,
LEGIARTI000034596065,css,R643-5,2017-05-06,,
LEGIARTI000006751828,css,R643-6,1985-12-21,2004-01-01,
LEGIARTI000006751829,css,R643-6,2004-01-01,2023-03-05,
LEGIARTI000047265890,css,R643-6,2023-03-05,,
LEGIARTI000006751830,css,R643-7,1985-12-21,2004-01-01,
LEGIARTI000006751831,css,R643-7,2004-01-01,2011-06-03,
LEGIARTI000024113055,css,R643-7,2011-06-03,2023-03-05,
LEGIARTI000047265897,css,R643-7,2023-03-05,2023-09-01,
LEGIARTI000047633290,css,R643-7,2023-09-01,,
LEGIARTI000006751832,css,R643-8,1985-12-21,2001-06-22,
LEGIARTI000006751833,css,R643-8,2001-06-22,2004-01-01,
LEGIARTI000006751834,css,R643-8,2004-01-01,2023-09-01,
LEGIARTI000047985850,css,R643-8,2023-09-01,,
LEGIARTI000006751835,css,R643-9,1985-12-21,2004-01-01,
LEGIARTI000006751836,css,R643-9,2004-01-01,,
LEGIARTI000006751837,css,R643-10,1985-12-21,2004-01-01,
LEGIARTI000006751838,css,R643-10,2004-01-01,2023-03-05,
LEGIARTI000006751839,css,R643-11,1985-12-21,2004-01-01,
LEGIARTI000006751840,css,R643-11,2004-01-01,,
LEGIARTI000026357506,css,R643-11-1,2012-09-10,2019-07-08,
LEGIARTI000026357508,css,R643-11-2,2012-09-10,2019-07-08,
LEGIARTI000026357510,css,R643-11-3,2012-09-10,2019-07-08,
LEGIARTI000026357512,css,R643-11-4,2012-09-10,2019-07-08,
LEGIARTI000026357514,css,R643-11-5,2012-09-10,2019-07-08,
LEGIARTI000026357516,css,R643-11-6,2012-09-10,2019-07-08,
LEGIARTI000026357518,css,R643-11-7,2012-09-10,2019-07-08,
LEGIARTI000006751841,css,R643-12,1985-12-21,2004-01-01,
LEGIARTI000006751842,css,R643-12,2004-01-01,,
LEGIARTI000006751843,css,R643-13,1985-12-21,2004-01-01,
LEGIARTI000006751845,css,R643-14,1985-12-21,2004-01-01,
LEGIARTI000006751846,css,R643-15,1985-12-21,2004-01-01,
LEGIARTI000006751847,css,R643-16,2001-06-22,2004-01-01,
LEGIARTI000006751848,css,R644-1,2001-06-22,2019-07-08,
LEGIARTI000006751849,css,R644-2,2004-01-01,2015-01-01,
LEGIARTI000030055088,css,R644-2,2015-01-01,2023-03-05,
LEGIARTI000047265913,css,R644-2,2023-03-05,,
LEGIARTI000039620303,css,R644-3,2019-12-16,,
LEGIARTI000006751850,css,R645-1,1985-12-21,,
LEGIARTI000038770288,css,R653-3,2019-07-08,2023-09-01,
LEGIARTI000047985846,css,R653-3,2023-09-01,,
LEGIARTI000006752300,css,R721-1,1985-12-21,1999-12-29,
LEGIARTI000006752301,css,R721-1,1999-12-29,2006-11-01,
LEGIARTI000006752302,css,R721-2,1985-12-21,2006-11-01,
LEGIARTI000006752303,css,R721-3,1985-12-21,1999-12-29,
LEGIARTI000006752304,css,R721-3,1999-12-29,2006-11-01,
LEGIARTI000006752305,css,R721-4,1985-12-21,2006-11-01,
LEGIARTI000006752306,css,R721-5,1985-12-21,2006-11-01,
LEGIARTI000006752307,css,R721-6,1985-12-21,2006-11-01,
LEGIARTI000006752308,css,R721-7,1985-12-21,2006-11-01,
LEGIARTI000006752309,css,R721-8,1985-12-21,2006-11-01,
LEGIARTI000006752310,css,R721-9,1985-12-21,2006-11-01,
LEGIARTI000006752311,css,R721-10,1985-12-21,2006-11-01,
LEGIARTI000006752312,css,R721-11,1985-12-21,2006-11-01,
LEGIARTI000006752313,css,R721-12,1985-12-21,2006-11-01,
LEGIARTI000006752314,css,R721-13,1985-12-21,1999-12-29,
LEGIARTI000006752315,css,R721-13,1999-12-29,2004-02-26,
LEGIARTI000006752316,css,R721-13,2004-02-26,2006-11-01,
LEGIARTI000006752905,css,R721-14,1985-12-21,1988-11-13,
LEGIARTI000006752906,css,R721-14,1988-11-13,1999-12-29,
LEGIARTI000006752907,css,R721-14,1999-12-29,2006-11-01,
LEGIARTI000006752317,css,R721-15,1985-12-21,1999-12-29,
LEGIARTI000006752318,css,R721-15,1999-12-29,2006-11-01,
LEGIARTI000006752319,css,R721-16,1985-12-21,1999-12-29,
LEGIARTI000006752320,css,R721-16,1999-12-29,2006-11-01,
LEGIARTI000006752321,css,R721-17,1985-12-21,1999-12-29,
LEGIARTI000006752322,css,R721-17,1999-12-29,2006-11-01,
LEGIARTI000006752323,css,R721-18,1985-12-21,1999-12-29,
LEGIARTI000006752324,css,R721-18,1999-12-29,2006-11-01,
LEGIARTI000006752325,css,R721-19,1985-12-21,1999-12-29,
LEGIARTI000006752326,css,R721-19,1999-12-29,2006-11-01,
LEGIARTI000006752327,css,R721-20,1985-12-21,1999-12-29,
LEGIARTI000006752328,css,R721-20,1999-12-29,2006-11-01,
LEGIARTI000006752908,css,R721-21,1985-12-21,1988-11-13,
LEGIARTI000006752909,css,R721-21,1988-11-13,1999-12-29,
LEGIARTI000006752910,css,R721-21,1999-12-29,2006-11-01,
LEGIARTI000006752330,css,R721-22,1985-12-21,1999-12-29,
LEGIARTI000006752331,css,R721-22,1999-12-29,2006-11-01,
LEGIARTI000006752911,css,R721-23,1985-12-21,1986-03-20,
LEGIARTI000006752912,css,R721-23,1986-03-20,1999-12-29,
LEGIARTI000006752913,css,R721-23,1999-12-29,2006-11-01,
LEGIARTI000006752332,css,R721-24,1985-12-21,1999-12-29,
LEGIARTI000006752914,css,R721-25,1985-12-21,1988-11-13,
LEGIARTI000006752916,css,R721-25,1998-06-21,1999-12-29,
LEGIARTI000006752917,css,R721-25,1999-12-29,2004-02-26,
LEGIARTI000006752055,css,R721-26,1998-06-21,1999-08-07,
LEGIARTI000006752056,css,R721-26,1999-08-07,1999-12-29,
LEGIARTI000006752057,css,R721-26,1999-12-29,2006-11-01,
LEGIARTI000006752059,css,R721-27,1998-06-21,1999-12-29,
LEGIARTI000006752060,css,R721-27,1999-12-29,2001-06-22,
LEGIARTI000006752061,css,R721-27,2001-06-22,2006-11-01,
LEGIARTI000006752918,css,R721-28,1985-12-21,1986-03-20,
LEGIARTI000006752919,css,R721-28,1986-03-20,1999-12-29,
LEGIARTI000006752920,css,R721-28,1999-12-29,2006-11-01,
LEGIARTI000006752921,css,R721-29,1985-12-21,1988-11-13,
LEGIARTI000006752924,css,R721-29,1998-06-21,1999-12-29,
LEGIARTI000006752925,css,R721-29,1999-12-29,2004-02-26,
LEGIARTI000006752926,css,R721-29,2004-02-26,2006-11-01,
LEGIARTI000006752064,css,R721-30,1998-06-21,1999-12-29,
LEGIARTI000006752065,css,R721-30,1999-12-29,2004-02-26,
LEGIARTI000006752066,css,R721-30,2004-02-26,2006-11-01,
LEGIARTI000006752068,css,R721-31,1998-06-21,1999-12-29,
LEGIARTI000006752069,css,R721-31,1999-12-29,2006-11-01,
LEGIARTI000006752927,css,R721-32,1985-12-21,1986-08-02,
LEGIARTI000006752929,css,R721-32,1998-06-21,1999-12-29,
LEGIARTI000006752930,css,R721-32,1999-12-29,2006-11-01,
LEGIARTI000006752931,css,R721-33,1985-12-21,1986-08-02,
LEGIARTI000006752932,css,R721-33,1986-08-02,1988-11-13,
LEGIARTI000006752934,css,R721-33,1998-06-21,1999-12-29,
LEGIARTI000006752935,css,R721-33,1999-12-29,2006-11-01,
LEGIARTI000006752071,css,R721-34,1998-06-21,1999-12-29,
LEGIARTI000006752072,css,R721-34,1999-12-29,2006-11-01,
LEGIARTI000006752936,css,R721-35,1985-12-21,1988-11-13,
LEGIARTI000006752938,css,R721-35,1990-12-01,1999-12-29,
LEGIARTI000006752939,css,R721-35,1999-12-29,2006-11-01,
LEGIARTI000006752333,css,R721-36,1985-12-21,1999-12-29,
LEGIARTI000006752334,css,R721-36,1999-12-29,2006-11-01,
LEGIARTI000006752940,css,R721-37,1985-12-21,1986-03-20,
LEGIARTI000006752941,css,R721-37,1986-03-20,1988-11-13,
LEGIARTI000006752943,css,R721-37,1990-12-01,1999-12-29,
LEGIARTI000006752944,css,R721-37,1999-12-29,2006-11-01,
LEGIARTI000006752945,css,R721-38,1985-12-21,1986-12-10,
LEGIARTI000006752947,css,R721-38,1990-12-01,1999-12-29,
LEGIARTI000006752948,css,R721-38,1999-12-29,2006-11-01,
LEGIARTI000006752949,css,R721-39,1985-12-21,1988-11-13,
LEGIARTI000006752951,css,R721-39,1998-06-21,1999-12-29,
LEGIARTI000006752952,css,R721-39,1999-12-29,2006-11-01,
LEGIARTI000006752074,css,R721-39-1,1998-06-21,1999-12-29,
LEGIARTI000006752075,css,R721-39-1,1999-12-29,2001-06-22,
LEGIARTI000006752076,css,R721-39-1,2001-06-22,2006-11-01,
LEGIARTI000006752335,css,R721-39-2,1998-06-21,1999-12-29,
LEGIARTI000006752336,css,R721-39-2,1999-12-29,2006-11-01,
LEGIARTI000006752953,css,R721-40,1985-12-21,1988-11-13,
LEGIARTI000006752954,css,R721-40,1988-11-13,1999-12-29,
LEGIARTI000006752955,css,R721-40,1999-12-29,2006-11-01,
LEGIARTI000006752078,css,R721-41,1998-06-21,2004-02-26,
LEGIARTI000006752337,css,R721-42,1985-12-21,2004-02-26,
LEGIARTI000006752081,css,R721-43,1998-06-21,1999-12-29,
LEGIARTI000006752082,css,R721-43,1999-12-29,2004-02-26,
LEGIARTI000006752338,css,R721-44,1985-12-21,1999-12-29,
LEGIARTI000006752339,css,R721-44,1999-12-29,2004-02-26,
LEGIARTI000006752340,css,R721-45,1985-12-21,1999-12-29,
LEGIARTI000006752341,css,R721-45,1999-12-29,2004-02-26,
LEGIARTI000006752343,css,R721-46,1985-12-21,1999-12-29,
LEGIARTI000006752344,css,R721-46,1999-12-29,2004-02-26,
LEGIARTI000006752084,css,R721-47,1998-06-21,1999-12-29,
LEGIARTI000006752085,css,R721-47,1999-12-29,2004-02-26,
LEGIARTI000006752957,css,R721-48,1985-12-21,1988-11-13,
LEGIARTI000006752959,css,R721-48,1998-06-21,2004-02-26,
LEGIARTI000006752960,css,R721-49,1985-12-21,1988-11-13,
LEGIARTI000006752961,css,R721-49,1988-11-13,2004-02-26,
LEGIARTI000006752345,css,R721-50,1985-12-21,2006-11-01,
LEGIARTI000006752346,css,R721-51,1985-12-21,1999-12-29,
LEGIARTI000006752347,css,R721-51,1999-12-29,2006-11-01,
LEGIARTI000006752087,css,R721-52,1998-06-21,2006-11-01,
LEGIARTI000006752089,css,R721-53,1998-06-21,1999-12-29,
LEGIARTI000006752090,css,R721-53,1999-12-29,2006-11-01,
LEGIARTI000006752348,css,R721-54,1985-12-21,2006-11-01,
LEGIARTI000006752349,css,R721-55,1985-12-21,2006-11-01,
LEGIARTI000006752350,css,R721-56,1985-12-21,2006-11-01,
LEGIARTI000006752351,css,R721-57,1985-12-21,2006-11-01,
LEGIARTI000006752962,css,R721-58,1985-12-21,1988-11-13,
LEGIARTI000006752964,css,R721-58,1999-12-29,2006-11-01,
LEGIARTI000006752352,css,R721-59,1985-12-21,2006-11-01,
LEGIARTI000006752354,css,R722-1,1985-12-21,2019-07-08,
LEGIARTI000006752355,css,R722-2,1985-12-21,2019-07-08,
LEGIARTI000006752356,css,R722-3,1985-12-21,2019-07-08,
LEGIARTI000006752357,css,R722-4,1985-12-21,2000-01-01,
LEGIARTI000006752358,css,R722-4,2000-01-01,2019-07-08,
LEGIARTI000006752359,css,R722-5,1985-12-21,2016-01-01,
LEGIARTI000031828869,css,R722-5,2016-01-01,2019-07-08,
LEGIARTI000006752361,css,R723-1,1985-12-21,2004-12-30,
LEGIARTI000006752362,css,R723-1,2004-12-30,2019-07-08,
LEGIARTI000006752965,css,R723-2,1985-12-21,1987-09-02,
LEGIARTI000006752966,css,R723-2,1987-09-02,1998-08-22,
LEGIARTI000006752967,css,R723-2,1998-08-22,2004-12-30,
LEGIARTI000006752968,css,R723-2,2004-12-30,2010-07-02,
LEGIARTI000022417466,css,R723-2,2010-07-02,2015-01-01,
LEGIARTI000029916188,css,R723-2,2015-01-01,2019-07-08,
LEGIARTI000038788001,css,R723-2,2019-07-08,2019-07-08,
LEGIARTI000006752970,css,R723-3,1985-12-21,1987-09-02,
LEGIARTI000006752971,css,R723-3,1987-09-02,1998-08-22,
LEGIARTI000006752972,css,R723-3,1998-08-22,2004-12-30,
LEGIARTI000006752973,css,R723-3,2004-12-30,2019-07-08,
LEGIARTI000038788027,css,R723-3,2019-07-08,2019-07-08,
LEGIARTI000006752363,css,R723-4,1985-12-21,2004-12-30,
LEGIARTI000006752364,css,R723-4,2004-12-30,2019-07-08,
LEGIARTI000038788138,css,R723-4,2019-07-08,2019-07-08,
LEGIARTI000006752365,css,R723-5,1985-12-21,2004-12-30,
LEGIARTI000006752366,css,R723-5,2004-12-30,2019-07-08,
LEGIARTI000038788124,css,R723-5,2019-07-08,2019-07-08,
LEGIARTI000006752367,css,R723-6,1985-12-21,2004-12-30,
LEGIARTI000006752368,css,R723-6,2004-12-30,2019-07-08,
LEGIARTI000038788113,css,R723-6,2019-07-08,2019-07-08,
LEGIARTI000006752369,css,R723-7,1985-12-21,2004-12-30,
LEGIARTI000006752370,css,R723-7,2004-12-30,2019-07-08,
LEGIARTI000038788102,css,R723-7,2019-07-08,2019-07-08,
LEGIARTI000006752371,css,R723-8,1985-12-21,2004-12-30,
LEGIARTI000006752372,css,R723-8,2004-12-30,2019-07-08,
LEGIARTI000038788089,css,R723-8,2019-07-08,2019-07-08,
LEGIARTI000006752373,css,R723-9,1985-12-21,1998-08-22,
LEGIARTI000006752374,css,R723-9,1998-08-22,2004-12-30,
LEGIARTI000006752375,css,R723-9,2004-12-30,2009-11-16,
LEGIARTI000021269172,css,R723-9,2009-11-16,2019-07-08,
LEGIARTI000038788006,css,R723-9,2019-07-08,2019-07-08,
LEGIARTI000006752376,css,R723-10,1985-12-21,2004-12-30,
LEGIARTI000006752377,css,R723-10,2004-12-30,2019-07-08,
LEGIARTI000038788078,css,R723-10,2019-07-08,2019-07-08,
LEGIARTI000006752378,css,R723-11,1985-12-21,2004-12-30,
LEGIARTI000006752379,css,R723-11,2004-12-30,2019-07-08,
LEGIARTI000038788067,css,R723-11,2019-07-08,2019-07-08,
LEGIARTI000006752381,css,R723-12,1985-12-21,1998-08-22,
LEGIARTI000006752382,css,R723-12,1998-08-22,2004-12-30,
LEGIARTI000006752383,css,R723-12,2004-12-30,2019-07-08,
LEGIARTI000038788058,css,R723-12,2019-07-08,2019-07-08,
LEGIARTI000006752384,css,R723-13,1985-12-21,2004-12-30,
LEGIARTI000006752385,css,R723-13,2004-12-30,2009-11-16,
LEGIARTI000021269169,css,R723-13,2009-11-16,2019-07-08,
LEGIARTI000038788018,css,R723-13,2019-07-08,2019-07-08,
LEGIARTI000006752386,css,R723-14,1985-12-21,2004-12-30,
LEGIARTI000006752387,css,R723-14,2004-12-30,2009-11-16,
LEGIARTI000021269159,css,R723-14,2009-11-16,2019-07-08,
LEGIARTI000006752388,css,R723-15,1985-12-21,2004-12-30,
LEGIARTI000006752389,css,R723-15,2004-12-30,2019-07-08,
LEGIARTI000038788047,css,R723-15,2019-07-08,2019-07-08,
LEGIARTI000006752092,css,R723-16,1992-09-02,2004-12-30,
LEGIARTI000006752093,css,R723-16,2004-12-30,2019-07-08,
LEGIARTI000038788167,css,R723-16,2019-07-08,2019-07-08,
LEGIARTI000006752390,css,R723-16-1,1992-09-02,2004-12-30,
LEGIARTI000006752391,css,R723-17,1985-12-21,2004-12-30,
LEGIARTI000006752392,css,R723-17,2004-12-30,2019-07-08,
LEGIARTI000038788036,css,R723-17,2019-07-08,2019-07-08,
LEGIARTI000006752393,css,R723-18,1985-12-21,2004-12-30,
LEGIARTI000006752394,css,R723-18,2004-12-30,2011-06-23,
LEGIARTI000024227663,css,R723-18,2011-06-23,2019-07-08,
LEGIARTI000038788405,css,R723-18,2019-07-08,2019-07-08,
LEGIARTI000006752395,css,R723-19,1985-12-21,2004-12-30,
LEGIARTI000006752396,css,R723-19,2004-12-30,2012-12-31,
LEGIARTI000026892147,css,R723-19,2012-12-31,2015-01-01,
LEGIARTI000024225381,css,R723-19-1,2011-06-23,2019-07-08,
LEGIARTI000038788428,css,R723-19-1,2019-07-08,2019-07-08,
LEGIARTI000024225383,css,R723-19-2,2011-06-23,2019-07-08,
LEGIARTI000006752397,css,R723-20,1985-12-21,2004-12-30,
LEGIARTI000006752398,css,R723-20,2004-12-30,2011-06-23,
LEGIARTI000024227659,css,R723-20,2011-06-23,2012-12-31,
LEGIARTI000026892153,css,R723-20,2012-12-31,2019-07-08,
LEGIARTI000038788350,css,R723-20,2019-07-08,2019-07-08,
LEGIARTI000006752095,css,R723-21,2004-12-30,2012-12-31,
LEGIARTI000026892158,css,R723-21,2012-12-31,2019-07-08,
LEGIARTI000038788338,css,R723-21,2019-07-08,2019-07-08,
LEGIARTI000006752974,css,R723-22,1985-12-21,1988-05-08,
LEGIARTI000006752975,css,R723-22,1988-05-08,2002-11-01,
LEGIARTI000006752976,css,R723-22,2002-11-01,2004-12-30,
LEGIARTI000006752977,css,R723-22,2004-12-30,2011-06-23,
LEGIARTI000024227648,css,R723-22,2011-06-23,2012-12-31,
LEGIARTI000026892163,css,R723-22,2012-12-31,2019-07-08,
LEGIARTI000038788393,css,R723-22,2019-07-08,2019-07-08,
LEGIARTI000006752978,css,R723-23,1985-12-21,1988-05-08,
LEGIARTI000006752979,css,R723-23,1988-05-08,2004-12-30,
LEGIARTI000006752980,css,R723-23,2004-12-30,2011-06-23,
LEGIARTI000024227652,css,R723-23,2011-06-23,2012-12-31,
LEGIARTI000026892167,css,R723-23,2012-12-31,2015-01-01,
LEGIARTI000030055107,css,R723-23,2015-01-01,2019-07-08,
LEGIARTI000038788322,css,R723-23,2019-07-08,2019-07-08,
LEGIARTI000006752399,css,R723-24,1985-12-21,2004-12-30,
LEGIARTI000006752400,css,R723-24,2004-12-30,2019-07-08,
LEGIARTI000038788444,css,R723-24,2019-07-08,2019-07-08,
LEGIARTI000006752401,css,R723-25,1985-12-21,2004-12-30,
LEGIARTI000006752402,css,R723-25,2004-12-30,2012-12-31,
LEGIARTI000026892170,css,R723-25,2012-12-31,2019-07-08,
LEGIARTI000038788365,css,R723-25,2019-07-08,2019-07-08,
LEGIARTI000006752403,css,R723-26,1985-12-21,2004-12-30,
LEGIARTI000006752404,css,R723-26,2004-12-30,2012-12-31,
LEGIARTI000026892176,css,R723-26,2012-12-31,2019-07-08,
LEGIARTI000038788384,css,R723-26,2019-07-08,2019-07-08,
LEGIARTI000030047408,css,R723-26-1,2015-01-01,2019-07-08,
LEGIARTI000038788303,css,R723-26-1,2019-07-08,2019-07-08,
LEGIARTI000030047410,css,R723-26-2,2015-01-01,2019-07-08,
LEGIARTI000038788297,css,R723-26-2,2019-07-08,2019-07-08,
LEGIARTI000030047412,css,R723-26-3,2015-01-01,2019-07-08,
LEGIARTI000038788332,css,R723-26-3,2019-07-08,2019-07-08,
LEGIARTI000030047471,css,R723-26-4,2015-01-01,2019-07-08,
LEGIARTI000038788315,css,R723-26-4,2019-07-08,2019-07-08,
LEGIARTI000030047416,css,R723-26-5,2015-01-01,2019-07-08,
LEGIARTI000038788266,css,R723-26-5,2019-07-08,2019-07-08,
LEGIARTI000030047418,css,R723-26-6,2015-01-01,2019-07-08,
LEGIARTI000038788254,css,R723-26-6,2019-07-08,2019-07-08,
LEGIARTI000030047420,css,R723-26-7,2015-01-01,2019-07-08,
LEGIARTI000038788287,css,R723-26-7,2019-07-08,2019-07-08,
LEGIARTI000030047422,css,R723-26-8,2015-01-01,2019-07-08,
LEGIARTI000038788275,css,R723-26-8,2019-07-08,2019-07-08,
LEGIARTI000006752405,css,R723-27,1985-12-21,1998-08-22,
LEGIARTI000006752406,css,R723-27,1998-08-22,2004-12-30,
LEGIARTI000006752407,css,R723-27,2004-12-30,2018-01-01,
LEGIARTI000034686110,css,R723-27,2018-01-01,2019-07-08,
LEGIARTI000006752408,css,R723-27-1,1996-02-07,2003-03-21,
LEGIARTI000006752409,css,R723-27-1,2003-03-21,2004-12-30,
LEGIARTI000006752410,css,R723-28,1985-12-21,2004-12-30,
LEGIARTI000006752411,css,R723-28,2004-12-30,2019-07-08,
LEGIARTI000038788176,css,R723-28,2019-07-08,2019-07-08,
LEGIARTI000006752412,css,R723-29,1985-12-21,2004-12-30,
LEGIARTI000006752413,css,R723-29,2004-12-30,2019-07-08,
LEGIARTI000038788208,css,R723-29,2019-07-08,2019-07-08,
LEGIARTI000006752415,css,R723-30,1985-12-21,2004-12-30,
LEGIARTI000006752416,css,R723-30,2004-12-30,2009-04-09,
LEGIARTI000020495592,css,R723-30,2009-04-09,2009-11-16,
LEGIARTI000021269166,css,R723-30,2009-11-16,2019-07-08,
LEGIARTI000038788199,css,R723-30,2019-07-08,2019-07-08,
LEGIARTI000006752417,css,R723-31,1985-12-21,2004-12-30,
LEGIARTI000006752418,css,R723-31,2004-12-30,2019-07-08,
LEGIARTI000038788243,css,R723-31,2019-07-08,2019-07-08,
LEGIARTI000006752981,css,R723-32,1985-12-21,1987-09-02,
LEGIARTI000006752982,css,R723-32,1987-09-02,2004-12-30,
LEGIARTI000006752983,css,R723-32,2004-12-30,2011-06-23,
LEGIARTI000024227655,css,R723-32,2011-06-23,2019-07-08,
LEGIARTI000038788231,css,R723-32,2019-07-08,2019-07-08,
LEGIARTI000006752419,css,R723-33,1985-12-21,2004-12-30,
LEGIARTI000006752420,css,R723-33,2004-12-30,2019-07-08,
LEGIARTI000006752421,css,R723-34,1985-12-21,2004-12-30,
LEGIARTI000006752422,css,R723-34,2004-12-30,2009-11-16,
LEGIARTI000021269164,css,R723-34,2009-11-16,2019-07-08,
LEGIARTI000006752984,css,R723-35,1985-12-21,1989-02-01,
LEGIARTI000006752985,css,R723-35,1989-02-01,2001-06-22,
LEGIARTI000006752986,css,R723-35,2001-06-22,2004-12-30,
LEGIARTI000006752987,css,R723-35,2004-12-30,2009-11-16,
LEGIARTI000021269161,css,R723-35,2009-11-16,2019-07-08,
LEGIARTI000006752423,css,R723-36,1985-12-21,2004-12-30,
LEGIARTI000006752424,css,R723-36,2004-12-30,2010-01-09,
LEGIARTI000006752425,css,R723-37,1985-12-21,2004-12-30,
LEGIARTI000006752426,css,R723-37,2004-12-30,2010-01-09,
LEGIARTI000021667117,css,R723-37,2010-01-09,2010-07-02,
LEGIARTI000022417469,css,R723-37,2010-07-02,2017-05-06,
LEGIARTI000034596074,css,R723-37,2017-05-06,2019-07-08,
LEGIARTI000038787966,css,R723-37,2019-07-08,2019-07-08,
LEGIARTI000006752427,css,R723-38,1985-12-21,2004-12-30,
LEGIARTI000006752428,css,R723-38,2004-12-30,2011-06-03,
LEGIARTI000024113046,css,R723-38,2011-06-03,2019-07-08,
LEGIARTI000038787833,css,R723-38,2019-07-08,2019-07-08,
LEGIARTI000006752430,css,R723-39,1985-12-21,2004-12-30,
LEGIARTI000006752431,css,R723-39,2004-12-30,2010-07-02,
LEGIARTI000022417476,css,R723-39,2010-07-02,2019-07-08,
LEGIARTI000038787924,css,R723-39,2019-07-08,2019-07-08,
LEGIARTI000006752432,css,R723-40,1985-12-21,2004-12-30,
LEGIARTI000006752433,css,R723-40,2004-12-30,2011-05-30,
LEGIARTI000024083917,css,R723-40,2011-05-30,2019-07-08,
LEGIARTI000038787876,css,R723-40,2019-07-08,2019-07-08,
LEGIARTI000006752434,css,R723-41,1985-12-21,2004-12-30,
LEGIARTI000006752435,css,R723-41,2004-12-30,2011-05-30,
LEGIARTI000024083910,css,R723-41,2011-05-30,2019-07-08,
LEGIARTI000038787855,css,R723-41,2019-07-08,2019-07-08,
LEGIARTI000006752436,css,R723-42,1985-12-21,1998-08-22,
LEGIARTI000006752437,css,R723-42,1998-08-22,2004-12-30,
LEGIARTI000006752438,css,R723-42,2004-12-30,2019-07-08,
LEGIARTI000038787951,css,R723-42,2019-07-08,2019-07-08,
LEGIARTI000006752439,css,R723-43,1985-12-21,2004-12-30,
LEGIARTI000006752440,css,R723-43,2004-12-30,2019-07-08,
LEGIARTI000038787936,css,R723-43,2019-07-08,2019-07-08,
LEGIARTI000006752989,css,R723-44,1985-12-21,1987-09-02,
LEGIARTI000006752990,css,R723-44,1987-09-02,2001-06-22,
LEGIARTI000006752991,css,R723-44,2001-06-22,2004-12-30,
LEGIARTI000006752992,css,R723-44,2004-12-30,2010-07-02,
LEGIARTI000022417480,css,R723-44,2010-07-02,2019-07-08,
LEGIARTI000038787912,css,R723-44,2019-07-08,2019-07-08,
LEGIARTI000006752441,css,R723-45,1985-12-21,2004-12-30,
LEGIARTI000006752442,css,R723-45,2004-12-30,2010-01-09,
LEGIARTI000021667114,css,R723-45,2010-01-09,2015-01-01,
LEGIARTI000029916191,css,R723-45,2015-01-01,2019-07-08,
LEGIARTI000038787822,css,R723-45,2019-07-08,2019-07-08,
LEGIARTI000021667110,css,R723-45-1,2010-01-09,2015-01-01,
LEGIARTI000029916194,css,R723-45-1,2015-01-01,2019-07-08,
LEGIARTI000038787827,css,R723-45-1,2019-07-08,2019-07-08,
LEGIARTI000021667108,css,R723-45-2,2010-01-09,2019-07-08,
LEGIARTI000038787918,css,R723-45-2,2019-07-08,2019-07-08,
LEGIARTI000006752443,css,R723-46,1985-12-21,2004-12-30,
LEGIARTI000006752444,css,R723-46,2004-12-30,2019-07-08,
LEGIARTI000038787753,css,R723-46,2019-07-08,2019-07-08,
LEGIARTI000006752445,css,R723-47,1985-12-21,2004-12-30,
LEGIARTI000006752446,css,R723-47,2004-12-30,2019-07-08,
LEGIARTI000038787742,css,R723-47,2019-07-08,2019-07-08,
LEGIARTI000006752448,css,R723-48,1985-12-21,2004-12-30,
LEGIARTI000006752449,css,R723-48,2004-12-30,2011-06-23,
LEGIARTI000024227690,css,R723-48,2011-06-23,2019-07-08,
LEGIARTI000038787667,css,R723-48,2019-07-08,2019-07-08,
LEGIARTI000006752450,css,R723-49,1985-12-21,2004-12-30,
LEGIARTI000006752451,css,R723-49,2004-12-30,2011-06-23,
LEGIARTI000024227675,css,R723-49,2011-06-23,2019-07-08,
LEGIARTI000038787685,css,R723-49,2019-07-08,2019-07-08,
LEGIARTI000006752452,css,R723-50,1985-12-21,2004-12-30,
LEGIARTI000006752453,css,R723-50,2004-12-30,2019-07-08,
LEGIARTI000038787711,css,R723-50,2019-07-08,2019-07-08,
LEGIARTI000006752454,css,R723-51,1985-12-21,2004-12-30,
LEGIARTI000006752455,css,R723-51,2004-12-30,2019-07-08,
LEGIARTI000038787694,css,R723-51,2019-07-08,2019-07-08,
LEGIARTI000006752456,css,R723-52,1985-12-21,2004-12-30,
LEGIARTI000006752457,css,R723-52,2004-12-30,2011-06-23,
LEGIARTI000024227685,css,R723-52,2011-06-23,2019-07-08,
LEGIARTI000038787796,css,R723-52,2019-07-08,2019-07-08,
LEGIARTI000006752458,css,R723-53,1985-12-21,2004-12-30,
LEGIARTI000006752459,css,R723-53,2004-12-30,2019-07-08,
LEGIARTI000038787811,css,R723-53,2019-07-08,2019-07-08,
LEGIARTI000006752460,css,R723-54,1985-12-21,2004-12-30,
LEGIARTI000006752461,css,R723-54,2004-12-30,2010-02-05,
LEGIARTI000021781302,css,R723-54,2010-02-05,2011-06-23,
LEGIARTI000024227683,css,R723-54,2011-06-23,2019-07-08,
LEGIARTI000038787764,css,R723-54,2019-07-08,2019-07-08,
LEGIARTI000006752462,css,R723-55,1985-12-21,2001-06-22,
LEGIARTI000006752463,css,R723-55,2001-06-22,2004-12-30,
LEGIARTI000006752464,css,R723-55,2004-12-30,2019-07-08,
LEGIARTI000038787770,css,R723-55,2019-07-08,2019-07-08,
LEGIARTI000006752993,css,R723-56,1985-12-21,1989-02-01,
LEGIARTI000006752994,css,R723-56,1989-02-01,1998-08-22,
LEGIARTI000006752995,css,R723-56,1998-08-22,2004-12-30,
LEGIARTI000006752996,css,R723-56,2004-12-30,2010-02-05,
LEGIARTI000021781304,css,R723-56,2010-02-05,2011-06-03,
LEGIARTI000024113052,css,R723-56,2011-06-03,2011-06-23,
LEGIARTI000024227678,css,R723-56,2011-06-23,2019-07-08,
LEGIARTI000038787723,css,R723-56,2019-07-08,2019-07-08,
LEGIARTI000006752465,css,R723-57,1985-12-21,2004-12-30,
LEGIARTI000006752466,css,R723-57,2004-12-30,2019-07-08,
LEGIARTI000038787785,css,R723-57,2019-07-08,2019-07-08,
LEGIARTI000006752467,css,R723-58,1985-12-21,2004-12-30,
LEGIARTI000006752468,css,R723-58,2004-12-30,2019-07-08,
LEGIARTI000038787988,css,R723-58,2019-07-08,2019-07-08,
LEGIARTI000006752469,css,R723-59,1985-12-21,1998-08-22,
LEGIARTI000006752470,css,R723-59,1998-08-22,2004-12-30,
LEGIARTI000006752471,css,R723-59,2004-12-30,2019-07-08,
LEGIARTI000038787979,css,R723-59,2019-07-08,2019-07-08,
LEGIARTI000006752472,css,R723-60,1985-12-21,2004-12-30,
LEGIARTI000006752473,css,R723-61,1985-12-21,1998-08-22,
LEGIARTI000006752474,css,R723-61,1998-08-22,2004-12-30,
LEGIARTI000006752476,css,R723-62,1985-12-21,2009-11-16,
LEGIARTI000021269157,css,R723-62,2009-11-16,2019-07-08,
LEGIARTI000038787659,css,R723-62,2019-07-08,2019-07-08,
LEGIARTI000006752098,css,R723-63,1993-03-24,1998-08-22,
LEGIARTI000006752099,css,R723-63,1998-08-22,2007-09-21,
LEGIARTI000006752100,css,R723-63,2007-09-21,2015-01-01,
LEGIARTI000030055112,css,R723-63,2015-01-01,2019-07-08,
LEGIARTI000006752477,css,R723-64,1993-03-24,1998-08-22,
LEGIARTI000006752478,css,R723-64,1998-08-22,2007-09-21,
LEGIARTI000006752479,css,R723-64,2007-09-21,2019-07-08,
LEGIARTI000006752480,css,R723-65,1993-03-24,2007-09-21,
LEGIARTI000006752481,css,R723-65,2007-09-21,2015-01-01,
LEGIARTI000030055123,css,R723-65,2015-01-01,2016-02-28,
LEGIARTI000032118803,css,R723-65,2016-02-28,2019-07-08,
LEGIARTI000006752482,css,R723-66,1993-03-24,2007-09-21,
LEGIARTI000006752483,css,R723-66,2007-09-21,2019-07-08,
LEGIARTI000006752484,css,R723-67,1993-03-24,2004-12-30,
LEGIARTI000006752485,css,R723-67,2004-12-30,2007-09-21,
LEGIARTI000026362676,css,R723-67,2012-09-10,2019-07-08,
LEGIARTI000026357953,css,R723-67-1,2012-09-10,2019-07-08,
LEGIARTI000026357956,css,R723-67-2,2012-09-10,2019-07-08,
LEGIARTI000026357959,css,R723-67-3,2012-09-10,2019-07-08,
LEGIARTI000026357962,css,R723-67-4,2012-09-10,2019-07-08,
LEGIARTI000026357965,css,R723-67-5,2012-09-10,2019-07-08,
LEGIARTI000026357968,css,R723-67-6,2012-09-10,2019-07-08,
LEGIARTI000006752486,css,R723-68,1993-03-24,2007-09-21,
LEGIARTI000006752487,css,R723-69,1993-03-24,2009-11-16,
LEGIARTI000021269154,css,R723-69,2009-11-16,2019-07-08,
LEGIARTI000006753501,css,R815-1,1985-12-21,1991-01-01,
LEGIARTI000006753502,css,R815-1,1991-01-01,1993-03-14,
LEGIARTI000006753503,css,R815-1,1993-03-14,1994-01-01,
LEGIARTI000006753504,css,R815-1,1994-01-01,1999-06-06,
LEGIARTI000006753505,css,R815-1,1999-06-06,2000-01-01,
LEGIARTI000006753506,css,R815-1,2000-01-01,2001-07-01,
LEGIARTI000006753507,css,R815-1,2001-07-01,2007-01-13,
LEGIARTI000006753508,css,R815-1,2007-01-13,2011-06-03,
LEGIARTI000024113113,css,R815-1,2011-06-03,2015-01-01,
LEGIARTI000030058891,css,R815-1,2015-01-01,2023-09-01,
LEGIARTI000047633276,css,R815-1,2023-09-01,,
LEGIARTI000006753510,css,R815-2,1985-12-21,1991-01-01,
LEGIARTI000006753511,css,R815-2,1991-01-01,1993-03-14,
LEGIARTI000006753512,css,R815-2,1993-03-14,1994-01-01,
LEGIARTI000006753513,css,R815-2,1994-01-01,1999-06-06,
LEGIARTI000006753514,css,R815-2,1999-06-06,2000-01-01,
LEGIARTI000006753515,css,R815-2,2000-01-01,2001-07-01,
LEGIARTI000006753516,css,R815-2,2001-07-01,2007-01-13,
LEGIARTI000006753517,css,R815-2,2007-01-13,,
LEGIARTI000020791845,css,R815-2-1,2009-06-26,,
LEGIARTI000006753518,css,R815-3,1985-12-21,1991-01-01,
LEGIARTI000006753519,css,R815-3,1991-01-01,1993-03-14,
LEGIARTI000006753520,css,R815-3,1993-03-14,1994-01-01,
LEGIARTI000006753521,css,R815-3,1994-01-01,1999-06-06,
LEGIARTI000006753522,css,R815-3,1999-06-06,2000-01-01,
LEGIARTI000006753523,css,R815-3,2000-01-01,2001-07-01,
LEGIARTI000006753524,css,R815-3,2001-07-01,2007-01-13,
LEGIARTI000006753525,css,R815-3,2007-01-13,,
LEGIARTI000006753526,css,R815-4,1985-12-21,1991-01-01,
LEGIARTI000006753527,css,R815-4,1991-01-01,1993-03-14,
LEGIARTI000006753528,css,R815-4,1993-03-14,1994-01-01,
LEGIARTI000006753529,css,R815-4,1994-01-01,1999-06-06,
LEGIARTI000006753530,css,R815-4,1999-06-06,2000-01-01,
LEGIARTI000006753531,css,R815-4,2000-01-01,2000-12-30,
LEGIARTI000006753532,css,R815-4,2000-12-30,2001-07-01,
LEGIARTI000006753533,css,R815-4,2001-07-01,2007-01-13,
LEGIARTI000006753534,css,R815-4,2007-01-13,,
LEGIARTI000006753535,css,R815-5,1985-12-21,1991-01-01,
LEGIARTI000006753536,css,R815-5,1991-01-01,1993-03-14,
LEGIARTI000006753537,css,R815-5,1993-03-14,1994-01-01,
LEGIARTI000006753538,css,R815-5,1994-01-01,1999-06-06,
LEGIARTI000006753539,css,R815-5,1999-06-06,2000-01-01,
LEGIARTI000006753540,css,R815-5,2000-01-01,2001-07-01,
LEGIARTI000006753541,css,R815-5,2001-07-01,2007-01-13,
LEGIARTI000006753542,css,R815-5,2007-01-13,,
LEGIARTI000006753543,css,R815-6,1985-12-21,1991-01-01,
LEGIARTI000006753544,css,R815-6,1991-01-01,1993-03-14,
LEGIARTI000006753545,css,R815-6,1993-03-14,1994-01-01,
LEGIARTI000006753546,css,R815-6,1994-01-01,1999-06-06,
LEGIARTI000006753547,css,R815-6,1999-06-06,2000-01-01,
LEGIARTI000006753548,css,R815-6,2000-01-01,2001-07-01,
LEGIARTI000006753549,css,R815-6,2001-07-01,2007-01-13,
LEGIARTI000006753550,css,R815-6,2007-01-13,,
LEGIARTI000006753551,css,R815-7,1985-12-21,1991-01-01,
LEGIARTI000006753552,css,R815-7,1991-01-01,1993-03-14,
LEGIARTI000006753553,css,R815-7,1993-03-14,1994-01-01,
LEGIARTI000006753554,css,R815-7,1994-01-01,1999-06-06,
LEGIARTI000006753555,css,R815-7,1999-06-06,2000-01-01,
LEGIARTI000006753556,css,R815-7,2000-01-01,2001-07-01,
LEGIARTI000006753557,css,R815-7,2001-07-01,2007-01-13,
LEGIARTI000006753558,css,R815-7,2007-01-13,2019-07-08,
LEGIARTI000038789757,css,R815-7,2019-07-08,,
LEGIARTI000006753559,css,R815-8,1985-12-21,1991-01-01,
LEGIARTI000006753560,css,R815-8,1991-01-01,1993-03-14,
LEGIARTI000006753561,css,R815-8,1993-03-14,1994-01-01,
LEGIARTI000006753562,css,R815-8,1994-01-01,1999-06-06,
LEGIARTI000006753563,css,R815-8,1999-06-06,2000-01-01,
LEGIARTI000006753564,css,R815-8,2000-01-01,2001-07-01,
LEGIARTI000006753565,css,R815-8,2001-07-01,2007-01-13,
LEGIARTI000006753566,css,R815-8,2007-01-13,,
LEGIARTI000006753567,css,R815-9,1985-12-21,1991-01-01,
LEGIARTI000006753568,css,R815-9,1991-01-01,1993-03-14,
LEGIARTI000006753569,css,R815-9,1993-03-14,1994-01-01,
LEGIARTI000006753570,css,R815-9,1994-01-01,1999-06-06,
LEGIARTI000006753571,css,R815-9,1999-06-06,2000-01-01,
LEGIARTI000006753572,css,R815-9,2000-01-01,2001-07-01,
LEGIARTI000006753573,css,R815-9,2001-07-01,2007-01-13,
LEGIARTI000006753574,css,R815-9,2007-01-13,,
LEGIARTI000006753576,css,R815-10,1985-12-21,1991-01-01,
LEGIARTI000006753577,css,R815-10,1991-01-01,1993-03-14,
LEGIARTI000006753578,css,R815-10,1993-03-14,1994-01-01,
LEGIARTI000006753579,css,R815-10,1994-01-01,1999-06-06,
LEGIARTI000006753580,css,R815-10,1999-06-06,2000-01-01,
LEGIARTI000006753581,css,R815-10,2000-01-01,2001-07-01,
LEGIARTI000006753582,css,R815-10,2001-07-01,2007-01-13,
LEGIARTI000006753583,css,R815-10,2007-01-13,2014-05-30,
LEGIARTI000029007664,css,R815-10,2014-05-30,,
LEGIARTI000006753584,css,R815-11,1985-12-21,1991-01-01,
LEGIARTI000006753585,css,R815-11,1991-01-01,1993-03-14,
LEGIARTI000006753586,css,R815-11,1993-03-14,1994-01-01,
LEGIARTI000006753587,css,R815-11,1994-01-01,1999-06-06,
LEGIARTI000006753588,css,R815-11,1999-06-06,2000-01-01,
LEGIARTI000006753589,css,R815-11,2000-01-01,2001-07-01,
LEGIARTI000006753590,css,R815-11,2001-07-01,2007-01-13,
LEGIARTI000006753591,css,R815-11,2007-01-13,,
LEGIARTI000006753592,css,R815-12,1985-12-21,1991-01-01,
LEGIARTI000006753593,css,R815-12,1991-01-01,1993-03-14,
LEGIARTI000006753594,css,R815-12,1993-03-14,1994-01-01,
LEGIARTI000006753595,css,R815-12,1994-01-01,1999-06-06,
LEGIARTI000006753596,css,R815-12,1999-06-06,2000-01-01,
LEGIARTI000006753597,css,R815-12,2000-01-01,2001-07-01,
LEGIARTI000006753598,css,R815-12,2001-07-01,2007-01-13,
LEGIARTI000006753599,css,R815-12,2007-01-13,,
LEGIARTI000006753600,css,R815-13,1985-12-21,1991-01-01,
LEGIARTI000006753601,css,R815-13,1991-01-01,1993-03-14,
LEGIARTI000006753602,css,R815-13,1993-03-14,1994-01-01,
LEGIARTI000006753603,css,R815-13,1994-01-01,1999-06-06,
LEGIARTI000006753604,css,R815-13,1999-06-06,2000-01-01,
LEGIARTI000006753605,css,R815-13,2000-01-01,2001-07-01,
LEGIARTI000006753606,css,R815-13,2001-07-01,2007-01-13,
LEGIARTI000006753607,css,R815-13,2007-01-13,,
LEGIARTI000006753608,css,R815-14,1985-12-21,1991-01-01,
LEGIARTI000006753609,css,R815-14,1991-01-01,1993-03-14,
LEGIARTI000006753610,css,R815-14,1993-03-14,1994-01-01,
LEGIARTI000006753611,css,R815-14,1994-01-01,1999-06-06,
LEGIARTI000006753612,css,R815-14,1999-06-06,2000-01-01,
LEGIARTI000006753613,css,R815-14,2000-01-01,2001-07-01,
LEGIARTI000006753614,css,R815-14,2001-07-01,2007-01-13,
LEGIARTI000006753615,css,R815-14,2007-01-13,,
LEGIARTI000006753616,css,R815-15,1985-12-21,1991-01-01,
LEGIARTI000006753617,css,R815-15,1991-01-01,1993-03-14,
LEGIARTI000006753618,css,R815-15,1993-03-14,1994-01-01,
LEGIARTI000006753619,css,R815-15,1994-01-01,1999-06-06,
LEGIARTI000006753620,css,R815-15,1999-06-06,2000-01-01,
LEGIARTI000006753621,css,R815-15,2000-01-01,2000-12-30,
LEGIARTI000006753622,css,R815-15,2000-12-30,2001-07-01,
LEGIARTI000006753623,css,R815-15,2001-07-01,2007-01-13,
LEGIARTI000006753624,css,R815-15,2007-01-13,2017-01-01,
LEGIARTI000053419708,css,R815-15,2017-01-01,2020-01-01,
LEGIARTI000039308797,css,R815-15,2020-01-01,,
LEGIARTI000006753625,css,R815-16,1985-12-21,1991-01-01,
LEGIARTI000006753626,css,R815-16,1991-01-01,1993-03-14,
LEGIARTI000006753627,css,R815-16,1993-03-14,1994-01-01,
LEGIARTI000006753628,css,R815-16,1994-01-01,1999-06-06,
LEGIARTI000006753629,css,R815-16,1999-06-06,2000-01-01,
LEGIARTI000006753630,css,R815-16,2000-01-01,2001-07-01,
LEGIARTI000006753631,css,R815-16,2001-07-01,2007-01-13,
LEGIARTI000006753632,css,R815-16,2007-01-13,,
LEGIARTI000006753633,css,R815-17,1985-12-21,1991-01-01,
LEGIARTI000006753634,css,R815-17,1991-01-01,1993-03-14,
LEGIARTI000006753635,css,R815-17,1993-03-14,1994-01-01,
LEGIARTI000006753636,css,R815-17,1994-01-01,1999-06-06,
LEGIARTI000006753637,css,R815-17,1999-06-06,2000-01-01,
LEGIARTI000006753638,css,R815-17,2000-01-01,2001-07-01,
LEGIARTI000006753639,css,R815-17,2001-07-01,2007-01-13,
LEGIARTI000006753640,css,R815-17,2007-01-13,,
LEGIARTI000006753641,css,R815-18,1985-12-21,1991-01-01,
LEGIARTI000006753642,css,R815-18,1991-01-01,1993-03-14,
LEGIARTI000006753643,css,R815-18,1993-03-14,1994-01-01,
LEGIARTI000006753644,css,R815-18,1994-01-01,1999-06-06,
LEGIARTI000006753645,css,R815-18,1999-06-06,2000-01-01,
LEGIARTI000006753646,css,R815-18,2000-01-01,2001-07-01,
LEGIARTI000006753647,css,R815-18,2001-07-01,2007-01-13,
LEGIARTI000006753648,css,R815-18,2007-01-13,,
LEGIARTI000006753649,css,R815-19,1985-12-21,1991-01-01,
LEGIARTI000006753650,css,R815-19,1991-01-01,1993-03-14,
LEGIARTI000006753651,css,R815-19,1993-03-14,1994-01-01,
LEGIARTI000006753652,css,R815-19,1994-01-01,1999-06-06,
LEGIARTI000006753653,css,R815-19,1999-06-06,2000-01-01,
LEGIARTI000006753654,css,R815-19,2000-01-01,2001-07-01,
LEGIARTI000006753655,css,R815-19,2001-07-01,2007-01-13,
LEGIARTI000006753656,css,R815-19,2007-01-13,,
LEGIARTI000006753657,css,R815-20,1985-12-21,1991-01-01,
LEGIARTI000006753658,css,R815-20,1991-01-01,1993-03-14,
LEGIARTI000006753659,css,R815-20,1993-03-14,1994-01-01,
LEGIARTI000006753660,css,R815-20,1994-01-01,1999-06-06,
LEGIARTI000006753661,css,R815-20,1999-06-06,2000-01-01,
LEGIARTI000006753662,css,R815-20,2000-01-01,2001-07-01,
LEGIARTI000006753663,css,R815-20,2001-07-01,2007-01-13,
LEGIARTI000006753664,css,R815-20,2007-01-13,,
LEGIARTI000006753665,css,R815-21,1985-12-21,1991-01-01,
LEGIARTI000006753666,css,R815-21,1991-01-01,1993-03-14,
LEGIARTI000006753667,css,R815-21,1993-03-14,1994-01-01,
LEGIARTI000006753668,css,R815-21,1994-01-01,1999-06-06,
LEGIARTI000006753669,css,R815-21,1999-06-06,2000-01-01,
LEGIARTI000006753670,css,R815-21,2000-01-01,2001-07-01,
LEGIARTI000006753671,css,R815-21,2001-07-01,2007-01-13,
LEGIARTI000006753672,css,R815-21,2007-01-13,,
LEGIARTI000006753673,css,R815-22,1985-12-21,1991-01-01,
LEGIARTI000006753674,css,R815-22,1991-01-01,1993-03-14,
LEGIARTI000006753675,css,R815-22,1993-03-14,1994-01-01,
LEGIARTI000006753676,css,R815-22,1994-01-01,1999-06-06,
LEGIARTI000006753677,css,R815-22,1999-06-06,2000-01-01,
LEGIARTI000006753678,css,R815-22,2000-01-01,2001-07-01,
LEGIARTI000006753679,css,R815-22,2001-07-01,2007-01-13,
LEGIARTI000006753680,css,R815-22,2007-01-13,2013-03-01,
LEGIARTI000027268441,css,R815-22,2013-03-01,2017-01-01,
LEGIARTI000053429267,css,R815-22,2017-01-01,2019-09-01,
LEGIARTI000038929272,css,R815-22,2019-09-01,2022-03-21,
LEGIARTI000045386182,css,R815-22,2022-03-21,2022-06-17,
LEGIARTI000045920144,css,R815-22,2022-06-17,2023-07-01,
LEGIARTI000047770487,css,R815-22,2023-07-01,,
LEGIARTI000006753681,css,R815-23,1985-12-21,1991-01-01,
LEGIARTI000006753682,css,R815-23,1991-01-01,1993-03-14,
LEGIARTI000006753683,css,R815-23,1993-03-14,1994-01-01,
LEGIARTI000006753684,css,R815-23,1994-01-01,1999-06-06,
LEGIARTI000006753685,css,R815-23,1999-06-06,2000-01-01,
LEGIARTI000006753686,css,R815-23,2000-01-01,2001-07-01,
LEGIARTI000006753687,css,R815-23,2001-07-01,2007-01-13,
LEGIARTI000006753688,css,R815-23,2007-01-13,,
LEGIARTI000006753689,css,R815-24,1985-12-21,1991-01-01,
LEGIARTI000006753690,css,R815-24,1991-01-01,1993-03-14,
LEGIARTI000006753691,css,R815-24,1993-03-14,1994-01-01,
LEGIARTI000006753692,css,R815-24,1994-01-01,1999-06-06,
LEGIARTI000006753693,css,R815-24,1999-06-06,2000-01-01,
LEGIARTI000006753694,css,R815-24,2000-01-01,2001-07-01,
LEGIARTI000006753695,css,R815-24,2001-07-01,2007-01-13,
LEGIARTI000006753696,css,R815-24,2007-01-13,,
LEGIARTI000006753697,css,R815-25,1985-12-21,1991-01-01,
LEGIARTI000006753698,css,R815-25,1991-01-01,1993-03-14,
LEGIARTI000006753699,css,R815-25,1993-03-14,1994-01-01,
LEGIARTI000006753700,css,R815-25,1994-01-01,1999-06-06,
LEGIARTI000006753701,css,R815-25,1999-06-06,2000-01-01,
LEGIARTI000006753702,css,R815-25,2000-01-01,2000-09-02,
LEGIARTI000006753703,css,R815-25,2000-09-02,2001-07-01,
LEGIARTI000006753704,css,R815-25,2001-07-01,2007-01-13,
LEGIARTI000006753705,css,R815-25,2007-01-13,,
LEGIARTI000006753706,css,R815-26,1985-12-21,1991-01-01,
LEGIARTI000006753707,css,R815-26,1991-01-01,1993-03-14,
LEGIARTI000006753708,css,R815-26,1993-03-14,1994-01-01,
LEGIARTI000006753709,css,R815-26,1994-01-01,1999-06-06,
LEGIARTI000006753710,css,R815-26,1999-06-06,2000-01-01,
LEGIARTI000006753711,css,R815-26,2000-01-01,2001-07-01,
LEGIARTI000006753712,css,R815-26,2001-07-01,2007-01-13,
LEGIARTI000006753713,css,R815-26,2007-01-13,,
LEGIARTI000006753714,css,R815-27,1985-12-21,1991-01-01,
LEGIARTI000006753715,css,R815-27,1991-01-01,1993-03-14,
LEGIARTI000006753716,css,R815-27,1993-03-14,1994-01-01,
LEGIARTI000006753717,css,R815-27,1994-01-01,1999-06-06,
LEGIARTI000006753718,css,R815-27,1999-06-06,2000-01-01,
LEGIARTI000006753719,css,R815-27,2000-01-01,2001-07-01,
LEGIARTI000006753720,css,R815-27,2001-07-01,2007-01-13,
LEGIARTI000006753721,css,R815-27,2007-01-13,,
LEGIARTI000006753722,css,R815-28,1985-12-21,1991-01-01,
LEGIARTI000006753723,css,R815-28,1991-01-01,1993-03-14,
LEGIARTI000006753724,css,R815-28,1993-03-14,1994-01-01,
LEGIARTI000006753725,css,R815-28,1994-01-01,1999-06-06,
LEGIARTI000006753726,css,R815-28,1999-06-06,2000-01-01,
LEGIARTI000006753727,css,R815-28,2000-01-01,2001-07-01,
LEGIARTI000006753728,css,R815-28,2001-07-01,2007-01-13,
LEGIARTI000006753729,css,R815-28,2007-01-13,,
LEGIARTI000006753731,css,R815-29,1985-12-21,1991-01-01,
LEGIARTI000006753732,css,R815-29,1991-01-01,1993-03-14,
LEGIARTI000006753733,css,R815-29,1993-03-14,1994-01-01,
LEGIARTI000006753734,css,R815-29,1994-01-01,1999-06-06,
LEGIARTI000006753735,css,R815-29,1999-06-06,2000-01-01,
LEGIARTI000006753736,css,R815-29,2000-01-01,2001-07-01,
LEGIARTI000006753737,css,R815-29,2001-07-01,2007-01-13,
LEGIARTI000006753738,css,R815-29,2007-01-13,2015-01-01,
LEGIARTI000029968931,css,R815-29,2015-01-01,,
LEGIARTI000006753739,css,R815-30,1985-12-21,1991-01-01,
LEGIARTI000006753740,css,R815-30,1991-01-01,1993-03-14,
LEGIARTI000006753741,css,R815-30,1993-03-14,1994-01-01,
LEGIARTI000006753742,css,R815-30,1994-01-01,1999-06-06,
LEGIARTI000006753743,css,R815-30,1999-06-06,2000-01-01,
LEGIARTI000006753744,css,R815-30,2000-01-01,2001-07-01,
LEGIARTI000006753745,css,R815-30,2001-07-01,2007-01-13,
LEGIARTI000006753746,css,R815-30,2007-01-13,,
LEGIARTI000006753747,css,R815-31,1985-12-21,1991-01-01,
LEGIARTI000006753748,css,R815-31,1991-01-01,1993-03-14,
LEGIARTI000006753749,css,R815-31,1993-03-14,1994-01-01,
LEGIARTI000006753750,css,R815-31,1994-01-01,1999-06-06,
LEGIARTI000006753751,css,R815-31,1999-06-06,2000-01-01,
LEGIARTI000006753752,css,R815-31,2000-01-01,2001-07-01,
LEGIARTI000006753753,css,R815-31,2001-07-01,2007-01-13,
LEGIARTI000006753754,css,R815-31,2007-01-13,2020-01-01,
LEGIARTI000039308789,css,R815-31,2020-01-01,,
LEGIARTI000006753755,css,R815-32,1985-12-21,1991-01-01,
LEGIARTI000006753756,css,R815-32,1991-01-01,1993-03-14,
LEGIARTI000006753757,css,R815-32,1993-03-14,1994-01-01,
LEGIARTI000006753758,css,R815-32,1994-01-01,1999-06-06,
LEGIARTI000006753759,css,R815-32,1999-06-06,2000-01-01,
LEGIARTI000006753760,css,R815-32,2000-01-01,2001-07-01,
LEGIARTI000006753761,css,R815-32,2001-07-01,2007-01-13,
LEGIARTI000006753762,css,R815-32,2007-01-13,2022-03-14,
LEGIARTI000045351467,css,R815-32,2022-03-14,2025-10-01,
LEGIARTI000051969180,css,R815-32,2025-10-01,,
LEGIARTI000006753763,css,R815-33,1985-12-21,1990-11-30,
LEGIARTI000006753764,css,R815-33,2007-01-13,2011-06-03,
LEGIARTI000024113126,css,R815-33,2011-06-03,2023-09-01,
LEGIARTI000047633269,css,R815-33,2023-09-01,,
LEGIARTI000006753765,css,R815-34,1985-12-21,1991-01-01,
LEGIARTI000006753766,css,R815-34,1991-01-01,1993-03-14,
LEGIARTI000006753767,css,R815-34,1993-03-14,1994-01-01,
LEGIARTI000006753768,css,R815-34,1994-01-01,1999-06-06,
LEGIARTI000006753769,css,R815-34,1999-06-06,2000-01-01,
LEGIARTI000006753770,css,R815-34,2000-01-01,2001-07-01,
LEGIARTI000006753771,css,R815-34,2001-07-01,2007-01-13,
LEGIARTI000006753772,css,R815-34,2007-01-13,,
LEGIARTI000006753773,css,R815-35,1985-12-21,1991-01-01,
LEGIARTI000006753774,css,R815-35,1991-01-01,1993-03-14,
LEGIARTI000006753775,css,R815-35,1993-03-14,1994-01-01,
LEGIARTI000006753776,css,R815-35,1994-01-01,1999-06-06,
LEGIARTI000006753777,css,R815-35,1999-06-06,2000-01-01,
LEGIARTI000006753778,css,R815-35,2000-01-01,2001-07-01,
LEGIARTI000006753779,css,R815-35,2001-07-01,2007-01-13,
LEGIARTI000006753780,css,R815-35,2007-01-13,2014-05-30,
LEGIARTI000029007672,css,R815-35,2014-05-30,,
LEGIARTI000006753781,css,R815-36,1985-12-21,1991-01-01,
LEGIARTI000006753782,css,R815-36,1991-01-01,1993-03-14,
LEGIARTI000006753783,css,R815-36,1993-03-14,1994-01-01,
LEGIARTI000006753784,css,R815-36,1994-01-01,1999-06-06,
LEGIARTI000006753785,css,R815-36,1999-06-06,2000-01-01,
LEGIARTI000006753786,css,R815-36,2000-01-01,2001-07-01,
LEGIARTI000006753787,css,R815-36,2001-07-01,2007-01-13,
LEGIARTI000006753788,css,R815-36,2007-01-13,,
LEGIARTI000006753789,css,R815-37,1985-12-21,1991-01-01,
LEGIARTI000006753790,css,R815-37,1991-01-01,1993-03-14,
LEGIARTI000006753791,css,R815-37,1993-03-14,1994-01-01,
LEGIARTI000006753792,css,R815-37,1994-01-01,1999-06-06,
LEGIARTI000006753793,css,R815-37,1999-06-06,2000-01-01,
LEGIARTI000006753794,css,R815-37,2000-01-01,2001-07-01,
LEGIARTI000006753795,css,R815-37,2001-07-01,2007-01-13,
LEGIARTI000006753796,css,R815-37,2007-01-13,2014-05-30,
LEGIARTI000029007631,css,R815-37,2014-05-30,,
LEGIARTI000006753797,css,R815-38,1985-12-21,1991-01-01,
LEGIARTI000006753798,css,R815-38,1991-01-01,1993-03-14,
LEGIARTI000006753799,css,R815-38,1993-03-14,1994-01-01,
LEGIARTI000006753800,css,R815-38,1994-01-01,1999-06-06,
LEGIARTI000006753801,css,R815-38,1999-06-06,2000-01-01,
LEGIARTI000006753802,css,R815-38,2000-01-01,2001-07-01,
LEGIARTI000006753803,css,R815-38,2001-07-01,2007-01-13,
LEGIARTI000006753804,css,R815-38,2007-01-13,,
LEGIARTI000006753805,css,R815-39,1985-12-21,1991-01-01,
LEGIARTI000006753806,css,R815-39,1991-01-01,1993-03-14,
LEGIARTI000006753807,css,R815-39,1993-03-14,1994-01-01,
LEGIARTI000006753808,css,R815-39,1994-01-01,1999-06-06,
LEGIARTI000006753809,css,R815-39,1999-06-06,2000-01-01,
LEGIARTI000006753810,css,R815-39,2000-01-01,2001-07-01,
LEGIARTI000006753811,css,R815-39,2001-07-01,2007-01-13,
LEGIARTI000006753812,css,R815-39,2007-01-13,,
LEGIARTI000006753813,css,R815-40,1985-12-21,1991-01-01,
LEGIARTI000006753814,css,R815-40,1991-01-01,1993-03-14,
LEGIARTI000006753815,css,R815-40,1993-03-14,1994-01-01,
LEGIARTI000006753816,css,R815-40,1994-01-01,1999-06-06,
LEGIARTI000006753817,css,R815-40,1999-06-06,2000-01-01,
LEGIARTI000006753818,css,R815-40,2000-01-01,2001-07-01,
LEGIARTI000006753819,css,R815-40,2001-07-01,2007-01-13,
LEGIARTI000006753820,css,R815-40,2007-01-13,,
LEGIARTI000006753821,css,R815-41,1985-12-21,1991-01-01,
LEGIARTI000006753822,css,R815-41,1991-01-01,1993-03-14,
LEGIARTI000006753823,css,R815-41,1993-03-14,1994-01-01,
LEGIARTI000006753824,css,R815-41,1994-01-01,1999-06-06,
LEGIARTI000006753825,css,R815-41,1999-06-06,2000-01-01,
LEGIARTI000006753826,css,R815-41,2000-01-01,2001-07-01,
LEGIARTI000006753827,css,R815-41,2001-07-01,2007-01-13,
LEGIARTI000006753828,css,R815-41,2007-01-13,2014-05-30,
LEGIARTI000029007668,css,R815-41,2014-05-30,,
LEGIARTI000006753829,css,R815-42,1985-12-21,1991-01-01,
LEGIARTI000006753830,css,R815-42,1991-01-01,1993-03-14,
LEGIARTI000006753831,css,R815-42,1993-03-14,1994-01-01,
LEGIARTI000006753832,css,R815-42,1994-01-01,1999-06-06,
LEGIARTI000006753833,css,R815-42,1999-06-06,2000-01-01,
LEGIARTI000006753834,css,R815-42,2000-01-01,2001-07-01,
LEGIARTI000006753835,css,R815-42,2001-07-01,2007-01-13,
LEGIARTI000006753836,css,R815-42,2007-01-13,,
LEGIARTI000006753837,css,R815-43,1985-12-21,1991-01-01,
LEGIARTI000006753838,css,R815-43,1991-01-01,1993-03-14,
LEGIARTI000006753839,css,R815-43,1993-03-14,1994-01-01,
LEGIARTI000006753840,css,R815-43,1994-01-01,1999-06-06,
LEGIARTI000006753841,css,R815-43,1999-06-06,2000-01-01,
LEGIARTI000006753842,css,R815-43,2000-01-01,2001-07-01,
LEGIARTI000006753843,css,R815-43,2001-07-01,2007-01-13,
LEGIARTI000006753844,css,R815-43,2007-01-13,,
LEGIARTI000006753845,css,R815-44,1985-12-21,1991-01-01,
LEGIARTI000006753846,css,R815-44,1991-01-01,1993-03-14,
LEGIARTI000006753847,css,R815-44,1993-03-14,1994-01-01,
LEGIARTI000006753848,css,R815-44,1994-01-01,1999-06-06,
LEGIARTI000006753849,css,R815-44,1999-06-06,2000-01-01,
LEGIARTI000006753850,css,R815-44,2000-01-01,2001-07-01,
LEGIARTI000006753851,css,R815-44,2001-07-01,2007-01-13,
LEGIARTI000006753852,css,R815-44,2007-01-13,2012-11-11,
LEGIARTI000026618365,css,R815-44,2012-11-11,,
LEGIARTI000006753853,css,R815-45,1985-12-21,1991-01-01,
LEGIARTI000006753854,css,R815-45,1991-01-01,1993-03-14,
LEGIARTI000006753855,css,R815-45,1993-03-14,1994-01-01,
LEGIARTI000006753856,css,R815-45,1994-01-01,1999-06-06,
LEGIARTI000006753857,css,R815-45,1999-06-06,2000-01-01,
LEGIARTI000006753858,css,R815-45,2000-01-01,2001-07-01,
LEGIARTI000006753859,css,R815-45,2001-07-01,2007-01-13,
LEGIARTI000006753860,css,R815-45,2007-01-13,,
LEGIARTI000006753861,css,R815-46,1985-12-21,1991-01-01,
LEGIARTI000006753862,css,R815-46,1991-01-01,1993-03-14,
LEGIARTI000006753863,css,R815-46,1993-03-14,1994-01-01,
LEGIARTI000006753864,css,R815-46,1994-01-01,1999-06-06,
LEGIARTI000006753865,css,R815-46,1999-06-06,2000-01-01,
LEGIARTI000006753866,css,R815-46,2000-01-01,2001-07-01,
LEGIARTI000006753867,css,R815-46,2001-07-01,2007-01-13,
LEGIARTI000006753868,css,R815-46,2007-01-13,2013-01-01,
LEGIARTI000026854678,css,R815-46,2013-01-01,,
LEGIARTI000006753870,css,R815-47,1985-12-21,1991-01-01,
LEGIARTI000006753871,css,R815-47,1991-01-01,1993-03-14,
LEGIARTI000006753872,css,R815-47,1993-03-14,1994-01-01,
LEGIARTI000006753873,css,R815-47,1994-01-01,1999-06-06,
LEGIARTI000006753874,css,R815-47,1999-06-06,2000-01-01,
LEGIARTI000006753875,css,R815-47,2000-01-01,2001-07-01,
LEGIARTI000006753876,css,R815-47,2001-07-01,2006-03-24,
LEGIARTI000006753877,css,R815-47,2006-03-24,2007-01-13,
LEGIARTI000006753878,css,R815-47,2007-01-13,,
LEGIARTI000006753879,css,R815-48,1985-12-21,1991-01-01,
LEGIARTI000006753880,css,R815-48,1991-01-01,1993-03-14,
LEGIARTI000006753881,css,R815-48,1993-03-14,1994-01-01,
LEGIARTI000006753882,css,R815-48,1994-01-01,1999-06-06,
LEGIARTI000006753883,css,R815-48,1999-06-06,2000-01-01,
LEGIARTI000006753884,css,R815-48,2000-01-01,2001-07-01,
LEGIARTI000006753885,css,R815-48,2001-07-01,2007-01-13,
LEGIARTI000006753886,css,R815-48,2007-01-13,,
LEGIARTI000006753887,css,R815-49,1985-12-21,1991-01-01,
LEGIARTI000006753888,css,R815-49,1991-01-01,1993-03-14,
LEGIARTI000006753889,css,R815-49,1993-03-14,1994-01-01,
LEGIARTI000006753890,css,R815-49,1994-01-01,1999-06-06,
LEGIARTI000006753891,css,R815-49,1999-06-06,2000-01-01,
LEGIARTI000006753892,css,R815-49,2000-01-01,2001-07-01,
LEGIARTI000006753893,css,R815-49,2001-07-01,2007-01-13,
LEGIARTI000006753894,css,R815-49,2007-01-13,,
LEGIARTI000006753895,css,R815-50,1985-12-21,1991-01-01,
LEGIARTI000006753896,css,R815-50,1991-01-01,1993-03-14,
LEGIARTI000006753897,css,R815-50,1993-03-14,1994-01-01,
LEGIARTI000006753898,css,R815-50,1994-01-01,1999-06-06,
LEGIARTI000006753899,css,R815-50,1999-06-06,2000-01-01,
LEGIARTI000006753900,css,R815-50,2000-01-01,2001-07-01,
LEGIARTI000006753901,css,R815-50,2001-07-01,2007-01-13,
LEGIARTI000006753902,css,R815-50,2007-01-13,2020-01-01,
LEGIARTI000039308781,css,R815-50,2020-01-01,,
LEGIARTI000006753903,css,R815-51,1985-12-21,1991-01-01,
LEGIARTI000006753904,css,R815-51,1991-01-01,1993-03-14,
LEGIARTI000006753905,css,R815-51,1993-03-14,1994-01-01,
LEGIARTI000006753906,css,R815-51,1994-01-01,1999-06-06,
LEGIARTI000006753907,css,R815-51,1999-06-06,2000-01-01,
LEGIARTI000006753908,css,R815-51,2000-01-01,2001-07-01,
LEGIARTI000006753909,css,R815-51,2001-07-01,2007-01-13,
LEGIARTI000006753910,css,R815-51,2007-01-13,2010-01-01,
LEGIARTI000021508437,css,R815-51,2010-01-01,,
LEGIARTI000006753911,css,R815-52,1985-12-21,1991-01-01,
LEGIARTI000006753912,css,R815-52,1991-01-01,1993-03-14,
LEGIARTI000006753913,css,R815-52,1993-03-14,1994-01-01,
LEGIARTI000006753914,css,R815-52,1994-01-01,1999-06-06,
LEGIARTI000006753915,css,R815-52,1999-06-06,2000-01-01,
LEGIARTI000006753916,css,R815-52,2000-01-01,2001-07-01,
LEGIARTI000006753917,css,R815-52,2001-07-01,2007-01-13,
LEGIARTI000006753918,css,R815-52,2007-01-13,2012-08-25,
LEGIARTI000026313157,css,R815-52,2012-08-25,,
LEGIARTI000006753919,css,R815-53,1985-12-21,1991-01-01,
LEGIARTI000006753920,css,R815-53,1991-01-01,1993-03-14,
LEGIARTI000006753921,css,R815-53,1993-03-14,1994-01-01,
LEGIARTI000006753922,css,R815-53,1994-01-01,1999-06-06,
LEGIARTI000006753923,css,R815-53,1999-06-06,2000-01-01,
LEGIARTI000006753924,css,R815-53,2000-01-01,2001-07-01,
LEGIARTI000006753925,css,R815-53,2001-07-01,2007-01-13,
LEGIARTI000006753926,css,R815-53,2007-01-13,,
LEGIARTI000006753927,css,R815-54,1985-12-21,1991-01-01,
LEGIARTI000006753928,css,R815-54,1991-01-01,1993-03-14,
LEGIARTI000006753929,css,R815-54,1993-03-14,1994-01-01,
LEGIARTI000006753930,css,R815-54,1994-01-01,1999-06-06,
LEGIARTI000006753931,css,R815-54,1999-06-06,2000-01-01,
LEGIARTI000006753932,css,R815-54,2000-01-01,2001-07-01,
LEGIARTI000006753933,css,R815-54,2001-07-01,2007-01-13,
LEGIARTI000006753934,css,R815-54,2007-01-13,2019-01-01,
LEGIARTI000037551877,css,R815-54,2019-01-01,,
LEGIARTI000006753935,css,R815-55,1985-12-21,1991-01-01,
LEGIARTI000006753936,css,R815-55,1991-01-01,1993-03-14,
LEGIARTI000006753937,css,R815-55,1993-03-14,1994-01-01,
LEGIARTI000006753938,css,R815-55,1994-01-01,1999-06-06,
LEGIARTI000006753939,css,R815-55,1999-06-06,2000-01-01,
LEGIARTI000006753940,css,R815-55,2000-01-01,2001-07-01,
LEGIARTI000006753941,css,R815-55,2001-07-01,2007-01-13,
LEGIARTI000006753942,css,R815-55,2007-01-13,2010-01-01,
LEGIARTI000021508361,css,R815-55,2010-01-01,,
LEGIARTI000006753944,css,R815-56,1985-12-21,1991-01-01,
LEGIARTI000006753945,css,R815-56,1991-01-01,1993-03-14,
LEGIARTI000006753946,css,R815-56,1993-03-14,1994-01-01,
LEGIARTI000006753947,css,R815-56,1994-01-01,1999-06-06,
LEGIARTI000006753948,css,R815-56,1999-06-06,2000-01-01,
LEGIARTI000006753949,css,R815-56,2000-01-01,2001-07-01,
LEGIARTI000006753950,css,R815-56,2001-07-01,2007-01-13,
LEGIARTI000006753951,css,R815-56,2007-01-13,2010-01-01,
LEGIARTI000021508484,css,R815-56,2010-01-01,,
LEGIARTI000006753952,css,R815-57,1985-12-21,1991-01-01,
LEGIARTI000006753953,css,R815-57,1991-01-01,1993-03-14,
LEGIARTI000006753954,css,R815-57,1993-03-14,1994-01-01,
LEGIARTI000006753955,css,R815-57,1994-01-01,1999-06-06,
LEGIARTI000006753956,css,R815-57,1999-06-06,2000-01-01,
LEGIARTI000006753957,css,R815-57,2000-01-01,2001-07-01,
LEGIARTI000006753958,css,R815-57,2001-07-01,2007-01-13,
LEGIARTI000006753959,css,R815-57,2007-01-13,,
LEGIARTI000006753960,css,R815-58,1985-12-21,1991-01-01,
LEGIARTI000006753961,css,R815-58,1991-01-01,1993-03-14,
LEGIARTI000006753962,css,R815-58,1993-03-14,1994-01-01,
LEGIARTI000006753963,css,R815-58,1994-01-01,1999-06-06,
LEGIARTI000006753964,css,R815-58,1999-06-06,2000-01-01,
LEGIARTI000006753965,css,R815-58,2000-01-01,2001-07-01,
LEGIARTI000006753966,css,R815-58,2001-07-01,2007-01-13,
LEGIARTI000006753967,css,R815-58,2007-01-13,2021-01-01,
LEGIARTI000042964313,css,R815-58,2021-01-01,,
LEGIARTI000006754241,css,R815-58-1,2007-01-13,2021-01-01,
LEGIARTI000006753968,css,R815-59,1985-12-21,1991-01-01,
LEGIARTI000006753969,css,R815-59,1991-01-01,1993-03-14,
LEGIARTI000006753970,css,R815-59,1993-03-14,1994-01-01,
LEGIARTI000006753971,css,R815-59,1994-01-01,1999-06-06,
LEGIARTI000006753972,css,R815-59,1999-06-06,2000-01-01,
LEGIARTI000006753973,css,R815-59,2000-01-01,2001-07-01,
LEGIARTI000006753974,css,R815-59,2001-07-01,2006-01-28,
LEGIARTI000006753975,css,R815-59,2006-01-28,2007-01-13,
LEGIARTI000006753976,css,R815-59,2007-01-13,2019-07-08,
LEGIARTI000038789752,css,R815-59,2019-07-08,2021-01-01,
LEGIARTI000042964327,css,R815-59,2021-01-01,,
LEGIARTI000006753977,css,R815-60,1985-12-21,1991-01-01,
LEGIARTI000006753978,css,R815-60,1991-01-01,1993-03-14,
LEGIARTI000006753979,css,R815-60,1993-03-14,1994-01-01,
LEGIARTI000006753980,css,R815-60,1994-01-01,1999-06-06,
LEGIARTI000006753981,css,R815-60,1999-06-06,2000-01-01,
LEGIARTI000006753982,css,R815-60,2000-01-01,2001-07-01,
LEGIARTI000006753983,css,R815-60,2001-07-01,2007-01-13,
LEGIARTI000006753984,css,R815-60,2007-01-13,2021-01-01,
LEGIARTI000042964332,css,R815-60,2021-01-01,,
LEGIARTI000006753985,css,R815-61,1985-12-21,1991-01-01,
LEGIARTI000006753986,css,R815-61,1991-01-01,1993-03-14,
LEGIARTI000006753987,css,R815-61,1993-03-14,1994-01-01,
LEGIARTI000006753988,css,R815-61,1994-01-01,1999-06-06,
LEGIARTI000006753989,css,R815-61,1999-06-06,2000-01-01,
LEGIARTI000006753990,css,R815-61,2000-01-01,2001-07-01,
LEGIARTI000006753991,css,R815-61,2001-07-01,2007-01-13,
LEGIARTI000006753992,css,R815-61,2007-01-13,2021-01-01,
LEGIARTI000042964341,css,R815-61,2021-01-01,,
LEGIARTI000006753993,css,R815-62,1985-12-21,1991-01-01,
LEGIARTI000006753994,css,R815-62,1991-01-01,1993-03-14,
LEGIARTI000006753995,css,R815-62,1993-03-14,1994-01-01,
LEGIARTI000006753996,css,R815-62,1994-01-01,1999-06-06,
LEGIARTI000006753997,css,R815-62,1999-06-06,2000-01-01,
LEGIARTI000006753998,css,R815-62,2000-01-01,2001-07-01,
LEGIARTI000006753999,css,R815-62,2001-07-01,2007-01-13,
LEGIARTI000006754000,css,R815-62,2007-01-13,2013-01-01,
LEGIARTI000026624564,css,R815-62,2013-01-01,2021-01-01,
LEGIARTI000006754001,css,R815-63,1985-12-21,1991-01-01,
LEGIARTI000006754002,css,R815-63,1991-01-01,1993-03-14,
LEGIARTI000006754003,css,R815-63,1993-03-14,1994-01-01,
LEGIARTI000006754004,css,R815-63,1994-01-01,1999-06-06,
LEGIARTI000006754005,css,R815-63,1999-06-06,2000-01-01,
LEGIARTI000006754006,css,R815-63,2000-01-01,2001-07-01,
LEGIARTI000006754007,css,R815-63,2001-07-01,2007-01-13,
LEGIARTI000006754008,css,R815-63,2007-01-13,2021-01-01,
LEGIARTI000006754010,css,R815-64,1985-12-21,1991-01-01,
LEGIARTI000006754011,css,R815-64,1991-01-01,1993-03-14,
LEGIARTI000006754012,css,R815-64,1993-03-14,1994-01-01,
LEGIARTI000006754013,css,R815-64,1994-01-01,1999-06-06,
LEGIARTI000006754014,css,R815-64,1999-06-06,2000-01-01,
LEGIARTI000006754015,css,R815-64,2000-01-01,2001-07-01,
LEGIARTI000006754016,css,R815-64,2001-07-01,2007-01-13,
LEGIARTI000006754017,css,R815-64,2007-01-13,2021-01-01,
LEGIARTI000006754018,css,R815-65,1985-12-21,1991-01-01,
LEGIARTI000006754019,css,R815-65,1991-01-01,1993-03-14,
LEGIARTI000006754020,css,R815-65,1993-03-14,1994-01-01,
LEGIARTI000006754021,css,R815-65,1994-01-01,1999-06-06,
LEGIARTI000006754022,css,R815-65,1999-06-06,2000-01-01,
LEGIARTI000006754023,css,R815-65,2000-01-01,2001-07-01,
LEGIARTI000006754024,css,R815-65,2001-07-01,2007-01-13,
LEGIARTI000006754025,css,R815-65,2007-01-13,2021-01-01,
LEGIARTI000006754026,css,R815-66,1985-12-21,1991-01-01,
LEGIARTI000006754027,css,R815-66,1991-01-01,1993-03-14,
LEGIARTI000006754028,css,R815-66,1993-03-14,1994-01-01,
LEGIARTI000006754029,css,R815-66,1994-01-01,1999-06-06,
LEGIARTI000006754030,css,R815-66,1999-06-06,2000-01-01,
LEGIARTI000006754031,css,R815-66,2000-01-01,2001-07-01,
LEGIARTI000006754032,css,R815-66,2001-07-01,2007-01-13,
LEGIARTI000006754033,css,R815-66,2007-01-13,2021-01-01,
LEGIARTI000006754034,css,R815-67,1985-12-21,1991-01-01,
LEGIARTI000006754035,css,R815-67,1991-01-01,1993-03-14,
LEGIARTI000006754036,css,R815-67,1993-03-14,1994-01-01,
LEGIARTI000006754037,css,R815-67,1994-01-01,1999-06-06,
LEGIARTI000006754038,css,R815-67,1999-06-06,2000-01-01,
LEGIARTI000006754039,css,R815-67,2000-01-01,2001-07-01,
LEGIARTI000006754040,css,R815-67,2001-07-01,2007-01-13,
LEGIARTI000006754041,css,R815-67,2007-01-13,2021-01-01,
LEGIARTI000006754042,css,R815-68,1985-12-21,1991-01-01,
LEGIARTI000006754043,css,R815-68,1991-01-01,1993-03-14,
LEGIARTI000006754044,css,R815-68,1993-03-14,1994-01-01,
LEGIARTI000006754045,css,R815-68,1994-01-01,1999-06-06,
LEGIARTI000006754046,css,R815-68,1999-06-06,2000-01-01,
LEGIARTI000006754047,css,R815-68,2000-01-01,2001-07-01,
LEGIARTI000006754048,css,R815-68,2001-07-01,2007-01-13,
LEGIARTI000006754049,css,R815-68,2007-01-13,2021-01-01,
LEGIARTI000006754050,css,R815-69,1985-12-21,1991-01-01,
LEGIARTI000006754051,css,R815-69,1991-01-01,1993-03-14,
LEGIARTI000006754052,css,R815-69,1993-03-14,1994-01-01,
LEGIARTI000006754053,css,R815-69,1994-01-01,1999-06-06,
LEGIARTI000006754054,css,R815-69,1999-06-06,2000-01-01,
LEGIARTI000006754055,css,R815-69,2000-01-01,2001-07-01,
LEGIARTI000006754056,css,R815-69,2001-07-01,2007-01-13,
LEGIARTI000006754057,css,R815-69,2007-01-13,2021-01-01,
LEGIARTI000006754058,css,R815-70,1985-12-21,1991-01-01,
LEGIARTI000006754059,css,R815-70,1991-01-01,1993-03-14,
LEGIARTI000006754060,css,R815-70,1993-03-14,1994-01-01,
LEGIARTI000006754061,css,R815-70,1994-01-01,1999-06-06,
LEGIARTI000006754062,css,R815-70,1999-06-06,2000-01-01,
LEGIARTI000006754063,css,R815-70,2000-01-01,2001-07-01,
LEGIARTI000006754064,css,R815-70,2001-07-01,2007-01-13,
LEGIARTI000006754065,css,R815-70,2007-01-13,2021-01-01,
LEGIARTI000006754066,css,R815-71,1985-12-21,1991-01-01,
LEGIARTI000006754067,css,R815-71,1991-01-01,1993-03-14,
LEGIARTI000006754068,css,R815-71,1993-03-14,1994-01-01,
LEGIARTI000006754069,css,R815-71,1994-01-01,1999-06-06,
LEGIARTI000006754070,css,R815-71,1999-06-06,2000-01-01,
LEGIARTI000006754071,css,R815-71,2000-01-01,2001-07-01,
LEGIARTI000006754072,css,R815-71,2001-07-01,2007-01-13,
LEGIARTI000006754073,css,R815-71,2007-01-13,2021-01-01,
LEGIARTI000006754074,css,R815-72,1985-12-21,1991-01-01,
LEGIARTI000006754075,css,R815-72,1991-01-01,1993-03-14,
LEGIARTI000006754076,css,R815-72,1993-03-14,1994-01-01,
LEGIARTI000006754077,css,R815-72,1994-01-01,1999-06-06,
LEGIARTI000006754078,css,R815-72,1999-06-06,2000-01-01,
LEGIARTI000006754079,css,R815-72,2000-01-01,2001-07-01,
LEGIARTI000006754080,css,R815-72,2001-07-01,2007-01-13,
LEGIARTI000006754081,css,R815-72,2007-01-13,2021-01-01,
LEGIARTI000006754082,css,R815-73,1985-12-21,1991-01-01,
LEGIARTI000006754083,css,R815-73,1991-01-01,1993-03-14,
LEGIARTI000006754084,css,R815-73,1993-03-14,1994-01-01,
LEGIARTI000006754085,css,R815-73,1994-01-01,1999-06-06,
LEGIARTI000006754086,css,R815-73,1999-06-06,2000-01-01,
LEGIARTI000006754087,css,R815-73,2000-01-01,2001-07-01,
LEGIARTI000006754088,css,R815-73,2001-07-01,2007-01-13,
LEGIARTI000006754089,css,R815-73,2007-01-13,2021-01-01,
LEGIARTI000006754091,css,R815-74,1985-12-21,1991-01-01,
LEGIARTI000006754092,css,R815-74,1991-01-01,1993-03-14,
LEGIARTI000006754093,css,R815-74,1993-03-14,1994-01-01,
LEGIARTI000006754094,css,R815-74,1994-01-01,1999-06-06,
LEGIARTI000006754095,css,R815-74,1999-06-06,2000-01-01,
LEGIARTI000006754096,css,R815-74,2000-01-01,2001-07-01,
LEGIARTI000006754097,css,R815-74,2001-07-01,2007-01-13,
LEGIARTI000006754098,css,R815-74,2007-01-13,2021-01-01,
LEGIARTI000006754099,css,R815-75,1985-12-21,1991-01-01,
LEGIARTI000006754100,css,R815-75,1991-01-01,1993-03-14,
LEGIARTI000006754101,css,R815-75,1993-03-14,1994-01-01,
LEGIARTI000006754102,css,R815-75,1994-01-01,1999-06-06,
LEGIARTI000006754103,css,R815-75,1999-06-06,2000-01-01,
LEGIARTI000006754104,css,R815-75,2000-01-01,2001-07-01,
LEGIARTI000006754105,css,R815-75,2001-07-01,2007-01-13,
LEGIARTI000006754106,css,R815-75,2007-01-13,2014-05-30,
LEGIARTI000029007608,css,R815-75,2014-05-30,2021-01-01,
LEGIARTI000006754107,css,R815-76,1985-12-21,1991-01-01,
LEGIARTI000006754108,css,R815-76,1991-01-01,1993-03-14,
LEGIARTI000006754109,css,R815-76,1993-03-14,1994-01-01,
LEGIARTI000006754110,css,R815-76,1994-01-01,1999-06-06,
LEGIARTI000006754111,css,R815-76,1999-06-06,2000-01-01,
LEGIARTI000006754112,css,R815-76,2000-01-01,2001-07-01,
LEGIARTI000006754113,css,R815-76,2001-07-01,2007-01-13,
LEGIARTI000006754114,css,R815-76,2007-01-13,2021-01-01,
LEGIARTI000006754115,css,R815-77,1985-12-21,1991-01-01,
LEGIARTI000006754116,css,R815-77,1991-01-01,1993-03-14,
LEGIARTI000006754117,css,R815-77,1993-03-14,1994-01-01,
LEGIARTI000006754118,css,R815-77,1994-01-01,1999-06-06,
LEGIARTI000006754119,css,R815-77,1999-06-06,2000-01-01,
LEGIARTI000006754120,css,R815-77,2000-01-01,2001-07-01,
LEGIARTI000006754121,css,R815-77,2001-07-01,2007-01-13,
LEGIARTI000006754122,css,R815-77,2007-01-13,2021-01-01,
LEGIARTI000006754242,css,R815-78,2007-01-13,2009-01-01,
LEGIARTI000020082967,css,R815-78,2009-01-01,2021-01-01,
LEGIARTI000006754715,css,R922-1,2004-09-10,,
LEGIARTI000006754716,css,R922-2,2004-09-10,,
LEGIARTI000006754717,css,R922-3,2004-09-10,,
LEGIARTI000006754718,css,R922-4,2004-09-10,,
LEGIARTI000006754719,css,R922-5,2004-09-10,,
LEGIARTI000006754721,css,R922-6,2004-09-10,,
LEGIARTI000006754722,css,R922-7,2004-09-10,,
LEGIARTI000006754723,css,R922-8,2004-09-10,,
LEGIARTI000006754724,css,R922-9,2004-09-10,,
LEGIARTI000006754725,css,R922-10,2004-09-10,,
LEGIARTI000006754726,css,R922-11,2004-09-10,,
LEGIARTI000006754727,css,R922-12,2004-09-10,,
LEGIARTI000006754729,css,R922-13,2004-09-10,,
LEGIARTI000006754730,css,R922-14,2004-09-10,,
LEGIARTI000006754731,css,R922-15,2004-09-10,,
LEGIARTI000006754732,css,R922-16,2004-09-10,,
LEGIARTI000006754733,css,R922-17,2004-09-10,,
LEGIARTI000006754734,css,R922-18,2004-09-10,,
LEGIARTI000006754735,css,R922-19,2004-09-10,,
LEGIARTI000006754736,css,R922-20,2004-09-10,,
LEGIARTI000006754737,css,R922-21,2004-09-10,,
LEGIARTI000006754738,css,R922-22,2004-09-10,,
LEGIARTI000006754740,css,R922-23,2004-09-10,2012-08-24,
LEGIARTI000026309860,css,R922-23,2012-08-24,,
LEGIARTI000006754741,css,R922-24,2004-09-10,,
LEGIARTI000006754742,css,R922-25,2004-09-10,,
LEGIARTI000006754743,css,R922-26,2004-09-10,,
LEGIARTI000006754744,css,R922-27,2004-09-10,,
LEGIARTI000006754745,css,R922-28,2004-09-10,,
LEGIARTI000006754746,css,R922-29,2004-09-10,2012-08-24,
LEGIARTI000026309863,css,R922-29,2012-08-24,,
LEGIARTI000006754747,css,R922-30,2004-09-10,,
LEGIARTI000006754748,css,R922-31,2004-09-10,,
LEGIARTI000006754750,css,R922-32,2004-09-10,,
LEGIARTI000006754751,css,R922-33,2004-09-10,,
LEGIARTI000006754752,css,R922-34,2004-09-10,,
LEGIARTI000006754753,css,R922-35,2004-09-10,,
LEGIARTI000006754754,css,R922-36,2004-09-10,,
LEGIARTI000006754755,css,R922-37,2004-09-10,,
LEGIARTI000006754756,css,R922-38,2004-09-10,,
LEGIARTI000006754757,css,R922-39,2004-09-10,,
LEGIARTI000006754758,css,R922-40,2004-09-10,,
LEGIARTI000006754759,css,R922-41,2004-09-10,,
LEGIARTI000006754761,css,R922-42,2004-09-10,,
LEGIARTI000006754762,css,R922-43,2004-09-10,,
LEGIARTI000006754763,css,R922-44,2004-09-10,,
LEGIARTI000006754764,css,R922-45,2004-09-10,,
LEGIARTI000006754765,css,R922-46,2004-09-10,,
LEGIARTI000006754766,css,R922-47,2004-09-10,,
LEGIARTI000006754767,css,R922-48,2004-09-10,2009-01-24,
LEGIARTI000020142985,css,R922-48,2009-01-24,2012-08-24,
LEGIARTI000026309867,css,R922-48,2012-08-24,,
LEGIARTI000006754768,css,R922-49,2004-09-10,,
LEGIARTI000006754769,css,R922-50,2004-09-10,,
LEGIARTI000006754770,css,R922-51,2004-09-10,,
LEGIARTI000006754771,css,R922-52,2004-09-10,,
LEGIARTI000006754772,css,R922-53,2004-09-10,,
LEGIARTI000006754773,css,R922-54,2004-09-10,2009-01-24,
LEGIARTI000020142844,css,R922-54,2009-01-24,2012-08-24,
LEGIARTI000026309871,css,R922-54,2012-08-24,,
LEGIARTI000006754774,css,R922-55,2004-09-10,,
LEGIARTI000006754775,css,R922-56,2006-01-01,,
LEGIARTI000006754776,css,R922-57,2006-01-01,,
LEGIARTI000006754778,css,R922-58,2006-01-01,,
LEGIARTI000006754779,css,R922-59,2004-09-10,,
LEGIARTI000006754780,css,R922-60,2004-09-10,,
LEGIARTI000006754781,css,R922-61,2004-09-10,,
LEGIARTI000006400858,decret_2003_1306,1,2004-01-01,2011-01-01,
LEGIARTI000023414194,decret_2003_1306,1,2011-01-01,,
LEGIARTI000006400859,decret_2003_1306,2,2004-01-01,2011-07-01,
LEGIARTI000023414125,decret_2003_1306,2,2011-07-01,2024-04-18,
LEGIARTI000049428994,decret_2003_1306,2,2024-04-18,,
LEGIARTI000006400860,decret_2003_1306,3,2004-01-01,2011-01-01,
LEGIARTI000023414190,decret_2003_1306,3,2011-01-01,,
LEGIARTI000006400861,decret_2003_1306,4,2004-01-01,,
LEGIARTI000006400863,decret_2003_1306,5,2004-01-01,,
LEGIARTI000006400864,decret_2003_1306,6,2004-01-01,,
LEGIARTI000006400865,decret_2003_1306,7,2004-01-01,2011-01-01,
LEGIARTI000023414028,decret_2003_1306,7,2011-01-01,,
LEGIARTI000006400866,decret_2003_1306,8,2004-01-01,2011-01-01,
LEGIARTI000023414039,decret_2003_1306,8,2011-01-01,2014-06-26,
LEGIARTI000029134991,decret_2003_1306,8,2014-06-26,2016-08-14,
LEGIARTI000033038152,decret_2003_1306,8,2016-08-14,2023-09-01,
LEGIARTI000047633135,decret_2003_1306,8,2023-09-01,,
LEGIARTI000006400867,decret_2003_1306,9,2004-01-01,,
LEGIARTI000006400868,decret_2003_1306,10,2004-01-01,,
LEGIARTI000006400869,decret_2003_1306,11,2004-01-01,2006-12-07,
LEGIARTI000006400870,decret_2003_1306,11,2006-12-07,2019-04-13,
LEGIARTI000038372740,decret_2003_1306,11,2019-04-13,2023-09-01,
LEGIARTI000047633119,decret_2003_1306,11,2023-09-01,2024-04-18,
LEGIARTI000049428967,decret_2003_1306,11,2024-04-18,,
LEGIARTI000050938557,decret_2003_1306,11-1,2025-01-02,,
LEGIARTI000006400873,decret_2003_1306,12,2004-01-01,2009-01-01,
LEGIARTI000020057037,decret_2003_1306,12,2009-01-01,2014-06-26,
LEGIARTI000029134959,decret_2003_1306,12,2014-06-26,2025-01-02,
LEGIARTI000050941708,decret_2003_1306,12,2025-01-02,,
LEGIARTI000006400874,decret_2003_1306,13,2004-01-01,2023-09-01,
LEGIARTI000047633115,decret_2003_1306,13,2023-09-01,,
LEGIARTI000006400875,decret_2003_1306,14,2004-01-01,2011-01-01,
LEGIARTI000023414186,decret_2003_1306,14,2011-01-01,,
LEGIARTI000006400876,decret_2003_1306,15,2004-01-01,2005-05-12,
LEGIARTI000006400877,decret_2003_1306,15,2005-05-12,2011-07-01,
LEGIARTI000023414050,decret_2003_1306,15,2011-01-01,2023-09-01,
LEGIARTI000047633112,decret_2003_1306,15,2023-09-01,2026-01-22,
LEGIARTI000053390011,decret_2003_1306,15,2026-01-22,2026-08-01,
LEGIARTI000054590023,decret_2003_1306,15,2026-08-01,,
LEGIARTI000006400878,decret_2003_1306,16,2004-01-01,2014-06-26,
LEGIARTI000029134964,decret_2003_1306,16,2014-06-26,2023-09-01,
LEGIARTI000047633108,decret_2003_1306,16,2023-09-01,2026-05-09,
LEGIARTI000054059126,decret_2003_1306,16,2026-05-09,,
LEGIARTI000006400879,decret_2003_1306,17,2004-01-01,2009-11-16,
LEGIARTI000021269247,decret_2003_1306,17,2009-11-16,2024-04-18,
LEGIARTI000049428958,decret_2003_1306,17,2024-04-18,,
LEGIARTI000006400880,decret_2003_1306,18,2004-01-01,2011-07-01,
LEGIARTI000023414111,decret_2003_1306,18,2011-07-01,2025-01-02,
LEGIARTI000050941686,decret_2003_1306,18,2025-01-02,,
LEGIARTI000006400881,decret_2003_1306,18-1,2004-01-01,2011-01-01,
LEGIARTI000023414181,decret_2003_1306,18-1,2011-01-01,2022-01-01,
LEGIARTI000044810809,decret_2003_1306,18-1,2022-01-01,,
LEGIARTI000006400882,decret_2003_1306,19,2004-01-01,2009-01-01,
LEGIARTI000020057034,decret_2003_1306,19,2009-01-01,,
LEGIARTI000006400883,decret_2003_1306,20,2004-01-01,2009-01-01,
LEGIARTI000020057031,decret_2003_1306,20,2009-01-01,2011-07-01,
LEGIARTI000023414079,decret_2003_1306,20,2011-07-01,2015-01-01,
LEGIARTI000030058999,decret_2003_1306,20,2015-01-01,2022-03-14,
LEGIARTI000045350818,decret_2003_1306,20,2022-03-14,2023-09-01,
LEGIARTI000047633102,decret_2003_1306,20,2023-09-01,2023-08-23,
LEGIARTI000047985955,decret_2003_1306,20,2023-09-01,2025-01-02,
LEGIARTI000050941679,decret_2003_1306,20,2025-01-02,2026-08-01,
LEGIARTI000054590030,decret_2003_1306,20,2026-08-01,,
LEGIARTI000047627895,decret_2003_1306,20-1,2023-09-01,2025-01-02,
LEGIARTI000050941675,decret_2003_1306,20-1,2025-01-02,2026-05-09,
LEGIARTI000054059118,decret_2003_1306,20-1,2026-05-09,,
LEGIARTI000006400884,decret_2003_1306,21,2004-01-01,2011-07-01,
LEGIARTI000023414107,decret_2003_1306,21,2011-07-01,2023-09-01,
LEGIARTI000047633098,decret_2003_1306,21,2023-09-01,2025-01-02,
LEGIARTI000050941672,decret_2003_1306,21,2025-01-02,2026-08-01,
LEGIARTI000054590043,decret_2003_1306,21,2026-08-01,,
LEGIARTI000006400885,decret_2003_1306,22,2004-01-01,2011-01-01,
LEGIARTI000023412553,decret_2003_1306,22,2011-01-01,2023-09-01,
LEGIARTI000047633091,decret_2003_1306,22,2023-09-01,2023-08-12,
LEGIARTI000047962020,decret_2003_1306,22,2023-09-01,2025-01-02,
LEGIARTI000050941662,decret_2003_1306,22,2025-01-02,,
LEGIARTI000006400886,decret_2003_1306,23,2004-01-01,2024-04-18,
LEGIARTI000049428953,decret_2003_1306,23,2024-04-18,,
LEGIARTI000006400887,decret_2003_1306,24,2004-01-01,2006-12-13,
LEGIARTI000006400888,decret_2003_1306,24,2006-12-13,2023-09-01,
LEGIARTI000047985951,decret_2003_1306,24,2023-09-01,,
LEGIARTI000006400889,decret_2003_1306,24 bis,2006-12-13,2012-03-14,
LEGIARTI000026384926,decret_2003_1306,24 bis,2012-03-14,2015-01-01,
LEGIARTI000030059010,decret_2003_1306,24 bis,2015-01-01,2015-02-04,
LEGIARTI000030188628,decret_2003_1306,24 bis,2015-02-04,,
LEGIARTI000006400890,decret_2003_1306,25,2004-01-01,2005-05-11,
LEGIARTI000006400891,decret_2003_1306,25,2005-05-11,2006-12-13,
LEGIARTI000006400892,decret_2003_1306,25,2006-12-13,2009-11-16,
LEGIARTI000021269243,decret_2003_1306,25,2009-11-16,2011-07-01,
LEGIARTI000023414103,decret_2003_1306,25,2011-07-01,2012-03-14,
LEGIARTI000026384929,decret_2003_1306,25,2012-03-14,2015-01-01,
LEGIARTI000030059003,decret_2003_1306,25,2015-01-01,2023-09-01,
LEGIARTI000047633346,decret_2003_1306,25,2023-09-01,2024-04-18,
LEGIARTI000049428815,decret_2003_1306,25,2024-04-18,2025-01-02,
LEGIARTI000050941689,decret_2003_1306,25,2025-01-02,,
LEGIARTI000006400893,decret_2003_1306,26,2004-01-01,2011-07-01,
LEGIARTI000023414098,decret_2003_1306,26,2011-07-01,2023-09-01,
LEGIARTI000047633343,decret_2003_1306,26,2023-09-01,,
LEGIARTI000023389829,decret_2003_1306,26-1,2011-07-01,2014-06-26,
LEGIARTI000029134997,decret_2003_1306,26-1,2014-06-26,,
LEGIARTI000050938801,decret_2003_1306,26-2,2025-01-02,,
LEGIARTI000006400894,decret_2003_1306,27,2004-01-01,2011-01-01,
LEGIARTI000023414093,decret_2003_1306,27,2011-01-01,2011-07-01,
LEGIARTI000024289457,decret_2003_1306,27,2011-07-01,2016-02-08,
LEGIARTI000031986697,decret_2003_1306,27,2016-02-08,2023-09-01,
LEGIARTI000047633338,decret_2003_1306,27,2023-09-01,,
LEGIARTI000006400895,decret_2003_1306,28,2004-01-01,,
LEGIARTI000043625126,decret_2003_1306,28 bis,2020-09-01,,
LEGIARTI000006400896,decret_2003_1306,29,2004-01-01,,
LEGIARTI000006400898,decret_2003_1306,30,2004-01-01,2011-07-01,
LEGIARTI000023414121,decret_2003_1306,30,2011-07-01,2024-04-18,
LEGIARTI000049428950,decret_2003_1306,30,2024-04-18,,
LEGIARTI000006400899,decret_2003_1306,31,2004-01-01,2009-11-16,
LEGIARTI000021269239,decret_2003_1306,31,2009-11-16,2022-03-14,
LEGIARTI000045350829,decret_2003_1306,31,2022-03-14,2024-04-18,
LEGIARTI000049428809,decret_2003_1306,31,2024-04-18,,
LEGIARTI000049426977,decret_2003_1306,31-1,2024-04-18,,
LEGIARTI000006400900,decret_2003_1306,32,2004-01-01,,
LEGIARTI000006400901,decret_2003_1306,33,2004-01-01,,
LEGIARTI000006400902,decret_2003_1306,34,2004-01-01,2014-06-26,
LEGIARTI000029134967,decret_2003_1306,34,2014-06-26,2015-02-04,
LEGIARTI000030188623,decret_2003_1306,34,2015-02-04,,
LEGIARTI000006400903,decret_2003_1306,35,2004-01-01,2022-03-14,
LEGIARTI000045350815,decret_2003_1306,35,2022-03-14,,
LEGIARTI000006400904,decret_2003_1306,36,2004-01-01,2014-06-26,
LEGIARTI000029134970,decret_2003_1306,36,2014-06-26,,
LEGIARTI000006400906,decret_2003_1306,37,2004-01-01,2011-07-01,
LEGIARTI000023414114,decret_2003_1306,37,2011-07-01,2014-06-26,
LEGIARTI000029134974,decret_2003_1306,37,2014-06-26,2015-02-04,
LEGIARTI000030188612,decret_2003_1306,37,2015-02-04,2022-03-14,
LEGIARTI000045350834,decret_2003_1306,37,2022-03-14,2024-04-18,
LEGIARTI000049428940,decret_2003_1306,37,2024-04-18,,
LEGIARTI000006400907,decret_2003_1306,38,2004-01-01,2014-06-26,
LEGIARTI000029134980,decret_2003_1306,38,2014-06-26,2015-02-04,
LEGIARTI000030188607,decret_2003_1306,38,2015-02-04,,
LEGIARTI000006400908,decret_2003_1306,39,2004-01-01,2014-06-26,
LEGIARTI000029134983,decret_2003_1306,39,2014-06-26,,
LEGIARTI000006400909,decret_2003_1306,40,2004-01-01,2014-06-26,
LEGIARTI000029135000,decret_2003_1306,40,2014-06-26,,
LEGIARTI000006400910,decret_2003_1306,41,2004-01-01,,
LEGIARTI000006400911,decret_2003_1306,42,2004-01-01,2015-02-04,
LEGIARTI000030188537,decret_2003_1306,42,2015-02-04,,
LEGIARTI000006400912,decret_2003_1306,43,2004-01-01,,
LEGIARTI000006400913,decret_2003_1306,44,2004-01-01,2015-02-04,
LEGIARTI000030188533,decret_2003_1306,44,2015-02-04,,
LEGIARTI000006400915,decret_2003_1306,45,2004-01-01,,
LEGIARTI000006400916,decret_2003_1306,46,2004-01-01,2015-02-04,
LEGIARTI000006400917,decret_2003_1306,47,2004-01-01,2014-06-26,
LEGIARTI000029135005,decret_2003_1306,47,2014-06-26,2015-02-04,
LEGIARTI000030188528,decret_2003_1306,47,2015-02-04,,
LEGIARTI000006400918,decret_2003_1306,48,2004-01-01,2014-06-26,
LEGIARTI000029134988,decret_2003_1306,48,2014-06-26,,
LEGIARTI000006400919,decret_2003_1306,49,2004-01-01,,
LEGIARTI000047960164,decret_2003_1306,49 bis,2023-09-01,2025-07-24,
LEGIARTI000051944733,decret_2003_1306,49 bis,2025-07-24,,
LEGIARTI000047960172,decret_2003_1306,49 quater,2023-09-01,,
LEGIARTI000047960176,decret_2003_1306,49 quinquies,2023-09-01,,
LEGIARTI000047960180,decret_2003_1306,49 sexies,2023-09-01,,
LEGIARTI000047960168,decret_2003_1306,49 ter,2023-09-01,,
LEGIARTI000006400920,decret_2003_1306,50,2004-01-01,2014-06-26,
LEGIARTI000029135007,decret_2003_1306,50,2014-06-26,2015-07-02,
LEGIARTI000030823236,decret_2003_1306,50,2015-07-02,2016-08-08,
LEGIARTI000032981865,decret_2003_1306,50,2016-08-08,2016-08-14,
LEGIARTI000033038171,decret_2003_1306,50,2016-08-14,2021-12-11,
LEGIARTI000044466479,decret_2003_1306,50,2021-12-11,,
LEGIARTI000006400921,decret_2003_1306,51,2004-01-01,2016-08-08,
LEGIARTI000032981857,decret_2003_1306,51,2016-08-08,2016-08-14,
LEGIARTI000033038174,decret_2003_1306,51,2016-08-14,,
LEGIARTI000006400922,decret_2003_1306,52,2004-01-01,,
LEGIARTI000006400923,decret_2003_1306,53,2004-01-01,2023-09-01,
LEGIARTI000047633336,decret_2003_1306,53,2023-09-01,,
LEGIARTI000006400925,decret_2003_1306,54,2004-01-01,2015-06-11,
LEGIARTI000030706630,decret_2003_1306,54,2015-06-11,,
LEGIARTI000006400926,decret_2003_1306,55,2004-01-01,,
LEGIARTI000006400927,decret_2003_1306,56,2004-01-01,2015-02-04,
LEGIARTI000030188598,decret_2003_1306,56,2015-02-04,,
LEGIARTI000006400928,decret_2003_1306,57,2004-01-01,,
LEGIARTI000006400929,decret_2003_1306,58,2004-01-01,,
LEGIARTI000006400930,decret_2003_1306,59,2004-01-01,,
LEGIARTI000006400931,decret_2003_1306,60,2004-01-01,,
LEGIARTI000006400932,decret_2003_1306,61,2004-01-01,,
LEGIARTI000006400934,decret_2003_1306,62,2004-01-01,2015-02-04,
LEGIARTI000030188522,decret_2003_1306,62,2015-02-04,,
LEGIARTI000006400935,decret_2003_1306,63,2004-01-01,2011-01-01,
LEGIARTI000023414178,decret_2003_1306,63,2011-01-01,,
LEGIARTI000006400936,decret_2003_1306,64,2004-01-01,,
LEGIARTI000006400937,decret_2003_1306,65,2004-01-01,2011-07-01,
LEGIARTI000023414075,decret_2003_1306,65,2011-07-01,2014-06-26,
LEGIARTI000029135009,decret_2003_1306,65,2014-06-26,,
LEGIARTI000023402075,decret_2003_1306,65-1,2011-01-01,,
LEGIARTI000023395017,decret_2003_1306,65-2,2011-01-01,,
LEGIARTI000023389345,decret_2003_1306,65-3,2011-07-01,2011-06-03,
LEGIARTI000024113270,decret_2003_1306,65-3,2011-07-01,,
LEGIARTI000023389947,decret_2003_1306,65-4,2011-07-01,,
LEGIARTI000006400938,decret_2003_1306,66,2004-01-01,2011-01-01,
LEGIARTI000023414174,decret_2003_1306,66,2011-01-01,,
LEGIARTI000006400939,decret_2003_1306,67,2004-01-01,,
LEGIARTI000006400857,decret_2003_1306,68,2004-01-01,,
LEGIARTI000006781469,decret_2004_1056,1,2004-10-07,,
LEGIARTI000006781470,decret_2004_1056,2,2004-10-07,,
LEGIARTI000006781471,decret_2004_1056,3,2004-01-01,2011-01-01,
LEGIARTI000023414025,decret_2004_1056,3,2011-01-01,2025-10-01,
LEGIARTI000051969283,decret_2004_1056,3,2025-10-01,,
LEGIARTI000006781472,decret_2004_1056,4,2004-01-01,2011-01-01,
LEGIARTI000023414029,decret_2004_1056,4,2011-01-01,2020-12-03,
LEGIARTI000042596504,decret_2004_1056,4,2020-12-03,2023-09-01,
LEGIARTI000047633211,decret_2004_1056,4,2023-09-01,,
LEGIARTI000006781473,decret_2004_1056,5,2004-01-01,2013-04-01,
LEGIARTI000027125203,decret_2004_1056,5,2013-04-01,2023-09-01,
LEGIARTI000047633206,decret_2004_1056,5,2023-09-01,2025-10-01,
LEGIARTI000051969276,decret_2004_1056,5,2025-10-01,2026-06-01,
LEGIARTI000054176677,decret_2004_1056,5,2026-06-01,,
LEGIARTI000006781475,decret_2004_1056,6,2004-01-01,,
LEGIARTI000006781476,decret_2004_1056,7,2004-01-01,2025-01-02,
LEGIARTI000050941751,decret_2004_1056,7,2025-01-02,,
LEGIARTI000006781477,decret_2004_1056,8,2004-01-01,,
LEGIARTI000006781478,decret_2004_1056,9,2004-01-01,2009-01-01,
LEGIARTI000020057049,decret_2004_1056,9,2009-01-01,2014-06-26,
LEGIARTI000029134281,decret_2004_1056,9,2014-06-26,,
LEGIARTI000006781479,decret_2004_1056,10,2004-01-01,2023-09-01,
LEGIARTI000047633200,decret_2004_1056,10,2023-09-01,,
LEGIARTI000006781480,decret_2004_1056,11,2004-01-01,,
LEGIARTI000006781481,decret_2004_1056,12,2004-01-01,2011-01-01,
LEGIARTI000023414059,decret_2004_1056,12,2011-01-01,2020-12-03,
LEGIARTI000042596497,decret_2004_1056,12,2020-12-03,2023-09-01,
LEGIARTI000047633197,decret_2004_1056,12,2023-09-01,2026-01-22,
LEGIARTI000053390016,decret_2004_1056,12,2026-01-22,2026-08-01,
LEGIARTI000054590048,decret_2004_1056,12,2026-08-01,,
LEGIARTI000006781482,decret_2004_1056,13,2004-01-01,2014-06-26,
LEGIARTI000029134285,decret_2004_1056,13,2014-06-26,2023-09-01,
LEGIARTI000047633193,decret_2004_1056,13,2023-09-01,2026-05-09,
LEGIARTI000054059133,decret_2004_1056,13,2026-05-09,,
LEGIARTI000006781483,decret_2004_1056,14,2004-01-01,2013-04-01,
LEGIARTI000027125208,decret_2004_1056,14,2013-04-01,2020-12-03,
LEGIARTI000042596523,decret_2004_1056,14,2020-12-03,2025-10-01,
LEGIARTI000051969271,decret_2004_1056,14,2025-10-01,,
LEGIARTI000006781484,decret_2004_1056,15,2004-01-01,2009-01-01,
LEGIARTI000020057053,decret_2004_1056,15,2009-01-01,2014-06-26,
LEGIARTI000029134288,decret_2004_1056,15,2014-06-26,,
LEGIARTI000006781485,decret_2004_1056,16,2004-01-01,2009-01-01,
LEGIARTI000020057047,decret_2004_1056,16,2009-01-01,2011-01-01,
LEGIARTI000023414067,decret_2004_1056,16,2011-01-01,2015-01-01,
LEGIARTI000030059015,decret_2004_1056,16,2015-01-01,2023-09-01,
LEGIARTI000047633186,decret_2004_1056,16,2023-09-01,2023-08-23,
LEGIARTI000047985971,decret_2004_1056,16,2023-09-01,2025-01-02,
LEGIARTI000050941740,decret_2004_1056,16,2025-01-02,2026-08-01,
LEGIARTI000054590056,decret_2004_1056,16,2026-08-01,,
LEGIARTI000047628373,decret_2004_1056,16-1,2023-09-01,2026-05-09,
LEGIARTI000054059130,decret_2004_1056,16-1,2026-05-09,,
LEGIARTI000006781486,decret_2004_1056,17,2004-01-01,2026-08-01,
LEGIARTI000054590077,decret_2004_1056,17,2026-08-01,,
LEGIARTI000006781487,decret_2004_1056,18,2004-01-01,2011-01-01,
LEGIARTI000023412560,decret_2004_1056,18,2011-01-01,2023-09-01,
LEGIARTI000047633179,decret_2004_1056,18,2023-09-01,2023-08-12,
LEGIARTI000047962035,decret_2004_1056,18,2023-09-01,2025-01-02,
LEGIARTI000050941731,decret_2004_1056,18,2025-01-02,,
LEGIARTI000006781489,decret_2004_1056,19,2004-01-01,,
LEGIARTI000006781490,decret_2004_1056,20,2004-01-01,2006-12-13,
LEGIARTI000006781491,decret_2004_1056,20,2006-12-13,2023-09-01,
LEGIARTI000047985989,decret_2004_1056,20,2023-09-01,,
LEGIARTI000006781492,decret_2004_1056,20 bis,2006-12-13,2012-03-14,
LEGIARTI000026384936,decret_2004_1056,20 bis,2012-03-14,2015-01-01,
LEGIARTI000030059026,decret_2004_1056,20 bis,2015-01-01,2015-02-04,
LEGIARTI000030188638,decret_2004_1056,20 bis,2015-02-04,,
LEGIARTI000046712658,decret_2004_1056,20 quater,2022-12-10,,
LEGIARTI000043625317,decret_2004_1056,20 ter,2020-09-01,,
LEGIARTI000006781493,decret_2004_1056,21,2004-01-01,2005-05-11,
LEGIARTI000006781494,decret_2004_1056,21,2005-05-11,2006-12-13,
LEGIARTI000006781495,decret_2004_1056,21,2006-12-13,2011-07-01,
LEGIARTI000023414149,decret_2004_1056,21,2011-07-01,2023-09-01,
LEGIARTI000047633373,decret_2004_1056,21,2023-09-01,2025-01-02,
LEGIARTI000050941725,decret_2004_1056,21,2025-01-02,,
LEGIARTI000050938811,decret_2004_1056,21 bis,2025-01-02,,
LEGIARTI000006781496,decret_2004_1056,22,2004-01-01,2011-07-01,
LEGIARTI000023414145,decret_2004_1056,22,2011-07-01,2023-09-01,
LEGIARTI000047633370,decret_2004_1056,22,2023-09-01,,
LEGIARTI000006781497,decret_2004_1056,22 bis,2006-12-13,2011-07-01,
LEGIARTI000023414141,decret_2004_1056,22 bis,2011-07-01,2012-03-14,
LEGIARTI000026384933,decret_2004_1056,22 bis,2012-03-14,2015-01-01,
LEGIARTI000030059021,decret_2004_1056,22 bis,2015-01-01,2023-09-01,
LEGIARTI000047633367,decret_2004_1056,22 bis,2023-09-01,2025-01-02,
LEGIARTI000050941719,decret_2004_1056,22 bis,2025-01-02,,
LEGIARTI000023394264,decret_2004_1056,22 ter,2011-07-01,2014-06-26,
LEGIARTI000029134294,decret_2004_1056,22 ter,2014-06-26,,
LEGIARTI000006781499,decret_2004_1056,23,2004-10-07,2025-10-01,
LEGIARTI000006781500,decret_2004_1056,24,2004-10-07,2025-10-01,
LEGIARTI000006781501,decret_2004_1056,25,2004-01-01,2014-06-26,
LEGIARTI000029134298,decret_2004_1056,25,2014-06-26,,
LEGIARTI000006781502,decret_2004_1056,26,2004-01-01,,
LEGIARTI000006781503,decret_2004_1056,27,2004-01-01,2015-02-04,
LEGIARTI000030188550,decret_2004_1056,27,2015-02-04,,
LEGIARTI000049741677,decret_2004_1056,27 bis,2024-06-20,2025-07-24,
LEGIARTI000051944827,decret_2004_1056,27 bis,2025-07-24,,
LEGIARTI000006781504,decret_2004_1056,28,2004-01-01,,
LEGIARTI000006781505,decret_2004_1056,29,2004-01-01,2015-02-04,
LEGIARTI000030188546,decret_2004_1056,29,2015-02-04,,
LEGIARTI000006781506,decret_2004_1056,30,2004-01-01,,
LEGIARTI000006781507,decret_2004_1056,31,2004-01-01,2015-02-04,
LEGIARTI000006781509,decret_2004_1056,32,2004-01-01,2014-06-26,
LEGIARTI000029134302,decret_2004_1056,32,2014-06-26,2015-02-04,
LEGIARTI000030188543,decret_2004_1056,32,2015-02-04,,
LEGIARTI000006781510,decret_2004_1056,33,2004-01-01,2014-06-26,
LEGIARTI000029134291,decret_2004_1056,33,2014-06-26,,
LEGIARTI000049741692,decret_2004_1056,33 bis,2024-06-20,2025-07-24,
LEGIARTI000051944814,decret_2004_1056,33 bis,2025-07-24,2026-08-01,
LEGIARTI000054641882,decret_2004_1056,33 bis,2026-08-01,,
LEGIARTI000006781511,decret_2004_1056,34,2004-01-01,,
LEGIARTI000047960268,decret_2004_1056,34 bis,2023-09-01,2025-07-24,
LEGIARTI000051944741,decret_2004_1056,34 bis,2025-07-24,,
LEGIARTI000047960279,decret_2004_1056,34 quater,2023-09-01,,
LEGIARTI000047960285,decret_2004_1056,34 quinquies,2023-09-01,,
LEGIARTI000047960290,decret_2004_1056,34 sexies,2023-09-01,,
LEGIARTI000047960274,decret_2004_1056,34 ter,2023-09-01,2025-01-02,
LEGIARTI000050941717,decret_2004_1056,34 ter,2025-01-02,,
LEGIARTI000006781512,decret_2004_1056,35,2004-01-01,,
LEGIARTI000006781513,decret_2004_1056,36,2004-01-01,,
LEGIARTI000006781514,decret_2004_1056,37,2004-01-01,2011-01-01,
LEGIARTI000023414155,decret_2004_1056,37,2011-01-01,2016-02-08,
LEGIARTI000031986694,decret_2004_1056,37,2016-02-08,,
LEGIARTI000006781515,decret_2004_1056,38,2004-01-01,2011-01-01,
LEGIARTI000023414137,decret_2004_1056,38,2011-01-01,2011-07-01,
LEGIARTI000024289464,decret_2004_1056,38,2011-07-01,2023-09-01,
LEGIARTI000047633363,decret_2004_1056,38,2023-09-01,,
LEGIARTI000006781516,decret_2004_1056,39,2004-01-01,2011-07-01,
LEGIARTI000024289462,decret_2004_1056,39,2011-07-01,,
LEGIARTI000006781517,decret_2004_1056,40,2004-01-01,2015-02-04,
LEGIARTI000030188541,decret_2004_1056,40,2015-02-04,,
LEGIARTI000006781519,decret_2004_1056,41,2004-01-01,,
LEGIARTI000006781520,decret_2004_1056,42,2004-01-01,2021-06-10,
LEGIARTI000043625844,decret_2004_1056,42,2020-09-01,2022-12-10,
LEGIARTI000046715313,decret_2004_1056,42,2022-12-10,2025-10-01,
LEGIARTI000051969265,decret_2004_1056,42,2025-10-01,,
LEGIARTI000006781521,decret_2004_1056,43,2004-01-01,,
LEGIARTI000006781522,decret_2004_1056,44,2004-01-01,,
LEGIARTI000006781523,decret_2004_1056,45,2004-01-01,,
LEGIARTI000006781524,decret_2004_1056,46,2004-01-01,,
LEGIARTI000006781525,decret_2004_1056,47,2004-01-01,2015-02-04,
LEGIARTI000030188632,decret_2004_1056,47,2015-02-04,,
LEGIARTI000006781527,decret_2004_1056,48,2004-01-01,,
LEGIARTI000006781528,decret_2004_1056,49,2004-01-01,,
LEGIARTI000006781529,decret_2004_1056,50,2004-01-01,2011-07-01,
LEGIARTI000023414063,decret_2004_1056,50,2011-07-01,,
LEGIARTI000023402082,decret_2004_1056,50-1,2011-01-01,,
LEGIARTI000023395028,decret_2004_1056,50-2,2011-01-01,,
LEGIARTI000023389335,decret_2004_1056,50-3,2011-07-01,2011-06-03,
LEGIARTI000024113274,decret_2004_1056,50-3,2011-07-01,,
LEGIARTI000023394341,decret_2004_1056,50-4,2011-07-01,,
LEGIARTI000006781530,decret_2004_1056,51,2004-01-01,,
LEGIARTI000006781531,decret_2004_1056,52,2004-01-01,,
LEGIARTI000006781465,decret_2004_1056,53,2004-01-01,,
LEGIARTI000006781467,decret_2004_1056,ANNEXE,2004-01-01,2007-02-27,
LEGIARTI000006781468,decret_2004_1056,ANNEXE,2007-02-28,2012-01-01,
LEGIARTI000024751318,decret_2004_1056,ANNEXE,2012-01-01,2025-10-01,
LEGIARTI000051969238,decret_2004_1056,ANNEXE,2025-10-01,,
LEGIARTI000006231630,decret_2004_569,1,2004-06-19,,
LEGIARTI000006453300,decret_2004_569,2,2004-06-19,2017-11-23,
LEGIARTI000036070837,decret_2004_569,2,2017-11-23,2018-09-30,
LEGIARTI000037457096,decret_2004_569,2,2018-09-30,2019-10-19,
LEGIARTI000039240968,decret_2004_569,2,2019-10-19,2023-06-30,
LEGIARTI000047751473,decret_2004_569,2,2023-06-30,2024-04-17,
LEGIARTI000049424057,decret_2004_569,2,2024-04-17,,
LEGIARTI000006453301,decret_2004_569,3,2004-06-19,,
LEGIARTI000006453302,decret_2004_569,4,2004-06-19,2018-09-30,
LEGIARTI000037457092,decret_2004_569,4,2018-09-30,,
LEGIARTI000006453303,decret_2004_569,5,2004-06-19,,
LEGIARTI000006453304,decret_2004_569,6,2004-06-19,2011-06-03,
LEGIARTI000024113145,decret_2004_569,6,2011-06-03,2017-11-23,
LEGIARTI000036070843,decret_2004_569,6,2017-11-23,,
LEGIARTI000006453305,decret_2004_569,7,2004-06-19,,
LEGIARTI000006453306,decret_2004_569,8,2004-06-19,2018-10-11,
LEGIARTI000037483754,decret_2004_569,8,2018-10-11,,
LEGIARTI000006453307,decret_2004_569,9,2004-06-19,2018-10-11,
LEGIARTI000037483756,decret_2004_569,9,2018-10-11,,
LEGIARTI000049421944,decret_2004_569,9-1,2024-04-17,,
LEGIARTI000006453308,decret_2004_569,10,2004-06-19,2017-11-23,
LEGIARTI000036070850,decret_2004_569,10,2017-11-23,,
LEGIARTI000006453309,decret_2004_569,11,2004-06-19,,
LEGIARTI000006453310,decret_2004_569,12,2004-06-19,,
LEGIARTI000006453311,decret_2004_569,13,2004-06-19,,
LEGIARTI000006453312,decret_2004_569,14,2004-06-19,,
LEGIARTI000006453313,decret_2004_569,15,2004-06-19,,
LEGIARTI000049421934,decret_2004_569,15-1,2024-04-17,,
LEGIARTI000049421936,decret_2004_569,15-2,2024-04-17,,
LEGIARTI000006453314,decret_2004_569,16,2004-06-19,,
LEGIARTI000006453315,decret_2004_569,17,2004-06-19,2009-01-24,
LEGIARTI000020142772,decret_2004_569,17,2009-01-24,2011-01-01,
LEGIARTI000023412451,decret_2004_569,17,2011-01-01,2013-01-01,
LEGIARTI000026630322,decret_2004_569,17,2013-01-01,2017-11-23,
LEGIARTI000036070852,decret_2004_569,17,2017-11-23,2023-01-01,
LEGIARTI000046799890,decret_2004_569,17,2023-01-01,,
LEGIARTI000006453316,decret_2004_569,18,2005-05-10,2013-01-01,
LEGIARTI000026630316,decret_2004_569,18,2013-01-01,2017-11-23,
LEGIARTI000006453317,decret_2004_569,19,2005-05-10,2008-04-10,
LEGIARTI000018621925,decret_2004_569,19,2008-04-10,,
LEGIARTI000006453318,decret_2004_569,20,2004-06-19,2008-04-10,
LEGIARTI000018621927,decret_2004_569,20,2008-04-10,2014-11-10,
LEGIARTI000029728283,decret_2004_569,20,2014-11-10,2017-11-23,
LEGIARTI000036070859,decret_2004_569,20,2017-11-23,2019-10-19,
LEGIARTI000039240976,decret_2004_569,20,2019-10-19,,
LEGIARTI000036070163,decret_2004_569,20 bis,2017-11-23,2019-10-19,
LEGIARTI000039240979,decret_2004_569,20 bis,2019-10-19,,
LEGIARTI000006453319,decret_2004_569,21,2004-06-19,2008-04-10,
LEGIARTI000018621929,decret_2004_569,21,2008-04-10,,
LEGIARTI000006453320,decret_2004_569,22,2004-06-19,2017-11-23,
LEGIARTI000036070863,decret_2004_569,22,2017-11-23,,
LEGIARTI000006453321,decret_2004_569,23,2005-05-10,2008-04-10,
LEGIARTI000018621932,decret_2004_569,23,2008-04-10,2013-01-01,
LEGIARTI000026630314,decret_2004_569,23,2013-01-01,2014-11-10,
LEGIARTI000029728286,decret_2004_569,23,2014-11-10,2017-11-23,
LEGIARTI000036070865,decret_2004_569,23,2017-11-23,,
LEGIARTI000006453322,decret_2004_569,24,2004-06-19,2017-11-23,
LEGIARTI000036070868,decret_2004_569,24,2017-11-23,,
LEGIARTI000006453323,decret_2004_569,25,2004-06-19,2017-11-23,
LEGIARTI000036070870,decret_2004_569,25,2017-11-23,,
LEGIARTI000006453324,decret_2004_569,26,2004-06-19,2018-12-01,
LEGIARTI000036070872,decret_2004_569,26,2018-12-01,,
LEGIARTI000006453325,decret_2004_569,27,2005-05-10,2008-04-10,
LEGIARTI000018621934,decret_2004_569,27,2008-04-10,2013-01-01,
LEGIARTI000026630311,decret_2004_569,27,2013-01-01,2014-11-10,
LEGIARTI000029728288,decret_2004_569,27,2014-11-10,2017-11-23,
LEGIARTI000036070874,decret_2004_569,27,2017-11-23,,
LEGIARTI000006453326,decret_2004_569,28,2004-06-19,2011-01-01,
LEGIARTI000023412456,decret_2004_569,28,2011-01-01,,
LEGIARTI000006453327,decret_2004_569,29,2004-06-19,2011-01-01,
LEGIARTI000023412458,decret_2004_569,29,2011-01-01,2013-01-01,
LEGIARTI000027029221,decret_2004_569,29,2013-01-01,2015-02-06,
LEGIARTI000030192689,decret_2004_569,29,2015-02-06,2017-11-23,
LEGIARTI000036070879,decret_2004_569,29,2017-11-23,2018-10-11,
LEGIARTI000037483758,decret_2004_569,29,2018-10-11,2023-06-30,
LEGIARTI000047751460,decret_2004_569,29,2023-06-30,,
LEGIARTI000030192497,decret_2004_569,29 bis,2015-02-06,2017-11-23,
LEGIARTI000036070897,decret_2004_569,29 bis,2017-11-23,2018-01-03,
LEGIARTI000035438120,decret_2004_569,29 bis,2018-01-03,,
LEGIARTI000006453328,decret_2004_569,30,2004-06-19,,
LEGIARTI000006453329,decret_2004_569,31,2004-06-19,,
LEGIARTI000006453330,decret_2004_569,32,2004-06-19,2018-12-31,
LEGIARTI000036070905,decret_2004_569,32,2018-12-31,,
LEGIARTI000006453331,decret_2004_569,33,2004-06-19,2008-04-10,
LEGIARTI000018621936,decret_2004_569,33,2008-04-10,2017-11-23,
LEGIARTI000036718927,decret_2004_569,33,2017-11-23,2018-12-31,
LEGIARTI000036070909,decret_2004_569,33,2018-12-31,,
LEGIARTI000006453299,decret_2004_569,34,2004-06-19,,
LEGIARTI000006260745,decret_2007_262,1,2007-02-28,2016-09-10,
LEGIARTI000033105069,decret_2007_262,1,2016-09-10,2023-09-01,
LEGIARTI000047909408,decret_2007_262,1,2023-09-01,,
LEGIARTI000006260746,decret_2007_262,2,2007-02-28,2023-09-01,
LEGIARTI000006260747,decret_2007_262,3,2007-02-28,,
LEGIARTI000006778516,decret_2007_262,Annexe,2007-02-28,2009-01-01,
LEGIARTI000020085558,decret_2007_262,Annexe,2009-01-01,2012-05-09,
LEGIARTI000025882187,decret_2007_262,Annexe,2012-05-09,2012-07-04,
LEGIARTI000026140060,decret_2007_262,Annexe,2012-07-04,2014-01-01,
LEGIARTI000028435924,decret_2007_262,Annexe,2014-01-01,2014-06-26,
LEGIARTI000029138467,decret_2007_262,Annexe,2014-06-26,2014-12-20,
LEGIARTI000029924596,decret_2007_262,Annexe,2014-12-20,2015-01-01,
LEGIARTI000030059031,decret_2007_262,Annexe,2015-01-01,2016-01-01,
LEGIARTI000026151447,decret_2007_262,Annexe,2016-01-01,2016-01-01,
LEGIARTI000031800060,decret_2007_262,Annexe,2016-01-01,2016-09-10,
LEGIARTI000033105072,decret_2007_262,Annexe,2016-09-10,2020-10-02,
LEGIARTI000042384599,decret_2007_262,Annexe,2020-10-02,2023-09-01,
LEGIARTI000047909413,decret_2007_262,Annexe,2023-09-01,2025-01-01,
LEGIARTI000047909725,decret_2007_262,Annexe,2025-01-01,,
LEGIARTI000020057502,decret_2008_1509,1,2999-01-01,,
LEGIARTI000020057504,decret_2008_1509,2,2009-01-01,2026-01-01,
LEGIARTI000053355011,decret_2008_1509,2,2026-01-01,,
LEGIARTI000020057506,decret_2008_1509,3,2999-01-01,,
LEGIARTI000020057508,decret_2008_1509,4,2999-01-01,,
LEGIARTI000020057510,decret_2008_1509,5,2999-01-01,,
LEGIARTI000020057512,decret_2008_1509,6,2999-01-01,,
LEGIARTI000020057514,decret_2008_1509,7,2999-01-01,,
LEGIARTI000020057518,decret_2008_1509,8,2009-01-01,,
LEGIARTI000020057516,decret_2008_1509,9,2009-01-01,,
LEGIARTI000019104797,decret_2008_637,1,2008-07-01,2023-09-01,
LEGIARTI000047910513,decret_2008_637,1,2023-09-01,2024-12-04,
LEGIARTI000050710739,decret_2008_637,1,2024-12-04,,
LEGIARTI000019104799,decret_2008_637,2,2008-07-01,2024-12-04,
LEGIARTI000050710744,decret_2008_637,2,2024-12-04,,
LEGIARTI000019104801,decret_2008_637,3,2008-07-01,2020-12-03,
LEGIARTI000042597022,decret_2008_637,3,2020-12-03,2021-12-20,
LEGIARTI000044523771,decret_2008_637,3,2021-12-20,,
LEGIARTI000019104803,decret_2008_637,4,2008-07-01,2024-12-04,
LEGIARTI000050710737,decret_2008_637,4,2024-12-04,,
LEGIARTI000019104805,decret_2008_637,5,2008-07-01,,
LEGIARTI000019104813,decret_2008_637,6,2008-07-01,2009-01-01,
LEGIARTI000020085587,decret_2008_637,6,2009-01-01,2011-03-21,
LEGIARTI000023732842,decret_2008_637,6,2011-03-21,2014-06-26,
LEGIARTI000029137534,decret_2008_637,6,2014-06-26,2020-12-03,
LEGIARTI000042597138,decret_2008_637,6,2020-12-03,2023-09-01,
LEGIARTI000047910509,decret_2008_637,6,2023-09-01,2024-12-04,
LEGIARTI000050710734,decret_2008_637,6,2024-12-04,2025-01-01,
LEGIARTI000047913991,decret_2008_637,6,2025-01-01,,
LEGIARTI000019104815,decret_2008_637,7,2008-07-01,2015-01-01,
LEGIARTI000030059036,decret_2008_637,7,2015-01-01,2017-01-01,
LEGIARTI000023732844,decret_2008_637,7,2017-01-01,2023-09-01,
LEGIARTI000047910497,decret_2008_637,7,2023-09-01,2025-01-01,
LEGIARTI000047914059,decret_2008_637,7,2025-01-01,,
LEGIARTI000020085595,decret_2008_637,7-1,2009-01-01,2017-01-01,
LEGIARTI000023732856,decret_2008_637,7-1,2017-01-01,2014-03-21,
LEGIARTI000028751954,decret_2008_637,7-1,2017-01-01,2023-09-01,
LEGIARTI000047914192,decret_2008_637,7-1,2023-09-01,2025-01-01,
LEGIARTI000047910493,decret_2008_637,7-1,2025-01-01,,
LEGIARTI000019104809,decret_2008_637,8,2008-07-01,2011-03-21,
LEGIARTI000023732859,decret_2008_637,8,2011-03-21,2023-09-01,
LEGIARTI000047910451,decret_2008_637,8,2023-09-01,2024-12-04,
LEGIARTI000050710653,decret_2008_637,8,2024-12-04,,
LEGIARTI000019104811,decret_2008_637,9,2008-07-01,2011-03-21,
LEGIARTI000023732861,decret_2008_637,9,2011-03-21,2023-09-01,
LEGIARTI000019104817,decret_2008_637,10,2008-07-01,2023-09-01,
LEGIARTI000047910491,decret_2008_637,10,2023-09-01,,
LEGIARTI000019104819,decret_2008_637,11,2008-07-01,2023-09-01,
LEGIARTI000047910489,decret_2008_637,11,2023-09-01,,
LEGIARTI000019104821,decret_2008_637,12,2008-07-01,,
LEGIARTI000019104807,decret_2008_637,13,2008-07-01,,
LEGIARTI000019104823,decret_2008_637,14,2008-07-01,2023-09-01,
LEGIARTI000050710729,decret_2008_637,14,2024-12-04,,
LEGIARTI000019104825,decret_2008_637,15,2008-07-01,,
LEGIARTI000019104827,decret_2008_637,16,2008-07-01,2024-12-04,
LEGIARTI000050710720,decret_2008_637,16,2024-12-04,,
LEGIARTI000019104829,decret_2008_637,17,2008-07-01,2009-01-01,
LEGIARTI000020085592,decret_2008_637,17,2009-01-01,2014-06-26,
LEGIARTI000029137505,decret_2008_637,17,2014-06-26,2023-09-01,
LEGIARTI000047910485,decret_2008_637,17,2023-09-01,,
LEGIARTI000019104841,decret_2008_637,18,2008-07-01,,
LEGIARTI000019104843,decret_2008_637,19,2008-07-01,2020-12-03,
LEGIARTI000042597014,decret_2008_637,19,2020-12-03,2021-12-20,
LEGIARTI000044523762,decret_2008_637,19,2021-12-20,2023-09-01,
LEGIARTI000047910480,decret_2008_637,19,2023-09-01,2024-12-04,
LEGIARTI000050710714,decret_2008_637,19,2024-12-04,,
LEGIARTI000019104831,decret_2008_637,20,2008-07-01,2011-03-21,
LEGIARTI000023732863,decret_2008_637,20,2011-03-21,2017-01-01,
LEGIARTI000023732912,decret_2008_637,20,2017-01-01,2020-12-03,
LEGIARTI000042597011,decret_2008_637,20,2020-12-03,2023-09-01,
LEGIARTI000047910446,decret_2008_637,20,2023-09-01,2024-12-04,
LEGIARTI000050710711,decret_2008_637,20,2024-12-04,2025-01-01,
LEGIARTI000047914213,decret_2008_637,20,2025-01-01,,
LEGIARTI000019104845,decret_2008_637,21,2008-07-01,2023-09-01,
LEGIARTI000047910478,decret_2008_637,21,2023-09-01,,
LEGIARTI000019104833,decret_2008_637,22,2008-07-01,2020-12-03,
LEGIARTI000042597008,decret_2008_637,22,2020-12-03,2024-12-04,
LEGIARTI000050710698,decret_2008_637,22,2024-12-04,,
LEGIARTI000047909945,decret_2008_637,22 bis,2023-09-01,,
LEGIARTI000019104835,decret_2008_637,23,2008-07-01,2014-06-26,
LEGIARTI000029137508,decret_2008_637,23,2014-06-26,2024-12-04,
LEGIARTI000050710693,decret_2008_637,23,2024-12-04,,
LEGIARTI000023731593,decret_2008_637,23-1,2017-01-01,2014-06-26,
LEGIARTI000029132058,decret_2008_637,23-1,2017-01-01,2024-12-04,
LEGIARTI000050710691,decret_2008_637,23-1,2024-12-04,2025-01-01,
LEGIARTI000047910476,decret_2008_637,23-1,2025-01-01,,
LEGIARTI000019104847,decret_2008_637,24,2008-07-01,2009-01-01,
LEGIARTI000020085589,decret_2008_637,24,2009-01-01,2011-03-21,
LEGIARTI000023732870,decret_2008_637,24,2011-03-21,2017-01-01,
LEGIARTI000023732931,decret_2008_637,24,2017-01-01,2023-09-01,
LEGIARTI000047910472,decret_2008_637,24,2023-09-01,2024-12-04,
LEGIARTI000050710687,decret_2008_637,24,2024-12-04,2025-01-01,
LEGIARTI000047914227,decret_2008_637,24,2025-01-01,,
LEGIARTI000019104837,decret_2008_637,25,2008-07-01,2014-06-26,
LEGIARTI000029137525,decret_2008_637,25,2014-06-26,2023-09-01,
LEGIARTI000047910443,decret_2008_637,25,2023-09-01,,
LEGIARTI000019104839,decret_2008_637,26,2008-07-01,2015-01-01,
LEGIARTI000030059058,decret_2008_637,26,2015-01-01,,
LEGIARTI000019104849,decret_2008_637,27,2008-07-01,2017-01-01,
LEGIARTI000023732876,decret_2008_637,27,2017-01-01,2023-09-01,
LEGIARTI000047910468,decret_2008_637,27,2023-09-01,2024-12-04,
LEGIARTI000050710683,decret_2008_637,27,2024-12-04,,
LEGIARTI000019104859,decret_2008_637,28,2008-07-01,,
LEGIARTI000019104851,decret_2008_637,29,2008-07-01,2023-09-01,
LEGIARTI000047910466,decret_2008_637,29,2023-09-01,2024-12-04,
LEGIARTI000050710681,decret_2008_637,29,2024-12-04,,
LEGIARTI000019104861,decret_2008_637,30,2008-07-01,,
LEGIARTI000019104853,decret_2008_637,31,2008-07-01,2014-06-26,
LEGIARTI000029137538,decret_2008_637,31,2014-06-26,,
LEGIARTI000019104863,decret_2008_637,32,2008-07-01,2014-06-26,
LEGIARTI000029137536,decret_2008_637,32,2014-06-26,,
LEGIARTI000019104855,decret_2008_637,33,2008-07-01,,
LEGIARTI000019104865,decret_2008_637,34,2008-07-01,2023-09-01,
LEGIARTI000019104857,decret_2008_637,35,2008-07-01,,
LEGIARTI000019104871,decret_2008_637,36,2008-07-01,,
LEGIARTI000019104873,decret_2008_637,37,2008-07-01,,
LEGIARTI000019104875,decret_2008_637,38,2008-07-01,,
LEGIARTI000019104867,decret_2008_637,39,2008-07-01,2011-03-21,
LEGIARTI000023732880,decret_2008_637,39,2011-03-21,2016-01-01,
LEGIARTI000031800056,decret_2008_637,39,2016-01-01,2023-09-01,
LEGIARTI000047910464,decret_2008_637,39,2023-09-01,,
LEGIARTI000019104877,decret_2008_637,40,2008-07-01,,
LEGIARTI000019104879,decret_2008_637,41,2008-07-01,,
LEGIARTI000019104881,decret_2008_637,42,2008-07-01,2009-01-01,
LEGIARTI000020085602,decret_2008_637,42,2009-01-01,2014-06-26,
LEGIARTI000029137517,decret_2008_637,42,2014-06-26,2024-12-04,
LEGIARTI000050710673,decret_2008_637,42,2024-12-04,,
LEGIARTI000019104883,decret_2008_637,43,2008-07-01,2023-09-01,
LEGIARTI000047910462,decret_2008_637,43,2023-09-01,,
LEGIARTI000019104869,decret_2008_637,44,2008-07-01,2023-09-01,
LEGIARTI000047910440,decret_2008_637,44,2023-09-01,,
LEGIARTI000019104885,decret_2008_637,45,2008-07-01,,
LEGIARTI000019104887,decret_2008_637,46,2008-07-01,,
LEGIARTI000019104889,decret_2008_637,47,2008-07-01,,
LEGIARTI000019104891,decret_2008_637,48,2008-07-01,2024-12-04,
LEGIARTI000050710661,decret_2008_637,48,2024-12-04,,
LEGIARTI000019104893,decret_2008_637,49,2008-07-01,2024-12-04,
LEGIARTI000050710655,decret_2008_637,49,2024-12-04,,
LEGIARTI000019104895,decret_2008_637,50,2008-07-01,2024-12-04,
LEGIARTI000019104897,decret_2008_637,51,2008-07-01,2009-01-01,
LEGIARTI000020085597,decret_2008_637,51,2009-01-01,2014-06-26,
LEGIARTI000029137521,decret_2008_637,51,2014-06-26,2023-09-01,
LEGIARTI000047910458,decret_2008_637,51,2023-09-01,2025-01-01,
LEGIARTI000047914242,decret_2008_637,51,2025-01-01,2025-09-27,
LEGIARTI000052292971,decret_2008_637,51,2025-09-27,,
LEGIARTI000023732424,decret_2008_637,51-1,2011-03-21,2014-06-26,
LEGIARTI000029137528,decret_2008_637,51-1,2014-06-26,2023-09-01,
LEGIARTI000047910453,decret_2008_637,51-1,2023-09-01,2025-01-01,
LEGIARTI000047914257,decret_2008_637,51-1,2025-01-01,,
LEGIARTI000019104791,decret_2008_637,52,2008-07-02,,
LEGIARTI000019104793,decret_2008_637,53,2008-07-01,,
LEGIARTI000019104795,decret_2008_637,Annexe,2008-07-01,2024-12-04,
LEGIARTI000050710782,decret_2008_637,Annexe,2024-12-04,,
LEGIARTI000019108252,decret_2008_639,1,2008-07-01,2011-03-21,
LEGIARTI000023733092,decret_2008_639,1,2011-03-21,2016-07-24,
LEGIARTI000032935195,decret_2008_639,1,2016-07-24,2020-01-01,
LEGIARTI000041417135,decret_2008_639,1,2020-01-01,2022-01-02,
LEGIARTI000045021371,decret_2008_639,1,2022-01-02,2023-10-22,
LEGIARTI000048240230,decret_2008_639,1,2023-10-22,2024-01-07,
LEGIARTI000048897095,decret_2008_639,1,2024-01-07,,
LEGIARTI000019108256,decret_2008_639,2,2008-07-01,2011-03-21,
LEGIARTI000023733095,decret_2008_639,2,2011-03-21,2016-07-24,
LEGIARTI000032935189,decret_2008_639,2,2016-07-24,2020-01-01,
LEGIARTI000041417141,decret_2008_639,2,2020-01-01,2024-01-07,
LEGIARTI000048897016,decret_2008_639,2,2024-01-07,,
LEGIARTI000044999032,decret_2008_639,2 bis,2022-01-02,2024-01-07,
LEGIARTI000048897038,decret_2008_639,2 bis,2024-01-07,,
LEGIARTI000019108259,decret_2008_639,3,2008-07-01,2011-03-21,
LEGIARTI000023733100,decret_2008_639,3,2011-03-21,2016-07-24,
LEGIARTI000032935184,decret_2008_639,3,2016-07-24,2020-01-01,
LEGIARTI000041417176,decret_2008_639,3,2020-01-01,2022-01-02,
LEGIARTI000045021364,decret_2008_639,3,2022-01-02,2024-01-07,
LEGIARTI000048897100,decret_2008_639,3,2024-01-07,,
LEGIARTI000019108254,decret_2008_639,4,2008-07-01,2022-01-02,
LEGIARTI000045021360,decret_2008_639,4,2022-01-02,,
LEGIARTI000019108261,decret_2008_639,5,2008-07-01,2015-01-01,
LEGIARTI000030059060,decret_2008_639,5,2015-01-01,2017-01-01,
LEGIARTI000023733104,decret_2008_639,5,2017-01-01,2023-10-22,
LEGIARTI000048240226,decret_2008_639,5,2023-10-22,2025-08-03,
LEGIARTI000052041255,decret_2008_639,5,2025-08-03,,
LEGIARTI000019108264,decret_2008_639,6,2008-07-01,,
LEGIARTI000048238069,decret_2008_639,6 bis,2023-10-22,2024-01-07,
LEGIARTI000048897033,decret_2008_639,6 bis,2024-01-07,,
LEGIARTI000019108298,decret_2008_639,7,2008-07-01,2011-03-21,
LEGIARTI000023733108,decret_2008_639,7,2011-03-21,2014-06-29,
LEGIARTI000029165230,decret_2008_639,7,2014-06-29,2020-12-03,
LEGIARTI000042597051,decret_2008_639,7,2020-12-03,2022-01-02,
LEGIARTI000045021349,decret_2008_639,7,2022-01-02,2026-08-07,
LEGIARTI000054622844,decret_2008_639,7,2026-08-07,,
LEGIARTI000019108301,decret_2008_639,8,2008-07-01,2016-07-24,
LEGIARTI000032935178,decret_2008_639,8,2016-07-24,2020-01-01,
LEGIARTI000041417165,decret_2008_639,8,2020-01-01,2022-01-02,
LEGIARTI000045021340,decret_2008_639,8,2022-01-02,2024-01-07,
LEGIARTI000048897086,decret_2008_639,8,2024-01-07,,
LEGIARTI000044999427,decret_2008_639,8 bis,2022-01-02,,
LEGIARTI000019108305,decret_2008_639,9,2008-07-01,2011-03-21,
LEGIARTI000023733112,decret_2008_639,9,2011-03-21,2017-01-01,
LEGIARTI000023733183,decret_2008_639,9,2017-01-01,2020-12-03,
LEGIARTI000042597049,decret_2008_639,9,2020-12-03,2024-01-07,
LEGIARTI000048897013,decret_2008_639,9,2024-01-07,2026-08-07,
LEGIARTI000054622839,decret_2008_639,9,2026-08-07,,
LEGIARTI000019108306,decret_2008_639,10,2008-07-01,2011-03-21,
LEGIARTI000023733114,decret_2008_639,10,2011-03-21,2016-07-24,
LEGIARTI000032935171,decret_2008_639,10,2016-07-24,2020-01-01,
LEGIARTI000041417157,decret_2008_639,10,2020-01-01,2022-01-02,
LEGIARTI000045021331,decret_2008_639,10,2022-01-02,2024-01-07,
LEGIARTI000048897077,decret_2008_639,10,2024-01-07,2025-08-03,
LEGIARTI000052041260,decret_2008_639,10,2025-08-03,,
LEGIARTI000019108296,decret_2008_639,11,2008-07-01,2009-01-01,
LEGIARTI000020085565,decret_2008_639,11,2009-01-01,2014-06-29,
LEGIARTI000029165184,decret_2008_639,11,2014-06-29,2023-10-22,
LEGIARTI000048240221,decret_2008_639,11,2023-10-22,,
LEGIARTI000019108311,decret_2008_639,12,2008-07-01,2014-06-29,
LEGIARTI000029165196,decret_2008_639,12,2014-06-29,2022-01-02,
LEGIARTI000045021328,decret_2008_639,12,2022-01-02,,
LEGIARTI000023732038,decret_2008_639,12-1,2017-01-01,2014-06-28,
LEGIARTI000029149846,decret_2008_639,12-1,2017-01-01,2023-10-22,
LEGIARTI000048240219,decret_2008_639,12-1,2023-10-22,,
LEGIARTI000019108313,decret_2008_639,13,2008-07-01,2009-01-01,
LEGIARTI000020085562,decret_2008_639,13,2009-01-01,2011-03-21,
LEGIARTI000023733121,decret_2008_639,13,2011-03-21,2016-07-24,
LEGIARTI000032935163,decret_2008_639,13,2016-07-24,2017-01-01,
LEGIARTI000023733189,decret_2008_639,13,2017-01-01,2020-01-01,
LEGIARTI000041417130,decret_2008_639,13,2020-01-01,2020-12-03,
LEGIARTI000042597040,decret_2008_639,13,2020-12-03,2022-01-02,
LEGIARTI000045021319,decret_2008_639,13,2022-01-02,2023-10-22,
LEGIARTI000048240205,decret_2008_639,13,2023-10-22,2024-01-07,
LEGIARTI000048897107,decret_2008_639,13,2024-01-07,2026-08-07,
LEGIARTI000054622824,decret_2008_639,13,2026-08-07,,
LEGIARTI000019108316,decret_2008_639,14,2008-07-01,2011-03-21,
LEGIARTI000023733125,decret_2008_639,14,2011-03-21,2014-06-29,
LEGIARTI000029165234,decret_2008_639,14,2014-06-29,2015-07-01,
LEGIARTI000030816268,decret_2008_639,14,2015-07-01,2016-07-24,
LEGIARTI000032935160,decret_2008_639,14,2016-07-24,2020-01-01,
LEGIARTI000041417120,decret_2008_639,14,2020-01-01,2020-12-03,
LEGIARTI000042597027,decret_2008_639,14,2020-12-03,2022-01-02,
LEGIARTI000045021310,decret_2008_639,14,2022-01-02,2024-01-07,
LEGIARTI000048897004,decret_2008_639,14,2024-01-07,2025-08-03,
LEGIARTI000052041269,decret_2008_639,14,2025-08-03,2026-08-07,
LEGIARTI000054622812,decret_2008_639,14,2026-08-07,,
LEGIARTI000019108319,decret_2008_639,15,2008-07-01,2015-05-18,
LEGIARTI000030598853,decret_2008_639,15,2015-05-18,2017-01-01,
LEGIARTI000023733127,decret_2008_639,15,2017-01-01,2022-01-02,
LEGIARTI000045021306,decret_2008_639,15,2022-01-02,2023-10-22,
LEGIARTI000048240197,decret_2008_639,15,2023-10-22,2024-01-07,
LEGIARTI000048896995,decret_2008_639,15,2024-01-07,,
LEGIARTI000019108321,decret_2008_639,16,2008-07-01,2014-06-29,
LEGIARTI000029165241,decret_2008_639,16,2014-06-29,2023-10-22,
LEGIARTI000048240189,decret_2008_639,16,2023-10-22,,
LEGIARTI000019108310,decret_2008_639,17,2008-07-01,2022-01-02,
LEGIARTI000045021304,decret_2008_639,17,2022-01-02,2025-08-03,
LEGIARTI000052041280,decret_2008_639,17,2025-08-03,,
LEGIARTI000019108265,decret_2008_639,18,2008-07-01,2014-06-29,
LEGIARTI000029165237,decret_2008_639,18,2014-06-29,2022-01-02,
LEGIARTI000045021301,decret_2008_639,18,2022-01-02,,
LEGIARTI000019108270,decret_2008_639,19,2008-07-01,2009-01-01,
LEGIARTI000020085560,decret_2008_639,19,2009-01-01,,
LEGIARTI000019108266,decret_2008_639,20,2008-07-01,,
LEGIARTI000019108271,decret_2008_639,21,2008-07-01,,
LEGIARTI000019108267,decret_2008_639,22,2008-07-01,2016-01-01,
LEGIARTI000030597108,decret_2008_639,22,2016-01-01,,
LEGIARTI000019108268,decret_2008_639,23,2008-07-01,,
LEGIARTI000019108276,decret_2008_639,24,2008-07-01,2011-03-21,
LEGIARTI000023733131,decret_2008_639,24,2011-03-21,2016-01-01,
LEGIARTI000030597110,decret_2008_639,24,2016-01-01,2016-01-01,
LEGIARTI000031800054,decret_2008_639,24,2016-01-01,2024-01-07,
LEGIARTI000048896992,decret_2008_639,24,2024-01-07,,
LEGIARTI000019108277,decret_2008_639,25,2008-07-01,2016-01-01,
LEGIARTI000030597113,decret_2008_639,25,2016-01-01,,
LEGIARTI000019108278,decret_2008_639,26,2008-07-01,,
LEGIARTI000019108279,decret_2008_639,27,2008-07-01,,
LEGIARTI000019108280,decret_2008_639,28,2008-07-01,,
LEGIARTI000019108273,decret_2008_639,29,2008-07-01,2016-07-24,
LEGIARTI000032935158,decret_2008_639,29,2016-07-24,2020-01-01,
LEGIARTI000041417116,decret_2008_639,29,2020-01-01,2022-01-02,
LEGIARTI000045021296,decret_2008_639,29,2022-01-02,2024-01-07,
LEGIARTI000048897116,decret_2008_639,29,2024-01-07,,
LEGIARTI000019108274,decret_2008_639,30,2008-07-01,2009-01-01,
LEGIARTI000020085578,decret_2008_639,30,2009-01-01,2014-06-29,
LEGIARTI000029165205,decret_2008_639,30,2014-06-29,,
LEGIARTI000019108272,decret_2008_639,31,2008-07-01,,
LEGIARTI000019108281,decret_2008_639,32,2008-07-01,2014-06-29,
LEGIARTI000019108282,decret_2008_639,33,2008-07-01,2016-07-24,
LEGIARTI000032938217,decret_2008_639,33,2016-07-24,2020-01-01,
LEGIARTI000041417149,decret_2008_639,33,2020-01-01,2022-01-02,
LEGIARTI000045021289,decret_2008_639,33,2022-01-02,2024-01-07,
LEGIARTI000048897070,decret_2008_639,33,2024-01-07,,
LEGIARTI000019108286,decret_2008_639,34,2008-07-01,2022-01-02,
LEGIARTI000045021287,decret_2008_639,34,2022-01-02,2024-01-07,
LEGIARTI000048897121,decret_2008_639,34,2024-01-07,,
LEGIARTI000019108289,decret_2008_639,35,2008-07-01,2009-01-01,
LEGIARTI000020085571,decret_2008_639,35,2009-01-01,2014-06-29,
LEGIARTI000029165209,decret_2008_639,35,2014-06-29,2023-10-22,
LEGIARTI000048240179,decret_2008_639,35,2023-10-22,2024-01-07,
LEGIARTI000048897024,decret_2008_639,35,2024-01-07,,
LEGIARTI000019108287,decret_2008_639,36,2008-07-01,2014-06-29,
LEGIARTI000019108288,decret_2008_639,37,2008-07-01,,
LEGIARTI000023732614,decret_2008_639,37-1,2017-01-01,2014-06-29,
LEGIARTI000029165223,decret_2008_639,37-1,2017-01-01,2023-10-22,
LEGIARTI000048240186,decret_2008_639,37-1,2023-10-22,2024-01-07,
LEGIARTI000048896987,decret_2008_639,37-1,2024-01-07,,
LEGIARTI000019108245,decret_2008_639,38,2008-07-01,,
LEGIARTI000019108244,decret_2008_639,39,2008-07-01,,
LEGIARTI000019108251,decret_2008_639,Annexe 1,2008-07-01,,
LEGIARTI000019108339,decret_2008_639,Annexe 2,2008-07-01,2016-07-24,
LEGIARTI000032935156,decret_2008_639,Annexe 2,2016-07-24,2021-06-19,
LEGIARTI000043683368,decret_2008_639,Annexe 2,2021-06-19,,
LEGIARTI000019108343,decret_2008_639,Annexe 3,2008-07-01,2022-01-02,
LEGIARTI000045021285,decret_2008_639,Annexe 3,2022-01-02,2024-01-07,
LEGIARTI000048896984,decret_2008_639,Annexe 3,2024-01-07,,
LEGIARTI000019108345,decret_2008_639,Annexe 4,2008-07-01,2022-01-02,
LEGIARTI000045021283,decret_2008_639,Annexe 4,2022-01-02,,
LEGIARTI000019108346,decret_2008_639,Annexe 5,2008-07-01,2009-01-01,
LEGIARTI000020085569,decret_2008_639,Annexe 5,2009-01-01,2024-01-07,
LEGIARTI000048896981,decret_2008_639,Annexe 5,2024-01-07,,
LEGIARTI000024853551,decret_2011_1644,1,2012-01-01,,
LEGIARTI000024853549,decret_2011_1644,2,2012-01-01,2012-12-30,
LEGIARTI000026885169,decret_2011_1644,2,2012-12-30,2016-09-05,
LEGIARTI000033090911,decret_2011_1644,2,2016-09-05,2025-11-14,
LEGIARTI000052567960,decret_2011_1644,2,2025-11-14,,
LEGIARTI000024853554,decret_2011_1644,3,2012-01-01,,
LEGIARTI000024853556,decret_2011_1644,4,2012-01-01,2016-09-05,
LEGIARTI000033090908,decret_2011_1644,4,2016-09-05,2021-05-24,
LEGIARTI000043529962,decret_2011_1644,4,2021-05-24,2022-12-25,
LEGIARTI000046813878,decret_2011_1644,4,2022-12-25,2023-12-31,
LEGIARTI000048863518,decret_2011_1644,4,2023-12-31,2025-11-14,
LEGIARTI000052567955,decret_2011_1644,4,2025-11-14,,
LEGIARTI000024853558,decret_2011_1644,5,2012-01-01,,
LEGIARTI000024853561,decret_2011_1644,6,2012-01-01,,
LEGIARTI000024853563,decret_2011_1644,7,2999-01-01,,
LEGIARTI000024853565,decret_2011_1644,8,2999-01-01,,
LEGIARTI000024853567,decret_2011_1644,9,2012-01-01,,
LEGIARTI000024853569,decret_2011_1644,10,2012-01-01,,
LEGIARTI000024436149,decret_2011_934,1,2999-01-01,,
LEGIARTI000024436144,decret_2011_934,2,2011-08-05,,
LEGIARTI000024436146,decret_2011_934,3,2011-08-05,,
LEGIARTI000047627236,decret_2023_435,1,2999-01-01,,
LEGIARTI000047627238,decret_2023_435,2,2999-01-01,,
LEGIARTI000047627240,decret_2023_435,3,2999-01-01,,
LEGIARTI000047627242,decret_2023_435,4,2999-01-01,,
LEGIARTI000047627244,decret_2023_435,5,2999-01-01,,
LEGIARTI000047627246,decret_2023_435,6,2999-01-01,,
LEGIARTI000047627248,decret_2023_435,7,2999-01-01,,
LEGIARTI000047627250,decret_2023_435,8,2999-01-01,,
LEGIARTI000047627252,decret_2023_435,9,2999-01-01,,
LEGIARTI000047627254,decret_2023_435,10,2999-01-01,,
LEGIARTI000047627256,decret_2023_435,11,2999-01-01,,
LEGIARTI000047627258,decret_2023_435,12,2999-01-01,,
LEGIARTI000047627260,decret_2023_435,13,2023-06-05,2026-05-09,
LEGIARTI000054059137,decret_2023_435,13,2026-05-09,,
LEGIARTI000047627262,decret_2023_435,14,2023-06-05,,
LEGIARTI000006632421,decret_46_1541,3,1946-06-01,,
LEGIARTI000006632498,decret_46_1541,Annexe,1946-06-01,2007-09-01,
LEGIARTI000006632499,decret_46_1541,Annexe,1946-07-20,2007-09-01,
LEGIARTI000006632496,decret_46_1541,Annexe 3,1946-06-01,2008-07-01,
LEGIARTI000019226006,decret_46_1541,Annexe 3,2008-06-30,2009-01-01,
LEGIARTI000019225997,decret_46_1541,Annexe 3,2008-07-01,2008-06-30,
LEGIARTI000020085612,decret_46_1541,Annexe 3,2009-01-01,2011-03-21,
LEGIARTI000023733902,decret_46_1541,Annexe 3,2011-03-21,2011-09-26,
LEGIARTI000024588157,decret_46_1541,Annexe 3,2011-09-26,2013-04-01,
LEGIARTI000026950690,decret_46_1541,Annexe 3,2013-04-01,2014-06-28,
LEGIARTI000029150159,decret_46_1541,Annexe 3,2014-06-28,2015-01-01,
LEGIARTI000030058926,decret_46_1541,Annexe 3,2015-01-01,2016-01-01,
LEGIARTI000031535066,decret_46_1541,Annexe 3,2016-01-01,2016-01-01,
LEGIARTI000031800065,decret_46_1541,Annexe 3,2016-01-01,2017-01-01,
LEGIARTI000028024540,decret_46_1541,Annexe 3,2017-01-01,2014-03-21,
LEGIARTI000028751952,decret_46_1541,Annexe 3,2017-01-01,2014-06-28,
LEGIARTI000029150204,decret_46_1541,Annexe 3,2017-01-01,2018-01-01,
LEGIARTI000034764555,decret_46_1541,Annexe 3,2018-01-01,2018-03-31,
LEGIARTI000036755043,decret_46_1541,Annexe 3,2018-03-31,2019-03-02,
LEGIARTI000038189976,decret_46_1541,Annexe 3,2019-03-02,2020-12-03,
LEGIARTI000042597001,decret_46_1541,Annexe 3,2020-12-03,2023-09-01,
LEGIARTI000047908882,decret_46_1541,Annexe 3,2023-09-01,2025-01-01,
LEGIARTI000047909955,decret_46_1541,Annexe 3,2025-01-01,2025-08-06,
LEGIARTI000052046924,decret_46_1541,Annexe 3,2025-08-06,,
LEGIARTI000006632424,decret_46_1541,"Annexe, art. 1",1946-06-01,1950-05-05,
LEGIARTI000006632425,decret_46_1541,"Annexe, art. 1",1954-11-26,2001-12-18,
LEGIARTI000006632426,decret_46_1541,"Annexe, art. 1",2001-12-18,,
LEGIARTI000006632428,decret_46_1541,"Annexe, art. 3",1946-06-01,1950-05-05,
LEGIARTI000006632429,decret_46_1541,"Annexe, art. 3",1950-05-05,1959-11-26,
LEGIARTI000006632430,decret_46_1541,"Annexe, art. 3",1981-09-24,2001-06-09,
LEGIARTI000006632431,decret_46_1541,"Annexe, art. 3",2001-06-09,2007-11-29,
LEGIARTI000024596906,decret_46_1541,"Annexe, art. 3",2011-09-26,,
LEGIARTI000006632433,decret_46_1541,"Annexe, art. 4",1959-11-26,2008-07-05,
LEGIARTI000019231972,decret_46_1541,"Annexe, art. 4",2008-07-05,2011-03-21,
LEGIARTI000023732109,decret_46_1541,"Annexe, art. 4",2011-03-21,2023-09-01,
LEGIARTI000047908873,decret_46_1541,"Annexe, art. 4",2023-09-01,,
LEGIARTI000006632434,decret_46_1541,"Annexe, art. 5",1946-06-01,,
LEGIARTI000006632435,decret_46_1541,"Annexe, art. 6",1950-05-05,2008-07-05,
LEGIARTI000019231974,decret_46_1541,"Annexe, art. 6",2008-07-05,,
LEGIARTI000006632439,decret_46_1541,"Annexe, art. 9",1946-06-01,2004-10-31,
LEGIARTI000006632440,decret_46_1541,"Annexe, art. 9",2004-10-31,,
LEGIARTI000006632448,decret_46_1541,"Annexe, art. 14",1946-06-01,2023-09-01,
LEGIARTI000006632455,decret_46_1541,"Annexe, art. 20",1946-06-01,2008-07-05,
LEGIARTI000019231976,decret_46_1541,"Annexe, art. 20",2008-07-05,2023-09-01,
LEGIARTI000047908871,decret_46_1541,"Annexe, art. 20",2023-09-01,,
LEGIARTI000006632456,decret_46_1541,"Annexe, art. 21",1955-02-06,2023-09-01,
LEGIARTI000047908869,decret_46_1541,"Annexe, art. 21",2023-09-01,,
LEGIARTI000006632457,decret_46_1541,"Annexe, art. 22",1955-02-06,2002-05-04,
LEGIARTI000006632458,decret_46_1541,"Annexe, art. 22",2002-05-04,2008-07-05,
LEGIARTI000019231978,decret_46_1541,"Annexe, art. 22",2008-07-05,2011-09-26,
LEGIARTI000024587367,decret_46_1541,"Annexe, art. 22",2011-09-26,2018-01-01,
LEGIARTI000034764553,decret_46_1541,"Annexe, art. 22",2018-01-01,,
LEGIARTI000006632459,decret_46_1541,"Annexe, art. 23",1991-06-29,1993-03-26,
LEGIARTI000006632460,decret_46_1541,"Annexe, art. 23",1993-03-26,1995-08-22,
LEGIARTI000006632461,decret_46_1541,"Annexe, art. 23",1997-01-01,1998-04-01,
LEGIARTI000006632462,decret_46_1541,"Annexe, art. 23",1997-04-13,1997-12-30,
LEGIARTI000006632463,decret_46_1541,"Annexe, art. 23",1997-12-30,2002-04-18,
LEGIARTI000006632464,decret_46_1541,"Annexe, art. 23",2002-04-18,2005-02-16,
LEGIARTI000006632465,decret_46_1541,"Annexe, art. 23",2005-02-16,2007-03-31,
LEGIARTI000006632466,decret_46_1541,"Annexe, art. 23",2007-03-31,2008-07-05,
LEGIARTI000019231980,decret_46_1541,"Annexe, art. 23",2008-07-05,2009-01-01,
LEGIARTI000020085637,decret_46_1541,"Annexe, art. 23",2009-01-01,2009-10-09,
LEGIARTI000021124521,decret_46_1541,"Annexe, art. 23",2009-10-09,2011-10-09,
LEGIARTI000024647107,decret_46_1541,"Annexe, art. 23",2011-10-09,2012-01-01,
LEGIARTI000025111000,decret_46_1541,"Annexe, art. 23",2012-01-01,2013-01-01,
LEGIARTI000027029890,decret_46_1541,"Annexe, art. 23",2013-01-01,2019-01-01,
LEGIARTI000038023267,decret_46_1541,"Annexe, art. 23",2019-01-01,2020-01-01,
LEGIARTI000039348009,decret_46_1541,"Annexe, art. 23",2020-01-01,2020-05-25,
LEGIARTI000041969500,decret_46_1541,"Annexe, art. 23",2020-05-25,2021-01-01,
LEGIARTI000042810093,decret_46_1541,"Annexe, art. 23",2021-01-01,2026-02-04,
LEGIARTI000053434211,decret_46_1541,"Annexe, art. 23",2026-02-04,,
LEGIARTI000006632467,decret_46_1541,"Annexe, art. 24",1991-06-29,2008-07-05,
LEGIARTI000019232006,decret_46_1541,"Annexe, art. 24",2008-07-05,2016-01-01,
LEGIARTI000031535056,decret_46_1541,"Annexe, art. 24",2016-01-01,2023-09-01,
LEGIARTI000047908866,decret_46_1541,"Annexe, art. 24",2023-09-01,,
LEGIARTI000006632470,decret_46_1541,"Annexe, art. 25",1952-06-27,1955-02-06,
LEGIARTI000006632471,decret_46_1541,"Annexe, art. 25",1966-10-07,1993-03-26,
LEGIARTI000006632472,decret_46_1541,"Annexe, art. 25",1993-03-26,1997-04-13,
LEGIARTI000006632473,decret_46_1541,"Annexe, art. 25",1997-04-13,2005-05-10,
LEGIARTI000006632474,decret_46_1541,"Annexe, art. 25",2005-05-10,2007-03-31,
LEGIARTI000006632475,decret_46_1541,"Annexe, art. 25",2007-03-31,2013-01-01,
LEGIARTI000027029836,decret_46_1541,"Annexe, art. 25",2013-01-01,2017-01-01,
LEGIARTI000034767013,decret_46_1541,"Annexe, art. 25",2017-01-01,2018-01-01,
LEGIARTI000034810693,decret_46_1541,"Annexe, art. 25",2018-01-01,,
LEGIARTI000006632476,decret_46_1541,"Annexe, art. 26",1946-06-01,2008-07-05,
LEGIARTI000019232008,decret_46_1541,"Annexe, art. 26",2008-07-05,2013-04-01,
LEGIARTI000026950754,decret_46_1541,"Annexe, art. 26",2013-04-01,2019-01-01,
LEGIARTI000037952477,decret_46_1541,"Annexe, art. 26",2019-01-01,2023-09-01,
LEGIARTI000047908864,decret_46_1541,"Annexe, art. 26",2023-09-01,,
LEGIARTI000006632477,decret_46_1541,"Annexe, art. 27",1946-06-01,,
LEGIARTI000006632478,decret_46_1541,"Annexe, art. 28",1946-06-01,1998-12-31,
LEGIARTI000006632479,decret_46_1541,"Annexe, art. 28",1998-12-31,2008-07-05,
LEGIARTI000019232011,decret_46_1541,"Annexe, art. 28",2008-07-05,2023-09-01,
LEGIARTI000047908862,decret_46_1541,"Annexe, art. 28",2023-09-01,,
LEGIARTI000006632482,decret_46_1541,"Annexe, art. 31",1959-11-26,2007-03-31,
LEGIARTI000006632483,decret_46_1541,"Annexe, art. 31",2007-03-31,2007-11-29,
LEGIARTI000006632484,decret_46_1541,"Annexe, art. 31",2007-11-29,,
LEGIARTI000006764603,decret_46_2769,1,1947-01-01,1993-01-01,
LEGIARTI000006764604,decret_46_2769,1,1993-01-01,2005-01-01,
LEGIARTI000006764606,decret_46_2769,1,1993-01-01,2006-12-14,
LEGIARTI000006764605,decret_46_2769,1,2005-01-01,2006-09-06,
LEGIARTI000006764607,decret_46_2769,1,2006-12-14,2015-09-06,
LEGIARTI000031137292,decret_46_2769,1,2015-09-06,,
LEGIARTI000006764602,decret_46_2769,1 bis,2005-01-01,2015-09-06,
LEGIARTI000031137295,decret_46_2769,1 bis,2015-09-06,,
LEGIARTI000006764608,decret_46_2769,2,1947-01-01,1993-01-01,
LEGIARTI000006764609,decret_46_2769,2,1993-01-01,2010-08-29,
LEGIARTI000022750132,decret_46_2769,2,2010-08-29,2011-09-01,
LEGIARTI000024522938,decret_46_2769,2,2011-09-01,,
LEGIARTI000006764610,decret_46_2769,3,1947-01-01,1993-01-01,
LEGIARTI000006764611,decret_46_2769,3,1993-01-01,1998-06-28,
LEGIARTI000006764612,decret_46_2769,3,1998-06-28,2011-09-01,
LEGIARTI000006764613,decret_46_2769,4,1947-01-01,1993-01-01,
LEGIARTI000006764614,decret_46_2769,4,1993-01-01,1998-06-28,
LEGIARTI000006764615,decret_46_2769,4,1998-06-28,2011-09-01,
LEGIARTI000006764616,decret_46_2769,5,1957-04-20,1993-01-01,
LEGIARTI000006764617,decret_46_2769,5,1993-01-01,1998-06-28,
LEGIARTI000006764618,decret_46_2769,5,1998-06-28,2005-01-01,
LEGIARTI000006764619,decret_46_2769,5,2005-01-01,2011-09-01,
LEGIARTI000006764621,decret_46_2769,6,1967-12-30,1993-01-01,
LEGIARTI000006764622,decret_46_2769,6,1993-01-01,1998-06-28,
LEGIARTI000006764623,decret_46_2769,6,1998-06-28,2011-09-01,
LEGIARTI000006764624,decret_46_2769,6 bis,1967-12-30,1993-01-01,
LEGIARTI000006764625,decret_46_2769,6 bis,1993-01-01,1998-06-28,
LEGIARTI000006764626,decret_46_2769,6 bis,1998-06-28,2011-09-01,
LEGIARTI000006764627,decret_46_2769,7,1952-12-14,1993-01-01,
LEGIARTI000006764628,decret_46_2769,7,1993-01-01,2011-09-01,
LEGIARTI000006764629,decret_46_2769,8,1967-12-30,1993-01-01,
LEGIARTI000006764630,decret_46_2769,8,1993-01-01,1998-06-28,
LEGIARTI000006764631,decret_46_2769,8,1998-06-28,2015-09-06,
LEGIARTI000031137298,decret_46_2769,8,2015-09-06,,
LEGIARTI000006764636,decret_46_2769,8 bis,1993-01-01,2011-09-01,
LEGIARTI000006764637,decret_46_2769,8 ter,1993-01-01,2005-01-01,
LEGIARTI000006764632,decret_46_2769,9,1956-12-16,1993-01-01,
LEGIARTI000006764633,decret_46_2769,9,1993-01-01,1998-06-28,
LEGIARTI000006764634,decret_46_2769,9,1998-06-28,2005-01-01,
LEGIARTI000006764635,decret_46_2769,9,2005-01-01,2010-08-29,
LEGIARTI000022750130,decret_46_2769,9,2010-08-29,,
LEGIARTI000006764638,decret_46_2769,10,1947-01-01,1993-01-01,
LEGIARTI000006764639,decret_46_2769,10,1993-01-01,2005-01-01,
LEGIARTI000006764640,decret_46_2769,10,2005-01-01,2011-09-01,
LEGIARTI000024522940,decret_46_2769,10,2011-09-01,2015-09-06,
LEGIARTI000031137303,decret_46_2769,10,2015-09-06,,
LEGIARTI000006764642,decret_46_2769,11,1956-12-16,1987-04-03,
LEGIARTI000006764643,decret_46_2769,11,1987-04-03,1993-01-01,
LEGIARTI000006764644,decret_46_2769,11,1993-01-01,2011-09-01,
LEGIARTI000006764645,decret_46_2769,12,1959-04-25,1993-01-01,
LEGIARTI000006764646,decret_46_2769,12,1993-01-01,2005-01-01,
LEGIARTI000006764647,decret_46_2769,13,1947-01-01,1993-01-01,
LEGIARTI000006764648,decret_46_2769,13,1993-01-01,2002-05-05,
LEGIARTI000006764649,decret_46_2769,13,2002-05-05,2005-01-01,
LEGIARTI000006764650,decret_46_2769,14,1947-01-01,1993-01-01,
LEGIARTI000006764651,decret_46_2769,14,1993-01-01,2005-01-01,
LEGIARTI000006764652,decret_46_2769,14,2005-01-01,2005-08-11,
LEGIARTI000006764653,decret_46_2769,14,2005-08-11,2011-01-17,
LEGIARTI000023433083,decret_46_2769,14,2011-01-17,2011-09-01,
LEGIARTI000006764752,decret_46_2769,14 bis,2005-01-01,2007-12-31,
LEGIARTI000017870611,decret_46_2769,14 bis,2007-12-31,2011-09-01,
LEGIARTI000006764654,decret_46_2769,15,1984-04-28,1993-01-01,
LEGIARTI000006764655,decret_46_2769,15,1993-01-01,2005-01-01,
LEGIARTI000006764656,decret_46_2769,15,2005-01-01,2005-08-11,
LEGIARTI000006764657,decret_46_2769,15,2005-08-11,2006-12-14,
LEGIARTI000006764658,decret_46_2769,15,2006-12-14,2010-01-02,
LEGIARTI000021660851,decret_46_2769,15,2010-01-02,2011-09-01,
LEGIARTI000024522942,decret_46_2769,15,2011-09-01,2012-04-01,
LEGIARTI000025606763,decret_46_2769,15,2012-04-01,2015-09-06,
LEGIARTI000031137306,decret_46_2769,15,2015-09-06,2020-05-25,
LEGIARTI000041969353,decret_46_2769,15,2020-05-25,,
LEGIARTI000006764753,decret_46_2769,15 bis,2005-01-01,2010-01-01,
LEGIARTI000021508960,decret_46_2769,15 bis,2010-01-01,2011-09-01,
LEGIARTI000024522945,decret_46_2769,15 bis,2011-09-01,,
LEGIARTI000006764659,decret_46_2769,16,1947-01-01,1989-09-01,
LEGIARTI000006764660,decret_46_2769,16,1989-09-01,1993-01-01,
LEGIARTI000006764661,decret_46_2769,16,1993-01-01,1995-03-10,
LEGIARTI000006764662,decret_46_2769,16,1995-03-10,2005-01-01,
LEGIARTI000006764663,decret_46_2769,17,1947-01-01,1993-01-01,
LEGIARTI000006764664,decret_46_2769,17,1993-01-01,2005-01-01,
LEGIARTI000006764665,decret_46_2769,18,1975-08-23,1993-01-01,
LEGIARTI000006764666,decret_46_2769,18,1993-01-01,2011-09-01,
LEGIARTI000006764667,decret_46_2769,19,1975-08-23,1993-01-01,
LEGIARTI000006764668,decret_46_2769,19,1993-01-01,2010-01-01,
LEGIARTI000021508957,decret_46_2769,19,2010-01-01,2011-09-01,
LEGIARTI000006764670,decret_46_2769,20,1947-01-01,1993-01-01,
LEGIARTI000006764671,decret_46_2769,20,1993-01-01,2005-01-01,
LEGIARTI000006764672,decret_46_2769,21,1947-01-01,1993-01-01,
LEGIARTI000006764673,decret_46_2769,21,1993-01-01,2005-01-01,
LEGIARTI000006764674,decret_46_2769,21,2005-01-01,2011-09-01,
LEGIARTI000006764675,decret_46_2769,22,1947-01-01,1984-04-28,
LEGIARTI000006764676,decret_46_2769,22,1984-04-28,1993-01-01,
LEGIARTI000006764677,decret_46_2769,22,1993-01-01,1993-12-10,
LEGIARTI000006764678,decret_46_2769,22,1993-12-10,2005-01-01,
LEGIARTI000006764679,decret_46_2769,23,1954-03-27,1987-04-03,
LEGIARTI000006764680,decret_46_2769,23,1987-04-03,1989-09-01,
LEGIARTI000006764681,decret_46_2769,23,1989-09-01,1993-01-01,
LEGIARTI000006764682,decret_46_2769,23,1993-01-01,2006-12-14,
LEGIARTI000006764683,decret_46_2769,23,2006-12-14,2011-09-01,
LEGIARTI000024522947,decret_46_2769,23,2011-09-01,,
LEGIARTI000006764684,decret_46_2769,24,1956-12-16,1993-01-01,
LEGIARTI000006764685,decret_46_2769,24,1993-01-01,1996-11-03,
LEGIARTI000006764686,decret_46_2769,24,1996-11-03,2002-01-09,
LEGIARTI000006764687,decret_46_2769,24,2002-01-09,2005-01-01,
LEGIARTI000006764688,decret_46_2769,24,2005-01-01,2006-12-14,
LEGIARTI000006764689,decret_46_2769,24,2006-12-14,2007-12-31,
LEGIARTI000017870607,decret_46_2769,24,2007-12-31,2011-09-01,
LEGIARTI000024522950,decret_46_2769,24,2011-09-01,2015-09-06,
LEGIARTI000031137317,decret_46_2769,24,2015-09-06,2020-05-25,
LEGIARTI000041969350,decret_46_2769,24,2020-05-25,,
LEGIARTI000006764690,decret_46_2769,25,1947-01-01,1993-01-01,
LEGIARTI000006764691,decret_46_2769,25,1993-01-01,2011-09-01,
LEGIARTI000031137320,decret_46_2769,25,2015-09-06,,
LEGIARTI000006764692,decret_46_2769,26,1947-01-01,1993-01-01,
LEGIARTI000006764693,decret_46_2769,26,1993-01-01,1996-11-03,
LEGIARTI000006764694,decret_46_2769,26,1996-11-03,2005-12-31,
LEGIARTI000006764695,decret_46_2769,26,2005-12-31,2011-09-01,
LEGIARTI000024522952,decret_46_2769,26,2011-09-01,2015-09-06,
LEGIARTI000031137322,decret_46_2769,26,2015-09-06,,
LEGIARTI000006764696,decret_46_2769,27,1947-01-01,1993-01-01,
LEGIARTI000006764697,decret_46_2769,27,1993-01-01,1996-11-03,
LEGIARTI000006764698,decret_46_2769,27,1996-11-03,2005-01-01,
LEGIARTI000006764699,decret_46_2769,27,2005-01-01,2007-02-11,
LEGIARTI000006764700,decret_46_2769,27,2007-02-11,2011-09-01,
LEGIARTI000031137325,decret_46_2769,27,2015-09-06,,
LEGIARTI000006764701,decret_46_2769,28,1947-01-01,1984-04-28,
LEGIARTI000006764702,decret_46_2769,28,1984-04-28,1993-01-01,
LEGIARTI000006764703,decret_46_2769,28,1993-01-01,1996-11-03,
LEGIARTI000006764704,decret_46_2769,28,1996-11-03,2011-09-01,
LEGIARTI000024522954,decret_46_2769,28,2011-09-01,2015-09-06,
LEGIARTI000031137334,decret_46_2769,28,2015-09-06,,
LEGIARTI000006764706,decret_46_2769,29,1984-04-28,1993-01-01,
LEGIARTI000006764707,decret_46_2769,29,1993-01-01,1995-03-10,
LEGIARTI000006764708,decret_46_2769,29,1995-03-10,1996-11-03,
LEGIARTI000006764709,decret_46_2769,29,1996-11-03,2005-01-01,
LEGIARTI000006764710,decret_46_2769,29,2005-01-01,2011-09-01,
LEGIARTI000024522956,decret_46_2769,29,2011-09-01,2015-09-06,
LEGIARTI000031137337,decret_46_2769,29,2015-09-06,,
LEGIARTI000006764711,decret_46_2769,30,1947-01-01,1993-01-01,
LEGIARTI000006764712,decret_46_2769,30,1993-01-01,1996-11-03,
LEGIARTI000006764713,decret_46_2769,30,1996-11-03,2011-09-01,
LEGIARTI000024522959,decret_46_2769,30,2011-09-01,,
LEGIARTI000006764714,decret_46_2769,31,1947-01-01,1993-01-01,
LEGIARTI000006764715,decret_46_2769,31,1993-01-01,1996-11-03,
LEGIARTI000006764716,decret_46_2769,31,1996-11-03,2005-01-01,
LEGIARTI000006764717,decret_46_2769,31,2005-01-01,2011-09-01,
LEGIARTI000006764718,decret_46_2769,32,1947-01-01,1984-04-28,
LEGIARTI000006764719,decret_46_2769,32,1984-04-28,1993-01-01,
LEGIARTI000006764720,decret_46_2769,32,1993-01-01,1996-11-03,
LEGIARTI000006764721,decret_46_2769,32,1996-11-03,2005-01-01,
LEGIARTI000006764722,decret_46_2769,32,2005-01-01,2011-09-01,
LEGIARTI000006764723,decret_46_2769,33,1953-10-15,1993-01-01,
LEGIARTI000006764724,decret_46_2769,33,1993-01-01,1996-11-03,
LEGIARTI000006764725,decret_46_2769,33 bis,1982-12-05,1993-01-01,
LEGIARTI000006764727,decret_46_2769,33 quater,1964-01-01,1993-01-01,
LEGIARTI000006764726,decret_46_2769,33 ter,1961-12-31,1993-01-01,
LEGIARTI000006764729,decret_46_2769,34,1956-12-16,1993-01-01,
LEGIARTI000006764730,decret_46_2769,34,1993-01-01,1996-11-03,
LEGIARTI000006764731,decret_46_2769,34 bis,1961-12-31,1993-01-01,
LEGIARTI000006764732,decret_46_2769,35,1983-06-01,1993-01-01,
LEGIARTI000006764733,decret_46_2769,35,1993-01-01,1996-11-03,
LEGIARTI000006764734,decret_46_2769,36,1947-01-01,1993-01-01,
LEGIARTI000006764735,decret_46_2769,36,1993-01-01,1996-11-03,
LEGIARTI000006764736,decret_46_2769,36 bis,1983-06-01,1993-01-01,
LEGIARTI000006764737,decret_46_2769,37,1975-08-23,1993-01-01,
LEGIARTI000006764738,decret_46_2769,37,1993-01-01,1996-11-03,
LEGIARTI000006764739,decret_46_2769,38,1976-12-29,1993-01-01,
LEGIARTI000006764740,decret_46_2769,38,1993-01-01,1996-11-03,
LEGIARTI000006764741,decret_46_2769,39,1950-08-18,1993-01-01,
LEGIARTI000006764742,decret_46_2769,39,1993-01-01,1996-11-03,
LEGIARTI000006764743,decret_46_2769,40,1950-08-18,1993-01-01,
LEGIARTI000006764744,decret_46_2769,40,1993-01-01,1996-11-03,
LEGIARTI000006764746,decret_46_2769,41,1947-01-01,1993-01-01,
LEGIARTI000006764747,decret_46_2769,41,1993-01-01,1996-11-03,
LEGIARTI000006764748,decret_46_2769,42,1947-01-01,1993-01-01,
LEGIARTI000006764749,decret_46_2769,42,1993-01-01,1996-11-03,
LEGIARTI000006764750,decret_46_2769,43,1975-08-23,1993-01-01,
LEGIARTI000006764751,decret_46_2769,43,1993-01-01,1996-11-03,
LEGIARTI000006764756,decret_46_2769,44,1975-08-23,1993-01-01,
LEGIARTI000006764757,decret_46_2769,44,1993-01-01,1996-11-03,
LEGIARTI000006764758,decret_46_2769,45,1984-01-01,1991-02-13,
LEGIARTI000006764760,decret_46_2769,45,1991-01-01,1993-01-01,
LEGIARTI000006764759,decret_46_2769,45,1991-02-13,1991-01-01,
LEGIARTI000006764761,decret_46_2769,45,1993-01-01,1996-11-03,
LEGIARTI000006764762,decret_46_2769,46,1984-01-01,1988-07-01,
LEGIARTI000006764763,decret_46_2769,46,1988-07-01,1991-07-01,
LEGIARTI000006764764,decret_46_2769,46,1991-07-01,1993-01-01,
LEGIARTI000006764765,decret_46_2769,46,1993-01-01,1996-11-03,
LEGIARTI000006764776,decret_46_2769,46 bis,1979-09-04,1993-01-01,
LEGIARTI000006765337,decret_46_2769,47,1993-01-01,1996-11-03,
LEGIARTI000006764788,decret_46_2769,48,1947-01-01,1993-01-01,
LEGIARTI000006764789,decret_46_2769,48,1993-01-01,1996-11-03,
LEGIARTI000006764800,decret_46_2769,49,1964-01-01,1993-01-01,
LEGIARTI000006764801,decret_46_2769,49,1993-01-01,1996-11-03,
LEGIARTI000006764766,decret_46_2769,50,1960-02-12,1984-04-28,
LEGIARTI000006764767,decret_46_2769,50,1984-04-28,1993-01-01,
LEGIARTI000006764768,decret_46_2769,50,1993-01-01,1996-11-03,
LEGIARTI000006764802,decret_46_2769,51,1960-02-12,1984-04-28,
LEGIARTI000006764803,decret_46_2769,51,1984-04-28,1993-01-01,
LEGIARTI000006764804,decret_46_2769,51,1993-01-01,1996-11-03,
LEGIARTI000006764769,decret_46_2769,52,1984-01-01,1986-08-01,
LEGIARTI000006764770,decret_46_2769,52,1986-08-01,1988-07-01,
LEGIARTI000006764771,decret_46_2769,52,1988-07-01,1988-12-31,
LEGIARTI000006764772,decret_46_2769,52,1988-12-31,1991-02-13,
LEGIARTI000006764773,decret_46_2769,52,1991-02-13,1993-01-01,
LEGIARTI000006764774,decret_46_2769,52,1993-01-01,1996-11-03,
LEGIARTI000006764775,decret_46_2769,52 bis,1968-09-17,1993-01-01,
LEGIARTI000006764777,decret_46_2769,53,1956-12-16,1991-07-01,
LEGIARTI000006764778,decret_46_2769,53,1991-07-01,1993-01-01,
LEGIARTI000006764779,decret_46_2769,53,1993-01-01,1996-11-03,
LEGIARTI000006764805,decret_46_2769,54,1973-02-28,1993-01-01,
LEGIARTI000006764806,decret_46_2769,54,1993-01-01,1996-11-03,
LEGIARTI000006764790,decret_46_2769,55,1947-01-01,1993-01-01,
LEGIARTI000006764791,decret_46_2769,55,1993-01-01,1996-11-03,
LEGIARTI000006764792,decret_46_2769,55,1996-11-03,2005-01-01,
LEGIARTI000006764793,decret_46_2769,55,2005-01-01,2007-12-31,
LEGIARTI000017870605,decret_46_2769,55,2007-12-31,2011-09-01,
LEGIARTI000024522961,decret_46_2769,55,2011-09-01,,
LEGIARTI000006764794,decret_46_2769,56,1947-01-01,1993-01-01,
LEGIARTI000006764795,decret_46_2769,56,1993-01-01,1996-11-03,
LEGIARTI000006764796,decret_46_2769,56,1996-11-03,2007-03-21,
LEGIARTI000006764797,decret_46_2769,56,2007-03-21,2007-12-31,
LEGIARTI000017870600,decret_46_2769,56,2007-12-31,2015-09-06,
LEGIARTI000031137342,decret_46_2769,56,2015-09-06,,
LEGIARTI000006764798,decret_46_2769,56 bis,1957-04-20,1993-01-01,
LEGIARTI000006764780,decret_46_2769,57,1947-01-01,1993-01-01,
LEGIARTI000006764781,decret_46_2769,57,1993-01-01,1996-11-03,
LEGIARTI000006764782,decret_46_2769,57,1996-11-03,2011-09-01,
LEGIARTI000024522963,decret_46_2769,57,2011-09-01,2015-09-06,
LEGIARTI000006764783,decret_46_2769,58,1959-04-25,1993-01-01,
LEGIARTI000006764784,decret_46_2769,58,1993-01-01,2005-01-01,
LEGIARTI000006764785,decret_46_2769,58,2005-01-01,2011-09-01,
LEGIARTI000006764786,decret_46_2769,59,1947-01-01,1993-01-01,
LEGIARTI000006764787,decret_46_2769,59,1993-01-01,1996-11-03,
LEGIARTI000006764807,decret_46_2769,60,1952-07-02,1993-01-01,
LEGIARTI000006764808,decret_46_2769,60,1993-01-01,,
LEGIARTI000006764809,decret_46_2769,61,1973-02-28,1993-01-01,
LEGIARTI000006764810,decret_46_2769,61,1993-01-01,2011-09-01,
LEGIARTI000024522965,decret_46_2769,61,2011-09-01,,
LEGIARTI000006764875,decret_46_2769,62,1973-02-28,1993-01-01,
LEGIARTI000006764876,decret_46_2769,62,1993-01-01,2015-09-06,
LEGIARTI000031137347,decret_46_2769,62,2015-09-06,,
LEGIARTI000006764811,decret_46_2769,63,1982-12-05,1993-01-01,
LEGIARTI000006764812,decret_46_2769,63,1993-01-01,,
LEGIARTI000006764813,decret_46_2769,64,1964-01-01,1993-01-01,
LEGIARTI000006764814,decret_46_2769,64,1993-01-01,1996-11-03,
LEGIARTI000006764815,decret_46_2769,64,1996-11-03,2011-09-01,
LEGIARTI000024522967,decret_46_2769,64,2011-09-01,,
LEGIARTI000006764816,decret_46_2769,65,1973-02-28,1993-01-01,
LEGIARTI000006764817,decret_46_2769,65,1993-01-01,1993-12-10,
LEGIARTI000006764818,decret_46_2769,65,1993-12-10,2011-09-01,
LEGIARTI000024522969,decret_46_2769,65,2011-09-01,,
LEGIARTI000006764819,decret_46_2769,66,1947-01-01,1993-01-01,
LEGIARTI000006764820,decret_46_2769,66,1993-01-01,1996-11-03,
LEGIARTI000006764821,decret_46_2769,66,1996-11-03,2005-01-01,
LEGIARTI000006764822,decret_46_2769,66,2005-01-01,2011-09-01,
LEGIARTI000024522972,decret_46_2769,66,2011-09-01,2015-09-06,
LEGIARTI000031137351,decret_46_2769,66,2015-09-06,,
LEGIARTI000006764823,decret_46_2769,67,1947-01-01,1993-01-01,
LEGIARTI000006764824,decret_46_2769,67,1993-01-01,2011-09-01,
LEGIARTI000024522974,decret_46_2769,67,2011-09-01,,
LEGIARTI000006764825,decret_46_2769,68,1947-01-01,1993-01-01,
LEGIARTI000006764826,decret_46_2769,68,1993-01-01,2011-09-01,
LEGIARTI000024522976,decret_46_2769,68,2011-09-01,,
LEGIARTI000006764827,decret_46_2769,69,1947-01-01,1993-01-01,
LEGIARTI000006764828,decret_46_2769,69,1993-01-01,,
LEGIARTI000006764829,decret_46_2769,70,1982-12-05,1993-01-01,
LEGIARTI000006764830,decret_46_2769,70,1993-01-01,2005-01-01,
LEGIARTI000006764831,decret_46_2769,70,2005-01-01,2010-01-01,
LEGIARTI000021508951,decret_46_2769,70,2010-01-01,2011-09-01,
LEGIARTI000024522978,decret_46_2769,70,2011-09-01,,
LEGIARTI000006764832,decret_46_2769,71,1947-01-01,1993-01-01,
LEGIARTI000006764833,decret_46_2769,71,1993-01-01,1993-12-10,
LEGIARTI000006764834,decret_46_2769,71,1993-12-10,2005-01-01,
LEGIARTI000006764835,decret_46_2769,71,2005-01-01,2009-01-01,
LEGIARTI000020085673,decret_46_2769,71,2009-01-01,2011-09-01,
LEGIARTI000024522980,decret_46_2769,71,2011-09-01,2015-09-06,
LEGIARTI000031137354,decret_46_2769,71,2015-09-06,2020-05-25,
LEGIARTI000041969266,decret_46_2769,71,2020-05-25,,
LEGIARTI000006764836,decret_46_2769,72,1952-07-02,1993-01-01,
LEGIARTI000006764837,decret_46_2769,72,1993-01-01,1993-12-10,
LEGIARTI000006764838,decret_46_2769,72,1993-12-10,2005-01-01,
LEGIARTI000006764839,decret_46_2769,72,2005-01-01,2011-09-01,
LEGIARTI000006764841,decret_46_2769,73,1947-01-01,1993-01-01,
LEGIARTI000006764842,decret_46_2769,73,1993-01-01,1993-12-10,
LEGIARTI000006764843,decret_46_2769,73,1993-12-10,1998-06-28,
LEGIARTI000006764844,decret_46_2769,73,1998-06-28,2002-05-05,
LEGIARTI000006764845,decret_46_2769,73,2002-05-05,2005-01-01,
LEGIARTI000006764846,decret_46_2769,73,2005-01-01,2006-12-14,
LEGIARTI000006764847,decret_46_2769,73,2006-12-14,2007-12-31,
LEGIARTI000017870592,decret_46_2769,73,2007-12-31,2009-01-01,
LEGIARTI000020085667,decret_46_2769,73,2009-01-01,2010-01-01,
LEGIARTI000021508937,decret_46_2769,73,2010-01-01,2011-09-01,
LEGIARTI000024522988,decret_46_2769,73,2011-09-01,2015-09-06,
LEGIARTI000031137361,decret_46_2769,73,2015-09-06,2020-05-25,
LEGIARTI000041969484,decret_46_2769,73,2020-05-25,,
LEGIARTI000006764848,decret_46_2769,74,1952-01-04,1993-01-01,
LEGIARTI000006764849,decret_46_2769,74,1993-01-01,2011-09-01,
LEGIARTI000006764850,decret_46_2769,75,1947-01-01,1993-01-01,
LEGIARTI000006764851,decret_46_2769,75,1993-01-01,2011-09-01,
LEGIARTI000024522995,decret_46_2769,75,2011-09-01,,
LEGIARTI000006764852,decret_46_2769,76,1947-01-01,1993-01-01,
LEGIARTI000006764853,decret_46_2769,76,1993-01-01,2011-09-01,
LEGIARTI000024522997,decret_46_2769,76,2011-09-01,,
LEGIARTI000006764871,decret_46_2769,77,1975-08-23,1993-01-01,
LEGIARTI000006764872,decret_46_2769,77,1993-01-01,2005-01-01,
LEGIARTI000006764873,decret_46_2769,77,2005-01-01,2005-12-31,
LEGIARTI000006764874,decret_46_2769,77,2005-12-31,2007-12-31,
LEGIARTI000017870589,decret_46_2769,77,2007-12-31,2010-01-01,
LEGIARTI000021508934,decret_46_2769,77,2010-01-01,2011-09-01,
LEGIARTI000006764854,decret_46_2769,78,1947-01-01,1993-01-01,
LEGIARTI000006764855,decret_46_2769,78,1993-01-01,2005-01-01,
LEGIARTI000006764856,decret_46_2769,78,2005-01-01,2011-09-01,
LEGIARTI000006764857,decret_46_2769,79,1947-01-01,1993-01-01,
LEGIARTI000006764858,decret_46_2769,79,1993-01-01,2011-09-01,
LEGIARTI000006764859,decret_46_2769,80,1965-03-11,1993-01-01,
LEGIARTI000006764860,decret_46_2769,80,1993-01-01,2011-09-01,
LEGIARTI000006764861,decret_46_2769,81,1967-04-06,1993-01-01,
LEGIARTI000006764862,decret_46_2769,81,1993-01-01,1995-03-10,
LEGIARTI000006764863,decret_46_2769,81,1995-03-10,2005-01-01,
LEGIARTI000006764864,decret_46_2769,81,2005-01-01,2010-01-01,
LEGIARTI000021508946,decret_46_2769,81,2010-01-01,2011-09-01,
LEGIARTI000024523000,decret_46_2769,81,2011-09-01,,
LEGIARTI000006764865,decret_46_2769,82,1975-08-23,1993-01-01,
LEGIARTI000006764866,decret_46_2769,82,1993-01-01,2011-09-01,
LEGIARTI000024523003,decret_46_2769,82,2011-09-01,2015-09-06,
LEGIARTI000031137377,decret_46_2769,82,2015-09-06,,
LEGIARTI000006764868,decret_46_2769,83,1954-03-27,1993-01-01,
LEGIARTI000006764869,decret_46_2769,83,1993-01-01,1995-03-10,
LEGIARTI000006764870,decret_46_2769,83,1995-03-10,2009-03-01,
LEGIARTI000020373226,decret_46_2769,83,2009-03-01,2010-01-01,
LEGIARTI000021508931,decret_46_2769,83,2010-01-01,2011-09-01,
LEGIARTI000024523006,decret_46_2769,83,2011-09-01,,
LEGIARTI000006764877,decret_46_2769,84,1971-07-22,1993-01-01,
LEGIARTI000006764878,decret_46_2769,84,1993-01-01,2010-01-01,
LEGIARTI000021508924,decret_46_2769,84,2010-01-01,2011-09-01,
LEGIARTI000024523010,decret_46_2769,84,2011-09-01,,
LEGIARTI000006764879,decret_46_2769,85,1947-01-01,1993-01-01,
LEGIARTI000006764880,decret_46_2769,85,1993-01-01,2011-09-01,
LEGIARTI000024523012,decret_46_2769,85,2011-09-01,,
LEGIARTI000006764881,decret_46_2769,86,1947-01-01,1993-01-01,
LEGIARTI000006764882,decret_46_2769,86,1993-01-01,2005-01-01,
LEGIARTI000006764883,decret_46_2769,86,2005-01-01,2010-01-01,
LEGIARTI000021508954,decret_46_2769,86,2010-01-01,2011-09-01,
LEGIARTI000006764884,decret_46_2769,87,1947-01-01,1993-01-01,
LEGIARTI000006764885,decret_46_2769,87,1993-01-01,2005-01-01,
LEGIARTI000006764886,decret_46_2769,87,2005-01-01,,
LEGIARTI000006764887,decret_46_2769,88,1947-01-01,1993-01-01,
LEGIARTI000006764888,decret_46_2769,88,1993-01-01,,
LEGIARTI000006764754,decret_46_2769,88 bis,1995-03-10,2011-09-01,
LEGIARTI000024523014,decret_46_2769,88 bis,2011-09-01,2015-09-06,
LEGIARTI000031137385,decret_46_2769,88 bis,2015-09-06,,
LEGIARTI000006764889,decret_46_2769,89,1947-01-01,1993-01-01,
LEGIARTI000006764890,decret_46_2769,89,1993-01-01,2002-05-05,
LEGIARTI000006764891,decret_46_2769,89,2002-05-05,2015-09-06,
LEGIARTI000031137408,decret_46_2769,89,2015-09-06,,
LEGIARTI000006764892,decret_46_2769,90,1961-12-31,1993-01-01,
LEGIARTI000006764893,decret_46_2769,90,1993-01-01,1998-06-28,
LEGIARTI000006764894,decret_46_2769,90,1998-06-28,2011-09-01,
LEGIARTI000024523017,decret_46_2769,90,2011-09-01,2018-09-30,
LEGIARTI000037456829,decret_46_2769,90,2018-09-30,,
LEGIARTI000006764895,decret_46_2769,91,1947-01-01,1993-01-01,
LEGIARTI000006764896,decret_46_2769,91,1993-01-01,1996-06-01,
LEGIARTI000006764897,decret_46_2769,91,1996-06-01,1996-12-31,
LEGIARTI000006764899,decret_46_2769,91,1996-12-28,1997-12-30,
LEGIARTI000006764898,decret_46_2769,91,1997-01-01,1996-12-28,
LEGIARTI000006764900,decret_46_2769,91,1997-12-30,1998-06-28,
LEGIARTI000006764901,decret_46_2769,91,1998-06-28,2002-05-05,
LEGIARTI000006764902,decret_46_2769,91,2002-05-05,2004-11-20,
LEGIARTI000006764903,decret_46_2769,91,2004-11-20,2011-09-01,
LEGIARTI000024523021,decret_46_2769,91,2011-09-01,2015-09-06,
LEGIARTI000031137391,decret_46_2769,91,2015-09-06,2018-01-01,
LEGIARTI000036465572,decret_46_2769,91,2018-01-01,2018-01-01,
LEGIARTI000036573621,decret_46_2769,91,2018-01-01,2018-03-08,
LEGIARTI000036679687,decret_46_2769,91,2018-03-08,2018-09-30,
LEGIARTI000037456798,decret_46_2769,91,2018-09-30,,
LEGIARTI000006765142,decret_46_2769,92,1947-01-01,1993-01-01,
LEGIARTI000006765143,decret_46_2769,92,1993-01-01,1995-03-10,
LEGIARTI000006765144,decret_46_2769,92,1995-03-10,1998-06-28,
LEGIARTI000006765145,decret_46_2769,92,1998-06-28,2005-01-01,
LEGIARTI000006765146,decret_46_2769,92,2005-01-01,2011-09-01,
LEGIARTI000024523030,decret_46_2769,92,2011-09-01,2015-09-06,
LEGIARTI000031137411,decret_46_2769,92,2015-09-06,2018-09-30,
LEGIARTI000037456789,decret_46_2769,92,2018-09-30,2020-05-25,
LEGIARTI000041969341,decret_46_2769,92,2020-05-25,,
LEGIARTI000006764905,decret_46_2769,93,1947-01-01,1993-01-01,
LEGIARTI000006764906,decret_46_2769,93,1993-01-01,1998-06-28,
LEGIARTI000006764907,decret_46_2769,93,1998-06-28,2005-01-01,
LEGIARTI000006764909,decret_46_2769,93,1998-06-28,2006-12-14,
LEGIARTI000006764908,decret_46_2769,93,2005-01-01,2006-09-06,
LEGIARTI000006764910,decret_46_2769,93,2006-12-14,2011-09-01,
LEGIARTI000024523035,decret_46_2769,93,2011-09-01,2015-01-01,
LEGIARTI000029924535,decret_46_2769,93,2015-01-01,2018-09-30,
LEGIARTI000037456824,decret_46_2769,93,2018-09-30,,
LEGIARTI000006764911,decret_46_2769,94,1947-01-01,1993-01-01,
LEGIARTI000006764912,decret_46_2769,94,1993-01-01,2018-09-30,
LEGIARTI000037456816,decret_46_2769,94,2018-09-30,,
LEGIARTI000006764913,decret_46_2769,95,1947-01-01,1993-01-01,
LEGIARTI000006764914,decret_46_2769,95,1993-01-01,1993-12-10,
LEGIARTI000006764915,decret_46_2769,95,1993-12-10,1998-06-28,
LEGIARTI000006764916,decret_46_2769,95,1998-06-28,2002-05-05,
LEGIARTI000006764917,decret_46_2769,95,2002-05-05,2018-09-30,
LEGIARTI000037456780,decret_46_2769,95,2018-09-30,,
LEGIARTI000006764918,decret_46_2769,96,1953-10-15,1993-01-01,
LEGIARTI000006764919,decret_46_2769,96,1993-01-01,1998-06-28,
LEGIARTI000006764920,decret_46_2769,96,1998-06-28,2005-01-01,
LEGIARTI000006764922,decret_46_2769,96,1998-06-28,2006-12-14,
LEGIARTI000006764921,decret_46_2769,96,2005-01-01,2006-09-06,
LEGIARTI000006764923,decret_46_2769,96,2006-12-14,,
LEGIARTI000006764924,decret_46_2769,97,1956-12-16,1993-01-01,
LEGIARTI000006764925,decret_46_2769,97,1993-01-01,1995-03-10,
LEGIARTI000006764926,decret_46_2769,97,1995-03-10,2005-01-01,
LEGIARTI000006764927,decret_46_2769,97,2005-01-01,2006-12-14,
LEGIARTI000006764928,decret_46_2769,97,2006-12-14,2011-09-01,
LEGIARTI000024523041,decret_46_2769,97,2011-09-01,2015-09-06,
LEGIARTI000031137421,decret_46_2769,97,2015-09-06,2020-05-25,
LEGIARTI000041969302,decret_46_2769,97,2020-05-25,,
LEGIARTI000006764943,decret_46_2769,98,1947-01-01,1993-01-01,
LEGIARTI000006764944,decret_46_2769,98,1993-01-01,2002-05-05,
LEGIARTI000006764945,decret_46_2769,98,2002-05-05,2005-01-01,
LEGIARTI000006764946,decret_46_2769,98,2005-01-01,2011-09-01,
LEGIARTI000024523061,decret_46_2769,98,2011-09-01,2012-04-01,
LEGIARTI000025606828,decret_46_2769,98,2012-04-01,2015-09-06,
LEGIARTI000031137461,decret_46_2769,98,2015-09-06,,
LEGIARTI000006764947,decret_46_2769,99,1976-01-01,1993-01-01,
LEGIARTI000006764948,decret_46_2769,99,1993-01-01,2005-01-01,
LEGIARTI000006764949,decret_46_2769,99,2005-01-01,2006-12-14,
LEGIARTI000006764950,decret_46_2769,99,2006-12-14,2007-12-31,
LEGIARTI000017870577,decret_46_2769,99,2007-12-31,2009-09-26,
LEGIARTI000021070093,decret_46_2769,99,2009-09-26,2011-09-01,
LEGIARTI000024523063,decret_46_2769,99,2011-09-01,2015-09-06,
LEGIARTI000031137464,decret_46_2769,99,2015-09-06,,
LEGIARTI000006764951,decret_46_2769,100,1947-01-01,1993-01-01,
LEGIARTI000006764952,decret_46_2769,100,1993-01-01,1998-04-05,
LEGIARTI000006764953,decret_46_2769,100,1998-04-05,2002-05-05,
LEGIARTI000006764954,decret_46_2769,100,2002-05-05,2005-01-01,
LEGIARTI000006764955,decret_46_2769,100,2005-01-01,2007-12-31,
LEGIARTI000017870565,decret_46_2769,100,2007-12-31,2011-09-01,
LEGIARTI000024523071,decret_46_2769,100,2011-09-01,2015-09-06,
LEGIARTI000031137479,decret_46_2769,100,2015-09-06,,
LEGIARTI000006764956,decret_46_2769,101,1960-03-09,1993-01-01,
LEGIARTI000006764957,decret_46_2769,101,1993-01-01,1994-12-31,
LEGIARTI000006764958,decret_46_2769,101,1994-12-31,1998-04-05,
LEGIARTI000006764959,decret_46_2769,101,1998-04-05,2005-01-01,
LEGIARTI000006764960,decret_46_2769,101,2005-01-01,2005-08-11,
LEGIARTI000006764961,decret_46_2769,101,2005-08-11,2007-12-31,
LEGIARTI000017870557,decret_46_2769,101,2007-12-31,2011-09-01,
LEGIARTI000024523077,decret_46_2769,101,2011-09-01,2015-09-06,
LEGIARTI000031137490,decret_46_2769,101,2015-09-06,2020-05-25,
LEGIARTI000041969369,decret_46_2769,101,2020-05-25,,
LEGIARTI000006765343,decret_46_2769,102,1993-01-01,2005-01-01,
LEGIARTI000006765388,decret_46_2769,102,2005-01-01,2007-12-31,
LEGIARTI000017870554,decret_46_2769,102,2007-12-31,2011-09-01,
LEGIARTI000024523081,decret_46_2769,102,2011-09-01,2012-04-01,
LEGIARTI000025606831,decret_46_2769,102,2012-04-01,2015-09-06,
LEGIARTI000031137499,decret_46_2769,102,2015-09-06,,
LEGIARTI000006764962,decret_46_2769,103,1976-01-01,1993-01-01,
LEGIARTI000006764963,decret_46_2769,103,1993-01-01,2005-01-01,
LEGIARTI000006764964,decret_46_2769,103,2005-01-01,2007-12-31,
LEGIARTI000017870552,decret_46_2769,103,2007-12-31,2011-09-01,
LEGIARTI000024523083,decret_46_2769,103,2011-09-01,2015-09-06,
LEGIARTI000031137502,decret_46_2769,103,2015-09-06,,
LEGIARTI000006765148,decret_46_2769,103 bis,2005-01-01,2006-12-14,
LEGIARTI000006765149,decret_46_2769,103 bis,2006-12-14,2007-12-31,
LEGIARTI000017870548,decret_46_2769,103 bis,2007-12-31,2009-09-26,
LEGIARTI000021070091,decret_46_2769,103 bis,2009-09-26,2011-09-01,
LEGIARTI000024523085,decret_46_2769,103 bis,2011-09-01,2015-09-06,
LEGIARTI000031137505,decret_46_2769,103 bis,2015-09-06,,
LEGIARTI000006764965,decret_46_2769,104,1956-12-16,1993-01-01,
LEGIARTI000006764966,decret_46_2769,104,1993-01-01,1997-05-11,
LEGIARTI000006764967,decret_46_2769,104,1997-05-11,2005-01-01,
LEGIARTI000006764968,decret_46_2769,104,2005-01-01,2006-12-14,
LEGIARTI000006764969,decret_46_2769,104,2006-12-14,2007-12-31,
LEGIARTI000017870545,decret_46_2769,104,2007-12-31,2009-09-26,
LEGIARTI000021070089,decret_46_2769,104,2009-09-26,2011-09-01,
LEGIARTI000024523087,decret_46_2769,104,2011-09-01,2012-04-01,
LEGIARTI000025606881,decret_46_2769,104,2012-04-01,2015-09-06,
LEGIARTI000031137508,decret_46_2769,104,2015-09-06,2020-05-25,
LEGIARTI000041969295,decret_46_2769,104,2020-05-25,2023-01-01,
LEGIARTI000045027320,decret_46_2769,104,2023-01-01,,
LEGIARTI000006764970,decret_46_2769,105,1947-01-01,1983-04-01,
LEGIARTI000006764971,decret_46_2769,105,1993-01-01,2005-01-01,
LEGIARTI000006764972,decret_46_2769,105,2005-01-01,2011-09-01,
LEGIARTI000024523089,decret_46_2769,105,2011-09-01,2012-11-11,
LEGIARTI000027030473,decret_46_2769,105,2012-11-11,2015-09-06,
LEGIARTI000031137516,decret_46_2769,105,2015-09-06,,
LEGIARTI000006764973,decret_46_2769,105 bis,1956-12-16,1993-01-01,
LEGIARTI000006765344,decret_46_2769,106,1993-01-01,1995-03-10,
LEGIARTI000006765345,decret_46_2769,106,1995-03-10,2005-01-01,
LEGIARTI000006765346,decret_46_2769,106,2005-01-01,2011-09-01,
LEGIARTI000024523091,decret_46_2769,106,2011-09-01,2015-09-06,
LEGIARTI000031137519,decret_46_2769,106,2015-09-06,,
LEGIARTI000006765150,decret_46_2769,106 bis,2005-01-01,2011-09-01,
LEGIARTI000024523093,decret_46_2769,106 bis,2011-09-01,2015-09-06,
LEGIARTI000031137522,decret_46_2769,106 bis,2015-09-06,2020-05-25,
LEGIARTI000041969292,decret_46_2769,106 bis,2020-05-25,2022-01-20,
LEGIARTI000045027317,decret_46_2769,106 bis,2022-01-20,,
LEGIARTI000031133515,decret_46_2769,106 ter,2015-09-06,2020-05-25,
LEGIARTI000041969289,decret_46_2769,106 ter,2020-05-25,,
LEGIARTI000006765347,decret_46_2769,107,1993-01-01,1995-03-10,
LEGIARTI000006765348,decret_46_2769,107,1995-03-10,2005-01-01,
LEGIARTI000006765349,decret_46_2769,107,2005-01-01,2011-09-01,
LEGIARTI000031137526,decret_46_2769,107,2015-09-06,,
LEGIARTI000006765350,decret_46_2769,108,1993-01-01,1993-12-10,
LEGIARTI000006765351,decret_46_2769,108,1993-12-10,2011-09-01,
LEGIARTI000024523095,decret_46_2769,108,2011-09-01,2015-09-06,
LEGIARTI000031137528,decret_46_2769,108,2015-09-06,2020-05-25,
LEGIARTI000041969470,decret_46_2769,108,2020-05-25,,
LEGIARTI000006765352,decret_46_2769,109,1993-01-01,2005-01-01,
LEGIARTI000006765355,decret_46_2769,110,1993-01-01,2005-01-01,
LEGIARTI000006765356,decret_46_2769,110,2005-01-01,2007-12-31,
LEGIARTI000017870541,decret_46_2769,110,2007-12-31,2009-01-01,
LEGIARTI000020085663,decret_46_2769,110,2009-01-01,2010-01-02,
LEGIARTI000021660847,decret_46_2769,110,2010-01-02,2011-09-01,
LEGIARTI000024523102,decret_46_2769,110,2011-09-01,2012-04-01,
LEGIARTI000025606919,decret_46_2769,110,2012-04-01,2015-09-06,
LEGIARTI000031137541,decret_46_2769,110,2015-09-06,,
LEGIARTI000006765357,decret_46_2769,111,1993-01-01,1993-12-10,
LEGIARTI000006765358,decret_46_2769,111,1993-12-10,1998-06-28,
LEGIARTI000006765359,decret_46_2769,111,1998-06-28,2005-01-01,
LEGIARTI000006765360,decret_46_2769,111,2005-01-01,2011-09-01,
LEGIARTI000024523104,decret_46_2769,111,2011-09-01,2015-09-06,
LEGIARTI000031137544,decret_46_2769,111,2015-09-06,,
LEGIARTI000006765361,decret_46_2769,112,1993-01-01,2005-01-01,
LEGIARTI000006765362,decret_46_2769,112,2005-01-01,2011-09-01,
LEGIARTI000024523106,decret_46_2769,112,2011-09-01,2015-09-06,
LEGIARTI000031137547,decret_46_2769,112,2015-09-06,,
LEGIARTI000006765363,decret_46_2769,113,1993-01-01,2005-01-01,
LEGIARTI000006765364,decret_46_2769,113,2005-01-01,2005-08-11,
LEGIARTI000006765365,decret_46_2769,113,2005-08-11,2009-09-26,
LEGIARTI000021070087,decret_46_2769,113,2009-09-26,2011-09-01,
LEGIARTI000021070085,decret_46_2769,113 bis,2009-09-26,,
LEGIARTI000006765366,decret_46_2769,114,1993-01-01,2011-09-01,
LEGIARTI000006765367,decret_46_2769,115,1993-01-01,,
LEGIARTI000006765368,decret_46_2769,116,1993-01-01,1993-12-10,
LEGIARTI000006765369,decret_46_2769,116,1993-12-10,2005-01-01,
LEGIARTI000006765370,decret_46_2769,116,2005-01-01,2006-12-14,
LEGIARTI000006765371,decret_46_2769,116,2006-12-14,2009-09-26,
LEGIARTI000021070079,decret_46_2769,116,2009-09-26,2011-09-01,
LEGIARTI000024523108,decret_46_2769,116,2011-09-01,2012-04-01,
LEGIARTI000025606926,decret_46_2769,116,2012-04-01,2015-09-06,
LEGIARTI000031137550,decret_46_2769,116,2015-09-06,2020-05-25,
LEGIARTI000041969278,decret_46_2769,116,2020-05-25,,
LEGIARTI000006764975,decret_46_2769,117,1956-12-16,1993-01-01,
LEGIARTI000006764976,decret_46_2769,117,1993-01-01,2005-01-01,
LEGIARTI000006764977,decret_46_2769,117,2005-01-01,2011-09-01,
LEGIARTI000024523114,decret_46_2769,117,2011-09-01,,
LEGIARTI000006764978,decret_46_2769,118,1976-01-01,1993-01-01,
LEGIARTI000006764979,decret_46_2769,118,1993-01-01,2005-01-01,
LEGIARTI000006764980,decret_46_2769,118,2005-01-01,2011-09-01,
LEGIARTI000024523116,decret_46_2769,118,2011-09-01,,
LEGIARTI000006764981,decret_46_2769,119,1947-01-01,1993-01-01,
LEGIARTI000006764982,decret_46_2769,119,1993-01-01,2005-01-01,
LEGIARTI000006764983,decret_46_2769,119,2005-01-01,2006-12-14,
LEGIARTI000006764984,decret_46_2769,119,2006-12-14,2007-08-31,
LEGIARTI000006764985,decret_46_2769,119,2007-08-31,2011-09-01,
LEGIARTI000024523118,decret_46_2769,119,2011-09-01,2023-01-01,
LEGIARTI000046790949,decret_46_2769,119,2023-01-01,,
LEGIARTI000006764986,decret_46_2769,120,1947-01-01,1993-01-01,
LEGIARTI000006764987,decret_46_2769,120,1993-01-01,2005-01-01,
LEGIARTI000006764989,decret_46_2769,120,1993-01-01,2006-12-14,
LEGIARTI000006764988,decret_46_2769,120,2005-01-01,2006-09-06,
LEGIARTI000006764990,decret_46_2769,120,2006-12-14,,
LEGIARTI000006764991,decret_46_2769,121,1947-01-01,1993-01-01,
LEGIARTI000006764992,decret_46_2769,121,1993-01-01,2011-09-01,
LEGIARTI000024523120,decret_46_2769,121,2011-09-01,,
LEGIARTI000006764993,decret_46_2769,122,1947-01-01,1993-01-01,
LEGIARTI000006764994,decret_46_2769,122,1993-01-01,2005-01-01,
LEGIARTI000006764995,decret_46_2769,122,2005-01-01,,
LEGIARTI000006764997,decret_46_2769,123,1976-01-01,1993-01-01,
LEGIARTI000006764998,decret_46_2769,123,1993-01-01,2005-01-01,
LEGIARTI000006764999,decret_46_2769,123,2005-01-01,,
LEGIARTI000006765000,decret_46_2769,124,1947-01-01,1993-01-01,
LEGIARTI000006765001,decret_46_2769,124,1993-01-01,2005-01-01,
LEGIARTI000006765002,decret_46_2769,124,2005-01-01,2011-09-01,
LEGIARTI000024523122,decret_46_2769,124,2011-09-01,,
LEGIARTI000006765003,decret_46_2769,125,1947-01-01,1993-01-01,
LEGIARTI000006765004,decret_46_2769,125,1993-01-01,2002-05-05,
LEGIARTI000006765005,decret_46_2769,125,2002-05-05,,
LEGIARTI000006764929,decret_46_2769,126,1976-01-01,1993-01-01,
LEGIARTI000006764930,decret_46_2769,126,1993-01-01,2002-05-05,
LEGIARTI000006764931,decret_46_2769,126,2002-05-05,,
LEGIARTI000006765006,decret_46_2769,127,1976-01-01,1993-01-01,
LEGIARTI000006765007,decret_46_2769,127,1993-01-01,2002-05-05,
LEGIARTI000006765008,decret_46_2769,127,2002-05-05,,
LEGIARTI000006764932,decret_46_2769,128,1976-01-01,1993-01-01,
LEGIARTI000006764933,decret_46_2769,128,1993-01-01,2002-05-05,
LEGIARTI000006764934,decret_46_2769,128,2002-05-05,,
LEGIARTI000006764935,decret_46_2769,129,1956-12-16,1993-01-01,
LEGIARTI000006764936,decret_46_2769,129,1993-01-01,2002-05-05,
LEGIARTI000006764937,decret_46_2769,129,2002-05-05,,
LEGIARTI000006764938,decret_46_2769,130,1947-01-01,1993-01-01,
LEGIARTI000006764939,decret_46_2769,130,1993-01-01,1998-06-28,
LEGIARTI000006764940,decret_46_2769,130,1998-06-28,2002-05-05,
LEGIARTI000006764941,decret_46_2769,130,2002-05-05,2011-09-01,
LEGIARTI000024523124,decret_46_2769,130,2011-09-01,,
LEGIARTI000006765151,decret_46_2769,130 bis,2002-05-05,,
LEGIARTI000006765009,decret_46_2769,131,1956-12-16,1993-01-01,
LEGIARTI000006765010,decret_46_2769,131,1993-01-01,2002-05-05,
LEGIARTI000006765011,decret_46_2769,131,2002-05-05,2015-09-06,
LEGIARTI000031137562,decret_46_2769,131,2015-09-06,,
LEGIARTI000006765152,decret_46_2769,131-1,2002-05-05,2010-08-29,
LEGIARTI000022750128,decret_46_2769,131-1,2010-08-29,,
LEGIARTI000006765153,decret_46_2769,131-2,2002-05-05,,
LEGIARTI000006765012,decret_46_2769,132,1956-12-16,1993-01-01,
LEGIARTI000006765013,decret_46_2769,132,1993-01-01,1998-06-28,
LEGIARTI000006765014,decret_46_2769,132,1998-06-28,2002-05-05,
LEGIARTI000006765015,decret_46_2769,132,2002-05-05,,
LEGIARTI000006765017,decret_46_2769,133,1974-04-01,1993-01-01,
LEGIARTI000006765018,decret_46_2769,133,1993-01-01,2002-05-05,
LEGIARTI000006765019,decret_46_2769,133,2002-05-05,2011-09-01,
LEGIARTI000024523126,decret_46_2769,133,2011-09-01,,
LEGIARTI000006765020,decret_46_2769,134,1956-12-16,1993-01-01,
LEGIARTI000006765021,decret_46_2769,134,1993-01-01,2002-05-05,
LEGIARTI000006765022,decret_46_2769,134,2002-05-05,,
LEGIARTI000006765023,decret_46_2769,135,1976-01-01,1993-01-01,
LEGIARTI000006765024,decret_46_2769,135,1993-01-01,1998-06-28,
LEGIARTI000006765025,decret_46_2769,135,1998-06-28,2002-05-05,
LEGIARTI000006765026,decret_46_2769,135,2002-05-05,,
LEGIARTI000006765027,decret_46_2769,136,1956-12-16,1993-01-01,
LEGIARTI000006765028,decret_46_2769,136,1993-01-01,2002-05-05,
LEGIARTI000006765029,decret_46_2769,136,2002-05-05,,
LEGIARTI000006765030,decret_46_2769,137,1956-12-16,1993-01-01,
LEGIARTI000006765031,decret_46_2769,137,1993-01-01,2002-05-05,
LEGIARTI000006765032,decret_46_2769,137,2002-05-05,,
LEGIARTI000006765033,decret_46_2769,138,1974-04-01,1993-01-01,
LEGIARTI000006765034,decret_46_2769,138,1993-01-01,1998-06-28,
LEGIARTI000006765035,decret_46_2769,138,1998-06-28,2002-05-05,
LEGIARTI000006765036,decret_46_2769,138,2002-05-05,,
LEGIARTI000006765037,decret_46_2769,139,1947-01-01,1993-01-01,
LEGIARTI000006765038,decret_46_2769,139,1993-01-01,2002-05-05,
LEGIARTI000006765039,decret_46_2769,139,2002-05-05,,
LEGIARTI000006765040,decret_46_2769,140,1947-01-01,1993-01-01,
LEGIARTI000006765041,decret_46_2769,140,1993-01-01,2002-05-05,
LEGIARTI000006765042,decret_46_2769,140,2002-05-05,2015-09-06,
LEGIARTI000031137566,decret_46_2769,140,2015-09-06,,
LEGIARTI000006765043,decret_46_2769,141,1947-01-01,1993-01-01,
LEGIARTI000006765044,decret_46_2769,141,1993-01-01,2002-05-05,
LEGIARTI000006765045,decret_46_2769,141,2002-05-05,2015-09-06,
LEGIARTI000031137571,decret_46_2769,141,2015-09-06,,
LEGIARTI000006765046,decret_46_2769,142,1947-01-01,1993-01-01,
LEGIARTI000006765047,decret_46_2769,142,1993-01-01,2002-05-05,
LEGIARTI000006765048,decret_46_2769,142,2002-05-05,2015-09-06,
LEGIARTI000006765050,decret_46_2769,143,1947-01-01,1993-01-01,
LEGIARTI000006765051,decret_46_2769,143,1993-01-01,2002-05-05,
LEGIARTI000006765052,decret_46_2769,143,2002-05-05,2023-09-01,
LEGIARTI000047961127,decret_46_2769,143,2023-09-01,,
LEGIARTI000006765053,decret_46_2769,144,1947-01-01,1983-04-01,
LEGIARTI000006765054,decret_46_2769,144,1993-01-01,2015-09-06,
LEGIARTI000031137575,decret_46_2769,144,2015-09-06,,
LEGIARTI000006765055,decret_46_2769,145,1947-01-01,1993-01-01,
LEGIARTI000006765056,decret_46_2769,145,1993-01-01,1998-06-28,
LEGIARTI000006765057,decret_46_2769,145,1998-06-28,2015-09-06,
LEGIARTI000031137579,decret_46_2769,145,2015-09-06,,
LEGIARTI000006765058,decret_46_2769,146,1971-12-30,1985-03-16,
LEGIARTI000006765059,decret_46_2769,146,1985-03-16,1993-01-01,
LEGIARTI000006765060,decret_46_2769,146,1993-01-01,,
LEGIARTI000006765061,decret_46_2769,147,1974-04-01,1985-03-16,
LEGIARTI000006765062,decret_46_2769,147,1985-03-16,1993-01-01,
LEGIARTI000006765063,decret_46_2769,147,1993-01-01,,
LEGIARTI000006765064,decret_46_2769,148,1974-04-01,1993-01-01,
LEGIARTI000006765065,decret_46_2769,148,1993-01-01,,
LEGIARTI000006765075,decret_46_2769,149,1947-01-01,1993-01-01,
LEGIARTI000006765076,decret_46_2769,149,1993-01-01,,
LEGIARTI000006765066,decret_46_2769,150,1947-01-01,1993-01-01,
LEGIARTI000006765067,decret_46_2769,150,1993-01-01,,
LEGIARTI000006765068,decret_46_2769,151,1947-01-01,1993-01-01,
LEGIARTI000006765069,decret_46_2769,151,1993-01-01,,
LEGIARTI000006765070,decret_46_2769,152,1947-01-01,1993-01-01,
LEGIARTI000006765071,decret_46_2769,152,1993-01-01,2002-05-05,
LEGIARTI000006765072,decret_46_2769,152,2002-05-05,,
LEGIARTI000006765073,decret_46_2769,153,1947-01-01,1993-01-01,
LEGIARTI000006765074,decret_46_2769,153,1993-01-01,,
LEGIARTI000006765077,decret_46_2769,154,1948-12-09,1993-01-01,
LEGIARTI000006765078,decret_46_2769,154,1993-01-01,,
LEGIARTI000006765079,decret_46_2769,155,1947-01-01,1993-01-01,
LEGIARTI000006765080,decret_46_2769,155,1993-01-01,2002-05-05,
LEGIARTI000006765081,decret_46_2769,155,2002-05-05,2005-01-01,
LEGIARTI000006765083,decret_46_2769,155,2002-05-05,2006-12-14,
LEGIARTI000006765082,decret_46_2769,155,2005-01-01,2006-09-06,
LEGIARTI000006765084,decret_46_2769,155,2006-12-14,,
LEGIARTI000006765085,decret_46_2769,156,1947-01-01,1993-01-01,
LEGIARTI000006765086,decret_46_2769,156,1993-01-01,2005-01-01,
LEGIARTI000006765087,decret_46_2769,156,2005-01-01,2006-12-14,
LEGIARTI000006765088,decret_46_2769,156,2006-12-14,2015-09-06,
LEGIARTI000031137582,decret_46_2769,156,2015-09-06,,
LEGIARTI000006765090,decret_46_2769,157,1947-01-01,1993-01-01,
LEGIARTI000006765091,decret_46_2769,157,1993-01-01,2005-01-01,
LEGIARTI000006765092,decret_46_2769,157,2005-01-01,2006-12-14,
LEGIARTI000006765093,decret_46_2769,157,2006-12-14,,
LEGIARTI000006765095,decret_46_2769,158,1972-04-21,1993-01-01,
LEGIARTI000006765094,decret_46_2769,158,1976-01-01,1972-04-21,
LEGIARTI000006765096,decret_46_2769,158,1993-01-01,2003-07-05,
LEGIARTI000006765097,decret_46_2769,159,1947-01-01,1993-01-01,
LEGIARTI000006765098,decret_46_2769,159,1993-01-01,2005-01-01,
LEGIARTI000006765099,decret_46_2769,159,2005-01-01,2011-09-01,
LEGIARTI000024523128,decret_46_2769,159,2011-09-01,,
LEGIARTI000006765100,decret_46_2769,160,1947-01-01,1993-01-01,
LEGIARTI000006765101,decret_46_2769,160,1993-01-01,,
LEGIARTI000006765102,decret_46_2769,161,1947-01-01,1993-01-01,
LEGIARTI000006765103,decret_46_2769,161,1993-01-01,,
LEGIARTI000006765104,decret_46_2769,162,1947-01-01,1993-01-01,
LEGIARTI000006765105,decret_46_2769,162,1993-01-01,2015-09-06,
LEGIARTI000006765106,decret_46_2769,163,1947-01-01,1993-01-01,
LEGIARTI000006765107,decret_46_2769,163,1993-01-01,2005-01-01,
LEGIARTI000006765108,decret_46_2769,163,2005-01-01,2011-09-01,
LEGIARTI000024523130,decret_46_2769,163,2011-09-01,,
LEGIARTI000006765109,decret_46_2769,164,1976-01-01,1993-01-01,
LEGIARTI000006765110,decret_46_2769,164,1993-01-01,2005-01-01,
LEGIARTI000006765111,decret_46_2769,164,2005-01-01,2011-09-01,
LEGIARTI000006765113,decret_46_2769,165,1947-01-01,1993-01-01,
LEGIARTI000006765114,decret_46_2769,165,1993-01-01,,
LEGIARTI000006765115,decret_46_2769,166,1976-01-01,1993-01-01,
LEGIARTI000006765116,decret_46_2769,166,1993-01-01,1998-06-28,
LEGIARTI000006765117,decret_46_2769,166,1998-06-28,2005-01-01,
LEGIARTI000006765118,decret_46_2769,166,2005-01-01,,
LEGIARTI000006765119,decret_46_2769,166 bis,1985-03-16,1993-01-01,
LEGIARTI000006765120,decret_46_2769,167,1947-01-01,1993-01-01,
LEGIARTI000006765121,decret_46_2769,167,1993-01-01,1998-06-28,
LEGIARTI000006765122,decret_46_2769,167,1998-06-28,,
LEGIARTI000006765123,decret_46_2769,168,1971-07-01,1993-01-01,
LEGIARTI000006765124,decret_46_2769,168,1993-01-01,1998-06-28,
LEGIARTI000006765125,decret_46_2769,168,1998-06-28,,
LEGIARTI000006765126,decret_46_2769,169,1947-01-01,1993-01-01,
LEGIARTI000006765127,decret_46_2769,169,1993-01-01,1998-06-28,
LEGIARTI000006765128,decret_46_2769,169,1998-06-28,,
LEGIARTI000006765129,decret_46_2769,170,1976-01-01,1993-01-01,
LEGIARTI000006765130,decret_46_2769,170,1993-01-01,,
LEGIARTI000006765131,decret_46_2769,171,1976-01-01,1993-01-01,
LEGIARTI000006765132,decret_46_2769,171,1993-01-01,2015-09-06,
LEGIARTI000031137591,decret_46_2769,171,2015-09-06,,
LEGIARTI000006765133,decret_46_2769,172,1971-12-30,1993-01-01,
LEGIARTI000006765134,decret_46_2769,172,1993-01-01,,
LEGIARTI000006765136,decret_46_2769,173,1947-01-01,1993-01-01,
LEGIARTI000006765137,decret_46_2769,173,1993-01-01,,
LEGIARTI000006765138,decret_46_2769,174,1947-01-01,1993-01-01,
LEGIARTI000006765139,decret_46_2769,174,1993-01-01,,
LEGIARTI000006765140,decret_46_2769,174 bis,1977-01-01,1993-01-01,
LEGIARTI000006765141,decret_46_2769,174 ter,1979-07-08,1993-01-01,
LEGIARTI000006765154,decret_46_2769,175,1956-12-16,1993-01-01,
LEGIARTI000006765155,decret_46_2769,175,1993-01-01,2005-01-01,
LEGIARTI000006765156,decret_46_2769,175,2005-01-01,2011-09-01,
LEGIARTI000024523135,decret_46_2769,175,2011-09-01,,
LEGIARTI000006765157,decret_46_2769,176,1947-01-01,1993-01-01,
LEGIARTI000006765158,decret_46_2769,176,1993-01-01,2005-01-01,
LEGIARTI000006765160,decret_46_2769,176,1993-01-01,2006-12-14,
LEGIARTI000006765159,decret_46_2769,176,2005-01-01,2006-09-06,
LEGIARTI000006765161,decret_46_2769,176,2006-12-14,,
LEGIARTI000006765162,decret_46_2769,177,1947-01-01,1993-01-01,
LEGIARTI000006765163,decret_46_2769,177,1993-01-01,2005-01-01,
LEGIARTI000006765165,decret_46_2769,177,1993-01-01,2006-12-14,
LEGIARTI000006765164,decret_46_2769,177,2005-01-01,2006-09-06,
LEGIARTI000006765166,decret_46_2769,177,2006-12-14,,
LEGIARTI000006765167,decret_46_2769,178,1956-12-16,1993-01-01,
LEGIARTI000006765168,decret_46_2769,178,1993-01-01,2005-01-01,
LEGIARTI000006765170,decret_46_2769,178,1993-01-01,2006-12-14,
LEGIARTI000006765169,decret_46_2769,178,2005-01-01,2006-09-06,
LEGIARTI000006765171,decret_46_2769,178,2006-12-14,,
LEGIARTI000006765172,decret_46_2769,179,1947-01-01,1993-01-01,
LEGIARTI000006765173,decret_46_2769,179,1993-01-01,2005-01-01,
LEGIARTI000006765174,decret_46_2769,179,2005-01-01,2006-09-06,
LEGIARTI000006765175,decret_46_2769,179,2006-09-06,2006-12-14,
LEGIARTI000006765176,decret_46_2769,179,2006-12-14,2011-09-01,
LEGIARTI000024523138,decret_46_2769,179,2011-09-01,,
LEGIARTI000006765178,decret_46_2769,180,1955-07-21,1984-04-28,
LEGIARTI000006765179,decret_46_2769,180,1984-04-28,1993-01-01,
LEGIARTI000006765180,decret_46_2769,180,1993-01-01,2015-09-06,
LEGIARTI000031137587,decret_46_2769,180,2015-09-06,,
LEGIARTI000006765181,decret_46_2769,181,1984-04-28,1993-01-01,
LEGIARTI000006765182,decret_46_2769,181,1993-01-01,1995-03-10,
LEGIARTI000006765183,decret_46_2769,181,1995-03-10,2015-09-06,
LEGIARTI000031137595,decret_46_2769,181,2015-09-06,,
LEGIARTI000006765184,decret_46_2769,182,1955-07-21,1993-01-01,
LEGIARTI000006765185,decret_46_2769,182,1993-01-01,,
LEGIARTI000006765186,decret_46_2769,183,1952-01-04,1993-01-01,
LEGIARTI000006765187,decret_46_2769,183,1993-01-01,,
LEGIARTI000006765188,decret_46_2769,183 bis,1959-11-21,1993-01-01,
LEGIARTI000006765189,decret_46_2769,184,1947-01-01,1993-01-01,
LEGIARTI000006765190,decret_46_2769,184,1993-01-01,2002-05-05,
LEGIARTI000006765191,decret_46_2769,184,2002-05-05,,
LEGIARTI000006765192,decret_46_2769,185,1947-01-01,1993-01-01,
LEGIARTI000006765193,decret_46_2769,185,1993-01-01,2002-05-05,
LEGIARTI000006765194,decret_46_2769,185,2002-05-05,2009-01-01,
LEGIARTI000019561951,decret_46_2769,185,2009-01-01,,
LEGIARTI000006765195,decret_46_2769,186,1952-12-14,1993-01-01,
LEGIARTI000006765196,decret_46_2769,186,1993-01-01,2002-05-05,
LEGIARTI000006765197,decret_46_2769,186,2002-05-05,2005-07-01,
LEGIARTI000006765198,decret_46_2769,186,2005-07-01,2006-08-04,
LEGIARTI000006765199,decret_46_2769,186,2006-08-04,2007-12-31,
LEGIARTI000017870536,decret_46_2769,186,2007-12-31,2011-09-01,
LEGIARTI000024523142,decret_46_2769,186,2011-09-01,,
LEGIARTI000006765200,decret_46_2769,187,1947-01-01,1993-01-01,
LEGIARTI000006765201,decret_46_2769,187,1993-01-01,2002-05-05,
LEGIARTI000006765202,decret_46_2769,187,2002-05-05,2005-07-01,
LEGIARTI000006765203,decret_46_2769,188,1947-01-01,1993-01-01,
LEGIARTI000006765204,decret_46_2769,188,1993-01-01,2002-05-05,
LEGIARTI000006765205,decret_46_2769,188,2002-05-05,2005-01-01,
LEGIARTI000006765206,decret_46_2769,189,1947-01-01,1993-01-01,
LEGIARTI000006765207,decret_46_2769,189,1993-01-01,2002-05-05,
LEGIARTI000006765208,decret_46_2769,189,2002-05-05,2005-01-01,
LEGIARTI000006765209,decret_46_2769,190,1947-01-01,1993-01-01,
LEGIARTI000006765210,decret_46_2769,190,1993-01-01,2002-05-05,
LEGIARTI000006765211,decret_46_2769,190,2002-05-05,2010-01-01,
LEGIARTI000021508927,decret_46_2769,190,2010-01-01,2011-09-01,
LEGIARTI000006765212,decret_46_2769,191,1947-01-01,1993-01-01,
LEGIARTI000006765213,decret_46_2769,191,1993-01-01,2002-05-05,
LEGIARTI000006765214,decret_46_2769,191,2002-05-05,2005-01-01,
LEGIARTI000006765215,decret_46_2769,191,2005-01-01,2011-09-01,
LEGIARTI000006765216,decret_46_2769,192,1947-01-01,1993-01-01,
LEGIARTI000006765217,decret_46_2769,192,1993-01-01,2002-05-05,
LEGIARTI000006765218,decret_46_2769,192,2002-05-05,2005-01-01,
LEGIARTI000006765234,decret_46_2769,192 bis,2005-01-01,,
LEGIARTI000006765220,decret_46_2769,193,1947-01-01,1993-01-01,
LEGIARTI000006765221,decret_46_2769,193,1993-01-01,2002-05-05,
LEGIARTI000006765222,decret_46_2769,193,2002-05-05,,
LEGIARTI000006765223,decret_46_2769,194,1947-01-01,1993-01-01,
LEGIARTI000006765224,decret_46_2769,194,1993-01-01,2002-05-05,
LEGIARTI000006765225,decret_46_2769,194,2002-05-05,,
LEGIARTI000006765226,decret_46_2769,195,1947-01-01,1993-01-01,
LEGIARTI000006765227,decret_46_2769,195,1993-01-01,2002-05-05,
LEGIARTI000006765228,decret_46_2769,195,2002-05-05,2005-01-01,
LEGIARTI000006765229,decret_46_2769,195,2005-01-01,2006-12-14,
LEGIARTI000006765230,decret_46_2769,196,1947-01-01,1993-01-01,
LEGIARTI000006765231,decret_46_2769,196,1993-01-01,2002-05-05,
LEGIARTI000006765232,decret_46_2769,196,2002-05-05,2005-01-01,
LEGIARTI000006765233,decret_46_2769,196,2005-01-01,2011-09-01,
LEGIARTI000024523144,decret_46_2769,196,2011-09-01,,
LEGIARTI000006765238,decret_46_2769,197,1947-01-01,1993-01-01,
LEGIARTI000006765239,decret_46_2769,197,1993-01-01,2002-05-05,
LEGIARTI000006765240,decret_46_2769,197,2002-05-05,,
LEGIARTI000006765235,decret_46_2769,197 bis,2002-05-05,2005-01-01,
LEGIARTI000006765236,decret_46_2769,197 bis,2005-01-01,,
LEGIARTI000006765241,decret_46_2769,198,1947-01-01,1993-01-01,
LEGIARTI000006765242,decret_46_2769,198,1993-01-01,2002-05-05,
LEGIARTI000006765243,decret_46_2769,198,2002-05-05,,
LEGIARTI000006765244,decret_46_2769,199,1947-01-01,1993-01-01,
LEGIARTI000006765245,decret_46_2769,199,1993-01-01,2002-05-05,
LEGIARTI000006765246,decret_46_2769,199,2002-05-05,2005-01-01,
LEGIARTI000006765247,decret_46_2769,199,2005-01-01,2015-09-06,
LEGIARTI000031137603,decret_46_2769,199,2015-09-06,,
LEGIARTI000006765248,decret_46_2769,200,1961-12-22,1993-01-01,
LEGIARTI000006765249,decret_46_2769,200,1993-01-01,2002-05-05,
LEGIARTI000006765250,decret_46_2769,200,2002-05-05,,
LEGIARTI000006765251,decret_46_2769,201,1951-05-31,1993-01-01,
LEGIARTI000006765252,decret_46_2769,201,1993-01-01,2002-05-05,
LEGIARTI000006765253,decret_46_2769,201,2002-05-05,2005-01-01,
LEGIARTI000006765254,decret_46_2769,202,1952-12-14,1993-01-01,
LEGIARTI000006765255,decret_46_2769,202,1993-01-01,2005-01-01,
LEGIARTI000006765256,decret_46_2769,202,2005-01-01,,
LEGIARTI000006765258,decret_46_2769,203,1947-01-01,1993-01-01,
LEGIARTI000006765259,decret_46_2769,203,1993-01-01,2005-01-01,
LEGIARTI000006765260,decret_46_2769,203,2005-01-01,2015-09-06,
LEGIARTI000006765261,decret_46_2769,204,1949-08-03,1993-01-01,
LEGIARTI000006765262,decret_46_2769,204,1993-01-01,2005-01-01,
LEGIARTI000006765263,decret_46_2769,204,2005-01-01,2009-03-01,
LEGIARTI000020373225,decret_46_2769,204,2009-03-01,2011-09-01,
LEGIARTI000024523147,decret_46_2769,204,2011-09-01,2015-09-06,
LEGIARTI000006765264,decret_46_2769,205,1947-01-01,1993-01-01,
LEGIARTI000006765265,decret_46_2769,205,1993-01-01,1994-12-31,
LEGIARTI000006765266,decret_46_2769,205,1994-12-31,2005-01-01,
LEGIARTI000006765267,decret_46_2769,205,2005-01-01,2005-08-11,
LEGIARTI000006765268,decret_46_2769,205,2005-08-11,2006-12-14,
LEGIARTI000006765269,decret_46_2769,205,2006-12-14,2009-03-01,
LEGIARTI000020373219,decret_46_2769,205,2009-03-01,2011-09-01,
LEGIARTI000024523149,decret_46_2769,205,2011-09-01,2015-09-06,
LEGIARTI000031137608,decret_46_2769,205,2015-09-06,2020-05-25,
LEGIARTI000041969273,decret_46_2769,205,2020-05-25,,
LEGIARTI000006765270,decret_46_2769,206,1958-04-05,1993-01-01,
LEGIARTI000006765271,decret_46_2769,206,1993-01-01,2006-12-14,
LEGIARTI000006765272,decret_46_2769,206,2006-12-14,,
LEGIARTI000006765273,decret_46_2769,207,1947-01-01,1993-01-01,
LEGIARTI000006765274,decret_46_2769,207,1993-01-01,2005-01-01,
LEGIARTI000006765275,decret_46_2769,207,2005-01-01,,
LEGIARTI000006765276,decret_46_2769,208,1947-01-01,1993-01-01,
LEGIARTI000006765277,decret_46_2769,208,1993-01-01,,
LEGIARTI000006765278,decret_46_2769,209,1947-01-01,1993-01-01,
LEGIARTI000006765279,decret_46_2769,209,1993-01-01,,
LEGIARTI000006765281,decret_46_2769,210,1947-01-01,1993-01-01,
LEGIARTI000006765282,decret_46_2769,210,1993-01-01,2015-09-06,
LEGIARTI000031137613,decret_46_2769,210,2015-09-06,,
LEGIARTI000006765283,decret_46_2769,211,1947-01-01,1993-01-01,
LEGIARTI000006765284,decret_46_2769,211,1993-01-01,2002-05-05,
LEGIARTI000006765285,decret_46_2769,211,2002-05-05,2015-09-06,
LEGIARTI000031137619,decret_46_2769,211,2015-09-06,,
LEGIARTI000006765325,decret_46_2769,211 bis,2005-01-01,2006-12-14,
LEGIARTI000006765326,decret_46_2769,211 bis,2006-12-14,,
LEGIARTI000006765327,decret_46_2769,211-1,1998-04-05,2005-01-01,
LEGIARTI000006765286,decret_46_2769,212,1984-04-28,1993-01-01,
LEGIARTI000006765287,decret_46_2769,212,1993-01-01,2005-01-01,
LEGIARTI000006765288,decret_46_2769,212,2005-01-01,2009-10-01,
LEGIARTI000021070077,decret_46_2769,212,2009-10-01,2011-09-01,
LEGIARTI000024523152,decret_46_2769,212,2011-09-01,2015-09-06,
LEGIARTI000031137624,decret_46_2769,212,2015-09-06,2020-05-25,
LEGIARTI000041969263,decret_46_2769,212,2020-05-25,,
LEGIARTI000006765289,decret_46_2769,213,1947-01-01,1993-01-01,
LEGIARTI000006765290,decret_46_2769,213,1993-01-01,2009-10-01,
LEGIARTI000021070075,decret_46_2769,213,2009-10-01,2011-09-01,
LEGIARTI000006765291,decret_46_2769,214,1947-01-01,1993-01-01,
LEGIARTI000006765292,decret_46_2769,214,1993-01-01,2005-01-01,
LEGIARTI000006765293,decret_46_2769,214,2005-01-01,2009-09-26,
LEGIARTI000006765294,decret_46_2769,215,1947-01-01,1993-01-01,
LEGIARTI000006765295,decret_46_2769,215,1993-01-01,2009-09-26,
LEGIARTI000006765296,decret_46_2769,216,1947-01-01,1993-01-01,
LEGIARTI000006765297,decret_46_2769,216,1993-01-01,2009-09-26,
LEGIARTI000006765298,decret_46_2769,217,1956-12-16,1993-01-01,
LEGIARTI000006765299,decret_46_2769,217,1993-01-01,2005-01-01,
LEGIARTI000006765300,decret_46_2769,217,2005-01-01,2005-08-11,
LEGIARTI000006765301,decret_46_2769,217,2005-08-11,2011-09-01,
LEGIARTI000024523154,decret_46_2769,217,2011-09-01,2012-04-01,
LEGIARTI000025606933,decret_46_2769,217,2012-04-01,2015-09-06,
LEGIARTI000031137627,decret_46_2769,217,2015-09-06,,
LEGIARTI000006765302,decret_46_2769,218,1947-01-01,1993-01-01,
LEGIARTI000006765303,decret_46_2769,218,1993-01-01,2005-01-01,
LEGIARTI000006765304,decret_46_2769,218,2005-01-01,2011-09-01,
LEGIARTI000024523158,decret_46_2769,218,2011-09-01,2012-04-01,
LEGIARTI000025606969,decret_46_2769,218,2012-04-01,2015-09-06,
LEGIARTI000031137642,decret_46_2769,218,2015-09-06,,
LEGIARTI000006765305,decret_46_2769,219,1947-01-01,1993-01-01,
LEGIARTI000006765306,decret_46_2769,219,1993-01-01,2005-01-01,
LEGIARTI000025606977,decret_46_2769,219,2012-04-01,2013-01-01,
LEGIARTI000026625880,decret_46_2769,219,2013-01-01,2015-09-06,
LEGIARTI000031137647,decret_46_2769,219,2015-09-06,2023-01-01,
LEGIARTI000045027311,decret_46_2769,219,2023-01-01,,
LEGIARTI000006765307,decret_46_2769,220,1947-01-01,1993-01-01,
LEGIARTI000006765308,decret_46_2769,220,1993-01-01,2005-01-01,
LEGIARTI000006765309,decret_46_2769,221,1947-01-01,1993-01-01,
LEGIARTI000006765310,decret_46_2769,221,1993-01-01,1998-06-28,
LEGIARTI000006765311,decret_46_2769,221,1998-06-28,2005-01-01,
LEGIARTI000006765312,decret_46_2769,222,1947-01-01,1993-01-01,
LEGIARTI000006765313,decret_46_2769,222,1993-01-01,2005-01-01,
LEGIARTI000006765314,decret_46_2769,222,2005-01-01,2011-09-01,
LEGIARTI000024523163,decret_46_2769,222,2011-09-01,2012-04-01,
LEGIARTI000025607016,decret_46_2769,222,2012-04-01,,
LEGIARTI000006765315,decret_46_2769,223,1947-01-01,1993-01-01,
LEGIARTI000006765316,decret_46_2769,223,1993-01-01,2011-09-01,
LEGIARTI000024523168,decret_46_2769,223,2011-09-01,,
LEGIARTI000006765317,decret_46_2769,224,1947-01-01,1993-01-01,
LEGIARTI000006765318,decret_46_2769,224,1993-01-01,2005-01-01,
LEGIARTI000006765319,decret_46_2769,225,1947-01-01,1993-01-01,
LEGIARTI000006765320,decret_46_2769,225,2005-01-01,2006-12-14,
LEGIARTI000006765321,decret_46_2769,225,2006-12-14,2011-09-01,
LEGIARTI000024523170,decret_46_2769,225,2011-09-01,,
LEGIARTI000006765322,decret_46_2769,226,1947-01-01,1993-01-01,
LEGIARTI000006765323,decret_46_2769,226,2005-01-01,2015-09-06,
LEGIARTI000031137654,decret_46_2769,226,2015-09-06,,
LEGIARTI000006765328,decret_46_2769,227,2005-01-01,2011-09-01,
LEGIARTI000024523172,decret_46_2769,227,2011-09-01,2015-09-06,
LEGIARTI000031137657,decret_46_2769,227,2015-09-06,,
LEGIARTI000006765329,decret_46_2769,228,2005-01-01,2011-09-01,
LEGIARTI000024523177,decret_46_2769,228,2011-09-01,,
LEGIARTI000006765330,decret_46_2769,229,2005-01-01,,
LEGIARTI000006765331,decret_46_2769,230,2005-01-01,2011-09-01,
LEGIARTI000006765332,decret_46_2769,231,2005-01-01,2007-12-31,
LEGIARTI000017870534,decret_46_2769,231,2007-12-31,2011-09-01,
LEGIARTI000024523182,decret_46_2769,231,2011-09-01,,
LEGIARTI000006781618,decret_62_420,1,2004-05-29,2012-01-01,
LEGIARTI000025102749,decret_62_420,1,2012-01-01,,
LEGIARTI000006781619,decret_62_420,2,1981-07-25,2004-12-24,
LEGIARTI000018123994,decret_62_420,2,2004-12-24,2012-01-01,
LEGIARTI000025102756,decret_62_420,2,2012-01-01,2012-12-30,
LEGIARTI000026885109,decret_62_420,2,2012-12-30,2016-01-01,
LEGIARTI000031832007,decret_62_420,2,2016-01-01,2020-04-01,
LEGIARTI000041766050,decret_62_420,2,2020-04-01,,
LEGIARTI000006781620,decret_62_420,3,1962-04-13,2004-12-24,
LEGIARTI000018123967,decret_62_420,3,2004-12-24,2010-01-01,
LEGIARTI000021639988,decret_62_420,3,2010-01-01,,
LEGIARTI000006781622,decret_62_420,4,1962-04-13,2004-12-24,
LEGIARTI000018124007,decret_62_420,4,2004-12-24,2012-01-01,
LEGIARTI000025102763,decret_62_420,4,2012-01-01,,
LEGIARTI000006781623,decret_62_420,5,1978-01-03,2004-12-24,
LEGIARTI000018124017,decret_62_420,5,2004-12-24,2012-01-01,
LEGIARTI000025102768,decret_62_420,5,2012-01-01,,
LEGIARTI000006781624,decret_62_420,6,1962-04-13,2012-01-01,
LEGIARTI000025102778,decret_62_420,6,2012-01-01,,
LEGIARTI000006781625,decret_62_420,7,1962-04-13,2004-12-24,
LEGIARTI000018124034,decret_62_420,7,2004-12-24,2012-01-01,
LEGIARTI000025102771,decret_62_420,7,2012-01-01,,
LEGIARTI000006781617,decret_62_420,8,1962-04-13,2012-01-01,
LEGIARTI000006323612,decret_62_766,17,1962-07-11,1985-08-09,
LEGIARTI000006323938,decret_62_766,48,1962-07-11,1985-08-09,
LEGIARTI000006324199,decret_62_766,75,1962-07-11,1985-08-09,
LEGIARTI000006324246,decret_62_766,79,1962-07-11,1985-08-09,
LEGIARTI000006324250,decret_62_766,80,1962-07-11,1985-08-09,
LEGIARTI000006324303,decret_62_766,86,1962-07-11,1985-08-09,
LEGIARTI000006324321,decret_62_766,87,1962-07-11,1985-08-09,
LEGIARTI000006324349,decret_62_766,90,1962-07-11,1985-08-09,
LEGIARTI000006324401,decret_62_766,94,1962-07-11,1985-08-09,
LEGIARTI000006324419,decret_62_766,95,1962-07-11,1985-08-09,
LEGIARTI000006324424,decret_62_766,96,1973-08-01,1985-08-09,
LEGIARTI000006324425,decret_62_766,96,1985-08-09,1995-02-02,
LEGIARTI000006324426,decret_62_766,96,1995-02-02,,
LEGIARTI000006324440,decret_62_766,98,1962-07-11,,
LEGIARTI000006324450,decret_62_766,99,1962-07-11,,
LEGIARTI000006324467,decret_62_766,100 bis,1964-01-02,1995-02-02,
LEGIARTI000006324468,decret_62_766,100 bis,1995-02-02,,
LEGIARTI000006324485,decret_62_766,102,1962-07-11,1985-08-09,
LEGIARTI000006324494,decret_62_766,103,1962-07-11,1985-08-09,
LEGIARTI000006324528,decret_62_766,106,1962-07-11,1985-08-09,
LEGIARTI000006324541,decret_62_766,107,1962-07-11,1995-02-02,
LEGIARTI000006324542,decret_62_766,107,1995-02-02,,
LEGIARTI000006324550,decret_62_766,108,1984-01-01,1987-07-01,
LEGIARTI000006324551,decret_62_766,108,1987-07-01,1988-12-30,
LEGIARTI000006324552,decret_62_766,108,1988-12-30,1995-02-02,
LEGIARTI000006324553,decret_62_766,108,1995-02-02,,
LEGIARTI000006324558,decret_62_766,109,1962-07-11,1995-02-02,
LEGIARTI000006324559,decret_62_766,109,1995-02-02,,
LEGIARTI000006324568,decret_62_766,110,1962-07-11,1995-02-02,
LEGIARTI000006324569,decret_62_766,110,1995-02-02,,
LEGIARTI000006324578,decret_62_766,111,1962-07-11,,
LEGIARTI000006324586,decret_62_766,112,1962-07-11,1995-02-02,
LEGIARTI000006324587,decret_62_766,112,1995-02-02,,
LEGIARTI000006324597,decret_62_766,113,1962-07-11,1995-02-02,
LEGIARTI000006324598,decret_62_766,113,1995-02-02,,
LEGIARTI000006324616,decret_62_766,115,1962-07-11,,
LEGIARTI000006324635,decret_62_766,117,1962-07-11,,
LEGIARTI000006324645,decret_62_766,118,1962-07-11,,
LEGIARTI000006324655,decret_62_766,119,1962-07-11,2009-01-01,
LEGIARTI000019818810,decret_62_766,119,2009-01-01,,
LEGIARTI000006324664,decret_62_766,120,1962-07-11,,
LEGIARTI000006324674,decret_62_766,121,1962-07-11,1995-02-02,
LEGIARTI000006324675,decret_62_766,121,1995-02-02,,
LEGIARTI000006324682,decret_62_766,122,1962-07-11,1995-02-02,
LEGIARTI000006324690,decret_62_766,123,1962-07-11,1995-02-02,
LEGIARTI000006324691,decret_62_766,123,1995-02-02,,
LEGIARTI000006324700,decret_62_766,124,1962-07-11,1995-02-02,
LEGIARTI000006324701,decret_62_766,124,1995-02-02,,
LEGIARTI000006324709,decret_62_766,125,1962-07-11,1995-02-02,
LEGIARTI000006324710,decret_62_766,125,1995-02-02,,
LEGIARTI000006324719,decret_62_766,126,1962-07-11,1995-02-02,
LEGIARTI000006324720,decret_62_766,126,1995-02-02,,
LEGIARTI000006324729,decret_62_766,127,1962-07-11,,
LEGIARTI000006324739,decret_62_766,128,1962-07-11,,
LEGIARTI000006324749,decret_62_766,129,1962-07-11,1995-02-02,
LEGIARTI000006324750,decret_62_766,129,1995-02-02,,
LEGIARTI000006324771,decret_62_766,131,1962-07-11,,
LEGIARTI000006324781,decret_62_766,132,1962-07-11,1995-02-02,
LEGIARTI000006324796,decret_62_766,133,1962-07-11,1985-08-09,
LEGIARTI000006324804,decret_62_766,135,1962-07-11,1985-08-09,
LEGIARTI000006324816,decret_62_766,137,1962-07-11,1995-02-02,
LEGIARTI000006324817,decret_62_766,137,1995-02-02,,
LEGIARTI000006324862,decret_62_766,139,1963-12-20,1985-08-09,
LEGIARTI000006324863,decret_62_766,139,1995-02-02,,
LEGIARTI000006324874,decret_62_766,140,1995-02-02,2009-01-01,
LEGIARTI000019818813,decret_62_766,140,2009-01-01,,
LEGIARTI000006368177,decret_65_773,1,1965-09-12,1985-11-19,
LEGIARTI000006368178,decret_65_773,1,1985-11-19,2004-01-01,
LEGIARTI000006368179,decret_65_773,2,1985-11-19,2004-01-01,
LEGIARTI000006368180,decret_65_773,3,1985-11-19,2004-01-01,
LEGIARTI000006368181,decret_65_773,4,1985-11-19,2004-01-01,
LEGIARTI000006368182,decret_65_773,4 bis,1985-11-19,2004-01-01,
LEGIARTI000006368183,decret_65_773,5,1985-11-19,2004-01-01,
LEGIARTI000006368184,decret_65_773,6,1985-11-19,1992-07-02,
LEGIARTI000006368185,decret_65_773,6 bis,1992-07-02,2004-01-01,
LEGIARTI000006368186,decret_65_773,7,1965-09-12,1985-11-19,
LEGIARTI000006368187,decret_65_773,7,1985-11-19,2004-01-01,
LEGIARTI000006368189,decret_65_773,8,1965-09-12,1973-03-18,
LEGIARTI000006368190,decret_65_773,8,1973-03-18,1977-07-19,
LEGIARTI000006368191,decret_65_773,8,1977-07-19,1982-04-02,
LEGIARTI000006368192,decret_65_773,8,1982-04-02,1985-11-19,
LEGIARTI000006368193,decret_65_773,8,1985-11-19,2004-01-01,
LEGIARTI000006368194,decret_65_773,9,1985-11-19,2004-01-01,
LEGIARTI000006368195,decret_65_773,10,1965-09-12,1977-07-19,
LEGIARTI000006368196,decret_65_773,10,1977-07-19,1982-04-02,
LEGIARTI000006368197,decret_65_773,10,1985-11-19,2004-01-01,
LEGIARTI000006368198,decret_65_773,11,1965-09-12,1976-04-27,
LEGIARTI000006368199,decret_65_773,11,1976-04-27,1977-07-19,
LEGIARTI000006368200,decret_65_773,11,1977-07-19,1977-12-31,
LEGIARTI000006368201,decret_65_773,11,1977-12-31,1984-04-28,
LEGIARTI000006368202,decret_65_773,11,1985-11-19,1986-02-07,
LEGIARTI000006368203,decret_65_773,11,1986-02-07,2004-01-01,
LEGIARTI000006368204,decret_65_773,12,1985-11-19,2004-01-01,
LEGIARTI000006368205,decret_65_773,13,1985-11-19,2004-01-01,
LEGIARTI000006368207,decret_65_773,14,1985-11-19,2004-01-01,
LEGIARTI000006368208,decret_65_773,15,1965-09-12,1976-04-27,
LEGIARTI000006368209,decret_65_773,15,1976-04-27,1977-07-19,
LEGIARTI000006368210,decret_65_773,15,1977-07-19,1977-07-20,
LEGIARTI000006368211,decret_65_773,15,1977-07-20,1982-04-02,
LEGIARTI000006368212,decret_65_773,15,1982-04-02,1985-11-19,
LEGIARTI000006368213,decret_65_773,15,1985-11-19,1989-03-03,
LEGIARTI000006368214,decret_65_773,15,1989-03-03,2004-01-01,
LEGIARTI000006368215,decret_65_773,15 bis,1991-09-24,2004-01-01,
LEGIARTI000006368216,decret_65_773,15 ter,1999-10-27,2004-01-01,
LEGIARTI000006368217,decret_65_773,16,1985-11-19,2004-01-01,
LEGIARTI000006368218,decret_65_773,16 bis,1989-03-03,,
LEGIARTI000006368219,decret_65_773,16 ter,1990-01-03,,
LEGIARTI000006368220,decret_65_773,17,1965-09-12,1977-07-19,
LEGIARTI000006368221,decret_65_773,17,1985-11-19,2004-01-01,
LEGIARTI000006368223,decret_65_773,18,1985-11-19,2004-01-01,
LEGIARTI000006368224,decret_65_773,19,1965-09-12,1977-12-31,
LEGIARTI000006368225,decret_65_773,19,1977-12-31,1984-04-28,
LEGIARTI000006368226,decret_65_773,19,1985-11-19,2004-01-01,
LEGIARTI000006368227,decret_65_773,20,1985-11-19,2004-01-01,
LEGIARTI000006368228,decret_65_773,21,1965-09-12,1973-03-18,
LEGIARTI000006368229,decret_65_773,21,1973-03-18,1977-07-19,
LEGIARTI000006368230,decret_65_773,21,1977-07-19,1977-12-31,
LEGIARTI000006368231,decret_65_773,21,1977-12-31,1982-04-02,
LEGIARTI000006368232,decret_65_773,21,1982-04-02,1985-11-19,
LEGIARTI000006368233,decret_65_773,21,1985-11-19,1989-03-03,
LEGIARTI000006368234,decret_65_773,21,1989-03-03,2004-01-01,
LEGIARTI000006368235,decret_65_773,22,1985-11-19,2004-01-01,
LEGIARTI000006368236,decret_65_773,23,1965-09-12,1970-08-08,
LEGIARTI000006368237,decret_65_773,23,1985-11-19,2004-01-01,
LEGIARTI000006368238,decret_65_773,24,1985-11-19,2004-01-01,
LEGIARTI000006368240,decret_65_773,25,1965-09-12,1985-11-19,
LEGIARTI000006368241,decret_65_773,25,1985-11-19,2000-10-19,
LEGIARTI000006368242,decret_65_773,25,2000-10-19,2004-01-01,
LEGIARTI000006368243,decret_65_773,26,1985-11-19,2004-01-01,
LEGIARTI000006368248,decret_65_773,27,1965-09-12,1974-10-11,
LEGIARTI000006368249,decret_65_773,27,1985-11-19,2004-01-01,
LEGIARTI000006368244,decret_65_773,28,1965-09-12,1981-09-22,
LEGIARTI000006368245,decret_65_773,28,1985-11-19,2000-10-19,
LEGIARTI000006368246,decret_65_773,28,2000-10-19,2004-01-01,
LEGIARTI000006368247,decret_65_773,29,1985-11-19,2004-01-01,
LEGIARTI000006368250,decret_65_773,30,1985-11-19,2004-01-01,
LEGIARTI000006368251,decret_65_773,31,1965-09-12,1977-07-19,
LEGIARTI000006368252,decret_65_773,31,1985-11-19,2000-10-19,
LEGIARTI000006368253,decret_65_773,31,2000-10-19,2004-01-01,
LEGIARTI000006368254,decret_65_773,32,1985-11-19,2004-01-01,
LEGIARTI000006368256,decret_65_773,33,1965-09-12,1977-12-30,
LEGIARTI000006368257,decret_65_773,33,1977-12-31,1981-09-22,
LEGIARTI000006368258,decret_65_773,33,1985-11-19,2004-01-01,
LEGIARTI000006368259,decret_65_773,34,1985-11-19,1992-07-02,
LEGIARTI000006368260,decret_65_773,34,1992-07-02,2004-01-01,
LEGIARTI000006368261,decret_65_773,35,1965-09-12,1982-01-01,
LEGIARTI000006368262,decret_65_773,35,1982-01-01,1983-01-30,
LEGIARTI000006368263,decret_65_773,35,1983-01-30,1985-11-19,
LEGIARTI000006368264,decret_65_773,35,1985-11-19,1993-07-23,
LEGIARTI000006368265,decret_65_773,35,1993-07-23,2004-01-01,
LEGIARTI000006368266,decret_65_773,36,1985-11-19,2004-01-01,
LEGIARTI000006368267,decret_65_773,37,1965-09-12,1977-07-19,
LEGIARTI000006368268,decret_65_773,37,1985-11-19,2004-01-01,
LEGIARTI000006368269,decret_65_773,38,1965-09-12,1978-02-22,
LEGIARTI000006368270,decret_65_773,38,1985-11-19,2004-01-01,
LEGIARTI000006368271,decret_65_773,39,1977-07-19,1978-02-22,
LEGIARTI000006368272,decret_65_773,39,1978-02-22,1984-04-28,
LEGIARTI000006368273,decret_65_773,39,1984-04-28,1985-11-10,
LEGIARTI000006368274,decret_65_773,39,1985-11-19,2004-01-01,
LEGIARTI000006368275,decret_65_773,40,1965-09-12,1974-10-11,
LEGIARTI000006368276,decret_65_773,40,1985-11-19,2004-01-01,
LEGIARTI000006368278,decret_65_773,41,1965-09-12,1977-07-19,
LEGIARTI000006368279,decret_65_773,41,1977-07-19,1984-04-28,
LEGIARTI000006368280,decret_65_773,41,1984-04-28,1985-11-19,
LEGIARTI000006368281,decret_65_773,41,1985-11-19,2004-01-01,
LEGIARTI000006368282,decret_65_773,42,1965-09-12,1970-08-08,
LEGIARTI000006368283,decret_65_773,42,1970-08-08,1977-07-19,
LEGIARTI000006368284,decret_65_773,42,1977-07-19,1984-04-28,
LEGIARTI000006368285,decret_65_773,42,1984-04-28,2004-01-01,
LEGIARTI000006368286,decret_65_773,43,1965-09-12,1977-07-19,
LEGIARTI000006368287,decret_65_773,43,1977-07-19,1984-04-28,
LEGIARTI000006368288,decret_65_773,43,1985-11-19,2004-01-01,
LEGIARTI000006368289,decret_65_773,44,1965-09-12,1974-10-11,
LEGIARTI000006368290,decret_65_773,44,1974-10-11,1984-04-28,
LEGIARTI000006368291,decret_65_773,44,1984-04-28,1985-11-19,
LEGIARTI000006368292,decret_65_773,44,1985-11-19,2004-01-01,
LEGIARTI000006368293,decret_65_773,45,1965-09-12,1976-04-27,
LEGIARTI000006368294,decret_65_773,46,1965-09-12,1985-11-19,
LEGIARTI000006368295,decret_65_773,46,1985-11-19,2004-01-01,
LEGIARTI000006368296,decret_65_773,47,1965-09-12,1985-11-19,
LEGIARTI000006368297,decret_65_773,47,1985-11-19,2004-01-01,
LEGIARTI000006368298,decret_65_773,48,1985-11-19,2004-01-01,
LEGIARTI000006368299,decret_65_773,49,1985-11-19,2004-01-01,
LEGIARTI000006368301,decret_65_773,50,1985-11-19,2004-01-01,
LEGIARTI000006368302,decret_65_773,51,1985-11-19,2004-01-01,
LEGIARTI000006368303,decret_65_773,52,1985-11-19,2004-01-01,
LEGIARTI000006368304,decret_65_773,53,1985-11-19,2004-01-01,
LEGIARTI000006368305,decret_65_773,54,1965-09-12,1985-11-19,
LEGIARTI000006368306,decret_65_773,54,1985-11-19,2004-01-01,
LEGIARTI000006368307,decret_65_773,55,1965-09-12,1970-08-08,
LEGIARTI000006368308,decret_65_773,55,1985-11-19,2004-01-01,
LEGIARTI000006368309,decret_65_773,56,1985-11-19,2004-01-01,
LEGIARTI000006368315,decret_65_773,57,1985-11-19,2004-01-01,
LEGIARTI000006368316,decret_65_773,58,1965-09-12,1977-07-19,
LEGIARTI000006368317,decret_65_773,58,1985-11-19,2004-01-01,
LEGIARTI000006368310,decret_65_773,59,1985-11-19,2004-01-01,
LEGIARTI000006368311,decret_65_773,60,1985-11-19,2004-01-01,
LEGIARTI000006368313,decret_65_773,61,1965-09-12,1964-12-01,
LEGIARTI000006368314,decret_65_773,61,1985-11-19,2004-01-01,
LEGIARTI000006368318,decret_65_773,62,1985-11-19,2004-01-01,
LEGIARTI000006368319,decret_65_773,63,1985-11-19,2004-01-01,
LEGIARTI000006368320,decret_65_773,64,1965-09-12,1978-02-22,
LEGIARTI000006368321,decret_65_773,64,1985-11-19,2004-01-01,
LEGIARTI000006368322,decret_65_773,65,1985-11-19,2004-01-01,
LEGIARTI000006368323,decret_65_773,66,1985-11-19,2004-01-01,
LEGIARTI000006368326,decret_65_773,67,1985-11-19,2004-01-01,
LEGIARTI000006368327,decret_65_773,68,1985-11-19,2004-01-01,
LEGIARTI000006368328,decret_65_773,69,1985-11-19,2004-01-01,
LEGIARTI000006368329,decret_65_773,70,1985-11-19,2004-01-01,
LEGIARTI000006368330,decret_65_773,71,1985-11-19,2004-01-01,
LEGIARTI000006368331,decret_65_773,72,1985-11-19,2004-01-01,
LEGIARTI000006368332,decret_65_773,73,1985-11-19,2004-01-01,
LEGIARTI000006368333,decret_65_773,74,1985-11-19,2004-01-01,
LEGIARTI000006368335,decret_65_773,75,1985-11-19,2004-01-01,
LEGIARTI000006368336,decret_65_773,76,1985-11-19,2004-01-01,
LEGIARTI000006766738,decret_65_836,1,1965-10-02,2004-10-07,
LEGIARTI000006766739,decret_65_836,2,1965-10-02,2004-10-07,
LEGIARTI000006766741,decret_65_836,3,1965-10-02,2004-01-01,
LEGIARTI000006766742,decret_65_836,4,1982-07-28,1984-07-25,
LEGIARTI000006766743,decret_65_836,4,1984-07-25,1986-12-20,
LEGIARTI000006766744,decret_65_836,4,1986-12-20,2002-01-01,
LEGIARTI000006766745,decret_65_836,4,2002-01-01,2004-01-01,
LEGIARTI000006766746,decret_65_836,5,1977-03-17,1984-07-25,
LEGIARTI000006766747,decret_65_836,5,1984-07-25,2004-01-01,
LEGIARTI000006766748,decret_65_836,6,1978-03-19,1985-03-10,
LEGIARTI000006766749,decret_65_836,6,1985-03-10,2004-01-01,
LEGIARTI000006766751,decret_65_836,7,1965-10-02,2004-01-01,
LEGIARTI000006766752,decret_65_836,8,1965-10-02,2004-01-01,
LEGIARTI000006766753,decret_65_836,9,1982-01-30,1984-07-25,
LEGIARTI000006766754,decret_65_836,9,1984-07-25,2002-01-01,
LEGIARTI000006766755,decret_65_836,9,2002-01-01,2004-01-01,
LEGIARTI000006766756,decret_65_836,10,1976-10-09,2004-01-01,
LEGIARTI000006766757,decret_65_836,11,1978-03-19,1985-03-10,
LEGIARTI000006766758,decret_65_836,11,1985-03-10,2004-01-01,
LEGIARTI000006766759,decret_65_836,12,1965-10-02,2004-01-01,
LEGIARTI000006766760,decret_65_836,13,1982-07-28,2004-01-01,
LEGIARTI000006766761,decret_65_836,14,1965-10-02,2004-01-01,
LEGIARTI000006766762,decret_65_836,15,1965-10-02,2004-01-01,
LEGIARTI000006766763,decret_65_836,16,1982-01-01,2004-01-01,
LEGIARTI000006766764,decret_65_836,17,1978-02-17,2004-01-01,
LEGIARTI000006766765,decret_65_836,18,1978-02-17,1985-03-10,
LEGIARTI000006766766,decret_65_836,18,1985-03-10,2004-01-01,
LEGIARTI000006766767,decret_65_836,19,1979-01-05,1985-03-10,
LEGIARTI000006766768,decret_65_836,19,1985-03-10,2004-01-01,
LEGIARTI000006766769,decret_65_836,20,1965-10-02,1985-03-10,
LEGIARTI000006766770,decret_65_836,20,1985-03-10,2004-01-01,
LEGIARTI000006766772,decret_65_836,21,1979-01-05,1985-03-10,
LEGIARTI000006766773,decret_65_836,21,1985-03-10,2004-01-01,
LEGIARTI000006766774,decret_65_836,22,1978-02-17,2004-01-01,
LEGIARTI000006766775,decret_65_836,22-1,2002-04-26,2004-01-01,
LEGIARTI000006766776,decret_65_836,23,1976-05-18,2004-01-01,
LEGIARTI000006766777,decret_65_836,24,1971-06-25,2004-01-01,
LEGIARTI000006766778,decret_65_836,25,1978-02-17,2004-01-01,
LEGIARTI000006766779,decret_65_836,26,1965-10-02,2004-01-01,
LEGIARTI000006766780,decret_65_836,27,1965-10-02,2004-01-01,
LEGIARTI000006766781,decret_65_836,28,1982-04-02,1983-12-30,
LEGIARTI000006766782,decret_65_836,28,1983-12-30,1986-07-31,
LEGIARTI000006766783,decret_65_836,28,1986-07-31,1988-07-06,
LEGIARTI000006766784,decret_65_836,28,1988-07-06,1988-12-31,
LEGIARTI000006766785,decret_65_836,28,1988-12-31,2002-01-01,
LEGIARTI000006766786,decret_65_836,28,2002-01-01,2004-01-01,
LEGIARTI000006766787,decret_65_836,29,1965-10-02,2004-01-01,
LEGIARTI000006766788,decret_65_836,30,1965-10-02,2004-01-01,
LEGIARTI000006766789,decret_65_836,31,1965-10-02,2004-01-01,
LEGIARTI000006766790,decret_65_836,31-1,1986-12-20,2004-01-01,
LEGIARTI000006766792,decret_65_836,32,1965-10-02,2004-01-01,
LEGIARTI000006766793,decret_65_836,33,1981-03-27,2004-01-01,
LEGIARTI000006766794,decret_65_836,34,1965-10-02,2004-01-01,
LEGIARTI000006766795,decret_65_836,35,1965-10-02,2004-01-01,
LEGIARTI000006766796,decret_65_836,36,1965-10-02,2004-01-01,
LEGIARTI000006766797,decret_65_836,37,1965-10-02,2004-01-01,
LEGIARTI000006766798,decret_65_836,38,1965-10-02,2004-01-01,
LEGIARTI000006766799,decret_65_836,39,1965-10-02,2004-01-01,
LEGIARTI000006766800,decret_65_836,40,1965-10-02,2004-01-01,
LEGIARTI000006766802,decret_65_836,41,1965-10-02,2004-01-01,
LEGIARTI000006766803,decret_65_836,42,1965-10-02,2004-01-01,
LEGIARTI000006766804,decret_65_836,43,1965-10-02,2004-01-01,
LEGIARTI000006765519,decret_68_382,1,1980-10-19,1995-09-01,
LEGIARTI000006765520,decret_68_382,1,1995-09-01,,
LEGIARTI000006765521,decret_68_382,2,1980-10-19,1995-09-01,
LEGIARTI000006765522,decret_68_382,2,1995-09-01,2008-07-05,
LEGIARTI000019138637,decret_68_382,2,2008-07-05,,
LEGIARTI000006765523,decret_68_382,3,1984-01-01,1986-07-31,
LEGIARTI000006765524,decret_68_382,3,1986-07-31,1988-06-30,
LEGIARTI000006765525,decret_68_382,3,1988-06-30,1988-12-31,
LEGIARTI000006765526,decret_68_382,3,1988-12-31,1991-07-01,
LEGIARTI000006765527,decret_68_382,3,1991-07-01,1992-10-06,
LEGIARTI000006765528,decret_68_382,3,1992-10-06,1995-09-01,
LEGIARTI000006765529,decret_68_382,3,1995-09-01,2004-05-13,
LEGIARTI000006765530,decret_68_382,3,2004-05-13,2008-07-01,
LEGIARTI000018253882,decret_68_382,3,2008-07-01,2008-07-05,
LEGIARTI000019138633,decret_68_382,3,2008-07-05,,
LEGIARTI000006765531,decret_68_382,4,1982-02-24,1991-07-01,
LEGIARTI000006765532,decret_68_382,4,1991-07-01,1992-10-06,
LEGIARTI000006765533,decret_68_382,4,1992-10-06,1995-09-01,
LEGIARTI000006765534,decret_68_382,4,1995-09-01,2008-07-05,
LEGIARTI000019138630,decret_68_382,4,2008-07-05,2009-11-16,
LEGIARTI000021269180,decret_68_382,4,2009-11-16,,
LEGIARTI000006765535,decret_68_382,5,1968-04-30,1995-09-01,
LEGIARTI000006765536,decret_68_382,5,1995-09-01,2008-07-05,
LEGIARTI000019138628,decret_68_382,5,2008-07-05,,
LEGIARTI000006765537,decret_68_382,6,1980-10-19,1995-09-01,
LEGIARTI000006765538,decret_68_382,6,1995-09-01,2002-03-14,
LEGIARTI000006765539,decret_68_382,6,2002-03-14,2008-07-01,
LEGIARTI000018253874,decret_68_382,6,2008-07-01,2008-07-05,
LEGIARTI000019138623,decret_68_382,6,2008-07-05,2009-01-01,
LEGIARTI000020056988,decret_68_382,6,2009-01-01,2011-08-13,
LEGIARTI000024468762,decret_68_382,6,2011-08-13,2014-06-26,
LEGIARTI000029135150,decret_68_382,6,2014-06-26,,
LEGIARTI000019138621,decret_68_382,6 bis,2008-07-05,2011-08-13,
LEGIARTI000024468770,decret_68_382,6 bis,2011-08-13,2015-01-01,
LEGIARTI000030058966,decret_68_382,6 bis,2015-01-01,,
LEGIARTI000020056995,decret_68_382,6 ter,2009-01-01,2017-01-01,
LEGIARTI000024468772,decret_68_382,6 ter,2017-01-01,2014-06-26,
LEGIARTI000029135158,decret_68_382,6 ter,2017-01-01,2023-09-01,
LEGIARTI000048031520,decret_68_382,6 ter,2023-09-01,,
LEGIARTI000006765540,decret_68_382,7,1980-10-19,1995-09-01,
LEGIARTI000006765541,decret_68_382,7,1995-09-01,2008-07-05,
LEGIARTI000019138619,decret_68_382,7,2008-07-05,2011-08-13,
LEGIARTI000029135190,decret_68_382,7,2011-08-13,2017-01-01,
LEGIARTI000024468775,decret_68_382,7,2017-01-01,,
LEGIARTI000006765542,decret_68_382,8,1968-04-30,1995-09-01,
LEGIARTI000006765543,decret_68_382,8,1995-09-01,,
LEGIARTI000006765544,decret_68_382,9,1968-04-30,1995-09-01,
LEGIARTI000006765545,decret_68_382,9,1995-09-01,2008-07-05,
LEGIARTI000019138617,decret_68_382,9,2008-07-05,,
LEGIARTI000006765546,decret_68_382,10,1968-04-30,1995-09-01,
LEGIARTI000006765547,decret_68_382,10,1995-09-01,2008-07-01,
LEGIARTI000018253872,decret_68_382,10,2008-07-01,,
LEGIARTI000006765548,decret_68_382,11,1980-10-19,1995-09-01,
LEGIARTI000006765549,decret_68_382,11,1995-09-01,2008-07-01,
LEGIARTI000019138614,decret_68_382,11,2008-07-05,,
LEGIARTI000006765550,decret_68_382,11 bis,1980-10-19,1995-09-01,
LEGIARTI000006765551,decret_68_382,11 bis,1995-09-01,2008-07-01,
LEGIARTI000006765552,decret_68_382,12,1968-04-30,1995-09-01,
LEGIARTI000006765553,decret_68_382,12,1995-09-01,2008-07-05,
LEGIARTI000019138612,decret_68_382,12,2008-07-05,2011-08-13,
LEGIARTI000024468777,decret_68_382,12,2011-08-13,,
LEGIARTI000006765554,decret_68_382,13,1968-04-30,1995-09-01,
LEGIARTI000006765555,decret_68_382,13,1995-09-01,,
LEGIARTI000006765557,decret_68_382,13 bis,1995-09-01,2008-07-01,
LEGIARTI000018253862,decret_68_382,13 bis,2008-07-01,,
LEGIARTI000006765558,decret_68_382,13 ter,1995-09-01,,
LEGIARTI000006765559,decret_68_382,14,1980-10-19,1995-09-01,
LEGIARTI000006765560,decret_68_382,14,1995-09-01,2008-07-01,
LEGIARTI000018253858,decret_68_382,14,2008-07-01,2008-07-05,
LEGIARTI000019138608,decret_68_382,14,2008-07-05,2009-01-01,
LEGIARTI000020056984,decret_68_382,14,2009-01-01,2011-08-13,
LEGIARTI000029135208,decret_68_382,14,2011-08-13,2014-06-26,
LEGIARTI000029135692,decret_68_382,14,2014-06-26,2015-01-01,
LEGIARTI000030058962,decret_68_382,14,2015-01-01,2017-01-01,
LEGIARTI000029135161,decret_68_382,14,2017-01-01,,
LEGIARTI000006765561,decret_68_382,15,1974-05-18,1995-09-01,
LEGIARTI000006765562,decret_68_382,15,1995-09-01,2004-05-13,
LEGIARTI000006765563,decret_68_382,15,2004-05-13,2008-07-01,
LEGIARTI000018253854,decret_68_382,15,2008-07-01,2008-07-05,
LEGIARTI000019138606,decret_68_382,15,2008-07-05,,
LEGIARTI000006765564,decret_68_382,16,1974-05-18,1995-09-01,
LEGIARTI000006765565,decret_68_382,16,1995-09-01,2008-07-01,
LEGIARTI000018253851,decret_68_382,16,2008-07-01,2008-07-05,
LEGIARTI000019138603,decret_68_382,16,2008-07-05,2017-01-01,
LEGIARTI000024468791,decret_68_382,16,2017-01-01,2023-09-01,
LEGIARTI000048031513,decret_68_382,16,2023-09-01,,
LEGIARTI000006765566,decret_68_382,17,1974-05-18,1995-09-01,
LEGIARTI000006765567,decret_68_382,17,1995-09-01,2008-07-01,
LEGIARTI000018253848,decret_68_382,17,2008-07-01,2009-01-01,
LEGIARTI000020056980,decret_68_382,17,2009-01-01,2014-06-26,
LEGIARTI000029135166,decret_68_382,17,2014-06-26,,
LEGIARTI000006765568,decret_68_382,18,1968-04-30,1995-09-01,
LEGIARTI000006765569,decret_68_382,18,1995-09-01,2008-07-05,
LEGIARTI000019138600,decret_68_382,18,2008-07-05,,
LEGIARTI000006765570,decret_68_382,19,1968-04-30,1995-09-01,
LEGIARTI000006765571,decret_68_382,19,1995-09-01,2008-07-05,
LEGIARTI000019138596,decret_68_382,19,2008-07-05,2011-08-13,
LEGIARTI000024468795,decret_68_382,19,2011-08-13,,
LEGIARTI000006765572,decret_68_382,20,1968-04-30,1995-09-01,
LEGIARTI000006765573,decret_68_382,20,1995-09-01,2008-07-05,
LEGIARTI000019138593,decret_68_382,20,2008-07-05,,
LEGIARTI000006765574,decret_68_382,21,1968-04-30,1995-09-01,
LEGIARTI000006765575,decret_68_382,21,1995-09-01,,
LEGIARTI000006765576,decret_68_382,22,1968-04-30,1995-09-01,
LEGIARTI000006765577,decret_68_382,22,1995-09-01,2008-07-05,
LEGIARTI000019138589,decret_68_382,22,2008-07-05,,
LEGIARTI000006765578,decret_68_382,23,1980-10-19,1995-09-01,
LEGIARTI000006765579,decret_68_382,23,1995-09-01,2008-07-05,
LEGIARTI000006765580,decret_68_382,23 bis,1980-10-19,1995-09-01,
LEGIARTI000006765581,decret_68_382,23 bis,1995-09-01,2008-07-05,
LEGIARTI000019138584,decret_68_382,23 bis,2008-07-05,,
LEGIARTI000006765582,decret_68_382,24,1980-10-19,1995-09-01,
LEGIARTI000006765583,decret_68_382,24,1995-09-01,2008-07-05,
LEGIARTI000019138581,decret_68_382,24,2008-07-05,,
LEGIARTI000006765584,decret_68_382,25,1980-10-19,1995-09-01,
LEGIARTI000006765585,decret_68_382,25,1995-09-01,2008-07-05,
LEGIARTI000019138579,decret_68_382,25,2008-07-05,,
LEGIARTI000006765587,decret_68_382,26,1980-10-19,1995-09-01,
LEGIARTI000006765588,decret_68_382,26,1995-09-01,2008-07-05,
LEGIARTI000019138577,decret_68_382,26,2008-07-05,,
LEGIARTI000006765589,decret_68_382,27,1968-04-30,1995-09-01,
LEGIARTI000006765590,decret_68_382,27,1995-09-01,2008-07-05,
LEGIARTI000006765591,decret_68_382,28,1968-04-30,1995-09-01,
LEGIARTI000006765592,decret_68_382,28,1995-09-01,2001-06-22,
LEGIARTI000006765593,decret_68_382,28,2001-06-22,2010-01-09,
LEGIARTI000021667132,decret_68_382,28,2010-01-09,2023-09-01,
LEGIARTI000048031506,decret_68_382,28,2023-09-01,,
LEGIARTI000006765594,decret_68_382,28 bis,1980-10-19,1986-03-20,
LEGIARTI000006765595,decret_68_382,28 bis,1986-03-20,1995-09-01,
LEGIARTI000006765596,decret_68_382,28 bis,1995-09-01,2008-07-05,
LEGIARTI000019138575,decret_68_382,28 bis,2008-07-05,,
LEGIARTI000006765597,decret_68_382,29,1968-04-30,1995-09-01,
LEGIARTI000006765598,decret_68_382,29,1995-09-01,2006-03-24,
LEGIARTI000006765599,decret_68_382,29,2006-03-24,2008-07-05,
LEGIARTI000019138572,decret_68_382,29,2008-07-05,,
LEGIARTI000006765600,decret_68_382,30,1968-04-30,1995-09-01,
LEGIARTI000006765601,decret_68_382,30,1995-09-01,2008-07-05,
LEGIARTI000019138570,decret_68_382,30,2008-07-05,,
LEGIARTI000006765602,decret_68_382,31,1968-04-30,1995-09-01,
LEGIARTI000006765603,decret_68_382,31,1995-09-01,2008-07-05,
LEGIARTI000006765605,decret_68_382,32,1968-04-30,1995-09-01,
LEGIARTI000006765606,decret_68_382,32,1995-09-01,,
LEGIARTI000006765607,decret_68_382,33,1968-04-30,1995-09-01,
LEGIARTI000006765608,decret_68_382,33,1995-09-01,2023-09-01,
LEGIARTI000048031498,decret_68_382,33,2023-09-01,,
LEGIARTI000006765609,decret_68_382,34,1974-05-18,1995-09-01,
LEGIARTI000006765610,decret_68_382,34,1995-09-01,2010-01-09,
LEGIARTI000006765611,decret_68_382,35,1985-01-05,1995-09-01,
LEGIARTI000006765612,decret_68_382,35,1995-09-01,2006-07-01,
LEGIARTI000006765613,decret_68_382,35,2006-07-01,2008-07-01,
LEGIARTI000018253841,decret_68_382,35,2008-07-01,2014-06-26,
LEGIARTI000029135170,decret_68_382,35,2014-06-26,,
LEGIARTI000006765614,decret_68_382,36,1968-04-30,1995-09-01,
LEGIARTI000006765615,decret_68_382,36,1995-09-01,2008-07-05,
LEGIARTI000019138568,decret_68_382,36,2008-07-05,2011-08-13,
LEGIARTI000024468799,decret_68_382,36,2011-08-13,2016-02-08,
LEGIARTI000031986713,decret_68_382,36,2016-02-08,,
LEGIARTI000006765616,decret_68_382,37,1968-04-30,1995-09-01,
LEGIARTI000006765617,decret_68_382,37,1995-09-01,,
LEGIARTI000006765620,decret_68_382,38,1968-04-30,1995-09-01,
LEGIARTI000006765621,decret_68_382,38,1995-09-01,2008-07-05,
LEGIARTI000019138558,decret_68_382,38,2008-07-05,,
LEGIARTI000006765622,decret_68_382,39,1980-10-19,1995-09-01,
LEGIARTI000006765623,decret_68_382,39,1995-09-01,2009-11-16,
LEGIARTI000021269196,decret_68_382,39,2009-11-16,,
LEGIARTI000006765624,decret_68_382,40,1980-10-19,1995-09-01,
LEGIARTI000006765625,decret_68_382,40,1995-09-01,,
LEGIARTI000006765626,decret_68_382,41,1980-10-19,1995-09-01,
LEGIARTI000006765627,decret_68_382,41,1995-09-01,2009-11-16,
LEGIARTI000021269194,decret_68_382,41,2009-11-16,,
LEGIARTI000006765628,decret_68_382,42,1980-10-19,1995-09-01,
LEGIARTI000006765629,decret_68_382,42,1995-09-01,2005-05-10,
LEGIARTI000006765630,decret_68_382,42,2005-05-10,2008-07-05,
LEGIARTI000019138548,decret_68_382,42,2008-07-05,2009-11-16,
LEGIARTI000021269192,decret_68_382,42,2009-11-16,2011-08-13,
LEGIARTI000024468802,decret_68_382,42,2011-08-13,,
LEGIARTI000019138564,decret_68_382,42 bis,2008-07-05,,
LEGIARTI000006765631,decret_68_382,43,1980-10-19,1995-09-01,
LEGIARTI000006765632,decret_68_382,43,1995-09-01,2008-07-05,
LEGIARTI000019138545,decret_68_382,43,2008-07-05,2009-11-16,
LEGIARTI000021269189,decret_68_382,43,2009-11-16,,
LEGIARTI000006765633,decret_68_382,44,1980-10-19,1995-09-01,
LEGIARTI000006765634,decret_68_382,44,1995-09-01,2008-07-05,
LEGIARTI000019138556,decret_68_382,44,2008-07-05,2009-11-16,
LEGIARTI000021269187,decret_68_382,44,2009-11-16,,
LEGIARTI000006765635,decret_68_382,45,1980-10-19,1995-09-01,
LEGIARTI000006765636,decret_68_382,45,1995-09-01,2008-07-05,
LEGIARTI000019138543,decret_68_382,45,2008-07-05,2023-01-01,
LEGIARTI000046790951,decret_68_382,45,2023-01-01,,
LEGIARTI000006765637,decret_68_382,46,1968-04-30,1995-09-01,
LEGIARTI000006765638,decret_68_382,46,1995-09-01,2008-07-05,
LEGIARTI000019138538,decret_68_382,46,2008-07-05,,
LEGIARTI000006765639,decret_68_382,47,1968-04-30,1995-09-01,
LEGIARTI000006765640,decret_68_382,47,1995-09-01,2008-07-05,
LEGIARTI000019138554,decret_68_382,47,2008-07-05,2009-11-16,
LEGIARTI000021269185,decret_68_382,47,2009-11-16,2011-08-13,
LEGIARTI000024468804,decret_68_382,47,2011-08-13,,
LEGIARTI000006765641,decret_68_382,48,1968-04-30,1995-09-01,
LEGIARTI000006765642,decret_68_382,48,1995-09-01,2008-07-05,
LEGIARTI000019138534,decret_68_382,48,2008-07-05,,
LEGIARTI000006765643,decret_68_382,49,1968-04-30,1995-09-01,
LEGIARTI000006765644,decret_68_382,49,1995-09-01,2008-07-05,
LEGIARTI000020056978,decret_68_382,49,2009-01-01,,
LEGIARTI000006765645,decret_68_382,50,1968-04-30,1995-09-01,
LEGIARTI000006765646,decret_68_382,50,1995-09-01,2006-09-07,
LEGIARTI000006765647,decret_68_382,50,2006-09-07,2008-07-05,
LEGIARTI000019138552,decret_68_382,50,2008-07-05,,
LEGIARTI000006765648,decret_68_382,51,1968-04-30,1995-09-01,
LEGIARTI000006765649,decret_68_382,51,1995-09-01,2008-07-05,
LEGIARTI000019138550,decret_68_382,51,2008-07-05,2009-11-16,
LEGIARTI000021269183,decret_68_382,51,2009-11-16,,
LEGIARTI000006765650,decret_68_382,52,1968-04-30,1995-09-01,
LEGIARTI000006765651,decret_68_382,52,1995-09-01,2008-07-05,
LEGIARTI000024468806,decret_68_382,52,2011-08-13,2014-06-26,
LEGIARTI000029135174,decret_68_382,52,2014-06-26,,
LEGIARTI000006765652,decret_68_382,53,1968-04-30,1995-09-01,
LEGIARTI000006765653,decret_68_382,53,1995-09-01,2008-07-05,
LEGIARTI000006765654,decret_68_382,54,1968-04-30,1995-09-01,
LEGIARTI000006765655,decret_68_382,54,1995-09-01,2008-07-05,
LEGIARTI000006765656,decret_68_382,55,1968-04-30,1995-09-01,
LEGIARTI000006765657,decret_68_382,55,1995-09-01,2008-07-05,
LEGIARTI000006765658,decret_68_382,56,1980-10-19,1995-09-01,
LEGIARTI000006765659,decret_68_382,56,1995-09-01,2008-07-05,
LEGIARTI000006765660,decret_68_382,57,1968-04-30,1995-09-01,
LEGIARTI000006765661,decret_68_382,57,1995-09-01,2008-07-05,
LEGIARTI000019138561,decret_68_382,57,2008-07-05,,
LEGIARTI000006765662,decret_68_382,58,1980-10-19,1995-09-01,
LEGIARTI000006765663,decret_68_382,58,1995-09-01,2008-07-01,
LEGIARTI000018253845,decret_68_382,58,2008-07-01,,
LEGIARTI000006765664,decret_68_382,59,1995-09-01,,
LEGIARTI000006765416,decret_68_960,1,1968-11-07,,
LEGIARTI000006765417,decret_68_960,2,1968-11-07,2008-07-05,
LEGIARTI000019122558,decret_68_960,2,2008-07-05,,
LEGIARTI000006765418,decret_68_960,3,1984-01-01,1986-07-31,
LEGIARTI000006765419,decret_68_960,3,1986-07-31,1988-06-30,
LEGIARTI000006765420,decret_68_960,3,1988-06-30,1988-12-31,
LEGIARTI000006765421,decret_68_960,3,1988-12-31,1991-07-01,
LEGIARTI000006765422,decret_68_960,3,1991-07-01,1992-10-06,
LEGIARTI000006765423,decret_68_960,3,1992-10-06,2008-07-01,
LEGIARTI000018253644,decret_68_960,3,2008-07-01,2008-07-05,
LEGIARTI000019122562,decret_68_960,3,2008-07-05,,
LEGIARTI000006765424,decret_68_960,4,1984-01-01,1991-07-01,
LEGIARTI000006765425,decret_68_960,4,1991-07-01,1992-10-06,
LEGIARTI000006765426,decret_68_960,4,1992-10-06,2009-11-16,
LEGIARTI000021269202,decret_68_960,4,2009-11-16,,
LEGIARTI000006765428,decret_68_960,5,1968-11-07,,
LEGIARTI000006765429,decret_68_960,6,1968-11-07,1993-03-25,
LEGIARTI000006765430,decret_68_960,6,1993-03-25,2008-07-01,
LEGIARTI000018253642,decret_68_960,6,2008-07-01,2009-11-16,
LEGIARTI000021269200,decret_68_960,6,2009-11-16,2011-09-23,
LEGIARTI000024579829,decret_68_960,6,2011-09-23,,
LEGIARTI000006765431,decret_68_960,6 bis,1980-11-01,1993-03-25,
LEGIARTI000006765432,decret_68_960,6 bis,1993-03-25,2008-07-01,
LEGIARTI000019122566,decret_68_960,6 bis,2008-07-05,2011-09-23,
LEGIARTI000024579831,decret_68_960,6 bis,2011-09-23,2015-01-01,
LEGIARTI000030058969,decret_68_960,6 bis,2015-01-01,,
LEGIARTI000020057010,decret_68_960,6 ter,2009-01-01,2017-01-01,
LEGIARTI000024579833,decret_68_960,6 ter,2017-01-01,2014-06-26,
LEGIARTI000029134304,decret_68_960,6 ter,2017-01-01,2023-09-01,
LEGIARTI000048031556,decret_68_960,6 ter,2023-09-01,,
LEGIARTI000006765433,decret_68_960,7,1968-11-07,1993-03-25,
LEGIARTI000006765434,decret_68_960,7,1993-03-25,2011-09-23,
LEGIARTI000024579836,decret_68_960,7,2011-09-23,,
LEGIARTI000006765435,decret_68_960,8,1968-11-07,,
LEGIARTI000006765436,decret_68_960,9,1968-11-07,1993-03-25,
LEGIARTI000006765437,decret_68_960,9,1993-03-25,,
LEGIARTI000006765438,decret_68_960,10,1968-11-07,2008-07-01,
LEGIARTI000018253637,decret_68_960,10,2008-07-01,,
LEGIARTI000006765440,decret_68_960,10 bis,1993-03-25,2008-07-01,
LEGIARTI000018253631,decret_68_960,10 bis,2008-07-01,,
LEGIARTI000006765441,decret_68_960,11,1968-11-07,2008-07-01,
LEGIARTI000018253629,decret_68_960,11,2008-07-01,2008-07-05,
LEGIARTI000019122568,decret_68_960,11,2008-07-05,2017-01-01,
LEGIARTI000024579839,decret_68_960,11,2017-01-01,,
LEGIARTI000018253603,decret_68_960,11 bis,2008-03-09,2008-07-05,
LEGIARTI000019122570,decret_68_960,11 bis,2008-07-05,2011-09-23,
LEGIARTI000024579841,decret_68_960,11 bis,2011-09-23,,
LEGIARTI000019122579,decret_68_960,11 ter,2008-07-05,2009-01-01,
LEGIARTI000020057006,decret_68_960,11 ter,2009-01-01,2014-06-26,
LEGIARTI000029134308,decret_68_960,11 ter,2014-06-26,,
LEGIARTI000006765442,decret_68_960,12,1980-11-01,2008-07-01,
LEGIARTI000018253625,decret_68_960,12,2008-07-01,2008-07-05,
LEGIARTI000019122583,decret_68_960,12,2008-07-05,2009-01-01,
LEGIARTI000020057002,decret_68_960,12,2009-01-01,2011-09-23,
LEGIARTI000024579850,decret_68_960,12,2011-09-23,2014-06-26,
LEGIARTI000029134312,decret_68_960,12,2014-06-26,2015-01-01,
LEGIARTI000030058972,decret_68_960,12,2015-01-01,2017-01-01,
LEGIARTI000029134341,decret_68_960,12,2017-01-01,,
LEGIARTI000006765443,decret_68_960,13,1974-05-28,2008-07-01,
LEGIARTI000018253622,decret_68_960,13,2008-07-01,2008-07-05,
LEGIARTI000019122587,decret_68_960,13,2008-07-05,,
LEGIARTI000006765444,decret_68_960,13 bis,1993-03-25,2008-07-01,
LEGIARTI000018253616,decret_68_960,13 bis,2008-07-01,,
LEGIARTI000006765445,decret_68_960,14,1974-05-28,1993-03-25,
LEGIARTI000006765446,decret_68_960,14,1993-03-25,2008-07-01,
LEGIARTI000018253613,decret_68_960,14,2008-07-01,2008-07-05,
LEGIARTI000019122591,decret_68_960,14,2008-07-05,2017-01-01,
LEGIARTI000024579855,decret_68_960,14,2017-01-01,2023-09-01,
LEGIARTI000048031549,decret_68_960,14,2023-09-01,,
LEGIARTI000006765448,decret_68_960,15,1974-05-28,2008-07-01,
LEGIARTI000018253610,decret_68_960,15,2008-07-01,2009-01-01,
LEGIARTI000020056997,decret_68_960,15,2009-01-01,2014-06-26,
LEGIARTI000029134318,decret_68_960,15,2014-06-26,,
LEGIARTI000006765449,decret_68_960,16,1968-11-07,1993-03-25,
LEGIARTI000006765450,decret_68_960,16,1993-03-25,,
LEGIARTI000006765451,decret_68_960,17,1968-11-07,1993-03-25,
LEGIARTI000006765452,decret_68_960,17,1993-03-25,2008-03-09,
LEGIARTI000018253599,decret_68_960,17,2008-03-09,2011-09-23,
LEGIARTI000024579859,decret_68_960,17,2011-09-23,,
LEGIARTI000006765453,decret_68_960,18,1968-11-07,2008-07-05,
LEGIARTI000019122594,decret_68_960,18,2008-07-05,2009-11-16,
LEGIARTI000021269204,decret_68_960,18,2009-11-16,,
LEGIARTI000006765454,decret_68_960,19,1968-11-07,,
LEGIARTI000006765455,decret_68_960,20,1968-11-07,1993-03-25,
LEGIARTI000006765456,decret_68_960,20,1993-03-25,2008-07-05,
LEGIARTI000019122597,decret_68_960,20,2008-07-05,,
LEGIARTI000006765457,decret_68_960,21,1980-11-01,2008-07-05,
LEGIARTI000006765458,decret_68_960,21 bis,1980-11-01,1993-03-25,
LEGIARTI000006765459,decret_68_960,21 bis,1993-03-25,2008-07-05,
LEGIARTI000019122604,decret_68_960,21 bis,2008-07-05,,
LEGIARTI000006765460,decret_68_960,22,1980-11-01,1993-03-25,
LEGIARTI000006765461,decret_68_960,22,1993-03-25,2008-07-05,
LEGIARTI000019122606,decret_68_960,22,2008-07-05,2014-06-26,
LEGIARTI000029134334,decret_68_960,22,2014-06-26,,
LEGIARTI000006765462,decret_68_960,23,1980-11-01,1993-03-25,
LEGIARTI000006765463,decret_68_960,23,1993-03-25,2008-07-05,
LEGIARTI000006765464,decret_68_960,24,1980-11-01,1993-03-25,
LEGIARTI000006765465,decret_68_960,24,1993-03-25,2008-07-05,
LEGIARTI000019122613,decret_68_960,24,2008-07-05,,
LEGIARTI000006765466,decret_68_960,25,1968-11-07,2014-06-26,
LEGIARTI000029134332,decret_68_960,25,2014-06-26,,
LEGIARTI000006765467,decret_68_960,26,1968-11-07,1993-03-25,
LEGIARTI000006765468,decret_68_960,26,1993-03-25,2010-01-09,
LEGIARTI000021667127,decret_68_960,26,2010-01-09,2023-09-01,
LEGIARTI000048031544,decret_68_960,26,2023-09-01,,
LEGIARTI000006765469,decret_68_960,27,1968-11-07,2006-03-24,
LEGIARTI000006765470,decret_68_960,27,2006-03-24,,
LEGIARTI000006765472,decret_68_960,28,1968-11-07,1993-03-25,
LEGIARTI000006765473,decret_68_960,28,1993-03-25,2008-07-05,
LEGIARTI000019122617,decret_68_960,28,2008-07-05,,
LEGIARTI000006765474,decret_68_960,29,1968-11-07,1993-03-25,
LEGIARTI000006765475,decret_68_960,29,1993-03-25,2008-07-05,
LEGIARTI000006765476,decret_68_960,30,1968-11-07,,
LEGIARTI000006765477,decret_68_960,31,1968-11-07,2023-09-01,
LEGIARTI000048031539,decret_68_960,31,2023-09-01,,
LEGIARTI000006765478,decret_68_960,32,1974-05-28,2008-07-05,
LEGIARTI000019122620,decret_68_960,32,2008-07-05,2010-01-09,
LEGIARTI000006765479,decret_68_960,33,1985-01-05,1993-03-25,
LEGIARTI000006765480,decret_68_960,33,1993-03-25,2006-07-01,
LEGIARTI000006765481,decret_68_960,33,2006-07-01,2008-07-01,
LEGIARTI000018253595,decret_68_960,33,2008-07-01,2014-06-26,
LEGIARTI000029134328,decret_68_960,33,2014-06-26,,
LEGIARTI000006765482,decret_68_960,34,1968-11-07,1993-03-25,
LEGIARTI000006765483,decret_68_960,34,1993-03-25,2001-06-22,
LEGIARTI000006765484,decret_68_960,34,2001-06-22,2008-07-05,
LEGIARTI000019122624,decret_68_960,34,2008-07-05,2011-09-23,
LEGIARTI000024579863,decret_68_960,34,2011-09-23,2016-02-08,
LEGIARTI000031986706,decret_68_960,34,2016-02-08,,
LEGIARTI000006765485,decret_68_960,35,1980-11-01,1986-03-20,
LEGIARTI000006765486,decret_68_960,35,1986-03-20,2008-07-05,
LEGIARTI000019122627,decret_68_960,35,2008-07-05,,
LEGIARTI000006765487,decret_68_960,36,1968-11-07,1993-03-25,
LEGIARTI000006765488,decret_68_960,36,1993-03-25,,
LEGIARTI000006765489,decret_68_960,37,1968-11-07,1993-03-25,
LEGIARTI000006765490,decret_68_960,37,1993-03-25,2009-11-16,
LEGIARTI000021269216,decret_68_960,37,2009-11-16,,
LEGIARTI000006765491,decret_68_960,38,1968-11-07,1993-03-25,
LEGIARTI000006765492,decret_68_960,38,1993-03-25,,
LEGIARTI000006765493,decret_68_960,39,1968-11-07,1993-03-25,
LEGIARTI000006765494,decret_68_960,39,1993-03-25,2009-11-16,
LEGIARTI000021269214,decret_68_960,39,2009-11-16,,
LEGIARTI000006765495,decret_68_960,40,1968-11-07,1993-03-25,
LEGIARTI000006765496,decret_68_960,40,1993-03-25,2005-05-10,
LEGIARTI000006765497,decret_68_960,40,2005-05-10,2005-12-29,
LEGIARTI000006765498,decret_68_960,40,2005-12-29,2009-11-16,
LEGIARTI000021269212,decret_68_960,40,2009-11-16,,
LEGIARTI000006765499,decret_68_960,41,1968-11-07,1993-03-25,
LEGIARTI000006765500,decret_68_960,41,1993-03-25,2009-11-16,
LEGIARTI000021269209,decret_68_960,41,2009-11-16,,
LEGIARTI000006765502,decret_68_960,42,1968-11-07,,
LEGIARTI000006765503,decret_68_960,43,1968-11-07,,
LEGIARTI000006765504,decret_68_960,44,1968-11-07,,
LEGIARTI000006765505,decret_68_960,45,1968-11-07,,
LEGIARTI000006765506,decret_68_960,46,1968-11-07,1993-03-25,
LEGIARTI000006765507,decret_68_960,46,1993-03-25,2006-09-07,
LEGIARTI000006765508,decret_68_960,46,2006-09-07,,
LEGIARTI000006765509,decret_68_960,47,1968-11-07,2009-11-16,
LEGIARTI000021269207,decret_68_960,47,2009-11-16,,
LEGIARTI000006765510,decret_68_960,48,1968-11-07,,
LEGIARTI000006765511,decret_68_960,49,1968-11-07,,
LEGIARTI000006765512,decret_68_960,50,1968-11-07,,
LEGIARTI000006765514,decret_68_960,51,1968-11-07,2011-09-23,
LEGIARTI000024579866,decret_68_960,51,2011-09-23,2017-01-01,
LEGIARTI000029134323,decret_68_960,51,2017-01-01,,
LEGIARTI000006765515,decret_68_960,52,1968-11-07,,
LEGIARTI000006765516,decret_68_960,52 bis,1980-11-01,2008-07-01,
LEGIARTI000018253592,decret_68_960,52 bis,2008-07-01,,
LEGIARTI000006368108,decret_70_1277,1,1973-04-01,2018-03-31,
LEGIARTI000036755019,decret_70_1277,1,2018-03-31,2020-06-29,
LEGIARTI000042050060,decret_70_1277,1,2020-06-29,,
LEGIARTI000006368109,decret_70_1277,2,1971-01-01,1988-01-30,
LEGIARTI000006368110,decret_70_1277,2,1988-01-30,1989-01-03,
LEGIARTI000006368111,decret_70_1277,2,1989-01-03,2008-09-25,
LEGIARTI000019515031,decret_70_1277,2,2008-09-25,2012-01-01,
LEGIARTI000025103745,decret_70_1277,2,2012-01-01,2018-01-01,
LEGIARTI000036234106,decret_70_1277,2,2018-01-01,2018-03-31,
LEGIARTI000036755010,decret_70_1277,2,2018-03-31,2020-05-25,
LEGIARTI000041969453,decret_70_1277,2,2020-05-25,,
LEGIARTI000036232626,decret_70_1277,2 bis,2018-01-01,2018-03-31,
LEGIARTI000036755005,decret_70_1277,2 bis,2018-03-31,2020-05-25,
LEGIARTI000041969441,decret_70_1277,2 bis,2020-05-25,,
LEGIARTI000006368112,decret_70_1277,3,1973-04-01,1977-07-26,
LEGIARTI000006368113,decret_70_1277,3,1977-07-26,2008-09-25,
LEGIARTI000019515034,decret_70_1277,3,2008-09-25,2011-02-05,
LEGIARTI000023519085,decret_70_1277,3,2011-02-05,2018-03-31,
LEGIARTI000006368114,decret_70_1277,4,1973-04-01,,
LEGIARTI000006368115,decret_70_1277,5,1977-07-26,2008-09-25,
LEGIARTI000019515036,decret_70_1277,5,2008-09-25,2018-03-31,
LEGIARTI000036754996,decret_70_1277,5,2018-03-31,,
LEGIARTI000006368116,decret_70_1277,6,1970-12-30,1978-09-30,
LEGIARTI000006368117,decret_70_1277,6,1978-09-30,2008-09-25,
LEGIARTI000019515040,decret_70_1277,6,2008-09-25,2018-03-31,
LEGIARTI000006368118,decret_70_1277,6 bis,1979-06-29,1988-05-07,
LEGIARTI000006368119,decret_70_1277,6 bis,1988-05-07,1990-01-01,
LEGIARTI000006368120,decret_70_1277,6 bis,1990-01-01,2018-03-31,
LEGIARTI000036754988,decret_70_1277,6 bis,2018-03-31,,
LEGIARTI000006368121,decret_70_1277,7,1970-12-30,1979-06-29,
LEGIARTI000006368122,decret_70_1277,7,1979-06-29,1989-01-03,
LEGIARTI000006368123,decret_70_1277,7,1989-01-03,1989-02-01,
LEGIARTI000006368124,decret_70_1277,7,1989-02-01,1991-12-31,
LEGIARTI000006368125,decret_70_1277,7,1991-12-31,1993-09-07,
LEGIARTI000006368126,decret_70_1277,7,1993-09-07,2008-09-25,
LEGIARTI000019515135,decret_70_1277,7,2008-09-25,2009-01-01,
LEGIARTI000020085678,decret_70_1277,7,2009-01-01,2011-02-05,
LEGIARTI000023519087,decret_70_1277,7,2011-02-05,2018-03-31,
LEGIARTI000036754976,decret_70_1277,7,2018-03-31,,
LEGIARTI000006368127,decret_70_1277,8,1970-12-30,,
LEGIARTI000006368128,decret_70_1277,9,1970-12-30,1990-11-25,
LEGIARTI000006368129,decret_70_1277,9,1990-11-25,2018-03-31,
LEGIARTI000036754954,decret_70_1277,9,2018-03-31,,
LEGIARTI000006368130,decret_70_1277,10,1973-04-01,1976-01-10,
LEGIARTI000006368131,decret_70_1277,10,1976-01-10,1977-07-26,
LEGIARTI000006368132,decret_70_1277,10,1977-07-26,2018-03-31,
LEGIARTI000036754948,decret_70_1277,10,2018-03-31,2024-06-20,
LEGIARTI000049744720,decret_70_1277,10,2024-06-20,,
LEGIARTI000006368133,decret_70_1277,11,1970-12-30,,
LEGIARTI000006271608,decret_70_1277,12,1973-04-01,2008-09-25,
LEGIARTI000019515140,decret_70_1277,12,2008-09-25,2018-03-31,
LEGIARTI000036754937,decret_70_1277,12,2018-03-31,,
LEGIARTI000006368107,decret_70_1277,13,1970-12-30,,
LEGIARTI000006762039,decret_75_109,1,1975-02-26,,
LEGIARTI000006762040,decret_75_109,16,1975-02-26,1982-07-23,
LEGIARTI000006762041,decret_75_109,16,1982-07-23,1985-12-21,
LEGIARTI000006762042,decret_75_109,16-1,1982-07-23,1985-12-21,
LEGIARTI000006762043,decret_75_109,17,1975-02-26,1982-07-23,
LEGIARTI000006762044,decret_75_109,17,1982-07-23,1985-12-21,
LEGIARTI000006762048,decret_75_109,17-1,1977-03-30,1985-12-21,
LEGIARTI000006762045,decret_75_109,18,1975-02-26,1985-12-21,
LEGIARTI000006762046,decret_75_109,19,1975-02-26,1985-12-21,
LEGIARTI000006762047,decret_75_109,20,1975-02-26,,
LEGIARTI000006767470,decret_79_262,1,1979-01-01,2000-01-01,
LEGIARTI000006767471,decret_79_262,1,2000-01-01,2004-01-01,
LEGIARTI000006767472,decret_79_262,1,2004-01-01,2023-01-01,
LEGIARTI000046875047,decret_79_262,1,2023-01-01,,
LEGIARTI000006767473,decret_79_262,2,1979-01-01,1985-06-21,
LEGIARTI000006767474,decret_79_262,2,1985-06-21,2012-12-30,
LEGIARTI000026885130,decret_79_262,2,2012-12-30,2013-01-01,
LEGIARTI000026892951,decret_79_262,2,2013-01-01,2023-01-01,
LEGIARTI000046875038,decret_79_262,2,2023-01-01,2026-07-01,
LEGIARTI000054168526,decret_79_262,2,2026-07-01,,
LEGIARTI000006767475,decret_79_262,2-1,2000-01-01,2023-01-01,
LEGIARTI000006767476,decret_79_262,2-2,2007-04-21,2023-01-01,
LEGIARTI000046875035,decret_79_262,2-2,2023-01-01,2026-07-01,
LEGIARTI000054168535,decret_79_262,2-2,2026-07-01,,
LEGIARTI000006767477,decret_79_262,3,1979-01-01,2012-12-30,
LEGIARTI000026885128,decret_79_262,3,2012-12-30,2023-01-01,
LEGIARTI000046875032,decret_79_262,3,2023-01-01,,
LEGIARTI000006767478,decret_79_262,4,1979-01-01,2023-01-01,
LEGIARTI000046875028,decret_79_262,4,2023-01-01,2026-07-01,
LEGIARTI000054168543,decret_79_262,4,2026-07-01,,
LEGIARTI000006767479,decret_79_262,5,1979-01-01,2004-01-01,
LEGIARTI000006767480,decret_79_262,5,2004-01-01,2026-07-01,
LEGIARTI000054168541,decret_79_262,5,2026-07-01,,
LEGIARTI000054168518,decret_79_262,5-1,2026-07-01,,
LEGIARTI000054168515,decret_79_262,5-2,2026-07-01,,
LEGIARTI000054168512,decret_79_262,5-3,2026-07-01,,
LEGIARTI000054168508,decret_79_262,5-4,2026-07-01,,
LEGIARTI000054168504,decret_79_262,5-5,2026-07-01,,
LEGIARTI000054168501,decret_79_262,5-6,2026-07-01,,
LEGIARTI000006767481,decret_79_262,6,1979-01-01,,
LEGIARTI000006767482,decret_79_262,7,1979-01-01,,
LEGIARTI000053438623,decret_79_262,8,1979-01-01,,
LEGIARTI000006770097,decret_79_265,1,1979-04-04,,
LEGIARTI000006770098,decret_79_265,2,1980-06-24,1987-03-13,
LEGIARTI000006770099,decret_79_265,2,1987-03-13,2012-12-30,
LEGIARTI000026885136,decret_79_265,2,2012-12-30,2013-01-01,
LEGIARTI000026892955,decret_79_265,2,2013-01-01,2016-01-01,
LEGIARTI000031875318,decret_79_265,2,2016-01-01,2019-01-01,
LEGIARTI000038427708,decret_79_265,2,2019-01-01,2026-07-01,
LEGIARTI000054168585,decret_79_265,2,2026-07-01,,
LEGIARTI000006770100,decret_79_265,2-1,2007-04-21,2026-07-01,
LEGIARTI000054168594,decret_79_265,2-1,2026-07-01,,
LEGIARTI000006770101,decret_79_265,3,1979-04-04,2012-12-30,
LEGIARTI000026885134,decret_79_265,3,2012-12-30,,
LEGIARTI000054168577,decret_79_265,3-1,2026-07-01,,
LEGIARTI000006770102,decret_79_265,4,1979-04-04,2026-07-01,
LEGIARTI000054168597,decret_79_265,4,2026-07-01,,
LEGIARTI000054168583,decret_79_265,4-1,2026-07-01,,
LEGIARTI000054168581,decret_79_265,4-2,2026-07-01,,
LEGIARTI000006770103,decret_79_265,5,1979-04-04,2004-01-01,
LEGIARTI000006770104,decret_79_265,5,2004-01-01,2026-07-01,
LEGIARTI000054168600,decret_79_265,5,2026-07-01,,
LEGIARTI000006770105,decret_79_265,6,1979-04-04,,
LEGIARTI000006770106,decret_79_265,7,1979-04-04,,
LEGIARTI000006770096,decret_79_265,8,1979-04-04,,
LEGIARTI000006775127,decret_90_1215,1,1990-12-30,,
LEGIARTI000006775128,decret_90_1215,2,1990-12-30,2023-09-01,
LEGIARTI000047909906,decret_90_1215,2,2023-09-01,2025-07-02,
LEGIARTI000051830772,decret_90_1215,2,2025-07-02,,
LEGIARTI000006775129,decret_90_1215,3,1990-12-30,2008-08-24,
LEGIARTI000006775130,decret_90_1215,4,1990-12-30,2023-09-01,
LEGIARTI000047909901,decret_90_1215,4,2023-09-01,2025-07-02,
LEGIARTI000051830767,decret_90_1215,4,2025-07-02,,
LEGIARTI000006775132,decret_90_1215,5,1990-12-30,2008-08-24,
LEGIARTI000019375402,decret_90_1215,5,2008-08-24,,
LEGIARTI000006775133,decret_90_1215,6,1990-12-30,2008-08-24,
LEGIARTI000019375535,decret_90_1215,6,2008-08-24,2022-12-12,
LEGIARTI000046724794,decret_90_1215,6,2022-12-12,,
LEGIARTI000006775134,decret_90_1215,7,1990-12-30,2006-05-05,
LEGIARTI000006775135,decret_90_1215,7,2006-05-05,2009-11-16,
LEGIARTI000021269237,decret_90_1215,7,2009-11-16,2022-01-01,
LEGIARTI000043634299,decret_90_1215,7,2022-01-01,,
LEGIARTI000006775136,decret_90_1215,8,1990-12-30,2006-05-05,
LEGIARTI000006775137,decret_90_1215,8,2006-05-05,2008-08-24,
LEGIARTI000019375460,decret_90_1215,8,2008-08-24,2009-11-16,
LEGIARTI000021269231,decret_90_1215,8,2009-11-16,,
LEGIARTI000006775138,decret_90_1215,9,1990-12-30,2025-07-02,
LEGIARTI000051830760,decret_90_1215,9,2025-07-02,,
LEGIARTI000006775139,decret_90_1215,10,1990-12-30,2006-05-05,
LEGIARTI000006775140,decret_90_1215,10,2006-05-05,,
LEGIARTI000006775141,decret_90_1215,11,1990-12-30,2006-05-05,
LEGIARTI000006775142,decret_90_1215,11,2006-05-05,2008-08-24,
LEGIARTI000006775143,decret_90_1215,12,1990-12-30,,
LEGIARTI000006775144,decret_90_1215,13,1990-12-30,2006-05-05,
LEGIARTI000006775145,decret_90_1215,13,2006-05-05,2022-12-12,
LEGIARTI000046724790,decret_90_1215,13,2022-12-12,,
LEGIARTI000006775147,decret_90_1215,14,1990-12-30,1995-05-04,
LEGIARTI000006775148,decret_90_1215,14,1995-05-04,2006-05-05,
LEGIARTI000006775149,decret_90_1215,14,2006-05-05,2008-08-24,
LEGIARTI000019375458,decret_90_1215,14,2008-08-24,2009-01-01,
LEGIARTI000020057029,decret_90_1215,14,2009-01-01,2009-11-16,
LEGIARTI000021269229,decret_90_1215,14,2009-11-16,2022-12-12,
LEGIARTI000046724781,decret_90_1215,14,2022-12-12,,
LEGIARTI000006775150,decret_90_1215,15,1990-12-30,1995-05-04,
LEGIARTI000006775151,decret_90_1215,15,1995-05-04,2006-05-05,
LEGIARTI000006775152,decret_90_1215,15,2006-05-05,2008-08-24,
LEGIARTI000019375454,decret_90_1215,15,2008-08-24,2009-01-01,
LEGIARTI000020057026,decret_90_1215,15,2009-01-01,2022-12-12,
LEGIARTI000046724775,decret_90_1215,15,2022-12-12,,
LEGIARTI000006775153,decret_90_1215,16,1990-12-30,2006-05-05,
LEGIARTI000006775154,decret_90_1215,16,2006-05-05,2009-11-16,
LEGIARTI000021269227,decret_90_1215,16,2009-11-16,2022-12-12,
LEGIARTI000046724772,decret_90_1215,16,2022-12-12,,
LEGIARTI000006775155,decret_90_1215,17,1990-12-30,2006-05-05,
LEGIARTI000006775156,decret_90_1215,18,1990-12-30,2006-05-05,
LEGIARTI000006775157,decret_90_1215,18,2006-05-05,2009-11-16,
LEGIARTI000021269222,decret_90_1215,18,2009-11-16,2011-12-11,
LEGIARTI000024950115,decret_90_1215,18,2011-12-11,2022-12-12,
LEGIARTI000046724762,decret_90_1215,18,2022-12-12,,
LEGIARTI000006775158,decret_90_1215,19,1990-12-30,2006-05-05,
LEGIARTI000006775159,decret_90_1215,19,2006-05-05,2009-01-01,
LEGIARTI000020057023,decret_90_1215,19,2009-01-01,2022-12-12,
LEGIARTI000046724785,decret_90_1215,19,2022-12-12,2023-01-01,
LEGIARTI000046725060,decret_90_1215,19,2023-01-01,,
LEGIARTI000006775160,decret_90_1215,20,1990-12-30,1995-05-04,
LEGIARTI000006775161,decret_90_1215,20,1995-05-04,2006-05-05,
LEGIARTI000006775162,decret_90_1215,20,2006-05-05,2022-12-12,
LEGIARTI000046724754,decret_90_1215,20,2022-12-12,,
LEGIARTI000006775124,decret_90_1215,20 bis,1995-05-04,2006-05-05,
LEGIARTI000006775163,decret_90_1215,21,1990-12-30,,
LEGIARTI000006775164,decret_90_1215,21 bis,1993-01-09,,
LEGIARTI000006775165,decret_90_1215,22,1990-12-30,2006-05-05,
LEGIARTI000006775166,decret_90_1215,22,2006-05-05,2008-08-24,
LEGIARTI000019375452,decret_90_1215,22,2008-08-24,2016-06-22,
LEGIARTI000032741629,decret_90_1215,22,2016-06-22,2022-12-12,
LEGIARTI000046724743,decret_90_1215,22,2022-12-12,2023-09-01,
LEGIARTI000047909893,decret_90_1215,22,2023-09-01,2025-07-02,
LEGIARTI000051830753,decret_90_1215,22,2025-07-02,,
LEGIARTI000006775167,decret_90_1215,23,1990-12-30,1995-05-04,
LEGIARTI000006775168,decret_90_1215,23,1995-05-04,,
LEGIARTI000006775169,decret_90_1215,24,1990-12-30,1995-05-04,
LEGIARTI000006775170,decret_90_1215,24,1995-05-04,2006-05-05,
LEGIARTI000006775171,decret_90_1215,24,2006-05-05,2008-08-24,
LEGIARTI000019375450,decret_90_1215,24,2008-08-24,2009-11-16,
LEGIARTI000021269220,decret_90_1215,24,2009-11-16,2023-01-01,
LEGIARTI000046724741,decret_90_1215,24,2023-01-01,,
LEGIARTI000006775172,decret_90_1215,25,1990-12-30,2006-05-05,
LEGIARTI000006775173,decret_90_1215,25,2006-05-05,2018-01-01,
LEGIARTI000034686115,decret_90_1215,25,2018-01-01,2019-07-08,
LEGIARTI000038786540,decret_90_1215,25,2019-07-08,,
LEGIARTI000006775174,decret_90_1215,26,1990-12-30,2006-05-05,
LEGIARTI000046724738,decret_90_1215,26,2022-12-12,,
LEGIARTI000006775175,decret_90_1215,27,1990-12-30,1995-05-04,
LEGIARTI000006775176,decret_90_1215,27,1995-05-04,,
LEGIARTI000006775177,decret_90_1215,28,1990-12-30,1995-05-04,
LEGIARTI000006775178,decret_90_1215,29,1990-12-30,,
LEGIARTI000006775179,decret_90_1215,30,1990-12-30,1992-10-06,
LEGIARTI000006775180,decret_90_1215,31,1990-12-30,2008-08-24,
LEGIARTI000019375447,decret_90_1215,31,2008-08-24,2016-11-24,
LEGIARTI000033477243,decret_90_1215,31,2016-11-24,2022-12-12,
LEGIARTI000046724734,decret_90_1215,31,2022-12-12,2023-09-01,
LEGIARTI000047909890,decret_90_1215,31,2023-09-01,,
LEGIARTI000006775181,decret_90_1215,32,1990-12-30,,
LEGIARTI000006775182,decret_90_1215,33,1990-12-30,,
LEGIARTI000006775183,decret_90_1215,34,1990-12-30,2016-06-22,
LEGIARTI000032741692,decret_90_1215,34,2016-06-22,2022-12-12,
LEGIARTI000046724723,decret_90_1215,34,2022-12-12,,
LEGIARTI000006775184,decret_90_1215,35,1990-12-30,,
LEGIARTI000006775185,decret_90_1215,36,1990-12-30,,
LEGIARTI000006775186,decret_90_1215,37,1990-12-30,,
LEGIARTI000006775187,decret_90_1215,38,1990-12-30,,
LEGIARTI000006775188,decret_90_1215,39,1990-12-30,,
LEGIARTI000006775189,decret_90_1215,40,1990-12-30,1992-10-06,
LEGIARTI000006775190,decret_90_1215,40,1992-10-06,2016-11-24,
LEGIARTI000006775191,decret_90_1215,41,1990-12-30,1992-10-06,
LEGIARTI000006775192,decret_90_1215,41,1992-10-06,2016-11-24,
LEGIARTI000006775195,decret_90_1215,42,1990-12-30,2016-11-24,
LEGIARTI000033477238,decret_90_1215,42,2016-11-24,,
LEGIARTI000006775196,decret_90_1215,43,1990-12-30,2008-08-24,
LEGIARTI000019375444,decret_90_1215,43,2008-08-24,2022-12-12,
LEGIARTI000046724718,decret_90_1215,43,2022-12-12,2023-09-01,
LEGIARTI000047909887,decret_90_1215,43,2023-09-01,,
LEGIARTI000006775197,decret_90_1215,44,1990-12-30,2016-11-24,
LEGIARTI000033477219,decret_90_1215,44,2016-11-24,2023-01-01,
LEGIARTI000046724704,decret_90_1215,44,2023-01-01,2023-09-01,
LEGIARTI000047909872,decret_90_1215,44,2023-09-01,2025-07-02,
LEGIARTI000051830737,decret_90_1215,44,2025-07-02,,
LEGIARTI000006775198,decret_90_1215,45,1990-12-30,2014-04-01,
LEGIARTI000028625180,decret_90_1215,45,2014-04-01,2023-01-01,
LEGIARTI000046724699,decret_90_1215,45,2023-01-01,2023-09-01,
LEGIARTI000047909864,decret_90_1215,45,2023-09-01,,
LEGIARTI000006775199,decret_90_1215,46,1990-12-30,1995-05-04,
LEGIARTI000006775200,decret_90_1215,46,1995-05-04,2008-08-24,
LEGIARTI000019375442,decret_90_1215,46,2008-08-24,2016-11-24,
LEGIARTI000033477215,decret_90_1215,46,2016-11-24,2022-12-12,
LEGIARTI000046724693,decret_90_1215,46,2022-12-12,,
LEGIARTI000006775201,decret_90_1215,47,1990-12-30,2008-08-24,
LEGIARTI000019375439,decret_90_1215,47,2008-08-24,2016-11-24,
LEGIARTI000033477209,decret_90_1215,47,2016-11-24,2022-12-12,
LEGIARTI000006775202,decret_90_1215,48,1990-12-30,2008-08-24,
LEGIARTI000019375435,decret_90_1215,48,2008-08-24,2016-11-24,
LEGIARTI000006775203,decret_90_1215,49,1990-12-30,2016-11-24,
LEGIARTI000006775204,decret_90_1215,50,1990-12-30,2016-11-24,
LEGIARTI000006775205,decret_90_1215,51,1990-12-30,2016-11-24,
LEGIARTI000006775207,decret_90_1215,52,1990-12-30,2016-11-24,
LEGIARTI000006775208,decret_90_1215,53,1990-12-30,2016-11-24,
LEGIARTI000006775209,decret_90_1215,54,1990-12-30,2016-11-24,
LEGIARTI000006775210,decret_90_1215,55,1990-12-30,2016-11-24,
LEGIARTI000006775211,decret_90_1215,56,1990-12-30,2008-08-24,
LEGIARTI000019375512,decret_90_1215,56,2008-08-24,2023-01-01,
LEGIARTI000046724690,decret_90_1215,56,2023-01-01,,
LEGIARTI000006775212,decret_90_1215,57,1990-12-30,2008-08-24,
LEGIARTI000019375431,decret_90_1215,57,2008-08-24,2022-12-12,
LEGIARTI000046724687,decret_90_1215,57,2022-12-12,,
LEGIARTI000006775213,decret_90_1215,58,1990-12-30,2020-01-01,
LEGIARTI000039347565,decret_90_1215,58,2020-01-01,,
LEGIARTI000006775214,decret_90_1215,59,1990-12-30,,
LEGIARTI000006775215,decret_90_1215,60,1990-12-30,,
LEGIARTI000006775217,decret_90_1215,61,1990-12-30,,
LEGIARTI000006775218,decret_90_1215,62,1990-12-30,2008-08-24,
LEGIARTI000019375510,decret_90_1215,62,2008-08-24,,
LEGIARTI000006775219,decret_90_1215,63,1990-12-30,,
LEGIARTI000006775220,decret_90_1215,64,1990-12-30,1995-05-04,
LEGIARTI000006775221,decret_90_1215,64,1995-05-04,2008-08-24,
LEGIARTI000019375429,decret_90_1215,64,2008-08-24,,
LEGIARTI000006775222,decret_90_1215,65,1990-12-30,2008-08-24,
LEGIARTI000019375426,decret_90_1215,65,2008-08-24,,
LEGIARTI000006775223,decret_90_1215,66,1990-12-30,2008-08-24,
LEGIARTI000019375423,decret_90_1215,66,2008-08-24,2016-11-24,
LEGIARTI000006775224,decret_90_1215,67,1990-12-30,,
LEGIARTI000006775225,decret_90_1215,68,1990-12-30,2016-06-22,
LEGIARTI000032741640,decret_90_1215,68,2016-06-22,2022-12-12,
LEGIARTI000046724682,decret_90_1215,68,2022-12-12,2023-09-01,
LEGIARTI000047909861,decret_90_1215,68,2023-09-01,,
LEGIARTI000037924576,decret_90_1215,68-1,2019-01-01,,
LEGIARTI000006775226,decret_90_1215,69,1990-12-30,1993-08-01,
LEGIARTI000006775227,decret_90_1215,69,1993-08-01,2004-12-31,
LEGIARTI000006775228,decret_90_1215,69,2004-12-31,2008-08-24,
LEGIARTI000019375414,decret_90_1215,69,2008-08-24,2016-01-01,
LEGIARTI000031829664,decret_90_1215,69,2016-01-01,2016-06-22,
LEGIARTI000032741646,decret_90_1215,69,2016-06-22,2017-04-09,
LEGIARTI000034405848,decret_90_1215,69,2017-04-09,,
LEGIARTI000006775230,decret_90_1215,70,1990-12-30,2008-08-24,
LEGIARTI000019375412,decret_90_1215,70,2008-08-24,,
LEGIARTI000006775231,decret_90_1215,71,1990-12-30,2008-08-24,
LEGIARTI000006775232,decret_90_1215,72,1990-12-30,2008-08-24,
LEGIARTI000019375408,decret_90_1215,72,2008-08-24,2012-04-19,
LEGIARTI000025708365,decret_90_1215,72,2012-04-19,2016-06-22,
LEGIARTI000032741676,decret_90_1215,72,2016-06-22,2026-09-19,
LEGIARTI000054856830,decret_90_1215,72,2026-09-19,,
LEGIARTI000006775233,decret_90_1215,73,1990-12-30,2008-08-24,
LEGIARTI000019375404,decret_90_1215,73,2008-08-24,2022-12-12,
LEGIARTI000046724675,decret_90_1215,73,2022-12-12,,
LEGIARTI000006775234,decret_90_1215,74,1990-12-30,1996-02-28,
LEGIARTI000006775235,decret_90_1215,74,1996-02-28,2022-12-12,
LEGIARTI000046724666,decret_90_1215,74,2022-12-12,,
LEGIARTI000006775236,decret_90_1215,75,1990-12-30,,
LEGIARTI000006775237,decret_90_1215,76,1990-12-30,2023-09-01,
LEGIARTI000047909858,decret_90_1215,76,2023-09-01,,
LEGIARTI000006775238,decret_90_1215,77,1990-12-30,2011-09-19,
LEGIARTI000024573551,decret_90_1215,77,2011-09-19,2022-12-12,
LEGIARTI000046724657,decret_90_1215,77,2022-12-12,2025-01-01,
LEGIARTI000047909852,decret_90_1215,77,2025-01-01,,
LEGIARTI000046723905,decret_90_1215,77-1,2022-12-12,2025-01-01,
LEGIARTI000047909849,decret_90_1215,77-1,2025-01-01,,
LEGIARTI000046723907,decret_90_1215,77-2,2022-12-12,,
LEGIARTI000006775239,decret_90_1215,78,1990-12-30,2022-12-12,
LEGIARTI000006775242,decret_90_1215,79,1990-12-30,2014-06-26,
LEGIARTI000029134251,decret_90_1215,79,2014-06-26,,
LEGIARTI000006775243,decret_90_1215,80,1990-12-30,,
LEGIARTI000006775244,decret_90_1215,81,1990-12-30,2008-08-24,
LEGIARTI000019375537,decret_90_1215,81,2008-08-24,2016-06-22,
LEGIARTI000032741687,decret_90_1215,81,2016-06-22,,
LEGIARTI000006775245,decret_90_1215,82,1990-12-30,,
LEGIARTI000006775246,decret_90_1215,83,1990-12-30,2022-12-12,
LEGIARTI000046724654,decret_90_1215,83,2022-12-12,,
LEGIARTI000019375539,decret_90_1215,83 bis,2008-08-24,,
LEGIARTI000006775247,decret_90_1215,84,1990-12-30,2008-02-18,
LEGIARTI000018129122,decret_90_1215,84,2008-02-18,2009-01-01,
LEGIARTI000020057019,decret_90_1215,84,2009-01-01,2011-09-19,
LEGIARTI000024573555,decret_90_1215,84,2011-09-19,2015-01-01,
LEGIARTI000030058979,decret_90_1215,84,2015-01-01,2017-01-01,
LEGIARTI000029134255,decret_90_1215,84,2017-01-01,2020-12-03,
LEGIARTI000042596459,decret_90_1215,84,2020-12-03,2023-09-01,
LEGIARTI000047909844,decret_90_1215,84,2023-09-01,2025-01-01,
LEGIARTI000047910068,decret_90_1215,84,2025-01-01,,
LEGIARTI000018129119,decret_90_1215,84-1,2008-07-01,2008-08-24,
LEGIARTI000019375544,decret_90_1215,84-1,2008-08-24,2009-01-01,
LEGIARTI000020057015,decret_90_1215,84-1,2009-01-01,2014-06-26,
LEGIARTI000029134261,decret_90_1215,84-1,2014-06-26,2023-09-01,
LEGIARTI000047909841,decret_90_1215,84-1,2023-09-01,,
LEGIARTI000006775248,decret_90_1215,85,1990-12-30,2008-07-01,
LEGIARTI000018129115,decret_90_1215,85,2008-07-01,2008-08-24,
LEGIARTI000019375541,decret_90_1215,85,2008-08-24,2011-09-19,
LEGIARTI000024573564,decret_90_1215,85,2011-09-19,2014-06-26,
LEGIARTI000029328475,decret_90_1215,85,2014-06-26,2015-01-01,
LEGIARTI000030058984,decret_90_1215,85,2015-01-01,2017-01-01,
LEGIARTI000029134265,decret_90_1215,85,2017-01-01,2025-01-01,
LEGIARTI000047909839,decret_90_1215,85,2025-01-01,,
LEGIARTI000018129112,decret_90_1215,85-1,2008-07-01,2008-08-24,
LEGIARTI000019375547,decret_90_1215,85-1,2008-08-24,2009-01-01,
LEGIARTI000020057012,decret_90_1215,85-1,2009-01-01,2011-09-19,
LEGIARTI000024573568,decret_90_1215,85-1,2011-09-19,2015-01-01,
LEGIARTI000030058989,decret_90_1215,85-1,2015-01-01,2025-01-01,
LEGIARTI000047909834,decret_90_1215,85-1,2025-01-01,,
LEGIARTI000018129109,decret_90_1215,85-2,2008-07-01,2011-09-19,
LEGIARTI000024573571,decret_90_1215,85-2,2011-09-19,2014-06-26,
LEGIARTI000029134271,decret_90_1215,85-2,2014-06-26,2025-01-01,
LEGIARTI000047909829,decret_90_1215,85-2,2025-01-01,,
LEGIARTI000018129130,decret_90_1215,86,1990-12-30,2008-07-01,
LEGIARTI000006775251,decret_90_1215,87,1990-12-30,2008-08-24,
LEGIARTI000018129139,decret_90_1215,88,1990-12-30,2008-07-01,
LEGIARTI000006775253,decret_90_1215,89,1990-12-30,2008-08-24,
LEGIARTI000019375465,decret_90_1215,89,2008-08-24,,
LEGIARTI000006775254,decret_90_1215,90,1990-12-30,2008-08-24,
LEGIARTI000019375468,decret_90_1215,90,2008-08-24,2020-12-03,
LEGIARTI000042596450,decret_90_1215,90,2020-12-03,2025-07-02,
LEGIARTI000051830724,decret_90_1215,90,2025-07-02,,
LEGIARTI000006775255,decret_90_1215,91,1990-12-30,2008-08-24,
LEGIARTI000019375473,decret_90_1215,91,2008-08-24,,
LEGIARTI000006775256,decret_90_1215,92,1990-12-30,2006-05-05,
LEGIARTI000006775257,decret_90_1215,92,2006-05-05,2008-07-01,
LEGIARTI000018129102,decret_90_1215,92,2008-07-01,2008-08-24,
LEGIARTI000019375479,decret_90_1215,92,2008-08-24,2011-09-19,
LEGIARTI000024573575,decret_90_1215,92,2011-09-19,2022-12-12,
LEGIARTI000046724639,decret_90_1215,92,2022-12-12,2026-08-01,
LEGIARTI000054590005,decret_90_1215,92,2026-08-01,,
LEGIARTI000006775258,decret_90_1215,93,1990-12-30,2006-05-05,
LEGIARTI000006775259,decret_90_1215,94,1990-12-30,2008-08-24,
LEGIARTI000019375488,decret_90_1215,94,2008-08-24,2023-09-01,
LEGIARTI000047909826,decret_90_1215,94,2023-09-01,,
LEGIARTI000006775260,decret_90_1215,95,1990-12-30,,
LEGIARTI000006775261,decret_90_1215,96,1990-12-30,,
LEGIARTI000006775262,decret_90_1215,97,1990-12-30,2011-09-19,
LEGIARTI000024573582,decret_90_1215,97,2011-09-19,,
LEGIARTI000006775263,decret_90_1215,98,1990-12-30,2016-02-08,
LEGIARTI000006775264,decret_90_1215,99,1990-12-30,2008-07-01,
LEGIARTI000018129098,decret_90_1215,99,2008-07-01,2008-08-24,
LEGIARTI000019375486,decret_90_1215,99,2008-08-24,,
LEGIARTI000006775265,decret_90_1215,100,1990-12-30,,
LEGIARTI000006775266,decret_90_1215,101,1990-12-30,,
LEGIARTI000006775268,decret_90_1215,102,1990-12-30,2008-02-18,
LEGIARTI000018129096,decret_90_1215,102,2008-02-18,2008-08-24,
LEGIARTI000024573584,decret_90_1215,102,2011-09-19,,
LEGIARTI000006775269,decret_90_1215,103,1990-12-30,2022-12-12,
LEGIARTI000006775270,decret_90_1215,104,1990-12-30,2008-08-24,
LEGIARTI000018129137,decret_90_1215,105,1990-12-30,2008-07-01,
LEGIARTI000006775272,decret_90_1215,106,1990-12-30,,
LEGIARTI000006775273,decret_90_1215,107,1990-12-30,2008-08-24,
LEGIARTI000019375490,decret_90_1215,107,2008-08-24,,
LEGIARTI000006775274,decret_90_1215,107 bis,1993-01-09,,
LEGIARTI000006775275,decret_90_1215,108,1990-12-30,2011-09-19,
LEGIARTI000024573587,decret_90_1215,108,2011-09-19,2023-09-01,
LEGIARTI000047909822,decret_90_1215,108,2023-09-01,2023-08-12,
LEGIARTI000047961129,decret_90_1215,108,2023-09-01,,
LEGIARTI000006775278,decret_90_1215,109,1990-12-30,2010-01-09,
LEGIARTI000021667122,decret_90_1215,109,2010-01-09,2022-12-12,
LEGIARTI000046724634,decret_90_1215,109,2022-12-12,2023-09-01,
LEGIARTI000047909819,decret_90_1215,109,2023-09-01,,
LEGIARTI000006775279,decret_90_1215,110,1990-12-30,2008-08-24,
LEGIARTI000019375492,decret_90_1215,110,2008-08-24,2011-09-19,
LEGIARTI000024573590,decret_90_1215,110,2011-09-19,2014-06-26,
LEGIARTI000029134277,decret_90_1215,110,2014-06-26,2022-12-12,
LEGIARTI000046724629,decret_90_1215,110,2022-12-12,,
LEGIARTI000006775280,decret_90_1215,111,1990-12-30,,
LEGIARTI000006775281,decret_90_1215,112,1990-12-30,,
LEGIARTI000006775282,decret_90_1215,113,1990-12-30,2006-05-05,
LEGIARTI000006775283,decret_90_1215,113,2006-05-05,2023-07-31,
LEGIARTI000047909809,decret_90_1215,113,2023-07-31,,
LEGIARTI000006775284,decret_90_1215,114,1990-12-30,2006-05-05,
LEGIARTI000006775285,decret_90_1215,115,1990-12-30,2006-05-05,
LEGIARTI000006775286,decret_90_1215,116,1990-12-30,2006-05-05,
LEGIARTI000006775289,decret_90_1215,117,1990-12-30,2006-05-05,
LEGIARTI000006775290,decret_90_1215,118,1990-12-30,2006-05-05,
LEGIARTI000006775291,decret_90_1215,119,1990-12-30,2006-05-05,
LEGIARTI000006775292,decret_90_1215,120,1990-12-30,2006-05-05,
LEGIARTI000006775293,decret_90_1215,121,1990-12-30,2006-05-05,
LEGIARTI000006775294,decret_90_1215,122,1990-12-30,2006-05-05,
LEGIARTI000006775295,decret_90_1215,123,1990-12-30,2006-05-05,
LEGIARTI000006775296,decret_90_1215,124,1990-12-30,2008-08-24,
LEGIARTI000019375494,decret_90_1215,124,2008-08-24,,
LEGIARTI000006775297,decret_90_1215,125,1990-12-30,2014-04-01,
LEGIARTI000028625183,decret_90_1215,125,2014-04-01,2023-01-01,
LEGIARTI000046724623,decret_90_1215,125,2023-01-01,2023-09-01,
LEGIARTI000047909868,decret_90_1215,125,2023-09-01,,
LEGIARTI000006775300,decret_90_1215,126,1990-12-30,2008-08-24,
LEGIARTI000019375497,decret_90_1215,126,2008-08-24,,
LEGIARTI000006775301,decret_90_1215,127,1990-12-30,2008-08-24,
LEGIARTI000019375501,decret_90_1215,127,2008-08-24,,
LEGIARTI000006775302,decret_90_1215,128,1990-12-30,2008-08-24,
LEGIARTI000019375499,decret_90_1215,128,2008-08-24,,
LEGIARTI000006775303,decret_90_1215,129,1990-12-30,2008-08-24,
LEGIARTI000019375550,decret_90_1215,129,2008-08-24,,
LEGIARTI000006775304,decret_90_1215,130,1990-12-30,2008-07-01,
LEGIARTI000018129093,decret_90_1215,130,2008-07-01,2008-08-24,
LEGIARTI000019375503,decret_90_1215,130,2008-08-24,,
LEGIARTI000018129126,decret_90_1215,131,1990-12-30,2008-07-01,
LEGIARTI000006775306,decret_90_1215,132,1990-12-30,2008-08-24,
LEGIARTI000006775307,decret_90_1215,133,1990-12-30,2008-08-24,
LEGIARTI000019375505,decret_90_1215,133,2008-08-24,,
LEGIARTI000006775308,decret_90_1215,134,1990-12-30,2008-08-24,
LEGIARTI000006775309,decret_90_1215,135,1990-12-30,,
LEGIARTI000006775311,decret_90_1215,136,1990-12-30,,
LEGIARTI000006775312,decret_90_1215,137,1990-12-30,2008-08-24,
LEGIARTI000019375507,decret_90_1215,137,2008-08-24,,
LEGIARTI000006775313,decret_90_1215,138,1990-12-30,2008-08-24,
LEGIARTI000006775314,decret_90_1215,139,1990-12-30,2014-06-26,
LEGIARTI000029134274,decret_90_1215,139,2014-06-26,,
LEGIARTI000006775315,decret_90_1215,140,1990-12-30,2006-05-05,
LEGIARTI000006775316,decret_90_1215,141,1990-12-30,2006-05-05,
LEGIARTI000006775317,decret_90_1215,142,1990-12-30,,
LEGIARTI000006775318,decret_90_1215,143,1990-12-30,2016-11-24,
LEGIARTI000006775125,decret_90_1215,144,2999-01-01,,
LEGIARTI000006775126,decret_90_1215,145,2999-01-01,,
LEGIARTI000006775319,decret_90_1215,146,1990-12-30,,
LEGIARTI000006775123,decret_90_1215,147,1990-12-30,,
LEGIARTI000006758538,loi_2003_775,1,2003-08-22,,
LEGIARTI000006758539,loi_2003_775,2,2003-08-22,,
LEGIARTI000006758540,loi_2003_775,3,2003-08-22,,
LEGIARTI000006758541,loi_2003_775,4,2003-08-22,,
LEGIARTI000006758542,loi_2003_775,5,2003-08-22,2006-12-22,
LEGIARTI000006758543,loi_2003_775,5,2006-12-22,2009-05-14,
LEGIARTI000020627929,loi_2003_775,5,2009-05-14,2010-11-11,
LEGIARTI000023030932,loi_2003_775,5,2010-11-11,2014-01-22,
LEGIARTI000028498270,loi_2003_775,5,2014-01-22,2017-01-01,
LEGIARTI000033714337,loi_2003_775,5,2017-01-01,,
LEGIARTI000006758544,loi_2003_775,6,2999-01-01,,
LEGIARTI000006758545,loi_2003_775,7,2999-01-01,,
LEGIARTI000006758546,loi_2003_775,8,2003-08-22,,
LEGIARTI000006758547,loi_2003_775,9,2003-08-22,,
LEGIARTI000006758549,loi_2003_775,10,2999-01-01,,
LEGIARTI000006758550,loi_2003_775,11,2999-01-01,,
LEGIARTI000006758551,loi_2003_775,12,2003-08-22,2005-02-12,
LEGIARTI000006758552,loi_2003_775,12,2005-02-12,,
LEGIARTI000006758553,loi_2003_775,13,2999-01-01,,
LEGIARTI000006758554,loi_2003_775,14,2999-01-01,,
LEGIARTI000006758555,loi_2003_775,15,2003-08-22,,
LEGIARTI000006758556,loi_2003_775,16,2999-01-01,,
LEGIARTI000006758557,loi_2003_775,17,2003-08-22,2007-12-22,
LEGIARTI000017841768,loi_2003_775,17,2007-12-22,,
LEGIARTI000006758558,loi_2003_775,18,2003-08-22,,
LEGIARTI000006758559,loi_2003_775,19,2999-01-01,,
LEGIARTI000006758560,loi_2003_775,20,2003-08-22,,
LEGIARTI000006758561,loi_2003_775,21,2999-01-01,,
LEGIARTI000006758562,loi_2003_775,22,2003-08-22,2006-12-22,
LEGIARTI000006758563,loi_2003_775,22,2006-12-22,,
LEGIARTI000006758564,loi_2003_775,23,2999-01-01,,
LEGIARTI000006758565,loi_2003_775,24,2999-01-01,,
LEGIARTI000006758566,loi_2003_775,25,2003-08-22,,
LEGIARTI000006758567,loi_2003_775,26,2003-08-22,,
LEGIARTI000006758568,loi_2003_775,27,2004-01-01,,
LEGIARTI000006758569,loi_2003_775,28,2999-01-01,,
LEGIARTI000006758571,loi_2003_775,29,2999-01-01,,
LEGIARTI000006758572,loi_2003_775,30,2999-01-01,,
LEGIARTI000006758573,loi_2003_775,31,2003-08-22,,
LEGIARTI000006758574,loi_2003_775,32,2999-01-01,,
LEGIARTI000006758575,loi_2003_775,33,2999-01-01,,
LEGIARTI000006758576,loi_2003_775,34,2003-08-22,,
LEGIARTI000006758577,loi_2003_775,35,2004-01-01,,
LEGIARTI000006758578,loi_2003_775,36,2003-08-22,,
LEGIARTI000006758579,loi_2003_775,37,2999-01-01,,
LEGIARTI000006758580,loi_2003_775,38,2999-01-01,,
LEGIARTI000006758582,loi_2003_775,39,2999-01-01,,
LEGIARTI000006758583,loi_2003_775,40,2003-08-22,,
LEGIARTI000006758584,loi_2003_775,41,2003-08-22,,
LEGIARTI000006758585,loi_2003_775,42,2999-01-01,,
LEGIARTI000006758586,loi_2003_775,43,2999-01-01,,
LEGIARTI000006758587,loi_2003_775,44,2999-01-01,,
LEGIARTI000006758588,loi_2003_775,45,2999-01-01,,
LEGIARTI000006758589,loi_2003_775,46,2999-01-01,,
LEGIARTI000006758590,loi_2003_775,47,2999-01-01,,
LEGIARTI000006758591,loi_2003_775,48,2004-01-01,,
LEGIARTI000006758592,loi_2003_775,49,2999-01-01,,
LEGIARTI000006758593,loi_2003_775,50,2999-01-01,,
LEGIARTI000006758594,loi_2003_775,51,2999-01-01,,
LEGIARTI000006758595,loi_2003_775,52,2999-01-01,,
LEGIARTI000006758596,loi_2003_775,53,2999-01-01,,
LEGIARTI000006758597,loi_2003_775,54,2999-01-01,,
LEGIARTI000006758598,loi_2003_775,55,2999-01-01,,
LEGIARTI000006758599,loi_2003_775,56,2999-01-01,,
LEGIARTI000006758600,loi_2003_775,57,2999-01-01,,
LEGIARTI000006758602,loi_2003_775,58,2999-01-01,,
LEGIARTI000006758603,loi_2003_775,59,2999-01-01,,
LEGIARTI000006758604,loi_2003_775,60,2999-01-01,,
LEGIARTI000006758605,loi_2003_775,61,2999-01-01,,
LEGIARTI000006758606,loi_2003_775,62,2003-08-22,,
LEGIARTI000006758607,loi_2003_775,63,2003-08-22,,
LEGIARTI000006758608,loi_2003_775,64,2999-01-01,,
LEGIARTI000006758609,loi_2003_775,65,2004-01-01,,
LEGIARTI000006758610,loi_2003_775,66,2004-01-01,,
LEGIARTI000006758611,loi_2003_775,67,2999-01-01,,
LEGIARTI000006758613,loi_2003_775,68,2004-01-01,,
LEGIARTI000006758614,loi_2003_775,69,2999-01-01,,
LEGIARTI000006758615,loi_2003_775,70,2999-01-01,,
LEGIARTI000006758616,loi_2003_775,71,2999-01-01,,
LEGIARTI000006758617,loi_2003_775,72,2999-01-01,,
LEGIARTI000006758618,loi_2003_775,73,2004-01-01,,
LEGIARTI000006758619,loi_2003_775,74,2004-01-01,,
LEGIARTI000006758620,loi_2003_775,75,2004-01-01,,
LEGIARTI000006758621,loi_2003_775,76,2005-01-01,2011-07-01,
LEGIARTI000023096773,loi_2003_775,76,2011-07-01,2023-01-01,
LEGIARTI000046874577,loi_2003_775,76,2023-01-01,2024-09-01,
LEGIARTI000048691415,loi_2003_775,76,2024-09-01,,
LEGIARTI000048805651,loi_2003_775,76 bis,2023-12-31,2025-02-16,
LEGIARTI000051202149,loi_2003_775,76 bis,2025-02-16,2026-02-21,
LEGIARTI000053548472,loi_2003_775,76 bis,2026-02-21,,
LEGIARTI000006758622,loi_2003_775,77,2004-01-01,2004-12-10,
LEGIARTI000006758623,loi_2003_775,77,2004-12-10,2006-04-19,
LEGIARTI000006758624,loi_2003_775,77,2006-04-19,,
LEGIARTI000006758626,loi_2003_775,78,2004-01-01,2011-07-01,
LEGIARTI000023096779,loi_2003_775,78,2011-07-01,2023-09-01,
LEGIARTI000047453001,loi_2003_775,78,2023-09-01,,
LEGIARTI000006758627,loi_2003_775,79,2004-01-01,2007-12-29,
LEGIARTI000006758628,loi_2003_775,80,2004-01-01,,
LEGIARTI000006758629,loi_2003_775,81,2999-01-01,,
LEGIARTI000006758630,loi_2003_775,82,2999-01-01,,
LEGIARTI000006758631,loi_2003_775,83,2003-08-22,,
LEGIARTI000006758632,loi_2003_775,84,2003-08-22,,
LEGIARTI000006758634,loi_2003_775,85,2999-01-01,,
LEGIARTI000006758635,loi_2003_775,86,2999-01-01,,
LEGIARTI000006758636,loi_2003_775,87,2999-01-01,,
LEGIARTI000006758637,loi_2003_775,88,2999-01-01,,
LEGIARTI000006758638,loi_2003_775,89,2999-01-01,,
LEGIARTI000006758639,loi_2003_775,90,2999-01-01,,
LEGIARTI000006758640,loi_2003_775,91,2999-01-01,,
LEGIARTI000006758658,loi_2003_775,92,2999-01-01,,
LEGIARTI000006758641,loi_2003_775,93,2999-01-01,,
LEGIARTI000006758642,loi_2003_775,94,2999-01-01,,
LEGIARTI000006758643,loi_2003_775,95,2999-01-01,,
LEGIARTI000006758646,loi_2003_775,96,2003-12-19,,
LEGIARTI000006758645,loi_2003_775,96,2004-01-01,2003-12-19,
LEGIARTI000006758647,loi_2003_775,97,2003-08-22,,
LEGIARTI000006758648,loi_2003_775,98,2003-08-22,,
LEGIARTI000006758649,loi_2003_775,99,2003-08-22,,
LEGIARTI000006758650,loi_2003_775,100,2999-01-01,,
LEGIARTI000006758651,loi_2003_775,101,2003-08-22,,
LEGIARTI000006758652,loi_2003_775,102,2003-08-22,,
LEGIARTI000006758653,loi_2003_775,103,2999-01-01,,
LEGIARTI000006758654,loi_2003_775,104,2999-01-01,,
LEGIARTI000006758656,loi_2003_775,105,2999-01-01,,
LEGIARTI000006758657,loi_2003_775,106,2999-01-01,,
LEGIARTI000006758659,loi_2003_775,107,2003-08-22,,
LEGIARTI000006758660,loi_2003_775,108,2004-01-01,2004-04-22,
LEGIARTI000006758661,loi_2003_775,108,2004-04-22,2005-12-16,
LEGIARTI000006758662,loi_2003_775,108,2005-12-16,2006-03-24,
LEGIARTI000006758663,loi_2003_775,108,2006-03-24,2006-07-16,
LEGIARTI000006758664,loi_2003_775,108,2006-07-16,2007-09-30,
LEGIARTI000006758665,loi_2003_775,109,2003-08-22,2003-12-31,
LEGIARTI000006758666,loi_2003_775,109,2003-12-31,,
LEGIARTI000006758667,loi_2003_775,110,2999-01-01,,
LEGIARTI000006758669,loi_2003_775,111,2003-08-22,,
LEGIARTI000006758670,loi_2003_775,112,2999-01-01,,
LEGIARTI000006758671,loi_2003_775,113,2003-08-22,,
LEGIARTI000006758672,loi_2003_775,114,2003-08-22,2003-12-31,
LEGIARTI000006758673,loi_2003_775,114,2003-12-31,2004-04-22,
LEGIARTI000006758674,loi_2003_775,114,2004-04-22,2017-04-08,
LEGIARTI000034387933,loi_2003_775,114,2017-04-08,2019-05-24,
LEGIARTI000038611087,loi_2003_775,114,2019-05-24,,
LEGIARTI000006758675,loi_2003_775,115,2003-08-22,,
LEGIARTI000006758676,loi_2003_775,116,2003-08-22,2005-12-16,
LEGIARTI000006758677,loi_2003_775,116,2005-12-16,,
LEGIARTI000047447810,loi_2023_270,,2023-04-16,,
LEGIARTI000047447794,loi_2023_270,1,2023-04-16,,
LEGIARTI000047447796,loi_2023_270,2,2023-04-16,,
LEGIARTI000047447798,loi_2023_270,3,2023-04-16,,
LEGIARTI000047447800,loi_2023_270,4,2023-04-16,,
LEGIARTI000047447808,loi_2023_270,5,2999-01-01,,
LEGIARTI000047447802,loi_2023_270,6,2023-04-16,,
LEGIARTI000047447804,loi_2023_270,7,2023-04-16,,
LEGIARTI000047447806,loi_2023_270,8,2023-04-16,,
LEGIARTI000047447792,loi_2023_270,9,2023-04-16,,
LEGIARTI000047447812,loi_2023_270,10,2023-04-16,2025-12-31,
LEGIARTI000053280920,loi_2023_270,10,2025-12-31,,
LEGIARTI000047447814,loi_2023_270,11,2023-04-16,,
LEGIARTI000047447816,loi_2023_270,12,2023-04-16,,
LEGIARTI000047447818,loi_2023_270,13,2999-01-01,,
LEGIARTI000047447820,loi_2023_270,14,2999-01-01,,
LEGIARTI000047447822,loi_2023_270,15,2999-01-01,,
LEGIARTI000047447824,loi_2023_270,16,2999-01-01,,
LEGIARTI000047447826,loi_2023_270,17,2023-04-16,,
LEGIARTI000047447828,loi_2023_270,18,2023-04-16,,
LEGIARTI000047447830,loi_2023_270,19,2023-04-16,,
LEGIARTI000047447832,loi_2023_270,20,2023-04-16,,
LEGIARTI000047447834,loi_2023_270,21,2023-04-16,,
LEGIARTI000047447836,loi_2023_270,22,2023-04-16,,
LEGIARTI000047447838,loi_2023_270,23,2023-04-16,,
LEGIARTI000047447842,loi_2023_270,24,2999-01-01,,
LEGIARTI000047447840,loi_2023_270,25,2023-04-16,,
LEGIARTI000047447844,loi_2023_270,26,2023-04-16,,
LEGIARTI000047447846,loi_2023_270,27,2023-04-16,,
LEGIARTI000047447848,loi_2023_270,28,2023-04-16,,
LEGIARTI000047447862,loi_2023_270,29,2023-04-16,,
LEGIARTI000047447850,loi_2023_270,30,2023-04-16,,
LEGIARTI000047447852,loi_2023_270,31,2023-04-16,,
LEGIARTI000047447854,loi_2023_270,32,2023-04-16,,
LEGIARTI000047447856,loi_2023_270,33,2023-04-16,,
LEGIARTI000047447858,loi_2023_270,34,2023-04-16,,
LEGIARTI000047447864,loi_2023_270,35,2023-04-16,,
LEGIARTI000047447860,loi_2023_270,36,2023-04-16,,
LEGIARTI000047447866,loi_2023_270,liminaire,2023-04-16,,
LEGIARTI000006755920,loi_75_3,1,2999-01-01,,
LEGIARTI000006755922,loi_75_3,2,2999-01-01,,
LEGIARTI000006755923,loi_75_3,3,2999-01-01,,
LEGIARTI000006755924,loi_75_3,4,1974-07-01,,
LEGIARTI000006755925,loi_75_3,5,2999-01-01,,
LEGIARTI000006755926,loi_75_3,6,1974-07-01,,
LEGIARTI000006755927,loi_75_3,7,1975-01-04,1976-07-10,
LEGIARTI000006755928,loi_75_3,7,1976-07-10,,
LEGIARTI000006755929,loi_75_3,8,1975-01-04,1979-07-08,
LEGIARTI000006755930,loi_75_3,8,1979-07-08,2001-05-10,
LEGIARTI000006755931,loi_75_3,8,2001-05-10,2005-07-27,
LEGIARTI000006755932,loi_75_3,8,2005-07-27,2022-03-01,
LEGIARTI000045208105,loi_75_3,8,2022-03-01,,
LEGIARTI000006755933,loi_75_3,9,2999-01-01,,
LEGIARTI000006755934,loi_75_3,10,2999-01-01,,
LEGIARTI000006755935,loi_75_3,11,1974-07-01,2000-06-22,
LEGIARTI000006755936,loi_75_3,12,2999-01-01,,
LEGIARTI000006755937,loi_75_3,13,2999-01-01,,
LEGIARTI000006755938,loi_75_3,14,2999-01-01,,
LEGIARTI000006755939,loi_75_3,15,2999-01-01,,
LEGIARTI000006755940,loi_75_3,16,2999-01-01,,
LEGIARTI000006755941,loi_75_3,17,2999-01-01,,
LEGIARTI000006755942,loi_75_3,18,2999-01-01,,
LEGIARTI000006755943,loi_75_3,19,2999-01-01,,
LEGIARTI000006755944,loi_75_3,20,1974-07-01,1987-07-31,
LEGIARTI000006755945,loi_75_3,21,1974-07-01,,
LEGIARTI000006791879,marins,L1,1968-03-31,1997-11-19,
LEGIARTI000006791880,marins,L1,1997-11-19,2010-12-01,
LEGIARTI000006791881,marins,L2,1968-03-31,2010-12-01,
LEGIARTI000006791882,marins,L3,1968-03-31,2010-12-01,
LEGIARTI000006791883,marins,L4,1968-03-31,2010-12-01,
LEGIARTI000006791888,marins,L5,1968-03-31,2010-12-01,
LEGIARTI000006791889,marins,L6,1968-03-31,2010-12-01,
LEGIARTI000006791890,marins,L7,1979-07-11,1987-01-28,
LEGIARTI000006791891,marins,L7,1987-01-28,2010-12-01,
LEGIARTI000006791892,marins,L8,1968-03-31,1987-01-28,
LEGIARTI000006791893,marins,L8,1987-01-28,2010-12-01,
LEGIARTI000006791894,marins,L9,1968-03-31,2010-12-01,
LEGIARTI000006791895,marins,L10,1968-03-31,2010-12-01,
LEGIARTI000006791896,marins,L11,1979-07-11,2014-12-06,
LEGIARTI000006791897,marins,L12,1979-07-11,1985-08-06,
LEGIARTI000006791898,marins,L12,1985-08-06,1986-12-31,
LEGIARTI000006791899,marins,L12,1986-12-31,1997-11-19,
LEGIARTI000006791900,marins,L12,1997-11-19,2000-12-24,
LEGIARTI000006791901,marins,L12,2000-12-24,2001-12-29,
LEGIARTI000006791902,marins,L12,2001-12-29,2010-12-01,
LEGIARTI000006791903,marins,L13,1968-03-31,2010-12-01,
LEGIARTI000006791907,marins,L14,1968-03-31,2005-09-09,
LEGIARTI000006791908,marins,L14,2005-09-09,2010-12-01,
LEGIARTI000006791909,marins,L15,1968-03-31,2010-12-01,
LEGIARTI000006791910,marins,L16,1968-03-31,2010-12-01,
LEGIARTI000006791911,marins,L17,1968-03-31,2010-12-01,
LEGIARTI000006791912,marins,L18,1979-07-11,2010-12-01,
LEGIARTI000006791913,marins,L18-1,1997-11-19,2010-12-01,
LEGIARTI000006791914,marins,L19,1968-03-31,2010-12-01,
LEGIARTI000006791915,marins,L20,1982-07-14,2010-12-01,
LEGIARTI000006791916,marins,L21,1979-07-11,2010-12-01,
LEGIARTI000006791921,marins,L22,1979-07-11,2010-12-01,
LEGIARTI000006791922,marins,L23,1968-03-31,2010-12-01,
LEGIARTI000006791923,marins,L24,1968-03-31,2014-12-06,
LEGIARTI000006791924,marins,L25,1968-03-31,2010-12-01,
LEGIARTI000006791925,marins,L26,1968-03-31,2010-12-01,
LEGIARTI000006791926,marins,L27,1979-07-11,2010-12-01,
LEGIARTI000006791927,marins,L28,1968-03-31,2010-12-01,
LEGIARTI000006791928,marins,L29,1968-03-31,2010-12-01,
LEGIARTI000006791932,marins,L30,1968-03-31,2006-03-24,
LEGIARTI000006791933,marins,L30,2006-03-24,2010-12-01,
LEGIARTI000006791934,marins,L31,1968-03-31,2010-12-01,
LEGIARTI000006791935,marins,L32,1968-03-31,2010-12-01,
LEGIARTI000006791936,marins,L33,1968-03-31,2010-12-01,
LEGIARTI000006791937,marins,L34,1968-03-31,2010-12-01,
LEGIARTI000006791938,marins,L35,1968-03-31,2010-12-01,
LEGIARTI000006791939,marins,L36,1968-03-31,2009-05-14,
LEGIARTI000020629816,marins,L36,2009-05-14,2010-12-01,
LEGIARTI000006791940,marins,L37,1979-07-11,2010-12-01,
LEGIARTI000006791941,marins,L38,1968-03-31,2010-12-01,
LEGIARTI000006791943,marins,L39,1968-03-31,1997-11-19,
LEGIARTI000006791944,marins,L40,1968-03-31,1997-11-19,
LEGIARTI000006791945,marins,L41,1979-07-11,1994-01-19,
LEGIARTI000006791946,marins,L41,1994-01-19,2000-12-24,
LEGIARTI000006791947,marins,L41,2000-12-24,2001-12-26,
LEGIARTI000006791948,marins,L41,2001-12-26,2010-12-01,
LEGIARTI000006791949,marins,L42,1968-03-31,2010-12-01,
LEGIARTI000006791950,marins,L43,1982-12-30,1985-01-04,
LEGIARTI000006791951,marins,L43,1985-01-04,1997-11-19,
LEGIARTI000006791952,marins,L43,1997-11-19,2010-12-01,
LEGIARTI000006791953,marins,L43-1,2005-05-04,2020-01-01,
LEGIARTI000041395011,marins,L43-1,2020-01-01,2222-02-22,
LEGIARTI000006791954,marins,L44,1968-03-31,2010-12-01,
LEGIARTI000006791955,marins,L45,1968-03-31,2010-12-01,
LEGIARTI000006791956,marins,L46,1968-03-31,2010-12-01,
LEGIARTI000006791958,marins,L47,1968-03-31,2010-12-01,
LEGIARTI000006791959,marins,L48,1968-03-31,1990-01-25,
LEGIARTI000006791960,marins,L48,1990-01-25,2010-12-01,
LEGIARTI000006791961,marins,L49,1968-03-31,2010-12-01,
LEGIARTI000006791962,marins,L50,1987-01-28,1990-01-25,
LEGIARTI000006791963,marins,L50,1995-02-05,2010-12-01,
LEGIARTI000006791966,marins,L50-1,1998-06-14,2010-12-01,
LEGIARTI000006791964,marins,L51,1987-01-28,1990-01-25,
LEGIARTI000006791965,marins,L51,1995-02-05,2010-12-01,
LEGIARTI000006791971,marins,R1,1968-03-31,,
LEGIARTI000006791972,marins,R2,1968-03-31,,
LEGIARTI000006791973,marins,R3,1968-03-31,,
LEGIARTI000006791974,marins,R4,1968-03-31,,
LEGIARTI000006791975,marins,R5,1968-03-31,1987-07-30,
LEGIARTI000006791976,marins,R5,1987-07-30,,
LEGIARTI000006791977,marins,R6,1979-09-15,2013-11-09,
LEGIARTI000028171501,marins,R6,2013-11-09,,
LEGIARTI000006791978,marins,R7,1981-01-24,,
LEGIARTI000006791979,marins,R8,1981-01-24,1987-02-27,
LEGIARTI000006791980,marins,R8,1987-02-20,2001-08-30,
LEGIARTI000006791981,marins,R8,2001-08-30,2002-10-20,
LEGIARTI000006791982,marins,R8,2002-10-20,2018-01-01,
LEGIARTI000034730263,marins,R8,2018-01-01,2021-05-13,
LEGIARTI000034886890,marins,R8,2018-01-01,2018-01-01,
LEGIARTI000043495499,marins,R8,2021-05-13,2022-01-31,
LEGIARTI000045087841,marins,R8,2022-01-31,,
LEGIARTI000053389648,marins,R8-1,2026-01-22,,
LEGIARTI000006791985,marins,R9,1968-03-31,,
LEGIARTI000006791986,marins,R10,1968-03-31,,
LEGIARTI000006791987,marins,R11,1968-03-31,,
LEGIARTI000006791988,marins,R12,1968-03-31,,
LEGIARTI000006791989,marins,R13,1968-03-31,1985-11-07,
LEGIARTI000006791990,marins,R13,1985-11-07,,
LEGIARTI000006791991,marins,R14,1979-09-15,,
LEGIARTI000006791992,marins,R15,1968-03-31,1995-04-01,
LEGIARTI000006791993,marins,R15,1995-04-01,1995-08-01,
LEGIARTI000006791994,marins,R15,1995-08-01,1998-09-23,
LEGIARTI000006791995,marins,R15,1998-09-23,,
LEGIARTI000006791996,marins,R16,1981-01-24,,
LEGIARTI000006791997,marins,R17,1968-03-31,1985-04-24,
LEGIARTI000006792000,marins,R18,1968-03-31,,
LEGIARTI000006792001,marins,R19,1968-03-31,1995-04-01,
LEGIARTI000006792002,marins,R19,1995-04-01,1995-08-01,
LEGIARTI000006792003,marins,R19,1995-08-01,,
LEGIARTI000006792004,marins,R20,1968-03-31,,
LEGIARTI000006792005,marins,R21,1968-03-31,2006-03-24,
LEGIARTI000006792006,marins,R21,2006-03-24,,
LEGIARTI000006792007,marins,R22,1968-03-31,,
LEGIARTI000006792008,marins,R23,1968-03-31,,
LEGIARTI000006792009,marins,R24,1984-01-20,1986-08-01,
LEGIARTI000006792010,marins,R24,1986-08-01,1988-07-01,
LEGIARTI000006792011,marins,R24,1987-07-01,1989-01-01,
LEGIARTI000006792012,marins,R24,1989-01-01,1990-04-12,
LEGIARTI000006792013,marins,R24,1990-04-12,1991-05-01,
LEGIARTI000006792014,marins,R24,1991-05-01,1991-09-01,
LEGIARTI000006792015,marins,R24,1991-09-01,2018-01-01,
LEGIARTI000034730258,marins,R24,2018-01-01,,
LEGIARTI000034886886,marins,R24,2018-01-01,2018-01-01,
LEGIARTI000006792016,marins,R25,1983-12-27,1985-02-08,
LEGIARTI000006792017,marins,R25,1985-01-01,1986-01-01,
LEGIARTI000006792018,marins,R25,1986-01-01,1991-05-01,
LEGIARTI000006792019,marins,R25,1991-05-01,,
LEGIARTI000006792022,marins,R26,1968-03-31,1986-01-01,
LEGIARTI000006792023,marins,R26,1986-01-01,,
LEGIARTI000006792024,marins,R27,1968-03-31,,
LEGIARTI000006792025,marins,R28,1968-03-31,,
LEGIARTI000006792026,marins,R29,1968-03-31,,
LEGIARTI000006792027,marins,R30,1999-04-09,,
LEGIARTI000006792028,marins,R31,1999-04-09,,
LEGIARTI000030909100,rural,D732-2-0-1,2015-07-19,2016-01-01,
LEGIARTI000031813596,rural,D732-2-0-1,2016-01-01,2019-01-01,
LEGIARTI000038023211,rural,D732-2-0-1,2019-01-01,,
LEGIARTI000030909115,rural,D732-2-0-2,2015-07-19,2016-01-01,
LEGIARTI000031813591,rural,D732-2-0-2,2016-01-01,2019-01-01,
LEGIARTI000038023238,rural,D732-2-0-2,2019-01-01,,
LEGIARTI000027980854,rural,D732-2-1,2014-01-01,2017-10-28,
LEGIARTI000035918612,rural,D732-2-1,2017-10-28,2019-01-01,
LEGIARTI000038023230,rural,D732-2-1,2019-01-01,2025-12-27,
LEGIARTI000053193870,rural,D732-2-1,2025-12-27,,
LEGIARTI000027980856,rural,D732-2-2,2014-01-01,2022-01-01,
LEGIARTI000045739440,rural,D732-2-2,2022-01-01,,
LEGIARTI000027980858,rural,D732-2-3,2014-01-01,,
LEGIARTI000027980860,rural,D732-2-4,2014-01-01,2018-01-01,
LEGIARTI000036461499,rural,D732-2-4,2018-01-01,2022-07-01,
LEGIARTI000047098148,rural,D732-2-4,2022-07-01,,
LEGIARTI000027980866,rural,D732-2-7,2014-01-01,2015-07-17,
LEGIARTI000030900842,rural,D732-2-7,2015-07-17,,
LEGIARTI000027980870,rural,D732-2-9,2014-01-01,2015-07-17,
LEGIARTI000030900838,rural,D732-2-9,2015-07-17,2017-10-28,
LEGIARTI000035918604,rural,D732-2-9,2017-10-28,,
LEGIARTI000027980874,rural,D732-2-10,2014-01-01,2017-10-28,
LEGIARTI000035918599,rural,D732-2-10,2017-10-28,,
LEGIARTI000054252052,rural,D732-2-11,2026-09-01,,
LEGIARTI000045737063,rural,D732-12-1,2022-01-01,2026-03-21,
LEGIARTI000053705325,rural,D732-12-1,2026-03-21,,
LEGIARTI000045737068,rural,D732-12-2,2022-01-01,,
LEGIARTI000045737092,rural,D732-12-3,2022-01-01,,
LEGIARTI000045737094,rural,D732-12-4,2022-01-01,,
LEGIARTI000038634983,rural,D732-26-1,2019-01-01,2022-01-01,
LEGIARTI000045739422,rural,D732-26-1,2022-01-01,,
LEGIARTI000038635042,rural,D732-26-2,2019-01-01,,
LEGIARTI000045736651,rural,D732-26-3,2022-01-01,,
LEGIARTI000045736653,rural,D732-26-4,2022-01-01,,
LEGIARTI000006597407,rural,D732-27,2005-04-22,2007-10-19,
LEGIARTI000006597408,rural,D732-27,2007-10-19,2013-10-12,
LEGIARTI000028055926,rural,D732-27,2013-10-12,2015-07-17,
LEGIARTI000030900890,rural,D732-27,2015-07-17,2017-10-28,
LEGIARTI000035918549,rural,D732-27,2017-10-28,2019-06-26,
LEGIARTI000038688548,rural,D732-27,2019-06-26,2021-07-01,
LEGIARTI000043495274,rural,D732-27,2021-07-01,2023-08-20,
LEGIARTI000047983355,rural,D732-27,2023-08-20,2024-04-25,
LEGIARTI000049467091,rural,D732-27,2024-04-25,2026-07-01,
LEGIARTI000054167969,rural,D732-27,2026-07-01,,
LEGIARTI000038679285,rural,D732-28-1,2019-06-26,2026-07-01,
LEGIARTI000054167966,rural,D732-28-1,2026-07-01,,
LEGIARTI000038657624,rural,D732-29,2019-01-01,2019-06-26,
LEGIARTI000043495266,rural,D732-29,2021-07-01,2022-01-01,
LEGIARTI000045739413,rural,D732-29,2022-01-01,2024-04-25,
LEGIARTI000049467076,rural,D732-29,2024-04-25,2026-07-01,
LEGIARTI000054167956,rural,D732-29,2026-07-01,,
LEGIARTI000030819311,rural,D732-29-1,2015-07-01,2019-01-01,
LEGIARTI000038657615,rural,D732-29-1,2019-01-01,,
LEGIARTI000054161344,rural,D732-29-6,2026-07-01,,
LEGIARTI000054161346,rural,D732-29-7,2026-07-01,,
LEGIARTI000054161348,rural,D732-29-8,2026-07-01,,
LEGIARTI000054161350,rural,D732-29-9,2026-07-01,,
LEGIARTI000054161352,rural,D732-29-10,2026-07-01,,
LEGIARTI000054161354,rural,D732-29-11,2026-07-01,,
LEGIARTI000054161356,rural,D732-29-12,2026-07-01,,
LEGIARTI000054161358,rural,D732-29-13,2026-07-01,,
LEGIARTI000054161360,rural,D732-29-14,2026-07-01,,
LEGIARTI000006597504,rural,D732-38,2005-04-22,2026-01-01,
LEGIARTI000006597425,rural,D732-40,2005-04-22,2011-07-01,
LEGIARTI000023397791,rural,D732-40,2011-07-01,2012-11-01,
LEGIARTI000026139992,rural,D732-40,2012-11-01,2023-09-01,
LEGIARTI000047634525,rural,D732-40,2023-09-01,2026-01-01,
LEGIARTI000053365409,rural,D732-40,2026-01-01,,
LEGIARTI000047634534,rural,D732-40-1,2023-09-01,2026-01-01,
LEGIARTI000006597426,rural,D732-41,2005-04-22,2005-12-31,
LEGIARTI000006597427,rural,D732-41,2005-12-31,2011-01-01,
LEGIARTI000023397753,rural,D732-41,2011-01-01,2015-01-01,
LEGIARTI000030058845,rural,D732-41,2015-01-01,2017-10-28,
LEGIARTI000035918505,rural,D732-41,2017-10-28,2023-09-01,
LEGIARTI000047634611,rural,D732-41,2023-09-01,2026-01-01,
LEGIARTI000053336403,rural,D732-41,2026-01-01,2026-01-01,
LEGIARTI000053365422,rural,D732-41,2026-01-01,2026-05-09,
LEGIARTI000054059243,rural,D732-41,2026-05-09,,
LEGIARTI000023793943,rural,D732-41-1,2011-07-01,2023-09-01,
LEGIARTI000023793961,rural,D732-41-2,2011-07-01,2026-01-01,
LEGIARTI000023793974,rural,D732-41-3,2011-07-01,2026-01-01,
LEGIARTI000023793986,rural,D732-41-4,2011-07-01,2017-10-28,
LEGIARTI000035918498,rural,D732-41-4,2017-10-28,2025-09-07,
LEGIARTI000052210276,rural,D732-41-4,2025-09-07,2026-01-01,
LEGIARTI000023794030,rural,D732-41-5,2011-07-01,2026-01-01,
LEGIARTI000006597431,rural,D732-42,2005-04-22,2006-10-12,
LEGIARTI000006597432,rural,D732-42,2006-10-12,2006-12-17,
LEGIARTI000006597433,rural,D732-42,2006-12-17,2009-01-01,
LEGIARTI000020090088,rural,D732-42,2009-01-01,2011-07-01,
LEGIARTI000023397787,rural,D732-42,2011-07-01,2026-01-01,
LEGIARTI000053336392,rural,D732-42,2026-01-01,2026-01-01,
LEGIARTI000053365444,rural,D732-42,2026-01-01,,
LEGIARTI000053365456,rural,D732-43,2026-01-01,,
LEGIARTI000006597434,rural,D732-44,2005-04-22,2006-07-18,
LEGIARTI000006597435,rural,D732-44,2006-07-18,2010-05-08,
LEGIARTI000022359321,rural,D732-44,2010-05-08,2015-01-11,
LEGIARTI000030100743,rural,D732-44,2015-01-11,2017-10-28,
LEGIARTI000035918467,rural,D732-44,2017-10-28,2026-01-01,
LEGIARTI000006597436,rural,D732-45,2005-04-22,2006-07-18,
LEGIARTI000006597437,rural,D732-45,2006-07-18,2010-01-01,
LEGIARTI000021640286,rural,D732-45,2010-01-01,2017-10-28,
LEGIARTI000035918454,rural,D732-45,2017-10-28,2026-01-01,
LEGIARTI000006597438,rural,D732-46,2005-04-22,2008-12-25,
LEGIARTI000019993524,rural,D732-46,2008-12-25,2011-01-01,
LEGIARTI000023395907,rural,D732-46,2011-01-01,2015-03-27,
LEGIARTI000030400074,rural,D732-46,2015-03-27,2026-01-01,
LEGIARTI000006597439,rural,D732-47,2005-04-22,2006-07-18,
LEGIARTI000006597440,rural,D732-47,2006-07-18,2011-01-01,
LEGIARTI000023395899,rural,D732-47,2011-01-01,2026-01-01,
LEGIARTI000006597441,rural,D732-47-1,2006-01-01,2026-01-01,
LEGIARTI000006597442,rural,D732-47-2,2006-01-01,2016-07-01,
LEGIARTI000032716810,rural,D732-47-2,2016-07-01,2026-01-01,
LEGIARTI000006597443,rural,D732-47-3,2006-01-01,2026-01-01,
LEGIARTI000006597444,rural,D732-47-4,2006-01-01,2009-05-29,
LEGIARTI000020675989,rural,D732-47-4,2009-05-29,2013-12-14,
LEGIARTI000028322510,rural,D732-47-4,2013-12-14,2017-10-28,
LEGIARTI000035918448,rural,D732-47-4,2017-10-28,2026-01-01,
LEGIARTI000006597445,rural,D732-47-5,2006-01-01,2026-01-01,
LEGIARTI000006597447,rural,D732-47-6,2006-01-01,2009-05-29,
LEGIARTI000020675991,rural,D732-47-6,2009-05-29,2026-01-01,
LEGIARTI000006597448,rural,D732-47-7,2006-01-01,2026-01-01,
LEGIARTI000006597449,rural,D732-47-8,2006-01-01,2009-05-29,
LEGIARTI000020675996,rural,D732-47-8,2009-05-29,2026-01-01,
LEGIARTI000006597450,rural,D732-47-9,2006-01-01,2026-01-01,
LEGIARTI000006597451,rural,D732-47-10,2006-01-01,2026-01-01,
LEGIARTI000006597452,rural,D732-48,2005-04-22,2007-01-24,
LEGIARTI000006597453,rural,D732-48,2007-01-24,2012-03-01,
LEGIARTI000025263113,rural,D732-48,2012-03-01,2026-01-01,
LEGIARTI000053352415,rural,D732-48-1,2026-01-01,,
LEGIARTI000006597454,rural,D732-50,2005-04-22,2026-01-01,
LEGIARTI000006597455,rural,D732-51,2005-04-22,2026-01-01,
LEGIARTI000006597456,rural,D732-52,2005-04-22,2017-10-28,
LEGIARTI000035918428,rural,D732-52,2017-10-28,2026-01-01,
LEGIARTI000027152231,rural,D732-52-1,2013-03-10,2026-01-01,
LEGIARTI000039122265,rural,D732-52-2,2019-11-01,2026-01-01,
LEGIARTI000006597459,rural,D732-53,2005-04-22,2026-01-01,
LEGIARTI000006597462,rural,D732-56,2005-04-22,2006-10-12,
LEGIARTI000006597463,rural,D732-56,2006-10-12,2026-01-01,
LEGIARTI000006597464,rural,D732-57,2005-04-22,2026-01-01,
LEGIARTI000006597465,rural,D732-58,2005-04-22,2011-01-01,
LEGIARTI000023397801,rural,D732-58,2011-01-01,2023-09-01,
LEGIARTI000047634505,rural,D732-58,2023-09-01,2026-01-01,
LEGIARTI000006597466,rural,D732-59,2005-04-22,2026-01-01,
LEGIARTI000053352584,rural,D732-62,2026-01-01,,
LEGIARTI000006597483,rural,D732-67,2005-04-22,2026-01-01,
LEGIARTI000053365466,rural,D732-70,2026-01-01,,
LEGIARTI000053365475,rural,D732-71,2026-01-01,,
LEGIARTI000006597484,rural,D732-74,2005-04-22,2007-01-24,
LEGIARTI000006597485,rural,D732-74,2007-01-24,2026-01-01,
LEGIARTI000053336440,rural,D732-74,2026-01-01,,
LEGIARTI000027152272,rural,D732-74-1,2013-03-10,2026-01-01,
LEGIARTI000006597486,rural,D732-75,2005-04-22,2026-01-01,
LEGIARTI000053365481,rural,D732-75,2026-01-01,,
LEGIARTI000053365504,rural,D732-76,2026-01-01,2026-05-09,
LEGIARTI000054059256,rural,D732-76,2026-05-09,,
LEGIARTI000053365517,rural,D732-77,2026-01-01,,
LEGIARTI000006597492,rural,D732-78,2005-04-22,2009-02-16,
LEGIARTI000020254822,rural,D732-78,2009-02-16,2026-01-01,
LEGIARTI000053365532,rural,D732-78,2026-01-01,,
LEGIARTI000006597493,rural,D732-79,2005-04-22,2009-02-16,
LEGIARTI000020254835,rural,D732-79,2009-02-16,2026-01-01,
LEGIARTI000053336562,rural,D732-79,2026-01-01,,
LEGIARTI000006597494,rural,D732-80,2005-04-22,2009-02-16,
LEGIARTI000020254828,rural,D732-80,2009-02-16,2010-02-11,
LEGIARTI000021803632,rural,D732-80,2010-02-11,2017-10-28,
LEGIARTI000035918326,rural,D732-80,2017-10-28,2026-01-01,
LEGIARTI000053365542,rural,D732-80,2026-01-01,2026-05-09,
LEGIARTI000054059277,rural,D732-80,2026-05-09,,
LEGIARTI000006597495,rural,D732-81,2005-04-22,2010-02-11,
LEGIARTI000021803629,rural,D732-81,2010-02-11,2026-01-01,
LEGIARTI000006597496,rural,D732-82,2005-04-22,2026-01-01,
LEGIARTI000053365545,rural,D732-82,2026-01-01,,
LEGIARTI000006597489,rural,D732-83,2005-04-22,2009-02-16,
LEGIARTI000053336484,rural,D732-83,2026-01-01,,
LEGIARTI000053365550,rural,D732-84,2026-01-01,,
LEGIARTI000006597498,rural,D732-85,2005-04-22,2017-10-28,
LEGIARTI000035918313,rural,D732-85,2017-10-28,2023-09-01,
LEGIARTI000047634646,rural,D732-85,2023-09-01,2026-01-01,
LEGIARTI000053365556,rural,D732-85,2026-01-01,,
LEGIARTI000006597499,rural,D732-86,2005-04-22,2006-08-11,
LEGIARTI000006597500,rural,D732-86,2006-08-11,2006-09-28,
LEGIARTI000006597501,rural,D732-86,2006-09-28,2010-01-01,
LEGIARTI000042061510,rural,D732-86,2020-06-30,2023-09-01,
LEGIARTI000047634639,rural,D732-86,2023-09-01,2026-01-01,
LEGIARTI000053365563,rural,D732-86,2026-01-01,,
LEGIARTI000047634653,rural,D732-86-1,2023-09-01,2026-01-01,
LEGIARTI000006597502,rural,D732-87,2005-04-22,2024-07-09,
LEGIARTI000049917683,rural,D732-87,2024-07-09,2026-01-01,
LEGIARTI000053365567,rural,D732-87,2026-01-01,,
LEGIARTI000006597503,rural,D732-88,2005-04-22,2008-12-04,
LEGIARTI000019863053,rural,D732-88,2008-12-04,2026-01-01,
LEGIARTI000053365573,rural,D732-88,2026-01-01,,
LEGIARTI000006597506,rural,D732-89,2005-04-22,2007-01-13,
LEGIARTI000006597507,rural,D732-89,2007-01-13,2009-06-25,
LEGIARTI000020786235,rural,D732-89,2009-06-25,2010-05-08,
LEGIARTI000022359646,rural,D732-89,2010-05-08,2011-07-01,
LEGIARTI000023397776,rural,D732-89,2011-07-01,2017-05-06,
LEGIARTI000034624553,rural,D732-89,2017-05-06,2017-10-28,
LEGIARTI000035918285,rural,D732-89,2017-10-28,2020-05-25,
LEGIARTI000041968784,rural,D732-89,2020-05-25,2026-01-01,
LEGIARTI000054053324,rural,D732-89,2026-05-09,,
LEGIARTI000006597508,rural,D732-90,2005-04-22,2026-01-01,
LEGIARTI000006597509,rural,D732-91,2005-04-22,2026-01-01,
LEGIARTI000053365577,rural,D732-91,2026-01-01,2026-05-09,
LEGIARTI000054059281,rural,D732-91,2026-05-09,,
LEGIARTI000006597510,rural,D732-92,2005-04-22,2009-01-01,
LEGIARTI000020090039,rural,D732-92,2009-01-01,2026-01-01,
LEGIARTI000020090022,rural,D732-92-1,2009-01-01,2026-01-01,
LEGIARTI000006597511,rural,D732-93,2005-04-22,2026-01-01,
LEGIARTI000006597512,rural,D732-94,2005-04-22,2026-01-01,
LEGIARTI000006597514,rural,D732-95,2005-04-22,2011-01-01,
LEGIARTI000023397797,rural,D732-95,2011-01-01,2026-01-01,
LEGIARTI000006597515,rural,D732-96,2005-04-22,2011-07-01,
LEGIARTI000023397772,rural,D732-96,2011-07-01,2026-01-01,
LEGIARTI000006597516,rural,D732-97,2005-04-22,2026-01-01,
LEGIARTI000006597517,rural,D732-98,2005-04-22,2011-07-01,
LEGIARTI000023397765,rural,D732-98,2011-07-01,2026-01-01,
LEGIARTI000006597518,rural,D732-99,2005-04-22,2026-01-01,
LEGIARTI000006597519,rural,D732-100,2005-04-22,2026-01-01,
LEGIARTI000020791876,rural,D732-100-1,2009-06-26,2010-05-08,
LEGIARTI000022359655,rural,D732-100-1,2010-05-08,2017-10-28,
LEGIARTI000035918278,rural,D732-100-1,2017-10-28,2026-01-01,
LEGIARTI000020791870,rural,D732-100-2,2009-06-26,2017-10-28,
LEGIARTI000035918267,rural,D732-100-2,2017-10-28,2026-01-01,
LEGIARTI000020791866,rural,D732-100-3,2009-06-26,2011-07-01,
LEGIARTI000023397759,rural,D732-100-3,2011-07-01,2026-01-01,
LEGIARTI000020791863,rural,D732-100-4,2009-06-26,2026-01-01,
LEGIARTI000006597520,rural,D732-101,2005-04-22,2026-01-01,
LEGIARTI000053365632,rural,D732-101,2026-01-01,,
LEGIARTI000006597522,rural,D732-101-1,2006-10-12,2026-01-01,
LEGIARTI000006597524,rural,D732-103,2005-04-22,2011-01-01,
LEGIARTI000023412386,rural,D732-103,2011-01-01,2026-01-01,
LEGIARTI000053365655,rural,D732-103,2026-01-01,2026-05-09,
LEGIARTI000054059293,rural,D732-103,2026-05-09,,
LEGIARTI000006597526,rural,D732-105,2005-04-22,2011-01-01,
LEGIARTI000023412377,rural,D732-105,2011-01-01,2026-01-01,
LEGIARTI000053365644,rural,D732-105,2026-01-01,2026-05-09,
LEGIARTI000054059302,rural,D732-105,2026-05-09,,
LEGIARTI000006597527,rural,D732-106,2005-04-22,2011-01-01,
LEGIARTI000023412373,rural,D732-106,2011-01-01,,
LEGIARTI000053365585,rural,D732-107,2026-01-01,,
LEGIARTI000006597529,rural,D732-108,2005-04-22,2011-01-01,
LEGIARTI000053365588,rural,D732-108,2026-01-01,2026-05-09,
LEGIARTI000054059317,rural,D732-108,2026-05-09,,
LEGIARTI000006597531,rural,D732-109,2005-04-22,2007-01-01,
LEGIARTI000020254724,rural,D732-109,2009-02-16,2014-05-18,
LEGIARTI000028958254,rural,D732-109,2014-05-18,2026-01-01,
LEGIARTI000053365675,rural,D732-109,2026-01-01,,
LEGIARTI000006597532,rural,D732-110,2005-04-22,2007-01-01,
LEGIARTI000006597533,rural,D732-110,2007-01-01,2009-02-16,
LEGIARTI000020254712,rural,D732-110,2009-02-16,2010-02-11,
LEGIARTI000021803615,rural,D732-110,2010-02-11,2011-01-01,
LEGIARTI000023395298,rural,D732-110,2011-01-01,2016-07-01,
LEGIARTI000032716796,rural,D732-110,2016-07-01,2022-01-01,
LEGIARTI000044944285,rural,D732-110,2022-01-01,2026-01-01,
LEGIARTI000053365690,rural,D732-110,2026-01-01,,
LEGIARTI000006597534,rural,D732-111,2005-04-22,2007-01-01,
LEGIARTI000006597535,rural,D732-111,2007-01-01,2009-02-16,
LEGIARTI000020254705,rural,D732-111,2009-02-16,2017-10-28,
LEGIARTI000035918254,rural,D732-111,2017-10-28,2022-01-01,
LEGIARTI000044944271,rural,D732-111,2022-01-01,2023-08-12,
LEGIARTI000047961256,rural,D732-111,2023-08-12,2026-01-01,
LEGIARTI000053365711,rural,D732-111,2026-01-01,,
LEGIARTI000006597536,rural,D732-112,2005-04-22,2009-02-16,
LEGIARTI000020254696,rural,D732-112,2009-02-16,2026-01-01,
LEGIARTI000053365723,rural,D732-112,2026-01-01,,
LEGIARTI000006597537,rural,D732-113,2005-04-22,2009-02-16,
LEGIARTI000020254692,rural,D732-113,2009-02-16,2010-02-11,
LEGIARTI000021803611,rural,D732-113,2010-02-11,2022-01-01,
LEGIARTI000044944264,rural,D732-113,2022-01-01,2023-09-01,
LEGIARTI000047961228,rural,D732-113,2023-09-01,2026-01-01,
LEGIARTI000053365737,rural,D732-113,2026-01-01,,
LEGIARTI000006597538,rural,D732-114,2005-04-22,2009-02-16,
LEGIARTI000020254688,rural,D732-114,2009-02-16,2026-01-01,
LEGIARTI000053365740,rural,D732-114,2026-01-01,,
LEGIARTI000006597539,rural,D732-115,2005-04-22,2007-01-01,
LEGIARTI000006597540,rural,D732-115,2007-01-01,2009-02-16,
LEGIARTI000020254684,rural,D732-115,2009-02-16,2009-06-26,
LEGIARTI000020791882,rural,D732-115,2009-06-26,2010-02-11,
LEGIARTI000021803608,rural,D732-115,2010-02-11,2026-01-01,
LEGIARTI000053365746,rural,D732-115,2026-01-01,,
LEGIARTI000006597541,rural,D732-116,2005-04-22,2006-10-12,
LEGIARTI000006597542,rural,D732-116,2006-10-12,2009-02-16,
LEGIARTI000023395270,rural,D732-116,2011-01-01,2026-01-01,
LEGIARTI000006597544,rural,D732-117,2007-01-01,2009-02-16,
LEGIARTI000023395265,rural,D732-117,2011-01-01,2026-01-01,
LEGIARTI000006597545,rural,D732-118,2005-04-22,2007-01-01,
LEGIARTI000006597546,rural,D732-118,2007-01-01,2009-02-16,
LEGIARTI000023395260,rural,D732-118,2011-01-01,2017-10-28,
LEGIARTI000035918245,rural,D732-118,2017-10-28,2026-01-01,
LEGIARTI000006597547,rural,D732-119,2005-04-22,2009-02-16,
LEGIARTI000006597548,rural,D732-120,2005-04-22,2009-02-16,
LEGIARTI000006597549,rural,D732-121,2005-04-22,2009-02-16,
LEGIARTI000006597551,rural,D732-123,2005-04-22,2009-02-16,
LEGIARTI000023395237,rural,D732-123,2011-01-01,2026-01-01,
LEGIARTI000006597552,rural,D732-124,2005-04-22,2009-02-16,
LEGIARTI000023395232,rural,D732-124,2011-01-01,2020-12-03,
LEGIARTI000042597122,rural,D732-124,2020-12-03,2026-01-01,
LEGIARTI000006597553,rural,D732-125,2005-04-22,2009-02-16,
LEGIARTI000006597555,rural,D732-126,2005-04-22,2009-02-16,
LEGIARTI000006597556,rural,D732-127,2005-04-22,2009-02-16,
LEGIARTI000023395219,rural,D732-127,2011-01-01,2026-01-01,
LEGIARTI000006597557,rural,D732-128,2005-04-22,2009-02-16,
LEGIARTI000006597558,rural,D732-129,2005-04-22,2009-02-16,
LEGIARTI000006597559,rural,D732-130,2005-04-22,2009-02-16,
LEGIARTI000006597561,rural,D732-131,2007-01-01,2009-02-16,
LEGIARTI000006597562,rural,D732-132,2005-04-22,2007-01-01,
LEGIARTI000006597563,rural,D732-132,2007-01-01,2009-02-16,
LEGIARTI000006597564,rural,D732-133,2005-04-22,2007-01-01,
LEGIARTI000006597565,rural,D732-133,2007-01-01,2009-02-16,
LEGIARTI000006597566,rural,D732-134,2005-04-22,2009-02-16,
LEGIARTI000006597568,rural,D732-135,2005-04-22,2009-02-16,
LEGIARTI000006597569,rural,D732-136,2005-04-22,2009-02-16,
LEGIARTI000006597571,rural,D732-137,2007-01-01,2009-02-16,
LEGIARTI000006597572,rural,D732-138,2005-04-22,2009-02-16,
LEGIARTI000006597573,rural,D732-139,2005-04-22,2009-02-16,
LEGIARTI000006597574,rural,D732-140,2005-04-22,2009-02-16,
LEGIARTI000006597575,rural,D732-141,2005-04-22,2009-02-16,
LEGIARTI000051224630,rural,D732-141,2025-02-22,2026-01-01,
LEGIARTI000006597576,rural,D732-142,2005-04-22,2009-02-16,
LEGIARTI000006597577,rural,D732-143,2005-04-22,2009-02-16,
LEGIARTI000006597578,rural,D732-144,2005-04-22,2006-10-12,
LEGIARTI000006597579,rural,D732-144,2006-10-12,2009-02-16,
LEGIARTI000006597580,rural,D732-145,2005-04-22,2009-02-16,
LEGIARTI000006597581,rural,D732-146,2005-04-22,2009-02-16,
LEGIARTI000006597582,rural,D732-147,2005-04-22,2009-02-16,
LEGIARTI000006597583,rural,D732-148,2005-04-22,2009-06-26,
LEGIARTI000020792179,rural,D732-148,2009-06-26,2026-01-01,
LEGIARTI000006597584,rural,D732-149,2005-04-22,2026-01-01,
LEGIARTI000006597586,rural,D732-150,2005-04-22,2026-01-01,
LEGIARTI000006597587,rural,D732-151,2005-04-22,2011-01-01,
LEGIARTI000023395130,rural,D732-151,2011-01-01,2026-01-01,
LEGIARTI000053365751,rural,D732-151,2026-01-01,,
LEGIARTI000028941346,rural,D732-151-1,2014-02-01,2026-01-01,
LEGIARTI000053365762,rural,D732-151-1,2026-01-01,,
LEGIARTI000053365594,rural,D732-151-1-1,2026-01-01,,
LEGIARTI000006597588,rural,D732-152,2005-04-22,2011-01-01,
LEGIARTI000023395100,rural,D732-152,2011-01-01,2014-02-01,
LEGIARTI000028958309,rural,D732-152,2014-02-01,,
LEGIARTI000006597589,rural,D732-153,2005-04-22,,
LEGIARTI000006597590,rural,D732-154,2005-04-22,2023-09-01,
LEGIARTI000047961251,rural,D732-154,2023-09-01,2026-01-01,
LEGIARTI000053365870,rural,D732-154,2026-01-01,,
LEGIARTI000028941720,rural,D732-154-1,2014-02-01,2023-09-01,
LEGIARTI000047961246,rural,D732-154-1,2023-09-01,,
LEGIARTI000028941700,rural,D732-154-2,2014-02-01,2026-01-01,
LEGIARTI000053365768,rural,D732-154-2,2026-01-01,,
LEGIARTI000028941729,rural,D732-154-3,2014-02-01,,
LEGIARTI000006597591,rural,D732-155,2005-04-22,2005-11-16,
LEGIARTI000006597592,rural,D732-155,2005-11-16,2006-10-19,
LEGIARTI000006597593,rural,D732-155,2006-10-19,2011-01-01,
LEGIARTI000023395107,rural,D732-155,2011-01-01,2017-05-05,
LEGIARTI000034578860,rural,D732-155,2017-05-05,2024-07-07,
LEGIARTI000049904715,rural,D732-155,2024-07-07,,
LEGIARTI000006597594,rural,D732-156,2005-04-22,,
LEGIARTI000006597596,rural,D732-157,2005-04-22,2011-01-01,
LEGIARTI000023395113,rural,D732-157,2011-01-01,2014-02-01,
LEGIARTI000028958295,rural,D732-157,2014-02-01,2026-01-01,
LEGIARTI000053365777,rural,D732-157,2026-01-01,,
LEGIARTI000006597597,rural,D732-158,2005-04-22,,
LEGIARTI000006597598,rural,D732-159,2005-04-22,2017-10-28,
LEGIARTI000035918236,rural,D732-159,2017-10-28,,
LEGIARTI000006597599,rural,D732-160,2005-04-22,2018-01-01,
LEGIARTI000034686105,rural,D732-160,2018-01-01,2020-05-25,
LEGIARTI000041968778,rural,D732-160,2020-05-25,,
LEGIARTI000006597600,rural,D732-161,2005-04-22,2007-04-05,
LEGIARTI000006597601,rural,D732-161,2007-04-05,,
LEGIARTI000006597602,rural,D732-162,2005-04-22,,
LEGIARTI000006597603,rural,D732-163,2005-04-22,2008-06-14,
LEGIARTI000018981628,rural,D732-163,2008-06-14,2010-07-19,
LEGIARTI000022503845,rural,D732-163,2010-07-19,2023-11-10,
LEGIARTI000048378118,rural,D732-163,2023-11-10,,
LEGIARTI000022503859,rural,D732-164,2010-07-19,,
LEGIARTI000006597605,rural,D732-165,2005-11-16,2006-10-19,
LEGIARTI000006597606,rural,D732-165,2006-10-19,2007-04-29,
LEGIARTI000006597607,rural,D732-165,2007-04-29,2007-11-17,
LEGIARTI000006597608,rural,D732-165,2007-11-17,2008-11-17,
LEGIARTI000019764630,rural,D732-165,2008-11-17,2009-11-08,
LEGIARTI000021244359,rural,D732-165,2009-11-08,2010-12-20,
LEGIARTI000023265814,rural,D732-165,2010-12-20,2011-01-01,
LEGIARTI000023395123,rural,D732-165,2011-01-01,2011-12-28,
LEGIARTI000025035079,rural,D732-165,2011-12-28,2012-12-30,
LEGIARTI000026875265,rural,D732-165,2012-12-30,2013-10-19,
LEGIARTI000028085739,rural,D732-165,2013-10-19,2014-12-29,
LEGIARTI000029994473,rural,D732-165,2014-12-29,2016-01-01,
LEGIARTI000031822764,rural,D732-165,2016-01-01,2016-12-31,
LEGIARTI000033824916,rural,D732-165,2016-12-31,2020-01-01,
LEGIARTI000041404706,rural,D732-165,2020-01-01,2024-07-07,
LEGIARTI000049904700,rural,D732-165,2024-07-07,,
LEGIARTI000006597609,rural,D732-166,2005-11-16,2006-10-19,
LEGIARTI000006597610,rural,D732-166,2006-10-19,2007-11-17,
LEGIARTI000006597611,rural,D732-166,2007-11-17,2008-11-17,
LEGIARTI000019764627,rural,D732-166,2008-11-17,2009-11-08,
LEGIARTI000021244356,rural,D732-166,2009-11-08,2010-12-20,
LEGIARTI000023265811,rural,D732-166,2010-12-20,2011-12-28,
LEGIARTI000025035086,rural,D732-166,2011-12-28,2012-12-30,
LEGIARTI000026875262,rural,D732-166,2012-12-30,2013-10-19,
LEGIARTI000028085736,rural,D732-166,2013-10-19,2014-12-29,
LEGIARTI000029994468,rural,D732-166,2014-12-29,2016-01-01,
LEGIARTI000031822759,rural,D732-166,2016-01-01,2016-12-31,
LEGIARTI000033824911,rural,D732-166,2016-12-31,2017-12-31,
LEGIARTI000036404620,rural,D732-166,2017-12-31,2018-12-30,
LEGIARTI000038030319,rural,D732-166,2018-12-30,2020-12-31,
LEGIARTI000042855042,rural,D732-166,2020-12-31,2021-12-31,
LEGIARTI000044862026,rural,D732-166,2021-12-31,2022-12-25,
LEGIARTI000046813914,rural,D732-166,2022-12-25,2023-12-17,
LEGIARTI000048577987,rural,D732-166,2023-12-17,2025-01-01,
LEGIARTI000050941829,rural,D732-166,2025-01-01,2026-02-14,
LEGIARTI000053469848,rural,D732-166,2026-02-14,,
LEGIARTI000031124284,rural,D732-166-1,2015-09-03,2021-11-01,
LEGIARTI000043671245,rural,D732-166-1,2021-11-01,2026-01-01,
LEGIARTI000053365790,rural,D732-166-1,2026-01-01,2026-05-09,
LEGIARTI000054059327,rural,D732-166-1,2026-05-09,,
LEGIARTI000031124287,rural,D732-166-2,2015-09-03,2021-11-01,
LEGIARTI000043671239,rural,D732-166-2,2021-11-01,2026-01-01,
LEGIARTI000053365795,rural,D732-166-2,2026-01-01,,
LEGIARTI000031124289,rural,D732-166-3,2015-09-03,2021-11-01,
LEGIARTI000043671226,rural,D732-166-3,2021-11-01,2026-01-01,
LEGIARTI000053365801,rural,D732-166-3,2026-01-01,,
LEGIARTI000031124291,rural,D732-166-4,2015-09-03,2021-11-01,
LEGIARTI000043671216,rural,D732-166-4,2021-11-01,2022-01-01,
LEGIARTI000044944255,rural,D732-166-4,2022-01-01,2026-01-01,
LEGIARTI000053365809,rural,D732-166-4,2026-01-01,,
LEGIARTI000031124293,rural,D732-166-5,2015-09-03,2021-11-01,
LEGIARTI000043671209,rural,D732-166-5,2021-11-01,2026-01-01,
LEGIARTI000053365825,rural,D732-166-5,2026-01-01,,
LEGIARTI000043670997,rural,D732-166-5-1,2021-11-01,,
LEGIARTI000043670999,rural,D732-166-5-2,2021-11-01,,
LEGIARTI000043671001,rural,D732-166-5-3,2021-11-01,,
LEGIARTI000031124295,rural,D732-166-6,2015-09-03,,
LEGIARTI000006597612,rural,D732-167,2007-05-12,2014-12-18,
LEGIARTI000029916172,rural,D732-167,2014-12-18,2017-10-28,
LEGIARTI000035918214,rural,D732-167,2017-10-28,2023-09-01,
LEGIARTI000047961485,rural,D732-167,2023-09-01,2026-01-01,
LEGIARTI000006597613,rural,D732-168,2007-05-12,2014-12-18,
LEGIARTI000029916162,rural,D732-168,2014-12-18,2017-10-28,
LEGIARTI000035918203,rural,D732-168,2017-10-28,2023-09-01,
LEGIARTI000047961478,rural,D732-168,2023-09-01,2026-01-01,
LEGIARTI000006597614,rural,D732-169,2007-05-12,2015-03-21,
LEGIARTI000030377095,rural,D732-169,2015-03-21,2023-09-01,
LEGIARTI000047961450,rural,D732-169,2023-09-01,2026-01-01,
LEGIARTI000006597615,rural,D732-170,2007-05-12,2023-09-01,
LEGIARTI000047961473,rural,D732-170,2023-09-01,2026-01-01,
LEGIARTI000006597617,rural,D732-172,2007-05-12,2023-09-01,
LEGIARTI000047961456,rural,D732-172,2023-09-01,2026-01-01,
LEGIARTI000006597619,rural,D732-173,2007-05-12,2023-09-01,
LEGIARTI000006597620,rural,D732-174,2007-05-12,2017-10-28,
LEGIARTI000035918189,rural,D732-174,2017-10-28,2023-09-01,
LEGIARTI000047961464,rural,D732-174,2023-09-01,2026-01-01,
LEGIARTI000006597621,rural,D732-175,2007-05-12,2009-06-25,
LEGIARTI000020786225,rural,D732-175,2009-06-25,2023-09-01,
LEGIARTI000047961459,rural,D732-175,2023-09-01,2026-01-01,
LEGIARTI000006597622,rural,D732-176,2007-05-12,2014-12-18,
LEGIARTI000029916152,rural,D732-176,2014-12-18,2022-01-01,
LEGIARTI000045681486,rural,D732-176,2022-01-01,2023-09-01,
LEGIARTI000020786229,rural,D732-176-1,2009-06-25,2026-01-01,
LEGIARTI000006597627,rural,D732-181,2007-05-12,2017-10-28,
LEGIARTI000035918172,rural,D732-181,2017-10-28,2023-09-01,
LEGIARTI000006597790,rural,D742-3,2005-04-22,,
LEGIARTI000023794059,rural,D742-3-1,2011-07-01,2017-10-28,
LEGIARTI000035918787,rural,D742-3-1,2017-10-28,2026-01-01,
LEGIARTI000053336785,rural,D742-3-1,2026-01-01,,
LEGIARTI000047097647,rural,D742-3-2,2022-07-01,,
LEGIARTI000006597792,rural,D742-12,2005-04-22,,
LEGIARTI000006597805,rural,D742-18,2005-04-22,2020-05-25,
LEGIARTI000041968753,rural,D742-18,2020-05-25,2023-09-01,
LEGIARTI000047961234,rural,D742-18,2023-09-01,,
LEGIARTI000045673041,rural,D742-24,2022-01-01,2023-09-01,
LEGIARTI000006597808,rural,D742-26,2005-04-22,,
LEGIARTI000006597810,rural,D742-28,2005-04-22,2011-01-01,
LEGIARTI000006597811,rural,D742-29,2005-04-22,2011-01-01,
LEGIARTI000006597812,rural,D742-30,2005-04-22,2011-01-01,
LEGIARTI000023412369,rural,D742-30,2011-01-01,2017-10-28,
LEGIARTI000035918805,rural,D742-30,2017-10-28,,
LEGIARTI000006597813,rural,D742-31,2005-04-22,,
LEGIARTI000006597814,rural,D742-32,2005-04-22,2011-01-01,
LEGIARTI000023412366,rural,D742-32,2011-01-01,,
LEGIARTI000006597815,rural,D742-33,2005-04-22,2011-01-01,
LEGIARTI000023412360,rural,D742-33,2011-01-01,2017-10-28,
LEGIARTI000035918793,rural,D742-33,2017-10-28,,
LEGIARTI000006597816,rural,D742-34,2005-04-22,2011-01-01,
LEGIARTI000006597818,rural,D742-35,2005-04-22,2011-01-01,
LEGIARTI000006597819,rural,D742-36,2005-04-22,,
LEGIARTI000006597820,rural,D742-37,2005-04-22,2011-01-01,
LEGIARTI000023412355,rural,D742-37,2011-01-01,,
LEGIARTI000006597821,rural,D742-38,2005-04-22,,
LEGIARTI000006585493,rural,L732-1,2000-06-22,,
LEGIARTI000006585495,rural,L732-3,2000-06-22,2002-04-01,
LEGIARTI000006585496,rural,L732-3,2002-04-01,2016-01-01,
LEGIARTI000031687495,rural,L732-3,2016-01-01,,
LEGIARTI000028394329,rural,L732-4,2013-12-25,2016-12-25,
LEGIARTI000026799480,rural,L732-4,2014-01-01,2013-12-25,
LEGIARTI000033714641,rural,L732-4,2016-12-25,2018-01-01,
LEGIARTI000033778317,rural,L732-4,2018-01-01,2019-12-28,
LEGIARTI000041399020,rural,L732-4,2019-12-28,2020-07-01,
LEGIARTI000041979777,rural,L732-4,2020-07-01,2021-01-01,
LEGIARTI000042685411,rural,L732-4,2021-01-01,2022-01-01,
LEGIARTI000044629216,rural,L732-4,2022-01-01,2023-07-09,
LEGIARTI000047803292,rural,L732-4,2023-07-09,2023-12-28,
LEGIARTI000048685895,rural,L732-4,2023-12-28,,
LEGIARTI000006585499,rural,L732-5,2000-06-22,2002-12-24,
LEGIARTI000006585500,rural,L732-5,2002-12-24,,
LEGIARTI000006585501,rural,L732-6,2000-06-22,2014-01-01,
LEGIARTI000026799471,rural,L732-6,2014-01-01,,
LEGIARTI000028386707,rural,L732-6-1,2014-01-01,2013-12-24,
LEGIARTI000006585503,rural,L732-8,2000-06-22,2001-12-29,
LEGIARTI000006585504,rural,L732-8,2001-12-29,2010-01-30,
LEGIARTI000021763263,rural,L732-8,2010-01-30,2010-05-08,
LEGIARTI000022203729,rural,L732-8,2010-05-08,2020-01-01,
LEGIARTI000041398878,rural,L732-8,2020-01-01,2021-12-25,
LEGIARTI000044629183,rural,L732-8,2021-12-25,,
LEGIARTI000028384922,rural,L732-8-1,2013-12-25,,
LEGIARTI000006585505,rural,L732-9,2000-06-22,2015-01-01,
LEGIARTI000029961532,rural,L732-9,2015-01-01,2025-12-24,
LEGIARTI000053152923,rural,L732-9,2025-12-24,,
LEGIARTI000053284060,rural,L732-9-1,2025-12-31,,
LEGIARTI000037951066,rural,L732-10,2018-12-23,2021-12-25,
LEGIARTI000044629140,rural,L732-10,2021-12-25,,
LEGIARTI000027417125,rural,L732-10-1,2013-05-19,2018-06-14,
LEGIARTI000037063620,rural,L732-10-1,2018-06-14,2018-12-23,
LEGIARTI000037951057,rural,L732-10-1,2018-12-23,,
LEGIARTI000053152908,rural,L732-11,2025-12-24,2025-12-31,
LEGIARTI000053279115,rural,L732-11,2025-12-31,,
LEGIARTI000017842071,rural,L732-12,2007-12-22,2013-05-19,
LEGIARTI000027432090,rural,L732-12,2013-05-19,,
LEGIARTI000053269902,rural,L732-12-1-1,2025-12-31,,
LEGIARTI000029956643,rural,L732-12-2,2014-12-25,2018-12-23,
LEGIARTI000037951046,rural,L732-12-2,2018-12-23,,
LEGIARTI000006585513,rural,L732-13,2000-06-22,2001-12-26,
LEGIARTI000006585514,rural,L732-13,2001-12-26,2003-12-13,
LEGIARTI000006585515,rural,L732-13,2003-12-13,,
LEGIARTI000006585516,rural,L732-14,2000-06-22,,
LEGIARTI000006585517,rural,L732-15,2000-06-22,2013-12-25,
LEGIARTI000028394336,rural,L732-15,2013-12-25,2014-01-01,
LEGIARTI000026799459,rural,L732-15,2014-01-01,,
LEGIARTI000006585518,rural,L732-16,2000-06-22,,
LEGIARTI000006585519,rural,L732-17,2000-06-22,2005-02-24,
LEGIARTI000006585520,rural,L732-17,2005-02-24,,
LEGIARTI000047449238,rural,L732-17-1,2023-09-01,2026-01-01,
LEGIARTI000006585522,rural,L732-18,2000-06-22,2004-07-01,
LEGIARTI000006585523,rural,L732-18,2004-07-01,2011-07-01,
LEGIARTI000023030985,rural,L732-18,2011-07-01,2026-01-01,
LEGIARTI000051289367,rural,L732-18,2026-01-01,,
LEGIARTI000006585524,rural,L732-18-1,2004-01-01,2004-07-01,
LEGIARTI000006585525,rural,L732-18-1,2004-07-01,2014-01-22,
LEGIARTI000028498657,rural,L732-18-1,2014-01-22,2023-09-01,
LEGIARTI000047453049,rural,L732-18-1,2023-09-01,2026-01-01,
LEGIARTI000006585526,rural,L732-18-2,2004-01-01,2004-07-01,
LEGIARTI000006585527,rural,L732-18-2,2004-07-01,2005-02-12,
LEGIARTI000006585528,rural,L732-18-2,2005-02-12,2010-11-11,
LEGIARTI000023035049,rural,L732-18-2,2010-11-11,2014-01-22,
LEGIARTI000028498833,rural,L732-18-2,2014-01-22,2023-09-01,
LEGIARTI000047453161,rural,L732-18-2,2023-09-01,2026-01-01,
LEGIARTI000023032164,rural,L732-18-3,2011-07-01,2015-01-01,
LEGIARTI000028498385,rural,L732-18-3,2015-01-01,2017-10-01,
LEGIARTI000035640949,rural,L732-18-3,2017-10-01,2017-12-22,
LEGIARTI000036243522,rural,L732-18-3,2017-12-22,2023-04-16,
LEGIARTI000047452244,rural,L732-18-3,2023-04-16,2026-01-01,
LEGIARTI000047449242,rural,L732-18-4,2023-09-01,2026-01-01,
LEGIARTI000006585529,rural,L732-19,2000-06-22,2004-07-01,
LEGIARTI000006585530,rural,L732-19,2004-07-01,2026-01-01,
LEGIARTI000006585531,rural,L732-20,2000-06-22,2004-07-01,
LEGIARTI000006585532,rural,L732-20,2004-07-01,2026-01-01,
LEGIARTI000051289459,rural,L732-20,2026-01-01,,
LEGIARTI000006585533,rural,L732-21,2000-06-22,2001-12-26,
LEGIARTI000006585534,rural,L732-21,2001-12-26,2004-07-01,
LEGIARTI000006585535,rural,L732-21,2004-07-01,2012-12-19,
LEGIARTI000026799766,rural,L732-21,2012-12-19,2019-01-01,
LEGIARTI000037388332,rural,L732-21,2019-01-01,2026-01-01,
LEGIARTI000051289451,rural,L732-21,2026-01-01,,
LEGIARTI000006585536,rural,L732-22,2000-06-22,2004-07-01,
LEGIARTI000006585537,rural,L732-22,2004-07-01,2018-01-01,
LEGIARTI000036392423,rural,L732-22,2018-01-01,2026-01-01,
LEGIARTI000006585538,rural,L732-23,2000-06-22,2004-01-01,
LEGIARTI000006585539,rural,L732-23,2004-01-01,2004-07-01,
LEGIARTI000006585540,rural,L732-23,2004-07-01,2023-09-01,
LEGIARTI000047453039,rural,L732-23,2023-09-01,2026-01-01,
LEGIARTI000051289444,rural,L732-23,2026-01-01,,
LEGIARTI000006585541,rural,L732-24,2000-06-22,2000-12-31,
LEGIARTI000006585542,rural,L732-24,2000-12-31,2001-12-29,
LEGIARTI000006585543,rural,L732-24,2001-12-29,2004-07-01,
LEGIARTI000006585544,rural,L732-24,2004-07-01,2014-08-10,
LEGIARTI000029354474,rural,L732-24,2014-08-10,2015-12-23,
LEGIARTI000031688341,rural,L732-24,2015-12-23,2026-01-01,
LEGIARTI000051289465,rural,L732-24,2026-01-01,2025-12-31,
LEGIARTI000053280317,rural,L732-24,2026-01-01,,
LEGIARTI000047129154,rural,L732-24-1,2023-02-15,2026-01-01,
LEGIARTI000006585545,rural,L732-25,2000-06-22,2004-07-01,
LEGIARTI000006585546,rural,L732-25,2004-07-01,2011-07-01,
LEGIARTI000023030980,rural,L732-25,2011-07-01,2014-01-22,
LEGIARTI000028498264,rural,L732-25,2014-01-22,2023-09-01,
LEGIARTI000047452862,rural,L732-25,2023-09-01,2026-01-01,
LEGIARTI000006585547,rural,L732-25-1,2003-08-22,2004-07-01,
LEGIARTI000006585548,rural,L732-25-1,2004-07-01,2011-12-23,
LEGIARTI000025014520,rural,L732-25-1,2011-12-23,2026-01-01,
LEGIARTI000047449244,rural,L732-25-2,2023-09-01,2026-01-01,
LEGIARTI000006585549,rural,L732-26,2000-06-22,2004-07-01,
LEGIARTI000006585550,rural,L732-26,2004-07-01,2026-01-01,
LEGIARTI000006585551,rural,L732-27,2000-06-22,2004-07-01,
LEGIARTI000006585552,rural,L732-27,2004-07-01,2026-01-01,
LEGIARTI000006585553,rural,L732-27-1,2004-01-01,2004-07-01,
LEGIARTI000006585554,rural,L732-27-1,2004-07-01,2014-01-22,
LEGIARTI000028498724,rural,L732-27-1,2014-01-22,2018-09-01,
LEGIARTI000036687938,rural,L732-27-1,2018-09-01,2023-09-01,
LEGIARTI000047452850,rural,L732-27-1,2023-09-01,2026-01-01,
LEGIARTI000006585555,rural,L732-28,2000-06-22,2004-07-01,
LEGIARTI000006585556,rural,L732-28,2004-07-01,2026-01-01,
LEGIARTI000006585557,rural,L732-29,2000-06-22,2004-07-01,
LEGIARTI000006585558,rural,L732-29,2004-07-01,2022-01-01,
LEGIARTI000044629871,rural,L732-29,2022-01-01,2023-09-01,
LEGIARTI000047453608,rural,L732-29,2023-09-01,2026-01-01,
LEGIARTI000006585559,rural,L732-30,2000-06-22,2000-12-31,
LEGIARTI000006585560,rural,L732-30,2000-12-31,2001-12-29,
LEGIARTI000039795365,rural,L732-30,2020-07-01,2023-09-01,
LEGIARTI000047453037,rural,L732-30,2023-09-01,2026-01-01,
LEGIARTI000006585561,rural,L732-31,2000-06-22,2000-12-31,
LEGIARTI000006585562,rural,L732-31,2000-12-31,2001-12-29,
LEGIARTI000006585563,rural,L732-32,2000-06-22,2001-12-29,
LEGIARTI000006585564,rural,L732-33,2000-06-22,2000-12-31,
LEGIARTI000006585565,rural,L732-33,2000-12-31,2001-12-29,
LEGIARTI000006585566,rural,L732-34,2000-06-22,2000-12-23,
LEGIARTI000006585567,rural,L732-34,2000-12-23,2001-01-01,
LEGIARTI000006585568,rural,L732-34,2001-01-01,2004-01-01,
LEGIARTI000006585569,rural,L732-34,2004-01-01,2004-07-01,
LEGIARTI000006585570,rural,L732-34,2004-07-01,2008-12-19,
LEGIARTI000019959425,rural,L732-34,2008-12-19,2026-01-01,
LEGIARTI000006585571,rural,L732-35,2000-06-22,2000-12-31,
LEGIARTI000006585572,rural,L732-35,2000-12-31,2001-12-29,
LEGIARTI000006585573,rural,L732-35,2001-12-29,2004-07-01,
LEGIARTI000006585574,rural,L732-35,2004-07-01,2008-12-19,
LEGIARTI000019959417,rural,L732-35,2008-12-19,2026-01-01,
LEGIARTI000051289993,rural,L732-35,2026-01-01,2025-12-31,
LEGIARTI000053280340,rural,L732-35,2026-01-01,,
LEGIARTI000006585575,rural,L732-35-1,2003-08-22,2004-07-01,
LEGIARTI000006585576,rural,L732-35-1,2004-07-01,2008-12-19,
LEGIARTI000019959472,rural,L732-35-1,2008-12-19,2026-01-01,
LEGIARTI000051289990,rural,L732-35-1,2026-01-01,,
LEGIARTI000006585577,rural,L732-36,2000-06-22,2004-07-01,
LEGIARTI000006585578,rural,L732-36,2004-07-01,2010-03-01,
LEGIARTI000051289383,rural,L732-36,2026-01-01,,
LEGIARTI000006585579,rural,L732-37,2000-06-22,2004-07-01,
LEGIARTI000006585580,rural,L732-37,2004-07-01,2026-01-01,
LEGIARTI000006585581,rural,L732-38,2000-06-22,2004-07-01,
LEGIARTI000006585582,rural,L732-38,2004-07-01,2006-12-22,
LEGIARTI000006585583,rural,L732-38,2006-12-22,2014-01-22,
LEGIARTI000028498916,rural,L732-38,2014-01-22,2026-01-01,
LEGIARTI000006585584,rural,L732-39,2000-06-22,2000-12-24,
LEGIARTI000006585585,rural,L732-39,2000-12-24,2002-12-24,
LEGIARTI000006585586,rural,L732-39,2002-12-24,2004-01-01,
LEGIARTI000006585587,rural,L732-39,2004-01-01,2004-07-01,
LEGIARTI000006585588,rural,L732-39,2004-07-01,2004-08-25,
LEGIARTI000006585589,rural,L732-39,2004-08-25,2008-12-19,
LEGIARTI000019959640,rural,L732-39,2008-12-19,2011-12-23,
LEGIARTI000025018598,rural,L732-39,2011-12-23,2014-01-22,
LEGIARTI000028498602,rural,L732-39,2014-01-22,2014-10-15,
LEGIARTI000029594609,rural,L732-39,2014-10-15,2023-09-01,
LEGIARTI000047453594,rural,L732-39,2023-09-01,2026-01-01,
LEGIARTI000051289486,rural,L732-39,2026-01-01,2025-12-31,
LEGIARTI000053279695,rural,L732-39,2026-01-01,,
LEGIARTI000006585590,rural,L732-40,2000-06-22,2004-07-01,
LEGIARTI000006585591,rural,L732-40,2004-07-01,2023-09-01,
LEGIARTI000047453590,rural,L732-40,2023-09-01,2026-01-01,
LEGIARTI000051289488,rural,L732-40,2026-01-01,2025-12-31,
LEGIARTI000053279698,rural,L732-40,2026-01-01,,
LEGIARTI000006585593,rural,L732-41,2000-06-22,2004-07-01,
LEGIARTI000006585594,rural,L732-41,2004-07-01,2008-12-19,
LEGIARTI000019959403,rural,L732-41,2008-12-19,2023-09-01,
LEGIARTI000047453587,rural,L732-41,2023-09-01,2026-01-01,
LEGIARTI000051289494,rural,L732-41,2026-01-01,,
LEGIARTI000039775459,rural,L732-41-1,2019-12-30,2020-12-16,
LEGIARTI000042686405,rural,L732-41-1,2020-12-16,2026-01-01,
LEGIARTI000006585595,rural,L732-42,2000-06-22,2004-07-01,
LEGIARTI000006585596,rural,L732-42,2004-07-01,2026-01-01,
LEGIARTI000006585597,rural,L732-43,2000-06-22,2004-07-01,
LEGIARTI000006585598,rural,L732-43,2004-07-01,2026-01-01,
LEGIARTI000006585599,rural,L732-44,2000-06-22,2004-07-01,
LEGIARTI000006585600,rural,L732-44,2004-07-01,2026-01-01,
LEGIARTI000006585601,rural,L732-45,2000-06-22,2004-07-01,
LEGIARTI000006585602,rural,L732-45,2004-07-01,2026-01-01,
LEGIARTI000006585603,rural,L732-46,2000-06-22,2004-07-01,
LEGIARTI000006585604,rural,L732-46,2004-07-01,2026-01-01,
LEGIARTI000006585605,rural,L732-47,2000-06-22,2004-07-01,
LEGIARTI000006585606,rural,L732-47,2004-07-01,2026-01-01,
LEGIARTI000006585607,rural,L732-48,2000-06-22,2004-07-01,
LEGIARTI000006585608,rural,L732-48,2004-07-01,2026-01-01,
LEGIARTI000006585609,rural,L732-49,2000-06-22,2004-07-01,
LEGIARTI000006585610,rural,L732-49,2004-07-01,2026-01-01,
LEGIARTI000006585611,rural,L732-50,2000-06-22,2004-07-01,
LEGIARTI000006585612,rural,L732-50,2004-07-01,2026-01-01,
LEGIARTI000006585614,rural,L732-51,2000-06-22,2004-07-01,
LEGIARTI000006585615,rural,L732-51,2004-07-01,2026-01-01,
LEGIARTI000019959383,rural,L732-51-1,2010-01-01,2026-01-01,
LEGIARTI000006585616,rural,L732-52,2000-06-22,2004-07-01,
LEGIARTI000006585617,rural,L732-52,2004-07-01,2011-01-01,
LEGIARTI000021539132,rural,L732-52,2011-01-01,2026-01-01,
LEGIARTI000051289534,rural,L732-52,2026-01-01,2025-12-31,
LEGIARTI000053280348,rural,L732-52,2026-01-01,,
LEGIARTI000006585618,rural,L732-53,2000-06-22,2004-07-01,
LEGIARTI000006585619,rural,L732-53,2004-07-01,2026-01-01,
LEGIARTI000006585620,rural,L732-54,2000-06-22,2004-07-01,
LEGIARTI000006585621,rural,L732-54,2004-07-01,2026-01-01,
LEGIARTI000051289530,rural,L732-54,2026-01-01,,
LEGIARTI000006585622,rural,L732-54-1,2001-12-29,2004-01-01,
LEGIARTI000006585623,rural,L732-54-1,2004-01-01,2004-07-01,
LEGIARTI000006585624,rural,L732-54-1,2004-07-01,2007-01-01,
LEGIARTI000006585625,rural,L732-54-1,2007-01-01,2008-12-19,
LEGIARTI000019959465,rural,L732-54-1,2008-12-19,2011-12-23,
LEGIARTI000025018609,rural,L732-54-1,2011-12-23,2014-01-22,
LEGIARTI000028498794,rural,L732-54-1,2014-01-22,2016-12-25,
LEGIARTI000033714630,rural,L732-54-1,2016-12-25,2023-09-01,
LEGIARTI000047453485,rural,L732-54-1,2023-09-01,2026-01-01,
LEGIARTI000051289521,rural,L732-54-1,2026-01-01,,
LEGIARTI000006585626,rural,L732-54-2,2001-12-29,2004-07-01,
LEGIARTI000006585627,rural,L732-54-2,2004-07-01,2007-01-01,
LEGIARTI000006585628,rural,L732-54-2,2007-01-01,2008-12-19,
LEGIARTI000019959460,rural,L732-54-2,2008-12-19,2022-01-01,
LEGIARTI000044522709,rural,L732-54-2,2022-01-01,2023-09-01,
LEGIARTI000047453332,rural,L732-54-2,2023-09-01,2026-01-01,
LEGIARTI000051289516,rural,L732-54-2,2026-01-01,,
LEGIARTI000006585629,rural,L732-54-3,2001-12-29,2004-07-01,
LEGIARTI000006585630,rural,L732-54-3,2004-07-01,2007-01-01,
LEGIARTI000006585631,rural,L732-54-3,2007-01-01,2008-12-19,
LEGIARTI000019959457,rural,L732-54-3,2008-12-19,2022-01-01,
LEGIARTI000044522705,rural,L732-54-3,2022-01-01,2023-09-01,
LEGIARTI000047453330,rural,L732-54-3,2023-09-01,2026-01-01,
LEGIARTI000051289513,rural,L732-54-3,2026-01-01,,
LEGIARTI000028497447,rural,L732-54-3-1,2014-01-22,2026-01-01,
LEGIARTI000051289511,rural,L732-54-3-1,2026-01-01,,
LEGIARTI000006585632,rural,L732-54-4,2001-12-29,2004-07-01,
LEGIARTI000006585633,rural,L732-54-4,2004-07-01,2008-12-19,
LEGIARTI000019959454,rural,L732-54-4,2008-12-19,2026-01-01,
LEGIARTI000051289509,rural,L732-54-4,2026-01-01,,
LEGIARTI000006585635,rural,L732-54-5,2001-12-29,2004-01-01,
LEGIARTI000006585636,rural,L732-54-5,2004-01-01,2004-07-01,
LEGIARTI000006585637,rural,L732-54-5,2004-07-01,2008-12-19,
LEGIARTI000023034840,rural,L732-54-5,2010-11-11,2026-01-01,
LEGIARTI000006585638,rural,L732-54-6,2001-12-29,2004-07-01,
LEGIARTI000006585639,rural,L732-54-6,2004-07-01,2008-12-19,
LEGIARTI000048673860,rural,L732-54-6,2023-12-28,2026-01-01,
LEGIARTI000006585640,rural,L732-54-7,2001-12-29,2004-07-01,
LEGIARTI000006585641,rural,L732-54-7,2004-07-01,2008-12-19,
LEGIARTI000006585642,rural,L732-54-8,2001-12-29,2004-01-01,
LEGIARTI000006585643,rural,L732-54-8,2004-01-01,2004-07-01,
LEGIARTI000006585644,rural,L732-54-8,2004-07-01,2005-09-09,
LEGIARTI000006585645,rural,L732-54-8,2005-09-09,2008-12-19,
LEGIARTI000006585664,rural,L732-54-9,2006-01-01,2008-12-19,
LEGIARTI000006585648,rural,L732-55,2004-07-01,2026-01-01,
LEGIARTI000006585649,rural,L732-56,2003-01-01,2004-07-01,
LEGIARTI000006585650,rural,L732-56,2004-07-01,2010-11-11,
LEGIARTI000023034502,rural,L732-56,2010-11-11,2014-01-22,
LEGIARTI000028498813,rural,L732-56,2014-01-22,2022-12-25,
LEGIARTI000046806448,rural,L732-56,2022-12-25,2023-09-01,
LEGIARTI000047453314,rural,L732-56,2023-09-01,2026-01-01,
LEGIARTI000051289591,rural,L732-56,2026-01-01,,
LEGIARTI000006585651,rural,L732-57,2003-01-01,2004-07-01,
LEGIARTI000006585652,rural,L732-57,2004-07-01,2026-01-01,
LEGIARTI000051289588,rural,L732-57,2026-01-01,,
LEGIARTI000006585653,rural,L732-58,2003-01-01,2004-07-01,
LEGIARTI000006585654,rural,L732-58,2004-07-01,2009-12-28,
LEGIARTI000021535701,rural,L732-58,2009-12-28,2010-11-11,
LEGIARTI000023034498,rural,L732-58,2010-11-11,2014-01-22,
LEGIARTI000028499012,rural,L732-58,2014-01-22,2016-12-25,
LEGIARTI000033713624,rural,L732-58,2016-12-25,2018-01-01,
LEGIARTI000036366091,rural,L732-58,2018-01-01,2018-01-01,
LEGIARTI000036392906,rural,L732-58,2018-01-01,2019-01-01,
LEGIARTI000037949610,rural,L732-58,2019-01-01,2020-01-01,
LEGIARTI000038044504,rural,L732-58,2020-01-01,2020-01-01,
LEGIARTI000041396131,rural,L732-58,2020-01-01,2022-01-01,
LEGIARTI000044627605,rural,L732-58,2022-01-01,2021-12-30,
LEGIARTI000044874504,rural,L732-58,2022-01-01,2023-01-01,
LEGIARTI000047453303,rural,L732-58,2023-01-01,2023-04-16,
LEGIARTI000047453787,rural,L732-58,2023-04-16,2024-01-01,
LEGIARTI000048701309,rural,L732-58,2024-01-01,2026-01-01,
LEGIARTI000051289581,rural,L732-58,2026-01-01,,
LEGIARTI000028498181,rural,L732-58-1,2014-01-22,2026-01-01,
LEGIARTI000051289578,rural,L732-58-1,2026-01-01,,
LEGIARTI000006585656,rural,L732-59,2003-01-01,2004-07-01,
LEGIARTI000006585657,rural,L732-59,2004-07-01,2010-11-11,
LEGIARTI000023034495,rural,L732-59,2010-11-11,2014-01-22,
LEGIARTI000028499005,rural,L732-59,2014-01-22,2023-12-28,
LEGIARTI000048683771,rural,L732-59,2023-12-28,2026-01-01,
LEGIARTI000051289570,rural,L732-59,2026-01-01,,
LEGIARTI000006585658,rural,L732-60,2002-12-31,2004-07-01,
LEGIARTI000006585659,rural,L732-60,2004-07-01,2010-11-11,
LEGIARTI000023034491,rural,L732-60,2010-11-11,2014-01-22,
LEGIARTI000028498803,rural,L732-60,2014-01-22,2023-09-01,
LEGIARTI000047453292,rural,L732-60,2023-09-01,2026-01-01,
LEGIARTI000051289558,rural,L732-60,2026-01-01,,
LEGIARTI000028498173,rural,L732-60-1,2014-01-22,2026-01-01,
LEGIARTI000051289555,rural,L732-60-1,2026-01-01,,
LEGIARTI000006585660,rural,L732-61,2003-01-01,2004-07-01,
LEGIARTI000006585661,rural,L732-61,2004-07-01,2026-01-01,
LEGIARTI000051289549,rural,L732-61,2026-01-01,,
LEGIARTI000006585662,rural,L732-62,2002-12-31,2004-07-01,
LEGIARTI000006585663,rural,L732-62,2004-07-01,2009-12-28,
LEGIARTI000021535699,rural,L732-62,2009-12-28,2010-11-11,
LEGIARTI000023034489,rural,L732-62,2010-11-11,2014-01-22,
LEGIARTI000028498800,rural,L732-62,2014-01-22,2019-12-30,
LEGIARTI000039778256,rural,L732-62,2019-12-30,2020-12-16,
LEGIARTI000042686399,rural,L732-62,2020-12-16,2026-01-01,
LEGIARTI000051289545,rural,L732-62,2026-01-01,,
LEGIARTI000028497421,rural,L732-63,2014-01-22,2020-07-05,
LEGIARTI000042083792,rural,L732-63,2020-07-05,2023-09-01,
LEGIARTI000047453258,rural,L732-63,2023-09-01,2025-12-24,
LEGIARTI000053152188,rural,L732-63,2025-12-24,2026-01-01,
LEGIARTI000051289542,rural,L732-63,2026-01-01,2025-12-31,
LEGIARTI000053280353,rural,L732-63,2026-01-01,,
LEGIARTI000006585724,rural,L742-3,2000-06-22,2004-07-01,
LEGIARTI000006585725,rural,L742-3,2004-07-01,2008-12-19,
LEGIARTI000019959530,rural,L742-3,2008-12-19,2010-02-26,
LEGIARTI000021941676,rural,L742-3,2010-02-26,2010-11-11,
LEGIARTI000023034854,rural,L742-3,2010-11-11,2011-07-01,
LEGIARTI000023032180,rural,L742-3,2011-07-01,2011-12-23,
LEGIARTI000025014506,rural,L742-3,2011-12-23,2016-01-01,
LEGIARTI000031687099,rural,L742-3,2016-01-01,2022-01-01,
LEGIARTI000044629857,rural,L742-3,2022-01-01,2023-09-01,
LEGIARTI000047453569,rural,L742-3,2023-09-01,,
LEGIARTI000006585726,rural,L742-4,2000-06-22,,
LEGIARTI000006597372,rural,R732-1,2005-04-22,,
LEGIARTI000006597374,rural,R732-3,2005-04-22,2009-06-26,
LEGIARTI000020791952,rural,R732-3,2009-06-26,2010-06-20,
LEGIARTI000022373741,rural,R732-3,2010-06-20,2011-06-03,
LEGIARTI000024113149,rural,R732-3,2011-06-03,2015-01-01,
LEGIARTI000030062890,rural,R732-3,2015-01-01,2020-05-22,
LEGIARTI000041909999,rural,R732-3,2020-05-22,2022-01-01,
LEGIARTI000047236656,rural,R732-3,2022-01-01,2023-09-01,
LEGIARTI000047633259,rural,R732-3,2023-09-01,2026-01-01,
LEGIARTI000053337166,rural,R732-3,2026-01-01,2026-05-09,
LEGIARTI000054059824,rural,R732-3,2026-05-09,,
LEGIARTI000022373755,rural,R732-3-1,2010-06-20,2011-06-03,
LEGIARTI000024113159,rural,R732-3-1,2011-06-03,2020-05-22,
LEGIARTI000041909987,rural,R732-3-1,2020-05-22,2022-01-01,
LEGIARTI000047236645,rural,R732-3-1,2022-01-01,2023-09-01,
LEGIARTI000047633253,rural,R732-3-1,2023-09-01,2026-01-01,
LEGIARTI000053337219,rural,R732-3-1,2026-01-01,,
LEGIARTI000022373748,rural,R732-3-2,2010-06-20,2011-07-01,
LEGIARTI000023796402,rural,R732-3-2,2011-07-01,2016-01-01,
LEGIARTI000031829269,rural,R732-3-2,2016-01-01,2017-10-28,
LEGIARTI000035918582,rural,R732-3-2,2017-10-28,2020-05-22,
LEGIARTI000041909969,rural,R732-3-2,2020-05-22,2022-01-01,
LEGIARTI000047236570,rural,R732-3-2,2022-01-01,2023-09-01,
LEGIARTI000047633251,rural,R732-3-2,2023-09-01,2026-01-01,
LEGIARTI000053335902,rural,R732-3-2,2026-01-01,,
LEGIARTI000006597375,rural,R732-4,2005-04-22,2010-06-20,
LEGIARTI000022373762,rural,R732-4,2010-06-20,2013-03-01,
LEGIARTI000027268499,rural,R732-4,2013-03-01,2017-10-28,
LEGIARTI000035918569,rural,R732-4,2017-10-28,2020-05-22,
LEGIARTI000041909957,rural,R732-4,2020-05-22,2022-01-01,
LEGIARTI000047236635,rural,R732-4,2022-01-01,,
LEGIARTI000041902288,rural,R732-4-1,2020-05-22,2022-01-01,
LEGIARTI000047236632,rural,R732-4-1,2022-01-01,2025-07-28,
LEGIARTI000051999805,rural,R732-4-1,2025-07-28,2026-05-09,
LEGIARTI000054059775,rural,R732-4-1,2026-05-09,,
LEGIARTI000041902290,rural,R732-4-2,2020-05-22,2022-01-01,
LEGIARTI000047236629,rural,R732-4-2,2022-01-01,,
LEGIARTI000041902292,rural,R732-4-3,2020-05-22,2022-01-01,
LEGIARTI000047236626,rural,R732-4-3,2022-01-01,,
LEGIARTI000041902339,rural,R732-4-4,2020-05-22,2022-01-01,
LEGIARTI000047236623,rural,R732-4-4,2022-01-01,,
LEGIARTI000041902341,rural,R732-4-5,2020-05-22,2022-01-01,
LEGIARTI000047236620,rural,R732-4-5,2022-01-01,,
LEGIARTI000006597377,rural,R732-5,2006-01-01,2022-04-01,
LEGIARTI000047236617,rural,R732-5,2022-01-01,,
LEGIARTI000045250355,rural,R732-5,2022-04-01,2022-01-01,
LEGIARTI000006597378,rural,R732-6,2005-04-22,2017-10-28,
LEGIARTI000035918560,rural,R732-6,2017-10-28,2022-04-01,
LEGIARTI000047236613,rural,R732-6,2022-01-01,,
LEGIARTI000045250351,rural,R732-6,2022-04-01,2022-01-01,
LEGIARTI000006597380,rural,R732-7,2005-04-22,2015-01-01,
LEGIARTI000030062881,rural,R732-7,2015-01-01,2020-05-22,
LEGIARTI000041910017,rural,R732-7,2020-05-22,2022-01-01,
LEGIARTI000047236606,rural,R732-7,2022-01-01,,
LEGIARTI000006597381,rural,R732-8,2005-04-22,2015-01-01,
LEGIARTI000030062873,rural,R732-8,2015-01-01,2022-01-01,
LEGIARTI000047236599,rural,R732-8,2022-01-01,,
LEGIARTI000006597382,rural,R732-9,2005-04-22,2020-05-22,
LEGIARTI000041910024,rural,R732-9,2020-05-22,2022-01-01,
LEGIARTI000047236594,rural,R732-9,2022-01-01,,
LEGIARTI000006597384,rural,R732-11,2005-04-22,2020-05-22,
LEGIARTI000041910035,rural,R732-11,2020-05-22,2022-01-01,
LEGIARTI000047236587,rural,R732-11,2022-01-01,,
LEGIARTI000006597386,rural,R732-12,2006-01-01,2015-07-17,
LEGIARTI000030900872,rural,R732-12,2015-07-17,2022-01-01,
LEGIARTI000047236580,rural,R732-12,2022-01-01,,
LEGIARTI000047236252,rural,R732-12-0-1,2022-01-01,,
LEGIARTI000047236255,rural,R732-12-0-2,2022-01-01,,
LEGIARTI000047236258,rural,R732-12-0-3,2022-01-01,,
LEGIARTI000047236264,rural,R732-12-0-4,2022-01-01,,
LEGIARTI000006597388,rural,R732-14,2005-04-22,2010-03-27,
LEGIARTI000022021395,rural,R732-14,2010-03-27,2015-07-17,
LEGIARTI000030900863,rural,R732-14,2015-07-17,,
LEGIARTI000006597390,rural,R732-15,2005-04-22,,
LEGIARTI000006597391,rural,R732-16,2005-04-22,,
LEGIARTI000006597393,rural,R732-17,2006-08-11,2007-10-19,
LEGIARTI000006597394,rural,R732-17,2007-10-19,2008-06-08,
LEGIARTI000018937982,rural,R732-17,2008-06-08,2019-01-01,
LEGIARTI000038657601,rural,R732-17,2019-01-01,2019-07-08,
LEGIARTI000038789131,rural,R732-17,2019-07-08,2023-08-20,
LEGIARTI000047983362,rural,R732-17,2023-08-20,,
LEGIARTI000038657653,rural,R732-19,2019-01-01,,
LEGIARTI000018937978,rural,R732-20,2008-06-08,2019-01-01,
LEGIARTI000038657648,rural,R732-24,2019-01-01,,
LEGIARTI000038657634,rural,R732-25,2019-01-01,2026-07-01,
LEGIARTI000038657641,rural,R732-26,2019-01-01,,
LEGIARTI000006597415,rural,R732-31,2005-10-01,2010-04-01,
LEGIARTI000022059169,rural,R732-31,2010-04-01,2012-03-01,
LEGIARTI000025415031,rural,R732-31,2012-03-01,,
LEGIARTI000006597421,rural,R732-36,2007-01-20,2017-10-28,
LEGIARTI000035918522,rural,R732-36,2017-10-28,2019-01-01,
LEGIARTI000037551708,rural,R732-36,2019-01-01,2020-01-01,
LEGIARTI000039346653,rural,R732-36,2020-01-01,2020-01-01,
LEGIARTI000041404474,rural,R732-36,2020-01-01,,
LEGIARTI000006597422,rural,R732-37,2005-04-22,,
LEGIARTI000006597424,rural,R732-39,2005-04-22,2011-06-03,
LEGIARTI000024113166,rural,R732-39,2011-06-03,2026-01-01,
LEGIARTI000047985149,rural,R732-42-1,2023-09-01,2026-01-01,
LEGIARTI000006597428,rural,R732-43,2005-04-22,2017-10-28,
LEGIARTI000035918484,rural,R732-43,2017-10-28,2026-01-01,
LEGIARTI000053328375,rural,R732-44,2026-01-01,,
LEGIARTI000053336668,rural,R732-45,2026-01-01,,
LEGIARTI000053336652,rural,R732-46,2026-01-01,,
LEGIARTI000053335932,rural,R732-47,2026-01-01,,
LEGIARTI000053328383,rural,R732-48,2026-01-01,,
LEGIARTI000006597429,rural,R732-49,2005-04-22,2025-02-22,
LEGIARTI000051226223,rural,R732-49,2025-02-22,2026-01-01,
LEGIARTI000023794947,rural,R732-58-1,2011-07-01,2023-09-01,
LEGIARTI000047633225,rural,R732-58-1,2023-09-01,2026-01-01,
LEGIARTI000006597457,rural,R732-60,2005-04-22,2007-09-08,
LEGIARTI000006597458,rural,R732-60,2007-09-08,2026-01-01,
LEGIARTI000053336726,rural,R732-60,2026-01-01,,
LEGIARTI000006597468,rural,R732-61,2005-04-22,2007-09-08,
LEGIARTI000006597469,rural,R732-61,2007-09-08,2011-06-03,
LEGIARTI000024113172,rural,R732-61,2011-06-03,2015-03-05,
LEGIARTI000030313208,rural,R732-61,2015-03-05,2017-10-28,
LEGIARTI000035918397,rural,R732-61,2017-10-28,2026-01-01,
LEGIARTI000053336713,rural,R732-61,2026-01-01,2026-01-22,
LEGIARTI000053389983,rural,R732-61,2026-01-22,2026-05-09,
LEGIARTI000054059805,rural,R732-61,2026-05-09,,
LEGIARTI000006597470,rural,R732-62,2005-04-22,2026-01-01,
LEGIARTI000006597471,rural,R732-63,2005-04-22,2026-01-01,
LEGIARTI000053336701,rural,R732-63,2026-01-01,2026-05-09,
LEGIARTI000054059797,rural,R732-63,2026-05-09,,
LEGIARTI000006597472,rural,R732-64,2005-04-22,2026-01-01,
LEGIARTI000006597473,rural,R732-65,2005-04-22,2026-01-01,
LEGIARTI000006597474,rural,R732-66,2005-04-22,2007-09-08,
LEGIARTI000006597475,rural,R732-66,2007-09-08,2017-10-28,
LEGIARTI000035918379,rural,R732-66,2017-10-28,2026-01-01,
LEGIARTI000053336689,rural,R732-66,2026-01-01,2026-05-09,
LEGIARTI000054059787,rural,R732-66,2026-05-09,,
LEGIARTI000053328816,rural,R732-67,2026-01-01,,
LEGIARTI000006597476,rural,R732-68,2005-04-22,2026-01-01,
LEGIARTI000053336735,rural,R732-68,2026-01-01,,
LEGIARTI000006597478,rural,R732-69,2005-04-22,2017-10-28,
LEGIARTI000035918355,rural,R732-69,2017-10-28,2026-01-01,
LEGIARTI000053337682,rural,R732-69,2026-01-01,,
LEGIARTI000006597479,rural,R732-70,2005-04-22,2011-06-03,
LEGIARTI000024113180,rural,R732-70,2011-06-03,2026-01-01,
LEGIARTI000006597480,rural,R732-71,2005-04-22,2017-10-28,
LEGIARTI000035918339,rural,R732-71,2017-10-28,2026-01-01,
LEGIARTI000006597481,rural,R732-72,2005-04-22,2026-01-01,
LEGIARTI000006597482,rural,R732-73,2005-04-22,2026-01-01,
LEGIARTI000023794974,rural,R732-88-1,2011-07-01,2026-01-01,
LEGIARTI000053336136,rural,R732-89,2026-01-01,2026-05-09,
LEGIARTI000053335942,rural,R732-90,2026-01-01,2026-05-09,
LEGIARTI000053330410,rural,R732-94,2026-01-01,2026-05-09,
LEGIARTI000054059780,rural,R732-94,2026-05-09,,
LEGIARTI000053336103,rural,R732-95,2026-01-01,,
LEGIARTI000053330489,rural,R732-96,2026-01-01,,
LEGIARTI000051224684,rural,R732-140,2025-02-22,2026-01-01,
LEGIARTI000053336765,rural,R732-140,2026-01-01,,
LEGIARTI000030310852,rural,R732-164-1,2015-03-05,,
LEGIARTI000030310854,rural,R732-164-2,2015-03-05,,
LEGIARTI000049267440,rural,R732-173,2023-09-01,2026-01-01,
LEGIARTI000006597779,rural,R742-1,2005-04-22,,
LEGIARTI000006597781,rural,R742-2,2005-04-22,2010-04-01,
LEGIARTI000022059174,rural,R742-2,2010-04-01,2021-11-19,
LEGIARTI000044338065,rural,R742-2,2021-11-19,,
LEGIARTI000006597783,rural,R742-5,2005-04-22,2017-10-28,
LEGIARTI000006597784,rural,R742-6,2005-04-22,2016-01-01,
LEGIARTI000031829250,rural,R742-6,2016-01-01,,
LEGIARTI000006597785,rural,R742-7,2005-04-22,,
LEGIARTI000006597786,rural,R742-8,2005-04-22,,
LEGIARTI000006597787,rural,R742-9,2005-04-22,2016-01-01,
LEGIARTI000031829239,rural,R742-9,2016-01-01,,
LEGIARTI000006597788,rural,R742-10,2005-04-22,2009-06-26,
LEGIARTI000020963221,rural,R742-10,2009-06-26,,
LEGIARTI000006597789,rural,R742-11,2005-04-22,,
LEGIARTI000018981763,rural,R742-12-1,2008-06-14,2012-01-07,
LEGIARTI000006597793,rural,R742-13,2005-04-22,2009-06-26,
LEGIARTI000020792002,rural,R742-13,2009-06-26,2021-04-14,
LEGIARTI000043356819,rural,R742-13,2021-04-14,,
LEGIARTI000006597794,rural,R742-14,2005-04-22,,
LEGIARTI000006597795,rural,R742-15,2005-04-22,2016-01-01,
LEGIARTI000031829230,rural,R742-15,2016-01-01,,
LEGIARTI000006597796,rural,R742-16,2005-04-22,2016-01-01,
LEGIARTI000031829221,rural,R742-16,2016-01-01,,
LEGIARTI000006597797,rural,R742-17,2005-04-22,,
LEGIARTI000006597798,rural,R742-19,2005-04-22,,
LEGIARTI000006597800,rural,R742-20,2005-04-22,2009-01-01,
LEGIARTI000020083028,rural,R742-20,2009-01-01,2009-06-26,
LEGIARTI000020792008,rural,R742-20,2009-06-26,2011-07-01,
LEGIARTI000023796419,rural,R742-20,2011-07-01,,
LEGIARTI000006597801,rural,R742-21,2005-04-22,,
LEGIARTI000006597802,rural,R742-22,2005-04-22,2008-06-14,
LEGIARTI000018981773,rural,R742-22,2008-06-14,2008-08-28,
LEGIARTI000019380386,rural,R742-22,2008-08-28,2012-01-07,
LEGIARTI000025117495,rural,R742-22,2012-01-07,2016-11-24,
LEGIARTI000033477389,rural,R742-22,2016-11-24,,
LEGIARTI000006597803,rural,R742-23,2005-04-22,,
LEGIARTI000006597804,rural,R742-24,2005-04-22,2010-07-19,
LEGIARTI000006597806,rural,R742-25,2005-04-22,2009-06-26,
LEGIARTI000020791999,rural,R742-25,2009-06-26,2011-01-01,
LEGIARTI000023416626,rural,R742-25,2011-01-01,,
LEGIARTI000023079273,transports,L5552-1,2010-12-01,,
LEGIARTI000023079271,transports,L5552-2,2010-12-01,,
LEGIARTI000023079269,transports,L5552-3,2010-12-01,,
LEGIARTI000023079263,transports,L5552-4,2010-12-01,,
LEGIARTI000023079261,transports,L5552-5,2010-12-01,2010-12-01,
LEGIARTI000023654328,transports,L5552-5,2010-12-01,,
LEGIARTI000023079259,transports,L5552-6,2010-12-01,,
LEGIARTI000023079257,transports,L5552-7,2010-12-01,,
LEGIARTI000023079253,transports,L5552-8,2010-12-01,,
LEGIARTI000023079251,transports,L5552-9,2010-12-01,,
LEGIARTI000023079249,transports,L5552-10,2010-12-01,,
LEGIARTI000023079245,transports,L5552-11,2010-12-01,,
LEGIARTI000023079243,transports,L5552-12,2010-12-01,,
LEGIARTI000023079239,transports,L5552-13,2010-12-01,,
LEGIARTI000023079237,transports,L5552-14,2010-12-01,2011-02-26,
LEGIARTI000023654348,transports,L5552-14,2011-02-26,,
LEGIARTI000023079235,transports,L5552-15,2010-12-01,,
LEGIARTI000023079230,transports,L5552-16,2010-12-01,2016-01-01,
LEGIARTI000031686201,transports,L5552-16,2016-01-01,2016-06-22,
LEGIARTI000032790415,transports,L5552-16,2016-06-22,2016-12-20,
LEGIARTI000032747449,transports,L5552-16,2016-12-20,2019-12-27,
LEGIARTI000039785996,transports,L5552-16,2019-12-27,2020-12-16,
LEGIARTI000042683448,transports,L5552-16,2020-12-16,,
LEGIARTI000023079228,transports,L5552-17,2010-12-01,,
LEGIARTI000023079221,transports,L5552-19,2010-12-01,,
LEGIARTI000023079219,transports,L5552-20,2010-12-01,2014-01-22,
LEGIARTI000028498372,transports,L5552-20,2014-01-22,,
LEGIARTI000023079217,transports,L5552-21,2010-12-01,2011-02-26,
LEGIARTI000023654345,transports,L5552-21,2011-02-26,2023-09-01,
LEGIARTI000047453562,transports,L5552-21,2023-09-01,,
LEGIARTI000023079215,transports,L5552-22,2010-12-01,,
LEGIARTI000023079211,transports,L5552-23,2010-12-01,,
LEGIARTI000023079209,transports,L5552-24,2010-12-01,,
LEGIARTI000023079203,transports,L5552-25,2010-12-01,,
LEGIARTI000023079201,transports,L5552-26,2010-12-01,,
LEGIARTI000023079199,transports,L5552-27,2010-12-01,,
LEGIARTI000023079197,transports,L5552-28,2010-12-01,,
LEGIARTI000023079195,transports,L5552-29,2010-12-01,,
LEGIARTI000023079193,transports,L5552-30,2010-12-01,,
LEGIARTI000023079189,transports,L5552-31,2010-12-01,2012-12-19,
LEGIARTI000026799807,transports,L5552-31,2012-12-19,,
LEGIARTI000023079187,transports,L5552-32,2010-12-01,,
LEGIARTI000023079185,transports,L5552-33,2010-12-01,,
LEGIARTI000023079183,transports,L5552-34,2010-12-01,2012-12-19,
LEGIARTI000023079180,transports,L5552-35,2010-12-01,,
LEGIARTI000023079176,transports,L5552-36,2010-12-01,2012-12-19,
LEGIARTI000026799800,transports,L5552-36,2012-12-19,,
LEGIARTI000023079174,transports,L5552-37,2010-12-01,2012-12-19,
LEGIARTI000026799796,transports,L5552-37,2012-12-19,,
LEGIARTI000023079169,transports,L5552-38,2010-12-01,2025-12-31,
LEGIARTI000053279775,transports,L5552-38,2025-12-31,,
LEGIARTI000023079166,transports,L5552-39,2010-12-01,,
LEGIARTI000023079163,transports,L5552-40,2010-12-01,,
LEGIARTI000023079159,transports,L5552-41,2010-12-01,,
LEGIARTI000023079157,transports,L5552-42,2010-12-01,,
LEGIARTI000023079153,transports,L5552-43,2010-12-01,,
LEGIARTI000023079151,transports,L5552-44,2010-12-01,2012-12-19,
LEGIARTI000026799787,transports,L5552-44,2012-12-19,,
LEGIARTI000023079149,transports,L5552-45,2010-12-01,,
LEGIARTI000048325100,transports,R6527-21,2023-11-01,,
LEGIARTI000048325102,transports,R6527-22,2023-11-01,,
LEGIARTI000048325104,transports,R6527-23,2023-11-01,,
