# Population au 1er janvier par âge, France, 50 ans et plus
# source_id: insee_projections_population
# unite: personnes
# fiabilite:
#   certifiee (1962-2023) : estimations de population de l'INSEE,
#             recontrôlées par scripts/verifier_donnees.py contre
#             l'onglet `population` du classeur du scénario central.
#   estimee   (2024-2070) : projections de population 2026, scénario
#             central. Une projection ne se fait pas passer pour une
#             observation, fût-elle publiée par le producteur de
#             l'observation : c'est le critère 2 du manifeste, et la
#             frontière est datée par l'INSEE lui-même en pied de
#             tableau.
#
# POURQUOI 50 ANS ET PLUS, ET PAS TOUS LES ÂGES
# ----------------------------------------------
# Cette série ne sert qu'à compter des RETRAITÉS. Aucune pension de
# droit direct n'est servie avant 50 ans — le cas type qui part le plus
# tôt, l'agent de conduite de la SNCF, liquide à 52 ans. Reprendre les
# cinquante premiers âges quadruplerait le poids du paquet que charge
# le site sans déplacer un seul chiffre.
#
# Au-delà de 104 ans, le classeur regroupe sous « 105 ans ou plus » :
# 1 570 personnes en 2024, deux millionièmes de la population. Ce
# regroupement reste dehors.
#
# Champ : France métropolitaine jusqu'en 1994, France hors Mayotte de
# 1995 à 2013, France entière ensuite — celui de l'INSEE, non retouché.
#
# Ne pas modifier les années certifiées à la main : elles seraient écrasées
# au prochain scripts/verifier_donnees.py --appliquer.
annee,age,effectif,fiabilite
1962,100,1131,certifiee
1962,101,0,certifiee
1962,102,0,certifiee
1962,103,0,certifiee
1962,104,0,certifiee
1962,50,561578,certifiee
1962,51,593586,certifiee
1962,52,587018,certifiee
1962,53,589125,certifiee
1962,54,568555,certifiee
1962,55,572736,certifiee
1962,56,565915,certifiee
1962,57,560257,certifiee
1962,58,549985,certifiee
1962,59,555048,certifiee
1962,60,539946,certifiee
1962,61,509670,certifiee
1962,62,494348,certifiee
1962,63,465511,certifiee
1962,64,452705,certifiee
1962,65,436769,certifiee
1962,66,383989,certifiee
1962,67,379314,certifiee
1962,68,367723,certifiee
1962,69,339521,certifiee
1962,70,332008,certifiee
1962,71,308983,certifiee
1962,72,307111,certifiee
1962,73,289812,certifiee
1962,74,273432,certifiee
1962,75,252021,certifiee
1962,76,239752,certifiee
1962,77,221063,certifiee
1962,78,197409,certifiee
1962,79,182633,certifiee
1962,80,161483,certifiee
1962,81,141757,certifiee
1962,82,125476,certifiee
1962,83,108736,certifiee
1962,84,93493,certifiee
1962,85,79579,certifiee
1962,86,63264,certifiee
1962,87,51377,certifiee
1962,88,38696,certifiee
1962,89,30617,certifiee
1962,90,18248,certifiee
1962,91,14970,certifiee
1962,92,10016,certifiee
1962,93,6678,certifiee
1962,94,4408,certifiee
1962,95,3303,certifiee
1962,96,1906,certifiee
1962,97,1300,certifiee
1962,98,900,certifiee
1962,99,650,certifiee
1963,100,1361,certifiee
1963,101,0,certifiee
1963,102,0,certifiee
1963,103,0,certifiee
1963,104,0,certifiee
1963,50,606148,certifiee
1963,51,566345,certifiee
1963,52,598489,certifiee
1963,53,590873,certifiee
1963,54,592703,certifiee
1963,55,571125,certifiee
1963,56,574640,certifiee
1963,57,566950,certifiee
1963,58,560480,certifiee
1963,59,549523,certifiee
1963,60,553771,certifiee
1963,61,537271,certifiee
1963,62,506992,certifiee
1963,63,490795,certifiee
1963,64,461496,certifiee
1963,65,448140,certifiee
1963,66,431541,certifiee
1963,67,378728,certifiee
1963,68,373129,certifiee
1963,69,360697,certifiee
1963,70,332169,certifiee
1963,71,323493,certifiee
1963,72,299560,certifiee
1963,73,296481,certifiee
1963,74,277676,certifiee
1963,75,260791,certifiee
1963,76,238807,certifiee
1963,77,225383,certifiee
1963,78,206042,certifiee
1963,79,181925,certifiee
1963,80,167038,certifiee
1963,81,145636,certifiee
1963,82,126139,certifiee
1963,83,110452,certifiee
1963,84,94505,certifiee
1963,85,80025,certifiee
1963,86,66690,certifiee
1963,87,51951,certifiee
1963,88,41779,certifiee
1963,89,30646,certifiee
1963,90,23657,certifiee
1963,91,13731,certifiee
1963,92,11017,certifiee
1963,93,7158,certifiee
1963,94,4640,certifiee
1963,95,2915,certifiee
1963,96,2189,certifiee
1963,97,1204,certifiee
1963,98,854,certifiee
1963,99,620,certifiee
1964,100,1221,certifiee
1964,101,0,certifiee
1964,102,0,certifiee
1964,103,0,certifiee
1964,104,0,certifiee
1964,50,594634,certifiee
1964,51,602286,certifiee
1964,52,562360,certifiee
1964,53,593975,certifiee
1964,54,585709,certifiee
1964,55,587131,certifiee
1964,56,565126,certifiee
1964,57,568031,certifiee
1964,58,559851,certifiee
1964,59,552873,certifiee
1964,60,541145,certifiee
1964,61,544597,certifiee
1964,62,527983,certifiee
1964,63,497540,certifiee
1964,64,480715,certifiee
1964,65,451271,certifiee
1964,66,437489,certifiee
1964,67,420655,certifiee
1964,68,368560,certifiee
1964,69,362104,certifiee
1964,70,348924,certifiee
1964,71,320188,certifiee
1964,72,310569,certifiee
1964,73,286445,certifiee
1964,74,282000,certifiee
1964,75,262463,certifiee
1964,76,244736,certifiee
1964,77,222376,certifiee
1964,78,208057,certifiee
1964,79,188539,certifiee
1964,80,164408,certifiee
1964,81,149966,certifiee
1964,82,128779,certifiee
1964,83,110373,certifiee
1964,84,94565,certifiee
1964,85,79596,certifiee
1964,86,66019,certifiee
1964,87,54073,certifiee
1964,88,41384,certifiee
1964,89,32733,certifiee
1964,90,23405,certifiee
1964,91,17603,certifiee
1964,92,9956,certifiee
1964,93,7762,certifiee
1964,94,4964,certifiee
1964,95,3168,certifiee
1964,96,1940,certifiee
1964,97,1407,certifiee
1964,98,768,certifiee
1964,99,537,certifiee
1965,100,1056,certifiee
1965,101,0,certifiee
1965,102,0,certifiee
1965,103,0,certifiee
1965,104,0,certifiee
1965,50,585147,certifiee
1965,51,591035,certifiee
1965,52,598199,certifiee
1965,53,558063,certifiee
1965,54,589103,certifiee
1965,55,580295,certifiee
1965,56,581485,certifiee
1965,57,559031,certifiee
1965,58,561311,certifiee
1965,59,552815,certifiee
1965,60,544910,certifiee
1965,61,532958,certifiee
1965,62,535370,certifiee
1965,63,518283,certifiee
1965,64,487990,certifiee
1965,65,470666,certifiee
1965,66,441223,certifiee
1965,67,426857,certifiee
1965,68,409824,certifiee
1965,69,358109,certifiee
1965,70,350892,certifiee
1965,71,337079,certifiee
1965,72,308077,certifiee
1965,73,297843,certifiee
1965,74,273892,certifiee
1965,75,267890,certifiee
1965,76,248012,certifiee
1965,77,229570,certifiee
1965,78,207061,certifiee
1965,79,192127,certifiee
1965,80,172390,certifiee
1965,81,148858,certifiee
1965,82,134386,certifiee
1965,83,113854,certifiee
1965,84,96443,certifiee
1965,85,81330,certifiee
1965,86,67432,certifiee
1965,87,54899,certifiee
1965,88,44045,certifiee
1965,89,33169,certifiee
1965,90,26033,certifiee
1965,91,18121,certifiee
1965,92,13238,certifiee
1965,93,7292,certifiee
1965,94,5573,certifiee
1965,95,3506,certifiee
1965,96,2252,certifiee
1965,97,1341,certifiee
1965,98,958,certifiee
1965,99,541,certifiee
1966,100,1019,certifiee
1966,101,0,certifiee
1966,102,0,certifiee
1966,103,0,certifiee
1966,104,0,certifiee
1966,50,391883,certifiee
1966,51,581394,certifiee
1966,52,586850,certifiee
1966,53,593444,certifiee
1966,54,553206,certifiee
1966,55,583711,certifiee
1966,56,574281,certifiee
1966,57,574828,certifiee
1966,58,551980,certifiee
1966,59,553695,certifiee
1966,60,544499,certifiee
1966,61,536201,certifiee
1966,62,523701,certifiee
1966,63,525314,certifiee
1966,64,507809,certifiee
1966,65,477243,certifiee
1966,66,459339,certifiee
1966,67,429873,certifiee
1966,68,415025,certifiee
1966,69,397356,certifiee
1966,70,346385,certifiee
1966,71,338337,certifiee
1966,72,324011,certifiee
1966,73,294722,certifiee
1966,74,283540,certifiee
1966,75,259817,certifiee
1966,76,252448,certifiee
1966,77,232014,certifiee
1966,78,213257,certifiee
1966,79,190305,certifiee
1966,80,174999,certifiee
1966,81,155608,certifiee
1966,82,132560,certifiee
1966,83,118517,certifiee
1966,84,98901,certifiee
1966,85,82781,certifiee
1966,86,68190,certifiee
1966,87,55675,certifiee
1966,88,44375,certifiee
1966,89,35101,certifiee
1966,90,25765,certifiee
1966,91,20074,certifiee
1966,92,13440,certifiee
1966,93,9664,certifiee
1966,94,5159,certifiee
1966,95,3831,certifiee
1966,96,2346,certifiee
1966,97,1483,certifiee
1966,98,890,certifiee
1966,99,646,certifiee
1967,100,1055,certifiee
1967,101,0,certifiee
1967,102,0,certifiee
1967,103,0,certifiee
1967,104,0,certifiee
1967,50,313948,certifiee
1967,51,389566,certifiee
1967,52,577489,certifiee
1967,53,582546,certifiee
1967,54,588443,certifiee
1967,55,548196,certifiee
1967,56,577861,certifiee
1967,57,568002,certifiee
1967,58,568036,certifiee
1967,59,544926,certifiee
1967,60,545642,certifiee
1967,61,536242,certifiee
1967,62,527223,certifiee
1967,63,514348,certifiee
1967,64,514643,certifiee
1967,65,496756,certifiee
1967,66,466153,certifiee
1967,67,447381,certifiee
1967,68,418254,certifiee
1967,69,402884,certifiee
1967,70,384687,certifiee
1967,71,334426,certifiee
1967,72,325848,certifiee
1967,73,310674,certifiee
1967,74,281346,certifiee
1967,75,269229,certifiee
1967,76,245411,certifiee
1967,77,237297,certifiee
1967,78,216742,certifiee
1967,79,197362,certifiee
1967,80,174473,certifiee
1967,81,159062,certifiee
1967,82,139769,certifiee
1967,83,117449,certifiee
1967,84,104145,certifiee
1967,85,85392,certifiee
1967,86,70779,certifiee
1967,87,56866,certifiee
1967,88,45673,certifiee
1967,89,35656,certifiee
1967,90,27762,certifiee
1967,91,19873,certifiee
1967,92,15374,certifiee
1967,93,9968,certifiee
1967,94,7139,certifiee
1967,95,3693,certifiee
1967,96,2610,certifiee
1967,97,1646,certifiee
1967,98,999,certifiee
1967,99,610,certifiee
1968,100,1109,certifiee
1968,101,0,certifiee
1968,102,0,certifiee
1968,103,0,certifiee
1968,104,0,certifiee
1968,50,329287,certifiee
1968,51,312000,certifiee
1968,52,386972,certifiee
1968,53,573109,certifiee
1968,54,577665,certifiee
1968,55,583132,certifiee
1968,56,542674,certifiee
1968,57,571611,certifiee
1968,58,561159,certifiee
1968,59,560478,certifiee
1968,60,536856,certifiee
1968,61,537255,certifiee
1968,62,527214,certifiee
1968,63,517458,certifiee
1968,64,504044,certifiee
1968,65,503361,certifiee
1968,66,484913,certifiee
1968,67,454394,certifiee
1968,68,434767,certifiee
1968,69,405460,certifiee
1968,70,389631,certifiee
1968,71,371085,certifiee
1968,72,321416,certifiee
1968,73,312236,certifiee
1968,74,296404,certifiee
1968,75,266981,certifiee
1968,76,254208,certifiee
1968,77,230211,certifiee
1968,78,221276,certifiee
1968,79,200443,certifiee
1968,80,180541,certifiee
1968,81,157970,certifiee
1968,82,142562,certifiee
1968,83,123921,certifiee
1968,84,102404,certifiee
1968,85,90055,certifiee
1968,86,72352,certifiee
1968,87,59355,certifiee
1968,88,46357,certifiee
1968,89,36807,certifiee
1968,90,27841,certifiee
1968,91,21361,certifiee
1968,92,14880,certifiee
1968,93,11516,certifiee
1968,94,7266,certifiee
1968,95,5002,certifiee
1968,96,2519,certifiee
1968,97,1648,certifiee
1968,98,1101,certifiee
1968,99,669,certifiee
1969,100,1111,certifiee
1969,101,0,certifiee
1969,102,0,certifiee
1969,103,0,certifiee
1969,104,0,certifiee
1969,50,369292,certifiee
1969,51,327396,certifiee
1969,52,309733,certifiee
1969,53,384368,certifiee
1969,54,568739,certifiee
1969,55,573103,certifiee
1969,56,577988,certifiee
1969,57,537625,certifiee
1969,58,565168,certifiee
1969,59,554133,certifiee
1969,60,552937,certifiee
1969,61,528736,certifiee
1969,62,528438,certifiee
1969,63,517922,certifiee
1969,64,507181,certifiee
1969,65,493583,certifiee
1969,66,492202,certifiee
1969,67,473053,certifiee
1969,68,441485,certifiee
1969,69,421171,certifiee
1969,70,392023,certifiee
1969,71,375053,certifiee
1969,72,356228,certifiee
1969,73,307682,certifiee
1969,74,297468,certifiee
1969,75,280895,certifiee
1969,76,251653,certifiee
1969,77,238118,certifiee
1969,78,214156,certifiee
1969,79,203878,certifiee
1969,80,183445,certifiee
1969,81,163265,certifiee
1969,82,141345,certifiee
1969,83,126111,certifiee
1969,84,108308,certifiee
1969,85,88004,certifiee
1969,86,76183,certifiee
1969,87,60422,certifiee
1969,88,48835,certifiee
1969,89,36895,certifiee
1969,90,28994,certifiee
1969,91,21217,certifiee
1969,92,16110,certifiee
1969,93,10850,certifiee
1969,94,8349,certifiee
1969,95,5052,certifiee
1969,96,3427,certifiee
1969,97,1655,certifiee
1969,98,1068,certifiee
1969,99,707,certifiee
1970,100,1122,certifiee
1970,101,0,certifiee
1970,102,0,certifiee
1970,103,0,certifiee
1970,104,0,certifiee
1970,50,415386,certifiee
1970,51,367386,certifiee
1970,52,325403,certifiee
1970,53,307313,certifiee
1970,54,381425,certifiee
1970,55,563732,certifiee
1970,56,567924,certifiee
1970,57,572065,certifiee
1970,58,531935,certifiee
1970,59,557945,certifiee
1970,60,545937,certifiee
1970,61,544320,certifiee
1970,62,519772,certifiee
1970,63,518545,certifiee
1970,64,507478,certifiee
1970,65,495892,certifiee
1970,66,481874,certifiee
1970,67,479344,certifiee
1970,68,459779,certifiee
1970,69,426957,certifiee
1970,70,405957,certifiee
1970,71,376829,certifiee
1970,72,359155,certifiee
1970,73,339493,certifiee
1970,74,292593,certifiee
1970,75,281254,certifiee
1970,76,264190,certifiee
1970,77,235157,certifiee
1970,78,220992,certifiee
1970,79,196893,certifiee
1970,80,186277,certifiee
1970,81,166517,certifiee
1970,82,146026,certifiee
1970,83,125123,certifiee
1970,84,110211,certifiee
1970,85,93482,certifiee
1970,86,74877,certifiee
1970,87,63753,certifiee
1970,88,49765,certifiee
1970,89,39484,certifiee
1970,90,28950,certifiee
1970,91,22451,certifiee
1970,92,16015,certifiee
1970,93,11954,certifiee
1970,94,7865,certifiee
1970,95,5924,certifiee
1970,96,3456,certifiee
1970,97,2263,certifiee
1970,98,1078,certifiee
1970,99,660,certifiee
1971,100,992,certifiee
1971,101,0,certifiee
1971,102,0,certifiee
1971,103,0,certifiee
1971,104,0,certifiee
1971,50,682484,certifiee
1971,51,413045,certifiee
1971,52,365297,certifiee
1971,53,323322,certifiee
1971,54,304793,certifiee
1971,55,377905,certifiee
1971,56,558369,certifiee
1971,57,562466,certifiee
1971,58,566188,certifiee
1971,59,526386,certifiee
1971,60,550631,certifiee
1971,61,537931,certifiee
1971,62,535660,certifiee
1971,63,511043,certifiee
1971,64,509073,certifiee
1971,65,497400,certifiee
1971,66,485215,certifiee
1971,67,470620,certifiee
1971,68,467020,certifiee
1971,69,447209,certifiee
1971,70,413287,certifiee
1971,71,391581,certifiee
1971,72,362585,certifiee
1971,73,343965,certifiee
1971,74,323566,certifiee
1971,75,277951,certifiee
1971,76,265634,certifiee
1971,77,248140,certifiee
1971,78,219572,certifiee
1971,79,204629,certifiee
1971,80,180472,certifiee
1971,81,169290,certifiee
1971,82,150141,certifiee
1971,83,129871,certifiee
1971,84,110003,certifiee
1971,85,95648,certifiee
1971,86,80002,certifiee
1971,87,62998,certifiee
1971,88,52880,certifiee
1971,89,40582,certifiee
1971,90,31610,certifiee
1971,91,22406,certifiee
1971,92,17205,certifiee
1971,93,11927,certifiee
1971,94,8843,certifiee
1971,95,5563,certifiee
1971,96,4191,certifiee
1971,97,2402,certifiee
1971,98,1499,certifiee
1971,99,718,certifiee
1972,100,932,certifiee
1972,101,0,certifiee
1972,102,0,certifiee
1972,103,0,certifiee
1972,104,0,certifiee
1972,50,663145,certifiee
1972,51,678776,certifiee
1972,52,410045,certifiee
1972,53,362686,certifiee
1972,54,320842,certifiee
1972,55,301950,certifiee
1972,56,374450,certifiee
1972,57,552882,certifiee
1972,58,556952,certifiee
1972,59,560102,certifiee
1972,60,520357,certifiee
1972,61,542637,certifiee
1972,62,529287,certifiee
1972,63,526700,certifiee
1972,64,501955,certifiee
1972,65,498830,certifiee
1972,66,486991,certifiee
1972,67,473523,certifiee
1972,68,458874,certifiee
1972,69,453970,certifiee
1972,70,433439,certifiee
1972,71,398844,certifiee
1972,72,376391,certifiee
1972,73,347311,certifiee
1972,74,328042,certifiee
1972,75,307243,certifiee
1972,76,262767,certifiee
1972,77,249429,certifiee
1972,78,231694,certifiee
1972,79,203432,certifiee
1972,80,187506,certifiee
1972,81,164134,certifiee
1972,82,152384,certifiee
1972,83,133942,certifiee
1972,84,113911,certifiee
1972,85,95027,certifiee
1972,86,81544,certifiee
1972,87,67317,certifiee
1972,88,51951,certifiee
1972,89,42660,certifiee
1972,90,32276,certifiee
1972,91,24702,certifiee
1972,92,16870,certifiee
1972,93,12870,certifiee
1972,94,8524,certifiee
1972,95,6264,certifiee
1972,96,3857,certifiee
1972,97,2899,certifiee
1972,98,1554,certifiee
1972,99,971,certifiee
1973,100,1113,certifiee
1973,101,0,certifiee
1973,102,0,certifiee
1973,103,0,certifiee
1973,104,0,certifiee
1973,50,644613,certifiee
1973,51,659360,certifiee
1973,52,674412,certifiee
1973,53,406666,certifiee
1973,54,359742,certifiee
1973,55,317860,certifiee
1973,56,298745,certifiee
1973,57,370578,certifiee
1973,58,546987,certifiee
1973,59,550910,certifiee
1973,60,553416,certifiee
1973,61,513455,certifiee
1973,62,534042,certifiee
1973,63,520496,certifiee
1973,64,517104,certifiee
1973,65,492170,certifiee
1973,66,488336,certifiee
1973,67,475629,certifiee
1973,68,461436,certifiee
1973,69,446173,certifiee
1973,70,440478,certifiee
1973,71,419328,certifiee
1973,72,383693,certifiee
1973,73,360775,certifiee
1973,74,331440,certifiee
1973,75,311490,certifiee
1973,76,290306,certifiee
1973,77,247118,certifiee
1973,78,233036,certifiee
1973,79,215052,certifiee
1973,80,187176,certifiee
1973,81,170954,certifiee
1973,82,148030,certifiee
1973,83,136098,certifiee
1973,84,118517,certifiee
1973,85,99149,certifiee
1973,86,81458,certifiee
1973,87,68768,certifiee
1973,88,56189,certifiee
1973,89,42546,certifiee
1973,90,34322,certifiee
1973,91,25626,certifiee
1973,92,19158,certifiee
1973,93,12600,certifiee
1973,94,9664,certifiee
1973,95,6203,certifiee
1973,96,4607,certifiee
1973,97,2631,certifiee
1973,98,1979,certifiee
1973,99,1041,certifiee
1974,100,1230,certifiee
1974,101,0,certifiee
1974,102,0,certifiee
1974,103,0,certifiee
1974,104,0,certifiee
1974,50,638669,certifiee
1974,51,640890,certifiee
1974,52,655203,certifiee
1974,53,669804,certifiee
1974,54,403120,certifiee
1974,55,356410,certifiee
1974,56,314613,certifiee
1974,57,295227,certifiee
1974,58,366499,certifiee
1974,59,540764,certifiee
1974,60,544453,certifiee
1974,61,545808,certifiee
1974,62,506162,certifiee
1974,63,525209,certifiee
1974,64,511228,certifiee
1974,65,507269,certifiee
1974,66,482078,certifiee
1974,67,477413,certifiee
1974,68,463753,certifiee
1974,69,448720,certifiee
1974,70,432953,certifiee
1974,71,426005,certifiee
1974,72,404202,certifiee
1974,73,367768,certifiee
1974,74,344283,certifiee
1974,75,315040,certifiee
1974,76,294239,certifiee
1974,77,272444,certifiee
1974,78,231049,certifiee
1974,79,215942,certifiee
1974,80,197745,certifiee
1974,81,170474,certifiee
1974,82,153909,certifiee
1974,83,131654,certifiee
1974,84,119518,certifiee
1974,85,103261,certifiee
1974,86,84511,certifiee
1974,87,68237,certifiee
1974,88,57011,certifiee
1974,89,45658,certifiee
1974,90,33912,certifiee
1974,91,26858,certifiee
1974,92,19820,certifiee
1974,93,14458,certifiee
1974,94,8931,certifiee
1974,95,6978,certifiee
1974,96,4496,certifiee
1974,97,3307,certifiee
1974,98,1715,certifiee
1974,99,1266,certifiee
1975,100,1149,certifiee
1975,101,0,certifiee
1975,102,0,certifiee
1975,103,0,certifiee
1975,104,0,certifiee
1975,50,634271,certifiee
1975,51,634141,certifiee
1975,52,636467,certifiee
1975,53,650280,certifiee
1975,54,664332,certifiee
1975,55,398792,certifiee
1975,56,352586,certifiee
1975,57,310874,certifiee
1975,58,291397,certifiee
1975,59,362067,certifiee
1975,60,533847,certifiee
1975,61,536971,certifiee
1975,62,537826,certifiee
1975,63,498303,certifiee
1975,64,516007,certifiee
1975,65,501645,certifiee
1975,66,497076,certifiee
1975,67,471697,certifiee
1975,68,465817,certifiee
1975,69,451477,certifiee
1975,70,435498,certifiee
1975,71,419039,certifiee
1975,72,410971,certifiee
1975,73,388609,certifiee
1975,74,351102,certifiee
1975,75,327255,certifiee
1975,76,298454,certifiee
1975,77,276415,certifiee
1975,78,254222,certifiee
1975,79,214822,certifiee
1975,80,199044,certifiee
1975,81,180653,certifiee
1975,82,154495,certifiee
1975,83,137603,certifiee
1975,84,115732,certifiee
1975,85,104110,certifiee
1975,86,89181,certifiee
1975,87,71497,certifiee
1975,88,56616,certifiee
1975,89,46714,certifiee
1975,90,36651,certifiee
1975,91,26703,certifiee
1975,92,20631,certifiee
1975,93,15206,certifiee
1975,94,10777,certifiee
1975,95,6417,certifiee
1975,96,5032,certifiee
1975,97,3217,certifiee
1975,98,2675,certifiee
1975,99,1151,certifiee
1976,100,1209,certifiee
1976,101,0,certifiee
1976,102,0,certifiee
1976,103,0,certifiee
1976,104,0,certifiee
1976,50,647450,certifiee
1976,51,628543,certifiee
1976,52,630162,certifiee
1976,53,627729,certifiee
1976,54,647920,certifiee
1976,55,653722,certifiee
1976,56,396713,certifiee
1976,57,348997,certifiee
1976,58,307298,certifiee
1976,59,287217,certifiee
1976,60,357616,certifiee
1976,61,527476,certifiee
1976,62,530043,certifiee
1976,63,526763,certifiee
1976,64,491047,certifiee
1976,65,503738,certifiee
1976,66,494114,certifiee
1976,67,486840,certifiee
1976,68,460838,certifiee
1976,69,452985,certifiee
1976,70,438483,certifiee
1976,71,421524,certifiee
1976,72,404372,certifiee
1976,73,392912,certifiee
1976,74,372832,certifiee
1976,75,333387,certifiee
1976,76,310576,certifiee
1976,77,279427,certifiee
1976,78,258806,certifiee
1976,79,236808,certifiee
1976,80,198639,certifiee
1976,81,182306,certifiee
1976,82,163867,certifiee
1976,83,137113,certifiee
1976,84,121743,certifiee
1976,85,100776,certifiee
1976,86,89906,certifiee
1976,87,74270,certifiee
1976,88,58776,certifiee
1976,89,46270,certifiee
1976,90,36854,certifiee
1976,91,28133,certifiee
1976,92,20206,certifiee
1976,93,15310,certifiee
1976,94,10702,certifiee
1976,95,7084,certifiee
1976,96,4115,certifiee
1976,97,2829,certifiee
1976,98,1770,certifiee
1976,99,1652,certifiee
1977,100,1792,certifiee
1977,101,0,certifiee
1977,102,0,certifiee
1977,103,0,certifiee
1977,104,0,certifiee
1977,50,644348,certifiee
1977,51,643079,certifiee
1977,52,624220,certifiee
1977,53,625479,certifiee
1977,54,622867,certifiee
1977,55,642312,certifiee
1977,56,647899,certifiee
1977,57,392936,certifiee
1977,58,345443,certifiee
1977,59,303987,certifiee
1977,60,283921,certifiee
1977,61,352965,certifiee
1977,62,519901,certifiee
1977,63,521444,certifiee
1977,64,517508,certifiee
1977,65,481694,certifiee
1977,66,493203,certifiee
1977,67,483101,certifiee
1977,68,475152,certifiee
1977,69,448806,certifiee
1977,70,439930,certifiee
1977,71,424324,certifiee
1977,72,406602,certifiee
1977,73,388594,certifiee
1977,74,376081,certifiee
1977,75,355149,certifiee
1977,76,315885,certifiee
1977,77,292472,certifiee
1977,78,261650,certifiee
1977,79,239871,certifiee
1977,80,218479,certifiee
1977,81,181845,certifiee
1977,82,165255,certifiee
1977,83,147030,certifiee
1977,84,121156,certifiee
1977,85,106291,certifiee
1977,86,86574,certifiee
1977,87,75918,certifiee
1977,88,61754,certifiee
1977,89,47668,certifiee
1977,90,37063,certifiee
1977,91,28838,certifiee
1977,92,21292,certifiee
1977,93,15123,certifiee
1977,94,11158,certifiee
1977,95,7750,certifiee
1977,96,4948,certifiee
1977,97,2660,certifiee
1977,98,1787,certifiee
1977,99,1089,certifiee
1978,100,1742,certifiee
1978,101,0,certifiee
1978,102,0,certifiee
1978,103,0,certifiee
1978,104,0,certifiee
1978,50,638997,certifiee
1978,51,639875,certifiee
1978,52,638767,certifiee
1978,53,619878,certifiee
1978,54,620728,certifiee
1978,55,617792,certifiee
1978,56,636802,certifiee
1978,57,641973,certifiee
1978,58,388932,certifiee
1978,59,341737,certifiee
1978,60,300721,certifiee
1978,61,280487,certifiee
1978,62,348065,certifiee
1978,63,511928,certifiee
1978,64,512666,certifiee
1978,65,508077,certifiee
1978,66,472319,certifiee
1978,67,483004,certifiee
1978,68,471938,certifiee
1978,69,463255,certifiee
1978,70,436648,certifiee
1978,71,426449,certifiee
1978,72,410050,certifiee
1978,73,391413,certifiee
1978,74,372558,certifiee
1978,75,359229,certifiee
1978,76,337629,certifiee
1978,77,298768,certifiee
1978,78,274746,certifiee
1978,79,243880,certifiee
1978,80,221920,certifiee
1978,81,200866,certifiee
1978,82,165761,certifiee
1978,83,149220,certifiee
1978,84,131412,certifiee
1978,85,106673,certifiee
1978,86,92257,certifiee
1978,87,73965,certifiee
1978,88,63945,certifiee
1978,89,50889,certifiee
1978,90,38432,certifiee
1978,91,29513,certifiee
1978,92,22402,certifiee
1978,93,16070,certifiee
1978,94,11317,certifiee
1978,95,8136,certifiee
1978,96,5554,certifiee
1978,97,3499,certifiee
1978,98,1624,certifiee
1978,99,1098,certifiee
1979,100,1636,certifiee
1979,101,0,certifiee
1979,102,0,certifiee
1979,103,0,certifiee
1979,104,0,certifiee
1979,50,646613,certifiee
1979,51,634465,certifiee
1979,52,635324,certifiee
1979,53,634104,certifiee
1979,54,615347,certifiee
1979,55,615737,certifiee
1979,56,612567,certifiee
1979,57,630876,certifiee
1979,58,635557,certifiee
1979,59,384669,certifiee
1979,60,337757,certifiee
1979,61,296940,certifiee
1979,62,276511,certifiee
1979,63,342722,certifiee
1979,64,503524,certifiee
1979,65,503265,certifiee
1979,66,498063,certifiee
1979,67,462298,certifiee
1979,68,472111,certifiee
1979,69,460557,certifiee
1979,70,450427,certifiee
1979,71,423803,certifiee
1979,72,412264,certifiee
1979,73,395021,certifiee
1979,74,375269,certifiee
1979,75,355672,certifiee
1979,76,341513,certifiee
1979,77,319261,certifiee
1979,78,280551,certifiee
1979,79,256023,certifiee
1979,80,225759,certifiee
1979,81,203286,certifiee
1979,82,182188,certifiee
1979,83,149241,certifiee
1979,84,132781,certifiee
1979,85,115778,certifiee
1979,86,92551,certifiee
1979,87,78393,certifiee
1979,88,61805,certifiee
1979,89,52693,certifiee
1979,90,41060,certifiee
1979,91,30332,certifiee
1979,92,22896,certifiee
1979,93,16806,certifiee
1979,94,11888,certifiee
1979,95,8184,certifiee
1979,96,5830,certifiee
1979,97,3899,certifiee
1979,98,2369,certifiee
1979,99,995,certifiee
1980,100,1545,certifiee
1980,101,0,certifiee
1980,102,0,certifiee
1980,103,0,certifiee
1980,104,0,certifiee
1980,50,638964,certifiee
1980,51,642177,certifiee
1980,52,629846,certifiee
1980,53,630399,certifiee
1980,54,629378,certifiee
1980,55,610721,certifiee
1980,56,610572,certifiee
1980,57,607104,certifiee
1980,58,624713,certifiee
1980,59,628759,certifiee
1980,60,380216,certifiee
1980,61,333705,certifiee
1980,62,292932,certifiee
1980,63,272476,certifiee
1980,64,337280,certifiee
1980,65,494687,certifiee
1980,66,493743,certifiee
1980,67,487913,certifiee
1980,68,451993,certifiee
1980,69,460689,certifiee
1980,70,448240,certifiee
1980,71,437484,certifiee
1980,72,410608,certifiee
1980,73,397659,certifiee
1980,74,379408,certifiee
1980,75,358753,certifiee
1980,76,338336,certifiee
1980,77,323407,certifiee
1980,78,300627,certifiee
1980,79,262533,certifiee
1980,80,237414,certifiee
1980,81,207663,certifiee
1980,82,184987,certifiee
1980,83,164217,certifiee
1980,84,133311,certifiee
1980,85,117111,certifiee
1980,86,100936,certifiee
1980,87,79369,certifiee
1980,88,65883,certifiee
1980,89,51053,certifiee
1980,90,42485,certifiee
1980,91,32544,certifiee
1980,92,23644,certifiee
1980,93,17376,certifiee
1980,94,12618,certifiee
1980,95,8617,certifiee
1980,96,5834,certifiee
1980,97,4170,certifiee
1980,98,2711,certifiee
1980,99,1470,certifiee
1981,100,1882,certifiee
1981,101,0,certifiee
1981,102,0,certifiee
1981,103,0,certifiee
1981,104,0,certifiee
1981,50,661770,certifiee
1981,51,634786,certifiee
1981,52,637715,certifiee
1981,53,625226,certifiee
1981,54,625323,certifiee
1981,55,624480,certifiee
1981,56,605860,certifiee
1981,57,605310,certifiee
1981,58,601339,certifiee
1981,59,618251,certifiee
1981,60,621811,certifiee
1981,61,375617,certifiee
1981,62,329310,certifiee
1981,63,288660,certifiee
1981,64,268305,certifiee
1981,65,331515,certifiee
1981,66,485718,certifiee
1981,67,483728,certifiee
1981,68,477307,certifiee
1981,69,441280,certifiee
1981,70,448740,certifiee
1981,71,435675,certifiee
1981,72,423730,certifiee
1981,73,396488,certifiee
1981,74,382022,certifiee
1981,75,363239,certifiee
1981,76,341531,certifiee
1981,77,320345,certifiee
1981,78,304604,certifiee
1981,79,281490,certifiee
1981,80,243961,certifiee
1981,81,218213,certifiee
1981,82,189398,certifiee
1981,83,166595,certifiee
1981,84,146231,certifiee
1981,85,117660,certifiee
1981,86,102293,certifiee
1981,87,86882,certifiee
1981,88,66836,certifiee
1981,89,54359,certifiee
1981,90,41320,certifiee
1981,91,33427,certifiee
1981,92,25000,certifiee
1981,93,17930,certifiee
1981,94,12865,certifiee
1981,95,9093,certifiee
1981,96,5944,certifiee
1981,97,4014,certifiee
1981,98,2935,certifiee
1981,99,1626,certifiee
1982,100,2392,certifiee
1982,101,0,certifiee
1982,102,0,certifiee
1982,103,0,certifiee
1982,104,0,certifiee
1982,50,651017,certifiee
1982,51,657633,certifiee
1982,52,630671,certifiee
1982,53,633141,certifiee
1982,54,620495,certifiee
1982,55,620382,certifiee
1982,56,619475,certifiee
1982,57,600826,certifiee
1982,58,599705,certifiee
1982,59,595475,certifiee
1982,60,611361,certifiee
1982,61,614351,certifiee
1982,62,370566,certifiee
1982,63,324615,certifiee
1982,64,284245,certifiee
1982,65,263896,certifiee
1982,66,325404,certifiee
1982,67,476133,certifiee
1982,68,473335,certifiee
1982,69,466231,certifiee
1982,70,430080,certifiee
1982,71,436064,certifiee
1982,72,422180,certifiee
1982,73,409422,certifiee
1982,74,381461,certifiee
1982,75,365810,certifiee
1982,76,346086,certifiee
1982,77,323468,certifiee
1982,78,301606,certifiee
1982,79,285059,certifiee
1982,80,261444,certifiee
1982,81,224493,certifiee
1982,82,198663,certifiee
1982,83,170516,certifiee
1982,84,148040,certifiee
1982,85,128516,certifiee
1982,86,102167,certifiee
1982,87,87445,certifiee
1982,88,73311,certifiee
1982,89,55261,certifiee
1982,90,43670,certifiee
1982,91,32554,certifiee
1982,92,25582,certifiee
1982,93,18608,certifiee
1982,94,13020,certifiee
1982,95,9159,certifiee
1982,96,6283,certifiee
1982,97,4054,certifiee
1982,98,2606,certifiee
1982,99,1656,certifiee
1983,100,2500,certifiee
1983,101,0,certifiee
1983,102,0,certifiee
1983,103,0,certifiee
1983,104,0,certifiee
1983,50,645451,certifiee
1983,51,646117,certifiee
1983,52,653445,certifiee
1983,53,626390,certifiee
1983,54,628378,certifiee
1983,55,615476,certifiee
1983,56,615755,certifiee
1983,57,613673,certifiee
1983,58,594809,certifiee
1983,59,593517,certifiee
1983,60,589011,certifiee
1983,61,603705,certifiee
1983,62,606625,certifiee
1983,63,365518,certifiee
1983,64,319645,certifiee
1983,65,280105,certifiee
1983,66,259893,certifiee
1983,67,318831,certifiee
1983,68,466005,certifiee
1983,69,462321,certifiee
1983,70,454767,certifiee
1983,71,418298,certifiee
1983,72,423381,certifiee
1983,73,408385,certifiee
1983,74,394522,certifiee
1983,75,366123,certifiee
1983,76,349403,certifiee
1983,77,328285,certifiee
1983,78,305072,certifiee
1983,79,282528,certifiee
1983,80,265297,certifiee
1983,81,241177,certifiee
1983,82,205244,certifiee
1983,83,180028,certifiee
1983,84,152563,certifiee
1983,85,130809,certifiee
1983,86,111989,certifiee
1983,87,87914,certifiee
1983,88,74271,certifiee
1983,89,61489,certifiee
1983,90,45402,certifiee
1983,91,34705,certifiee
1983,92,25102,certifiee
1983,93,19053,certifiee
1983,94,13719,certifiee
1983,95,9789,certifiee
1983,96,6729,certifiee
1983,97,4366,certifiee
1983,98,2778,certifiee
1983,99,1760,certifiee
1984,100,2549,certifiee
1984,101,0,certifiee
1984,102,0,certifiee
1984,103,0,certifiee
1984,104,0,certifiee
1984,50,617543,certifiee
1984,51,641370,certifiee
1984,52,641160,certifiee
1984,53,649526,certifiee
1984,54,621706,certifiee
1984,55,623531,certifiee
1984,56,610653,certifiee
1984,57,610361,certifiee
1984,58,607615,certifiee
1984,59,588545,certifiee
1984,60,586747,certifiee
1984,61,581822,certifiee
1984,62,595756,certifiee
1984,63,598820,certifiee
1984,64,360241,certifiee
1984,65,314782,certifiee
1984,66,275658,certifiee
1984,67,254463,certifiee
1984,68,311839,certifiee
1984,69,455250,certifiee
1984,70,450741,certifiee
1984,71,442595,certifiee
1984,72,405934,certifiee
1984,73,409993,certifiee
1984,74,393404,certifiee
1984,75,378539,certifiee
1984,76,349118,certifiee
1984,77,331208,certifiee
1984,78,309242,certifiee
1984,79,285770,certifiee
1984,80,262729,certifiee
1984,81,244278,certifiee
1984,82,220245,certifiee
1984,83,185166,certifiee
1984,84,160351,certifiee
1984,85,134087,certifiee
1984,86,113555,certifiee
1984,87,95759,certifiee
1984,88,74136,certifiee
1984,89,61968,certifiee
1984,90,49942,certifiee
1984,91,35864,certifiee
1984,92,26609,certifiee
1984,93,18585,certifiee
1984,94,13996,certifiee
1984,95,9992,certifiee
1984,96,7095,certifiee
1984,97,4476,certifiee
1984,98,2951,certifiee
1984,99,1868,certifiee
1985,100,2637,certifiee
1985,101,0,certifiee
1985,102,0,certifiee
1985,103,0,certifiee
1985,104,0,certifiee
1985,50,622950,certifiee
1985,51,613298,certifiee
1985,52,637481,certifiee
1985,53,636758,certifiee
1985,54,645439,certifiee
1985,55,616972,certifiee
1985,56,618821,certifiee
1985,57,605073,certifiee
1985,58,604570,certifiee
1985,59,601381,certifiee
1985,60,582004,certifiee
1985,61,579415,certifiee
1985,62,574233,certifiee
1985,63,587797,certifiee
1985,64,590867,certifiee
1985,65,355218,certifiee
1985,66,309872,certifiee
1985,67,270179,certifiee
1985,68,248847,certifiee
1985,69,304468,certifiee
1985,70,444183,certifiee
1985,71,439123,certifiee
1985,72,430286,certifiee
1985,73,393416,certifiee
1985,74,396201,certifiee
1985,75,377995,certifiee
1985,76,361896,certifiee
1985,77,331846,certifiee
1985,78,313106,certifiee
1985,79,290405,certifiee
1985,80,266529,certifiee
1985,81,243136,certifiee
1985,82,224359,certifiee
1985,83,200264,certifiee
1985,84,166232,certifiee
1985,85,141801,certifiee
1985,86,116965,certifiee
1985,87,97781,certifiee
1985,88,81710,certifiee
1985,89,62624,certifiee
1985,90,50858,certifiee
1985,91,40059,certifiee
1985,92,27865,certifiee
1985,93,20049,certifiee
1985,94,14003,certifiee
1985,95,10588,certifiee
1985,96,7491,certifiee
1985,97,4831,certifiee
1985,98,3101,certifiee
1985,99,2005,certifiee
1986,100,2886,certifiee
1986,101,0,certifiee
1986,102,0,certifiee
1986,103,0,certifiee
1986,104,0,certifiee
1986,50,599111,certifiee
1986,51,618764,certifiee
1986,52,609174,certifiee
1986,53,633863,certifiee
1986,54,632076,certifiee
1986,55,641293,certifiee
1986,56,612360,certifiee
1986,57,613318,certifiee
1986,58,599087,certifiee
1986,59,598704,certifiee
1986,60,594898,certifiee
1986,61,574808,certifiee
1986,62,571614,certifiee
1986,63,566888,certifiee
1986,64,579443,certifiee
1986,65,582821,certifiee
1986,66,349918,certifiee
1986,67,303717,certifiee
1986,68,264195,certifiee
1986,69,242860,certifiee
1986,70,296885,certifiee
1986,71,432856,certifiee
1986,72,426845,certifiee
1986,73,417477,certifiee
1986,74,379921,certifiee
1986,75,381433,certifiee
1986,76,361392,certifiee
1986,77,343867,certifiee
1986,78,313717,certifiee
1986,79,294170,certifiee
1986,80,270505,certifiee
1986,81,246145,certifiee
1986,82,222940,certifiee
1986,83,203725,certifiee
1986,84,180079,certifiee
1986,85,146882,certifiee
1986,86,123268,certifiee
1986,87,100325,certifiee
1986,88,83047,certifiee
1986,89,68638,certifiee
1986,90,51453,certifiee
1986,91,40545,certifiee
1986,92,31188,certifiee
1986,93,20995,certifiee
1986,94,14923,certifiee
1986,95,10301,certifiee
1986,96,7748,certifiee
1986,97,4959,certifiee
1986,98,3338,certifiee
1986,99,2049,certifiee
1987,100,3126,certifiee
1987,101,0,certifiee
1987,102,0,certifiee
1987,103,0,certifiee
1987,104,0,certifiee
1987,50,597584,certifiee
1987,51,595345,certifiee
1987,52,614550,certifiee
1987,53,605453,certifiee
1987,54,629990,certifiee
1987,55,627377,certifiee
1987,56,637182,certifiee
1987,57,607100,certifiee
1987,58,607621,certifiee
1987,59,593278,certifiee
1987,60,592510,certifiee
1987,61,587625,certifiee
1987,62,567347,certifiee
1987,63,563958,certifiee
1987,64,559201,certifiee
1987,65,571276,certifiee
1987,66,574535,certifiee
1987,67,343497,certifiee
1987,68,297079,certifiee
1987,69,257976,certifiee
1987,70,236664,certifiee
1987,71,289345,certifiee
1987,72,420991,certifiee
1987,73,414297,certifiee
1987,74,404283,certifiee
1987,75,365993,certifiee
1987,76,365635,certifiee
1987,77,343770,certifiee
1987,78,325537,certifiee
1987,79,295104,certifiee
1987,80,275002,certifiee
1987,81,250817,certifiee
1987,82,226153,certifiee
1987,83,202863,certifiee
1987,84,183495,certifiee
1987,85,160040,certifiee
1987,86,128463,certifiee
1987,87,106000,certifiee
1987,88,85448,certifiee
1987,89,69948,certifiee
1987,90,56395,certifiee
1987,91,41476,certifiee
1987,92,31692,certifiee
1987,93,23886,certifiee
1987,94,15523,certifiee
1987,95,11086,certifiee
1987,96,7719,certifiee
1987,97,5131,certifiee
1987,98,3395,certifiee
1987,99,2196,certifiee
1988,100,3352,certifiee
1988,101,0,certifiee
1988,102,0,certifiee
1988,103,0,certifiee
1988,104,0,certifiee
1988,50,585805,certifiee
1988,51,594182,certifiee
1988,52,591753,certifiee
1988,53,611083,certifiee
1988,54,601611,certifiee
1988,55,626302,certifiee
1988,56,623032,certifiee
1988,57,632534,certifiee
1988,58,601750,certifiee
1988,59,601825,certifiee
1988,60,587380,certifiee
1988,61,585993,certifiee
1988,62,580300,certifiee
1988,63,560074,certifiee
1988,64,556218,certifiee
1988,65,551719,certifiee
1988,66,562960,certifiee
1988,67,564865,certifiee
1988,68,336670,certifiee
1988,69,290421,certifiee
1988,70,251828,certifiee
1988,71,230686,certifiee
1988,72,281681,certifiee
1988,73,409145,certifiee
1988,74,401481,certifiee
1988,75,390590,certifiee
1988,76,351529,certifiee
1988,77,349421,certifiee
1988,78,326167,certifiee
1988,79,307712,certifiee
1988,80,276588,certifiee
1988,81,255876,certifiee
1988,82,231629,certifiee
1988,83,207179,certifiee
1988,84,184008,certifiee
1988,85,164248,certifiee
1988,86,141562,certifiee
1988,87,111834,certifiee
1988,88,91241,certifiee
1988,89,72434,certifiee
1988,90,58241,certifiee
1988,91,46089,certifiee
1988,92,33059,certifiee
1988,93,24455,certifiee
1988,94,18144,certifiee
1988,95,11793,certifiee
1988,96,8398,certifiee
1988,97,5596,certifiee
1988,98,3502,certifiee
1988,99,2215,certifiee
1989,100,3476,certifiee
1989,101,0,certifiee
1989,102,0,certifiee
1989,103,0,certifiee
1989,104,0,certifiee
1989,50,581401,certifiee
1989,51,582109,certifiee
1989,52,590963,certifiee
1989,53,588775,certifiee
1989,54,607382,certifiee
1989,55,597941,certifiee
1989,56,622909,certifiee
1989,57,617815,certifiee
1989,58,627532,certifiee
1989,59,596342,certifiee
1989,60,595972,certifiee
1989,61,580655,certifiee
1989,62,579236,certifiee
1989,63,573205,certifiee
1989,64,552823,certifiee
1989,65,548843,certifiee
1989,66,544106,certifiee
1989,67,553454,certifiee
1989,68,554815,certifiee
1989,69,329638,certifiee
1989,70,283770,certifiee
1989,71,245548,certifiee
1989,72,224749,certifiee
1989,73,274117,certifiee
1989,74,396924,certifiee
1989,75,387841,certifiee
1989,76,376139,certifiee
1989,77,336265,certifiee
1989,78,332667,certifiee
1989,79,308359,certifiee
1989,80,289293,certifiee
1989,81,257937,certifiee
1989,82,236969,certifiee
1989,83,212481,certifiee
1989,84,188397,certifiee
1989,85,165025,certifiee
1989,86,145889,certifiee
1989,87,123828,certifiee
1989,88,96488,certifiee
1989,89,77556,certifiee
1989,90,60557,certifiee
1989,91,47779,certifiee
1989,92,36823,certifiee
1989,93,25709,certifiee
1989,94,18819,certifiee
1989,95,13834,certifiee
1989,96,8806,certifiee
1989,97,6199,certifiee
1989,98,3798,certifiee
1989,99,2567,certifiee
1990,100,3760,certifiee
1990,101,0,certifiee
1990,102,0,certifiee
1990,103,0,certifiee
1990,104,0,certifiee
1990,50,582379,certifiee
1990,51,578274,certifiee
1990,52,578490,certifiee
1990,53,588381,certifiee
1990,54,585484,certifiee
1990,55,603810,certifiee
1990,56,594373,certifiee
1990,57,618790,certifiee
1990,58,612388,certifiee
1990,59,622625,certifiee
1990,60,590594,certifiee
1990,61,589401,certifiee
1990,62,573699,certifiee
1990,63,572646,certifiee
1990,64,565732,certifiee
1990,65,545414,certifiee
1990,66,541020,certifiee
1990,67,535314,certifiee
1990,68,543333,certifiee
1990,69,544282,certifiee
1990,70,322549,certifiee
1990,71,276932,certifiee
1990,72,239415,certifiee
1990,73,218850,certifiee
1990,74,265987,certifiee
1990,75,384078,certifiee
1990,76,373378,certifiee
1990,77,360567,certifiee
1990,78,320413,certifiee
1990,79,315302,certifiee
1990,80,290010,certifiee
1990,81,270458,certifiee
1990,82,238892,certifiee
1990,83,217841,certifiee
1990,84,192996,certifiee
1990,85,169170,certifiee
1990,86,146340,certifiee
1990,87,127884,certifiee
1990,88,107042,certifiee
1990,89,82125,certifiee
1990,90,64483,certifiee
1990,91,49217,certifiee
1990,92,38179,certifiee
1990,93,28901,certifiee
1990,94,19654,certifiee
1990,95,14290,certifiee
1990,96,10224,certifiee
1990,97,6218,certifiee
1990,98,4410,certifiee
1990,99,2586,certifiee
1991,100,3828,certifiee
1991,101,0,certifiee
1991,102,0,certifiee
1991,103,0,certifiee
1991,104,0,certifiee
1991,50,543547,certifiee
1991,51,579719,certifiee
1991,52,575620,certifiee
1991,53,575017,certifiee
1991,54,584794,certifiee
1991,55,581869,certifiee
1991,56,600093,certifiee
1991,57,589980,certifiee
1991,58,613829,certifiee
1991,59,607278,certifiee
1991,60,616598,certifiee
1991,61,584795,certifiee
1991,62,582866,certifiee
1991,63,566693,certifiee
1991,64,565176,certifiee
1991,65,558093,certifiee
1991,66,538208,certifiee
1991,67,532574,certifiee
1991,68,526252,certifiee
1991,69,533814,certifiee
1991,70,533583,certifiee
1991,71,315951,certifiee
1991,72,270126,certifiee
1991,73,232786,certifiee
1991,74,212268,certifiee
1991,75,257100,certifiee
1991,76,370234,certifiee
1991,77,358021,certifiee
1991,78,344447,certifiee
1991,79,304436,certifiee
1991,80,297582,certifiee
1991,81,271773,certifiee
1991,82,251168,certifiee
1991,83,219987,certifiee
1991,84,198517,certifiee
1991,85,173937,certifiee
1991,86,150645,certifiee
1991,87,128761,certifiee
1991,88,110756,certifiee
1991,89,91192,certifiee
1991,90,68639,certifiee
1991,91,52890,certifiee
1991,92,39459,certifiee
1991,93,29798,certifiee
1991,94,21999,certifiee
1991,95,14773,certifiee
1991,96,10443,certifiee
1991,97,7262,certifiee
1991,98,4301,certifiee
1991,99,3012,certifiee
1992,100,4323,certifiee
1992,101,0,certifiee
1992,102,0,certifiee
1992,103,0,certifiee
1992,104,0,certifiee
1992,50,512398,certifiee
1992,51,541108,certifiee
1992,52,576956,certifiee
1992,53,572285,certifiee
1992,54,571778,certifiee
1992,55,581302,certifiee
1992,56,578131,certifiee
1992,57,596153,certifiee
1992,58,585283,certifiee
1992,59,608320,certifiee
1992,60,601987,certifiee
1992,61,610112,certifiee
1992,62,578400,certifiee
1992,63,575575,certifiee
1992,64,559529,certifiee
1992,65,557571,certifiee
1992,66,550187,certifiee
1992,67,529857,certifiee
1992,68,523554,certifiee
1992,69,516530,certifiee
1992,70,523706,certifiee
1992,71,521679,certifiee
1992,72,308951,certifiee
1992,73,262986,certifiee
1992,74,226037,certifiee
1992,75,205544,certifiee
1992,76,247694,certifiee
1992,77,355743,certifiee
1992,78,342520,certifiee
1992,79,327510,certifiee
1992,80,287600,certifiee
1992,81,279295,certifiee
1992,82,253148,certifiee
1992,83,231776,certifiee
1992,84,200942,certifiee
1992,85,179597,certifiee
1992,86,155546,certifiee
1992,87,132810,certifiee
1992,88,111982,certifiee
1992,89,94778,certifiee
1992,90,76606,certifiee
1992,91,56806,certifiee
1992,92,42603,certifiee
1992,93,31165,certifiee
1992,94,23083,certifiee
1992,95,16637,certifiee
1992,96,10953,certifiee
1992,97,7527,certifiee
1992,98,5151,certifiee
1992,99,2861,certifiee
1993,100,4404,certifiee
1993,101,0,certifiee
1993,102,0,certifiee
1993,103,0,certifiee
1993,104,0,certifiee
1993,50,566195,certifiee
1993,51,510672,certifiee
1993,52,538550,certifiee
1993,53,573700,certifiee
1993,54,568904,certifiee
1993,55,568554,certifiee
1993,56,577710,certifiee
1993,57,573866,certifiee
1993,58,591974,certifiee
1993,59,580126,certifiee
1993,60,602722,certifiee
1993,61,596284,certifiee
1993,62,603135,certifiee
1993,63,571546,certifiee
1993,64,568112,certifiee
1993,65,552046,certifiee
1993,66,549441,certifiee
1993,67,541363,certifiee
1993,68,521211,certifiee
1993,69,513943,certifiee
1993,70,506701,certifiee
1993,71,512603,certifiee
1993,72,509433,certifiee
1993,73,301202,certifiee
1993,74,255243,certifiee
1993,75,218823,certifiee
1993,76,198197,certifiee
1993,77,237811,certifiee
1993,78,340968,certifiee
1993,79,326324,certifiee
1993,80,310251,certifiee
1993,81,270597,certifiee
1993,82,260710,certifiee
1993,83,234425,certifiee
1993,84,212301,certifiee
1993,85,182241,certifiee
1993,86,161142,certifiee
1993,87,137809,certifiee
1993,88,115987,certifiee
1993,89,96074,certifiee
1993,90,80213,certifiee
1993,91,63644,certifiee
1993,92,46311,certifiee
1993,93,33785,certifiee
1993,94,24115,certifiee
1993,95,17408,certifiee
1993,96,12400,certifiee
1993,97,7978,certifiee
1993,98,5416,certifiee
1993,99,3592,certifiee
1994,100,4951,certifiee
1994,101,0,certifiee
1994,102,0,certifiee
1994,103,0,certifiee
1994,104,0,certifiee
1994,50,603553,certifiee
1994,51,563776,certifiee
1994,52,508811,certifiee
1994,53,535471,certifiee
1994,54,570409,certifiee
1994,55,565646,certifiee
1994,56,565104,certifiee
1994,57,573509,certifiee
1994,58,569451,certifiee
1994,59,587240,certifiee
1994,60,574772,certifiee
1994,61,596721,certifiee
1994,62,589913,certifiee
1994,63,595568,certifiee
1994,64,564231,certifiee
1994,65,560401,certifiee
1994,66,544320,certifiee
1994,67,540801,certifiee
1994,68,531903,certifiee
1994,69,511846,certifiee
1994,70,503983,certifiee
1994,71,495974,certifiee
1994,72,501268,certifiee
1994,73,496075,certifiee
1994,74,293142,certifiee
1994,75,247036,certifiee
1994,76,211177,certifiee
1994,77,190351,certifiee
1994,78,227562,certifiee
1994,79,325098,certifiee
1994,80,308934,certifiee
1994,81,291623,certifiee
1994,82,252732,certifiee
1994,83,241135,certifiee
1994,84,214767,certifiee
1994,85,192353,certifiee
1994,86,162973,certifiee
1994,87,142281,certifiee
1994,88,120056,certifiee
1994,89,99462,certifiee
1994,90,81159,certifiee
1994,91,66459,certifiee
1994,92,51649,certifiee
1994,93,36929,certifiee
1994,94,26031,certifiee
1994,95,18243,certifiee
1994,96,12767,certifiee
1994,97,9027,certifiee
1994,98,5661,certifiee
1994,99,3763,certifiee
1995,100,5648,certifiee
1995,101,0,certifiee
1995,102,0,certifiee
1995,103,0,certifiee
1995,104,0,certifiee
1995,50,629240,certifiee
1995,51,614521,certifiee
1995,52,574540,certifiee
1995,53,519306,certifiee
1995,54,545165,certifiee
1995,55,578633,certifiee
1995,56,573829,certifiee
1995,57,572446,certifiee
1995,58,580248,certifiee
1995,59,575313,certifiee
1995,60,592390,certifiee
1995,61,578974,certifiee
1995,62,599734,certifiee
1995,63,592147,certifiee
1995,64,597222,certifiee
1995,65,565423,certifiee
1995,66,560337,certifiee
1995,67,543762,certifiee
1995,68,539601,certifiee
1995,69,529396,certifiee
1995,70,509158,certifiee
1995,71,500444,certifiee
1995,72,490885,certifiee
1995,73,494860,certifiee
1995,74,488104,certifiee
1995,75,289630,certifiee
1995,76,243156,certifiee
1995,77,207553,certifiee
1995,78,186913,certifiee
1995,79,220713,certifiee
1995,80,312285,certifiee
1995,81,294236,certifiee
1995,82,275824,certifiee
1995,83,237475,certifiee
1995,84,224288,certifiee
1995,85,197532,certifiee
1995,86,174573,certifiee
1995,87,146543,certifiee
1995,88,126098,certifiee
1995,89,104668,certifiee
1995,90,85513,certifiee
1995,91,68673,certifiee
1995,92,55210,certifiee
1995,93,42047,certifiee
1995,94,29386,certifiee
1995,95,20143,certifiee
1995,96,13749,certifiee
1995,97,9340,certifiee
1995,98,6613,certifiee
1995,99,4116,certifiee
1996,100,6303,certifiee
1996,101,0,certifiee
1996,102,0,certifiee
1996,103,0,certifiee
1996,104,0,certifiee
1996,50,632910,certifiee
1996,51,626826,certifiee
1996,52,611981,certifiee
1996,53,571950,certifiee
1996,54,516944,certifiee
1996,55,541493,certifiee
1996,56,575337,certifiee
1996,57,569525,certifiee
1996,58,568555,certifiee
1996,59,575792,certifiee
1996,60,569569,certifiee
1996,61,587412,certifiee
1996,62,572844,certifiee
1996,63,592478,certifiee
1996,64,585144,certifiee
1996,65,588396,certifiee
1996,66,557002,certifiee
1996,67,551346,certifiee
1996,68,534759,certifiee
1996,69,529580,certifiee
1996,70,518769,certifiee
1996,71,499050,certifiee
1996,72,489216,certifiee
1996,73,478716,certifiee
1996,74,481871,certifiee
1996,75,472637,certifiee
1996,76,280273,certifiee
1996,77,233878,certifiee
1996,78,199109,certifiee
1996,79,177976,certifiee
1996,80,209208,certifiee
1996,81,294896,certifiee
1996,82,275572,certifiee
1996,83,256405,certifiee
1996,84,218737,certifiee
1996,85,204174,certifiee
1996,86,177666,certifiee
1996,87,155174,certifiee
1996,88,128292,certifiee
1996,89,108663,certifiee
1996,90,89082,certifiee
1996,91,71426,certifiee
1996,92,56358,certifiee
1996,93,44200,certifiee
1996,94,33166,certifiee
1996,95,22584,certifiee
1996,96,14883,certifiee
1996,97,9887,certifiee
1996,98,6417,certifiee
1996,99,4613,certifiee
1997,100,7107,certifiee
1997,101,0,certifiee
1997,102,0,certifiee
1997,103,0,certifiee
1997,104,0,certifiee
1997,50,826510,certifiee
1997,51,629805,certifiee
1997,52,624463,certifiee
1997,53,609532,certifiee
1997,54,568457,certifiee
1997,55,514075,certifiee
1997,56,538303,certifiee
1997,57,571148,certifiee
1997,58,565500,certifiee
1997,59,564342,certifiee
1997,60,570107,certifiee
1997,61,564290,certifiee
1997,62,581606,certifiee
1997,63,566011,certifiee
1997,64,585235,certifiee
1997,65,577133,certifiee
1997,66,579216,certifiee
1997,67,548426,certifiee
1997,68,542067,certifiee
1997,69,524789,certifiee
1997,70,519137,certifiee
1997,71,507712,certifiee
1997,72,487920,certifiee
1997,73,477055,certifiee
1997,74,466139,certifiee
1997,75,467236,certifiee
1997,76,456506,certifiee
1997,77,270441,certifiee
1997,78,224369,certifiee
1997,79,189899,certifiee
1997,80,168820,certifiee
1997,81,196976,certifiee
1997,82,276565,certifiee
1997,83,256172,certifiee
1997,84,236177,certifiee
1997,85,199308,certifiee
1997,86,183983,certifiee
1997,87,158169,certifiee
1997,88,135941,certifiee
1997,89,110697,certifiee
1997,90,92306,certifiee
1997,91,74117,certifiee
1997,92,58367,certifiee
1997,93,45260,certifiee
1997,94,34634,certifiee
1997,95,25547,certifiee
1997,96,16990,certifiee
1997,97,10680,certifiee
1997,98,6949,certifiee
1997,99,4202,certifiee
1998,100,7259,certifiee
1998,101,0,certifiee
1998,102,0,certifiee
1998,103,0,certifiee
1998,104,0,certifiee
1998,50,864096,certifiee
1998,51,822894,certifiee
1998,52,626630,certifiee
1998,53,622315,certifiee
1998,54,606065,certifiee
1998,55,564713,certifiee
1998,56,512010,certifiee
1998,57,534279,certifiee
1998,58,567534,certifiee
1998,59,561168,certifiee
1998,60,559382,certifiee
1998,61,565188,certifiee
1998,62,558372,certifiee
1998,63,575474,certifiee
1998,64,559074,certifiee
1998,65,577147,certifiee
1998,66,569154,certifiee
1998,67,569658,certifiee
1998,68,539743,certifiee
1998,69,531776,certifiee
1998,70,514802,certifiee
1998,71,508480,certifiee
1998,72,495939,certifiee
1998,73,476474,certifiee
1998,74,464742,certifiee
1998,75,451987,certifiee
1998,76,452483,certifiee
1998,77,439633,certifiee
1998,78,260360,certifiee
1998,79,213940,certifiee
1998,80,180417,certifiee
1998,81,159330,certifiee
1998,82,184518,certifiee
1998,83,258056,certifiee
1998,84,236601,certifiee
1998,85,215670,certifiee
1998,86,180172,certifiee
1998,87,164276,certifiee
1998,88,139002,certifiee
1998,89,117457,certifiee
1998,90,94169,certifiee
1998,91,77140,certifiee
1998,92,60700,certifiee
1998,93,46921,certifiee
1998,94,35641,certifiee
1998,95,26562,certifiee
1998,96,19323,certifiee
1998,97,12509,certifiee
1998,98,7570,certifiee
1998,99,4768,certifiee
1999,100,3231,certifiee
1999,101,1958,certifiee
1999,102,1135,certifiee
1999,103,650,certifiee
1999,104,370,certifiee
1999,50,872701,certifiee
1999,51,860214,certifiee
1999,52,819008,certifiee
1999,53,623907,certifiee
1999,54,618998,certifiee
1999,55,602365,certifiee
1999,56,561991,certifiee
1999,57,508911,certifiee
1999,58,530896,certifiee
1999,59,563351,certifiee
1999,60,556251,certifiee
1999,61,554794,certifiee
1999,62,559740,certifiee
1999,63,552187,certifiee
1999,64,569032,certifiee
1999,65,551499,certifiee
1999,66,569070,certifiee
1999,67,560591,certifiee
1999,68,560423,certifiee
1999,69,530027,certifiee
1999,70,521824,certifiee
1999,71,504232,certifiee
1999,72,496950,certifiee
1999,73,484090,certifiee
1999,74,464575,certifiee
1999,75,450476,certifiee
1999,76,437680,certifiee
1999,77,436707,certifiee
1999,78,422230,certifiee
1999,79,249250,certifiee
1999,80,203227,certifiee
1999,81,170390,certifiee
1999,82,149413,certifiee
1999,83,171700,certifiee
1999,84,238529,certifiee
1999,85,215941,certifiee
1999,86,194701,certifiee
1999,87,160949,certifiee
1999,88,144440,certifiee
1999,89,120218,certifiee
1999,90,100320,certifiee
1999,91,78842,certifiee
1999,92,63182,certifiee
1999,93,48824,certifiee
1999,94,36841,certifiee
1999,95,27497,certifiee
1999,96,19947,certifiee
1999,97,14419,certifiee
1999,98,9063,certifiee
1999,99,5233,certifiee
2000,100,3383,certifiee
2000,101,2076,certifiee
2000,102,1191,certifiee
2000,103,663,certifiee
2000,104,385,certifiee
2000,50,874476,certifiee
2000,51,871927,certifiee
2000,52,859463,certifiee
2000,53,818003,certifiee
2000,54,622983,certifiee
2000,55,617092,certifiee
2000,56,600570,certifiee
2000,57,560667,certifiee
2000,58,506715,certifiee
2000,59,528960,certifiee
2000,60,560468,certifiee
2000,61,553008,certifiee
2000,62,551235,certifiee
2000,63,555946,certifiee
2000,64,547966,certifiee
2000,65,563691,certifiee
2000,66,546374,certifiee
2000,67,563113,certifiee
2000,68,553398,certifiee
2000,69,552936,certifiee
2000,70,521640,certifiee
2000,71,512813,certifiee
2000,72,494682,certifiee
2000,73,486324,certifiee
2000,74,472570,certifiee
2000,75,452086,certifiee
2000,76,437312,certifiee
2000,77,423071,certifiee
2000,78,420148,certifiee
2000,79,404375,certifiee
2000,80,236672,certifiee
2000,81,192354,certifiee
2000,82,160295,certifiee
2000,83,139222,certifiee
2000,84,158214,certifiee
2000,85,218272,certifiee
2000,86,195130,certifiee
2000,87,173522,certifiee
2000,88,141356,certifiee
2000,89,125023,certifiee
2000,90,102070,certifiee
2000,91,83672,certifiee
2000,92,64312,certifiee
2000,93,50604,certifiee
2000,94,38216,certifiee
2000,95,28152,certifiee
2000,96,20623,certifiee
2000,97,14562,certifiee
2000,98,10310,certifiee
2000,99,6384,certifiee
2001,100,4395,certifiee
2001,101,2127,certifiee
2001,102,1267,certifiee
2001,103,745,certifiee
2001,104,394,certifiee
2001,50,881825,certifiee
2001,51,873035,certifiee
2001,52,870975,certifiee
2001,53,858394,certifiee
2001,54,816930,certifiee
2001,55,621457,certifiee
2001,56,615005,certifiee
2001,57,598377,certifiee
2001,58,559260,certifiee
2001,59,504414,certifiee
2001,60,526579,certifiee
2001,61,557335,certifiee
2001,62,549649,certifiee
2001,63,547072,certifiee
2001,64,551783,certifiee
2001,65,543640,certifiee
2001,66,557725,certifiee
2001,67,540673,certifiee
2001,68,556878,certifiee
2001,69,545642,certifiee
2001,70,544821,certifiee
2001,71,512871,certifiee
2001,72,503288,certifiee
2001,73,484666,certifiee
2001,74,475236,certifiee
2001,75,460573,certifiee
2001,76,438939,certifiee
2001,77,423362,certifiee
2001,78,408038,certifiee
2001,79,403037,certifiee
2001,80,386045,certifiee
2001,81,223797,certifiee
2001,82,181039,certifiee
2001,83,149708,certifiee
2001,84,128891,certifiee
2001,85,144731,certifiee
2001,86,197847,certifiee
2001,87,174813,certifiee
2001,88,153125,certifiee
2001,89,122784,certifiee
2001,90,107023,certifiee
2001,91,85590,certifiee
2001,92,68522,certifiee
2001,93,51726,certifiee
2001,94,39655,certifiee
2001,95,29245,certifiee
2001,96,21080,certifiee
2001,97,15192,certifiee
2001,98,10426,certifiee
2001,99,7275,certifiee
2002,100,4985,certifiee
2002,101,2990,certifiee
2002,102,1315,certifiee
2002,103,761,certifiee
2002,104,434,certifiee
2002,50,848850,certifiee
2002,51,880620,certifiee
2002,52,871437,certifiee
2002,53,869760,certifiee
2002,54,857250,certifiee
2002,55,815216,certifiee
2002,56,619986,certifiee
2002,57,612503,certifiee
2002,58,596166,certifiee
2002,59,557476,certifiee
2002,60,501525,certifiee
2002,61,523854,certifiee
2002,62,553766,certifiee
2002,63,545842,certifiee
2002,64,542625,certifiee
2002,65,547170,certifiee
2002,66,538651,certifiee
2002,67,551477,certifiee
2002,68,534628,certifiee
2002,69,549938,certifiee
2002,70,537604,certifiee
2002,71,536265,certifiee
2002,72,503281,certifiee
2002,73,493284,certifiee
2002,74,473926,certifiee
2002,75,463293,certifiee
2002,76,447800,certifiee
2002,77,424979,certifiee
2002,78,408800,certifiee
2002,79,392219,certifiee
2002,80,384821,certifiee
2002,81,366700,certifiee
2002,82,210270,certifiee
2002,83,169304,certifiee
2002,84,138946,certifiee
2002,85,118362,certifiee
2002,86,131359,certifiee
2002,87,177545,certifiee
2002,88,154895,certifiee
2002,89,133477,certifiee
2002,90,105363,certifiee
2002,91,89909,certifiee
2002,92,70386,certifiee
2002,93,55031,certifiee
2002,94,40645,certifiee
2002,95,30762,certifiee
2002,96,21910,certifiee
2002,97,15377,certifiee
2002,98,10841,certifiee
2002,99,7249,certifiee
2003,100,4845,certifiee
2003,101,3338,certifiee
2003,102,1991,certifiee
2003,103,740,certifiee
2003,104,429,certifiee
2003,50,863844,certifiee
2003,51,846809,certifiee
2003,52,879270,certifiee
2003,53,869511,certifiee
2003,54,868357,certifiee
2003,55,855402,certifiee
2003,56,813246,certifiee
2003,57,617865,certifiee
2003,58,609952,certifiee
2003,59,593554,certifiee
2003,60,555219,certifiee
2003,61,498496,certifiee
2003,62,520840,certifiee
2003,63,549951,certifiee
2003,64,541512,certifiee
2003,65,537878,certifiee
2003,66,542199,certifiee
2003,67,533145,certifiee
2003,68,544681,certifiee
2003,69,527889,certifiee
2003,70,542454,certifiee
2003,71,528837,certifiee
2003,72,527043,certifiee
2003,73,493245,certifiee
2003,74,482595,certifiee
2003,75,462579,certifiee
2003,76,450724,certifiee
2003,77,434015,certifiee
2003,78,409858,certifiee
2003,79,393408,certifiee
2003,80,375182,certifiee
2003,81,365593,certifiee
2003,82,346345,certifiee
2003,83,196153,certifiee
2003,84,156967,certifiee
2003,85,127808,certifiee
2003,86,107762,certifiee
2003,87,117700,certifiee
2003,88,157498,certifiee
2003,89,135112,certifiee
2003,90,114287,certifiee
2003,91,88544,certifiee
2003,92,73936,certifiee
2003,93,56645,certifiee
2003,94,43126,certifiee
2003,95,31288,certifiee
2003,96,23103,certifiee
2003,97,15906,certifiee
2003,98,10929,certifiee
2003,99,7532,certifiee
2004,100,4816,certifiee
2004,101,3108,certifiee
2004,102,2160,certifiee
2004,103,1319,certifiee
2004,104,399,certifiee
2004,50,847303,certifiee
2004,51,862586,certifiee
2004,52,844643,certifiee
2004,53,877510,certifiee
2004,54,867445,certifiee
2004,55,866393,certifiee
2004,56,853198,certifiee
2004,57,810637,certifiee
2004,58,615751,certifiee
2004,59,607001,certifiee
2004,60,590513,certifiee
2004,61,552704,certifiee
2004,62,495022,certifiee
2004,63,517287,certifiee
2004,64,545589,certifiee
2004,65,536843,certifiee
2004,66,532583,certifiee
2004,67,536712,certifiee
2004,68,527407,certifiee
2004,69,537152,certifiee
2004,70,520604,certifiee
2004,71,534249,certifiee
2004,72,519222,certifiee
2004,73,517080,certifiee
2004,74,482307,certifiee
2004,75,470962,certifiee
2004,76,449659,certifiee
2004,77,436881,certifiee
2004,78,419130,certifiee
2004,79,393529,certifiee
2004,80,376465,certifiee
2004,81,356681,certifiee
2004,82,344643,certifiee
2004,83,324146,certifiee
2004,84,181274,certifiee
2004,85,143864,certifiee
2004,86,116232,certifiee
2004,87,96525,certifiee
2004,88,103657,certifiee
2004,89,136754,certifiee
2004,90,114848,certifiee
2004,91,95171,certifiee
2004,92,72253,certifiee
2004,93,59060,certifiee
2004,94,43960,certifiee
2004,95,32681,certifiee
2004,96,22938,certifiee
2004,97,16472,certifiee
2004,98,10942,certifiee
2004,99,7327,certifiee
2005,100,4968,certifiee
2005,101,3287,certifiee
2005,102,2007,certifiee
2005,103,1405,certifiee
2005,104,922,certifiee
2005,50,859669,certifiee
2005,51,845433,certifiee
2005,52,861452,certifiee
2005,53,842430,certifiee
2005,54,875733,certifiee
2005,55,865019,certifiee
2005,56,864449,certifiee
2005,57,850708,certifiee
2005,58,808149,certifiee
2005,59,613326,certifiee
2005,60,603672,certifiee
2005,61,587369,certifiee
2005,62,549901,certifiee
2005,63,491410,certifiee
2005,64,513540,certifiee
2005,65,541023,certifiee
2005,66,532042,certifiee
2005,67,527190,certifiee
2005,68,531294,certifiee
2005,69,521347,certifiee
2005,70,529747,certifiee
2005,71,513099,certifiee
2005,72,526165,certifiee
2005,73,509723,certifiee
2005,74,506879,certifiee
2005,75,471500,certifiee
2005,76,459370,certifiee
2005,77,436927,certifiee
2005,78,423474,certifiee
2005,79,404326,certifiee
2005,80,377539,certifiee
2005,81,360038,certifiee
2005,82,338875,certifiee
2005,83,324746,certifiee
2005,84,303317,certifiee
2005,85,167244,certifiee
2005,86,132010,certifiee
2005,87,105444,certifiee
2005,88,86593,certifiee
2005,89,91239,certifiee
2005,90,118985,certifiee
2005,91,98100,certifiee
2005,92,79874,certifiee
2005,93,59218,certifiee
2005,94,47508,certifiee
2005,95,34340,certifiee
2005,96,24890,certifiee
2005,97,16925,certifiee
2005,98,11946,certifiee
2005,99,7713,certifiee
2006,100,5213,certifiee
2006,101,3164,certifiee
2006,102,2100,certifiee
2006,103,1229,certifiee
2006,104,847,certifiee
2006,50,855790,certifiee
2006,51,857064,certifiee
2006,52,843428,certifiee
2006,53,859760,certifiee
2006,54,839880,certifiee
2006,55,873239,certifiee
2006,56,862163,certifiee
2006,57,861536,certifiee
2006,58,847584,certifiee
2006,59,804861,certifiee
2006,60,610308,certifiee
2006,61,600014,certifiee
2006,62,583743,certifiee
2006,63,546523,certifiee
2006,64,487297,certifiee
2006,65,509268,certifiee
2006,66,535806,certifiee
2006,67,526550,certifiee
2006,68,521269,certifiee
2006,69,524789,certifiee
2006,70,514674,certifiee
2006,71,521517,certifiee
2006,72,504645,certifiee
2006,73,517094,certifiee
2006,74,499429,certifiee
2006,75,495751,certifiee
2006,76,459968,certifiee
2006,77,446699,certifiee
2006,78,423272,certifiee
2006,79,408517,certifiee
2006,80,388225,certifiee
2006,81,360156,certifiee
2006,82,341909,certifiee
2006,83,319602,certifiee
2006,84,303351,certifiee
2006,85,280925,certifiee
2006,86,152320,certifiee
2006,87,119397,certifiee
2006,88,94306,certifiee
2006,89,76353,certifiee
2006,90,78805,certifiee
2006,91,101095,certifiee
2006,92,81918,certifiee
2006,93,65177,certifiee
2006,94,47026,certifiee
2006,95,37143,certifiee
2006,96,25743,certifiee
2006,97,18040,certifiee
2006,98,11740,certifiee
2006,99,8189,certifiee
2007,100,5832,certifiee
2007,101,3351,certifiee
2007,102,2004,certifiee
2007,103,1332,certifiee
2007,104,780,certifiee
2007,50,861536,certifiee
2007,51,852568,certifiee
2007,52,855237,certifiee
2007,53,840976,certifiee
2007,54,855928,certifiee
2007,55,836528,certifiee
2007,56,870992,certifiee
2007,57,858972,certifiee
2007,58,857899,certifiee
2007,59,842882,certifiee
2007,60,799509,certifiee
2007,61,606311,certifiee
2007,62,594286,certifiee
2007,63,578202,certifiee
2007,64,541388,certifiee
2007,65,482144,certifiee
2007,66,502698,certifiee
2007,67,529623,certifiee
2007,68,519222,certifiee
2007,69,512966,certifiee
2007,70,516234,certifiee
2007,71,506067,certifiee
2007,72,511824,certifiee
2007,73,494822,certifiee
2007,74,505422,certifiee
2007,75,487245,certifiee
2007,76,483004,certifiee
2007,77,445872,certifiee
2007,78,431795,certifiee
2007,79,408355,certifiee
2007,80,391685,certifiee
2007,81,371203,certifiee
2007,82,341244,certifiee
2007,83,320431,certifiee
2007,84,298459,certifiee
2007,85,280915,certifiee
2007,86,257092,certifiee
2007,87,137660,certifiee
2007,88,106538,certifiee
2007,89,83131,certifiee
2007,90,66210,certifiee
2007,91,67095,certifiee
2007,92,84487,certifiee
2007,93,67118,certifiee
2007,94,51994,certifiee
2007,95,36820,certifiee
2007,96,28140,certifiee
2007,97,19065,certifiee
2007,98,13163,certifiee
2007,99,8203,certifiee
2008,100,5645,certifiee
2008,101,3834,certifiee
2008,102,2162,certifiee
2008,103,1191,certifiee
2008,104,852,certifiee
2008,50,865139,certifiee
2008,51,859342,certifiee
2008,52,851308,certifiee
2008,53,852451,certifiee
2008,54,837478,certifiee
2008,55,852692,certifiee
2008,56,833238,certifiee
2008,57,868773,certifiee
2008,58,855310,certifiee
2008,59,853305,certifiee
2008,60,837472,certifiee
2008,61,794468,certifiee
2008,62,601677,certifiee
2008,63,589712,certifiee
2008,64,573677,certifiee
2008,65,535300,certifiee
2008,66,476900,certifiee
2008,67,497437,certifiee
2008,68,524086,certifiee
2008,69,512947,certifiee
2008,70,505292,certifiee
2008,71,508480,certifiee
2008,72,497331,certifiee
2008,73,501760,certifiee
2008,74,482701,certifiee
2008,75,493082,certifiee
2008,76,473360,certifiee
2008,77,468836,certifiee
2008,78,430754,certifiee
2008,79,415773,certifiee
2008,80,391353,certifiee
2008,81,373188,certifiee
2008,82,352022,certifiee
2008,83,322133,certifiee
2008,84,298778,certifiee
2008,85,275907,certifiee
2008,86,256752,certifiee
2008,87,232541,certifiee
2008,88,123078,certifiee
2008,89,94239,certifiee
2008,90,72489,certifiee
2008,91,56287,certifiee
2008,92,56378,certifiee
2008,93,69757,certifiee
2008,94,53856,certifiee
2008,95,40778,certifiee
2008,96,28391,certifiee
2008,97,21248,certifiee
2008,98,13710,certifiee
2008,99,9311,certifiee
2009,100,6341,certifiee
2009,101,3669,certifiee
2009,102,2336,certifiee
2009,103,1286,certifiee
2009,104,780,certifiee
2009,50,862511,certifiee
2009,51,861258,certifiee
2009,52,855833,certifiee
2009,53,849625,certifiee
2009,54,849865,certifiee
2009,55,834093,certifiee
2009,56,849715,certifiee
2009,57,829709,certifiee
2009,58,864608,certifiee
2009,59,849732,certifiee
2009,60,848044,certifiee
2009,61,828891,certifiee
2009,62,786202,certifiee
2009,63,595808,certifiee
2009,64,584514,certifiee
2009,65,567288,certifiee
2009,66,529409,certifiee
2009,67,470874,certifiee
2009,68,492115,certifiee
2009,69,516274,certifiee
2009,70,506504,certifiee
2009,71,496677,certifiee
2009,72,499214,certifiee
2009,73,487521,certifiee
2009,74,491853,certifiee
2009,75,471857,certifiee
2009,76,480300,certifiee
2009,77,459794,certifiee
2009,78,454689,certifiee
2009,79,415694,certifiee
2009,80,398137,certifiee
2009,81,373425,certifiee
2009,82,353618,certifiee
2009,83,331868,certifiee
2009,84,301522,certifiee
2009,85,277008,certifiee
2009,86,253590,certifiee
2009,87,233033,certifiee
2009,88,207699,certifiee
2009,89,108630,certifiee
2009,90,81773,certifiee
2009,91,61840,certifiee
2009,92,47313,certifiee
2009,93,46398,certifiee
2009,94,56305,certifiee
2009,95,42144,certifiee
2009,96,31152,certifiee
2009,97,21253,certifiee
2009,98,15386,certifiee
2009,99,9566,certifiee
2010,100,6653,certifiee
2010,101,4181,certifiee
2010,102,2291,certifiee
2010,103,1490,certifiee
2010,104,774,certifiee
2010,50,879529,certifiee
2010,51,860531,certifiee
2010,52,859092,certifiee
2010,53,852071,certifiee
2010,54,845260,certifiee
2010,55,845088,certifiee
2010,56,829196,certifiee
2010,57,845265,certifiee
2010,58,825133,certifiee
2010,59,858103,certifiee
2010,60,842020,certifiee
2010,61,841147,certifiee
2010,62,820902,certifiee
2010,63,779402,certifiee
2010,64,590002,certifiee
2010,65,577000,certifiee
2010,66,560144,certifiee
2010,67,521814,certifiee
2010,68,464692,certifiee
2010,69,485613,certifiee
2010,70,508902,certifiee
2010,71,499159,certifiee
2010,72,488281,certifiee
2010,73,489067,certifiee
2010,74,477571,certifiee
2010,75,481433,certifiee
2010,76,459546,certifiee
2010,77,467007,certifiee
2010,78,446097,certifiee
2010,79,438091,certifiee
2010,80,399351,certifiee
2010,81,379492,certifiee
2010,82,353827,certifiee
2010,83,333170,certifiee
2010,84,310053,certifiee
2010,85,279288,certifiee
2010,86,253906,certifiee
2010,87,230165,certifiee
2010,88,208412,certifiee
2010,89,183495,certifiee
2010,90,94350,certifiee
2010,91,69889,certifiee
2010,92,52329,certifiee
2010,93,39173,certifiee
2010,94,37345,certifiee
2010,95,44537,certifiee
2010,96,32278,certifiee
2010,97,23191,certifiee
2010,98,15513,certifiee
2010,99,10832,certifiee
2011,100,7561,certifiee
2011,101,4424,certifiee
2011,102,2650,certifiee
2011,103,1404,certifiee
2011,104,901,certifiee
2011,50,882821,certifiee
2011,51,877364,certifiee
2011,52,857498,certifiee
2011,53,855274,certifiee
2011,54,848478,certifiee
2011,55,841575,certifiee
2011,56,842372,certifiee
2011,57,825038,certifiee
2011,58,840787,certifiee
2011,59,819426,certifiee
2011,60,851593,certifiee
2011,61,835183,certifiee
2011,62,832793,certifiee
2011,63,813243,certifiee
2011,64,773249,certifiee
2011,65,584378,certifiee
2011,66,570419,certifiee
2011,67,553575,certifiee
2011,68,515046,certifiee
2011,69,458814,certifiee
2011,70,479037,certifiee
2011,71,500478,certifiee
2011,72,491069,certifiee
2011,73,479913,certifiee
2011,74,479221,certifiee
2011,75,467304,certifiee
2011,76,469596,certifiee
2011,77,447014,certifiee
2011,78,452757,certifiee
2011,79,430972,certifiee
2011,80,421514,certifiee
2011,81,381614,certifiee
2011,82,360163,certifiee
2011,83,334443,certifiee
2011,84,312013,certifiee
2011,85,288990,certifiee
2011,86,256977,certifiee
2011,87,232182,certifiee
2011,88,207377,certifiee
2011,89,184486,certifiee
2011,90,160367,certifiee
2011,91,80555,certifiee
2011,92,59132,certifiee
2011,93,43327,certifiee
2011,94,31708,certifiee
2011,95,29562,certifiee
2011,96,34485,certifiee
2011,97,24021,certifiee
2011,98,17004,certifiee
2011,99,11227,certifiee
2012,100,7806,certifiee
2012,101,5185,certifiee
2012,102,2900,certifiee
2012,103,1762,certifiee
2012,104,903,certifiee
2012,50,884220,certifiee
2012,51,880900,certifiee
2012,52,875289,certifiee
2012,53,854507,certifiee
2012,54,853420,certifiee
2012,55,846235,certifiee
2012,56,838437,certifiee
2012,57,839087,certifiee
2012,58,821462,certifiee
2012,59,835472,certifiee
2012,60,814091,certifiee
2012,61,846294,certifiee
2012,62,828348,certifiee
2012,63,826002,certifiee
2012,64,806408,certifiee
2012,65,766191,certifiee
2012,66,579046,certifiee
2012,67,565234,certifiee
2012,68,548512,certifiee
2012,69,507714,certifiee
2012,70,453199,certifiee
2012,71,472057,certifiee
2012,72,491175,certifiee
2012,73,482814,certifiee
2012,74,471635,certifiee
2012,75,469075,certifiee
2012,76,456752,certifiee
2012,77,456148,certifiee
2012,78,432967,certifiee
2012,79,438313,certifiee
2012,80,414274,certifiee
2012,81,402464,certifiee
2012,82,362455,certifiee
2012,83,340365,certifiee
2012,84,313335,certifiee
2012,85,290535,certifiee
2012,86,265900,certifiee
2012,87,234321,certifiee
2012,88,209292,certifiee
2012,89,183823,certifiee
2012,90,161256,certifiee
2012,91,137166,certifiee
2012,92,68279,certifiee
2012,93,48812,certifiee
2012,94,35032,certifiee
2012,95,25117,certifiee
2012,96,22811,certifiee
2012,97,25935,certifiee
2012,98,17794,certifiee
2012,99,12211,certifiee
2013,100,8272,certifiee
2013,101,5266,certifiee
2013,102,3255,certifiee
2013,103,1774,certifiee
2013,104,966,certifiee
2013,50,882818,certifiee
2013,51,882805,certifiee
2013,52,878585,certifiee
2013,53,872341,certifiee
2013,54,853042,certifiee
2013,55,850716,certifiee
2013,56,843768,certifiee
2013,57,834820,certifiee
2013,58,836122,certifiee
2013,59,817033,certifiee
2013,60,830693,certifiee
2013,61,808882,certifiee
2013,62,839271,certifiee
2013,63,822320,certifiee
2013,64,818380,certifiee
2013,65,800168,certifiee
2013,66,759071,certifiee
2013,67,573206,certifiee
2013,68,558702,certifiee
2013,69,541626,certifiee
2013,70,502436,certifiee
2013,71,446793,certifiee
2013,72,464507,certifiee
2013,73,482962,certifiee
2013,74,473939,certifiee
2013,75,462179,certifiee
2013,76,458579,certifiee
2013,77,444745,certifiee
2013,78,444028,certifiee
2013,79,419063,certifiee
2013,80,422131,certifiee
2013,81,397960,certifiee
2013,82,382604,certifiee
2013,83,343000,certifiee
2013,84,319240,certifiee
2013,85,291346,certifiee
2013,86,267122,certifiee
2013,87,242111,certifiee
2013,88,210671,certifiee
2013,89,185650,certifiee
2013,90,160882,certifiee
2013,91,138234,certifiee
2013,92,114785,certifiee
2013,93,56255,certifiee
2013,94,38690,certifiee
2013,95,27394,certifiee
2013,96,19099,certifiee
2013,97,16868,certifiee
2013,98,18784,certifiee
2013,99,12435,certifiee
2014,100,8544,certifiee
2014,101,5463,certifiee
2014,102,3459,certifiee
2014,103,2148,certifiee
2014,104,1047,certifiee
2014,50,914145,certifiee
2014,51,881519,certifiee
2014,52,882866,certifiee
2014,53,878420,certifiee
2014,54,872005,certifiee
2014,55,853098,certifiee
2014,56,849981,certifiee
2014,57,842409,certifiee
2014,58,832580,certifiee
2014,59,832477,certifiee
2014,60,814089,certifiee
2014,61,825670,certifiee
2014,62,805459,certifiee
2014,63,834187,certifiee
2014,64,816676,certifiee
2014,65,811952,certifiee
2014,66,795681,certifiee
2014,67,753583,certifiee
2014,68,567786,certifiee
2014,69,552508,certifiee
2014,70,536262,certifiee
2014,71,495311,certifiee
2014,72,440667,certifiee
2014,73,456622,certifiee
2014,74,474538,certifiee
2014,75,464937,certifiee
2014,76,452570,certifiee
2014,77,448101,certifiee
2014,78,432901,certifiee
2014,79,430920,certifiee
2014,80,404019,certifiee
2014,81,404928,certifiee
2014,82,380340,certifiee
2014,83,362859,certifiee
2014,84,322907,certifiee
2014,85,298659,certifiee
2014,86,268854,certifiee
2014,87,244444,certifiee
2014,88,219181,certifiee
2014,89,187502,certifiee
2014,90,162668,certifiee
2014,91,138499,certifiee
2014,92,116250,certifiee
2014,93,95067,certifiee
2014,94,45523,certifiee
2014,95,30334,certifiee
2014,96,20997,certifiee
2014,97,14139,certifiee
2014,98,12197,certifiee
2014,99,13340,certifiee
2015,100,9421,certifiee
2015,101,5858,certifiee
2015,102,3617,certifiee
2015,103,2150,certifiee
2015,104,1413,certifiee
2015,50,920949,certifiee
2015,51,910980,certifiee
2015,52,878225,certifiee
2015,53,878219,certifiee
2015,54,875472,certifiee
2015,55,868266,certifiee
2015,56,849482,certifiee
2015,57,845204,certifiee
2015,58,838625,certifiee
2015,59,829326,certifiee
2015,60,827407,certifiee
2015,61,809303,certifiee
2015,62,819016,certifiee
2015,63,798586,certifiee
2015,64,827416,certifiee
2015,65,811436,certifiee
2015,66,804650,certifiee
2015,67,788173,certifiee
2015,68,744039,certifiee
2015,69,561075,certifiee
2015,70,545930,certifiee
2015,71,529462,certifiee
2015,72,488535,certifiee
2015,73,433577,certifiee
2015,74,448978,certifiee
2015,75,465189,certifiee
2015,76,454800,certifiee
2015,77,441144,certifiee
2015,78,436474,certifiee
2015,79,419268,certifiee
2015,80,415930,certifiee
2015,81,388688,certifiee
2015,82,386276,certifiee
2015,83,361042,certifiee
2015,84,342602,certifiee
2015,85,301098,certifiee
2015,86,276938,certifiee
2015,87,246674,certifiee
2015,88,220989,certifiee
2015,89,195756,certifiee
2015,90,165769,certifiee
2015,91,140881,certifiee
2015,92,117886,certifiee
2015,93,97495,certifiee
2015,94,77567,certifiee
2015,95,36518,certifiee
2015,96,23812,certifiee
2015,97,15897,certifiee
2015,98,10263,certifiee
2015,99,8773,certifiee
2016,100,5894,certifiee
2016,101,6065,certifiee
2016,102,3720,certifiee
2016,103,2224,certifiee
2016,104,1284,certifiee
2016,50,911215,certifiee
2016,51,917462,certifiee
2016,52,907049,certifiee
2016,53,875332,certifiee
2016,54,875567,certifiee
2016,55,871123,certifiee
2016,56,864457,certifiee
2016,57,846457,certifiee
2016,58,841164,certifiee
2016,59,834093,certifiee
2016,60,824503,certifiee
2016,61,821576,certifiee
2016,62,803751,certifiee
2016,63,812565,certifiee
2016,64,792995,certifiee
2016,65,820182,certifiee
2016,66,803848,certifiee
2016,67,798225,certifiee
2016,68,780090,certifiee
2016,69,734965,certifiee
2016,70,553625,certifiee
2016,71,538849,certifiee
2016,72,521414,certifiee
2016,73,480344,certifiee
2016,74,425842,certifiee
2016,75,440313,certifiee
2016,76,456909,certifiee
2016,77,443937,certifiee
2016,78,429913,certifiee
2016,79,423349,certifiee
2016,80,403610,certifiee
2016,81,399414,certifiee
2016,82,371594,certifiee
2016,83,366713,certifiee
2016,84,339799,certifiee
2016,85,320484,certifiee
2016,86,278305,certifiee
2016,87,253398,certifiee
2016,88,222874,certifiee
2016,89,196651,certifiee
2016,90,170989,certifiee
2016,91,142623,certifiee
2016,92,118861,certifiee
2016,93,97752,certifiee
2016,94,79007,certifiee
2016,95,60819,certifiee
2016,96,27962,certifiee
2016,97,17721,certifiee
2016,98,11404,certifiee
2016,99,7165,certifiee
2017,100,5206,certifiee
2017,101,4058,certifiee
2017,102,4178,certifiee
2017,103,2436,certifiee
2017,104,1461,certifiee
2017,50,904088,certifiee
2017,51,905451,certifiee
2017,52,913815,certifiee
2017,53,901757,certifiee
2017,54,870261,certifiee
2017,55,870701,certifiee
2017,56,865056,certifiee
2017,57,859851,certifiee
2017,58,842295,certifiee
2017,59,835277,certifiee
2017,60,827617,certifiee
2017,61,818974,certifiee
2017,62,814578,certifiee
2017,63,796713,certifiee
2017,64,806527,certifiee
2017,65,785641,certifiee
2017,66,810258,certifiee
2017,67,795281,certifiee
2017,68,789531,certifiee
2017,69,770629,certifiee
2017,70,724739,certifiee
2017,71,545114,certifiee
2017,72,530226,certifiee
2017,73,512025,certifiee
2017,74,472226,certifiee
2017,75,417618,certifiee
2017,76,430697,certifiee
2017,77,446433,certifiee
2017,78,431417,certifiee
2017,79,416981,certifiee
2017,80,410684,certifiee
2017,81,388920,certifiee
2017,82,383987,certifiee
2017,83,354625,certifiee
2017,84,347212,certifiee
2017,85,319781,certifiee
2017,86,298687,certifiee
2017,87,256887,certifiee
2017,88,231504,certifiee
2017,89,201031,certifiee
2017,90,175725,certifiee
2017,91,150249,certifiee
2017,92,123398,certifiee
2017,93,101147,certifiee
2017,94,81489,certifiee
2017,95,64945,certifiee
2017,96,48579,certifiee
2017,97,21781,certifiee
2017,98,13560,certifiee
2017,99,8560,certifiee
2018,100,5959,certifiee
2018,101,3519,certifiee
2018,102,2652,certifiee
2018,103,2592,certifiee
2018,104,1507,certifiee
2018,50,881433,certifiee
2018,51,901700,certifiee
2018,52,903345,certifiee
2018,53,911218,certifiee
2018,54,897896,certifiee
2018,55,867357,certifiee
2018,56,867731,certifiee
2018,57,861663,certifiee
2018,58,856878,certifiee
2018,59,836644,certifiee
2018,60,830773,certifiee
2018,61,822446,certifiee
2018,62,813047,certifiee
2018,63,807619,certifiee
2018,64,791079,certifiee
2018,65,800099,certifiee
2018,66,777520,certifiee
2018,67,802732,certifiee
2018,68,785688,certifiee
2018,69,780158,certifiee
2018,70,760996,certifiee
2018,71,714656,certifiee
2018,72,536422,certifiee
2018,73,520991,certifiee
2018,74,503140,certifiee
2018,75,462623,certifiee
2018,76,408761,certifiee
2018,77,420314,certifiee
2018,78,434727,certifiee
2018,79,418871,certifiee
2018,80,404370,certifiee
2018,81,394943,certifiee
2018,82,372700,certifiee
2018,83,364516,certifiee
2018,84,334793,certifiee
2018,85,326018,certifiee
2018,86,296885,certifiee
2018,87,274093,certifiee
2018,88,231717,certifiee
2018,89,206565,certifiee
2018,90,176436,certifiee
2018,91,151548,certifiee
2018,92,126937,certifiee
2018,93,101889,certifiee
2018,94,81838,certifiee
2018,95,63835,certifiee
2018,96,49799,certifiee
2018,97,36319,certifiee
2018,98,15749,certifiee
2018,99,9637,certifiee
2019,100,6509,certifiee
2019,101,4032,certifiee
2019,102,2319,certifiee
2019,103,1679,certifiee
2019,104,1588,certifiee
2019,50,883258,certifiee
2019,51,880401,certifiee
2019,52,900703,certifiee
2019,53,901004,certifiee
2019,54,908963,certifiee
2019,55,896469,certifiee
2019,56,866172,certifiee
2019,57,865731,certifiee
2019,58,859445,certifiee
2019,59,854657,certifiee
2019,60,832987,certifiee
2019,61,827085,certifiee
2019,62,818897,certifiee
2019,63,807761,certifiee
2019,64,802530,certifiee
2019,65,784871,certifiee
2019,66,794748,certifiee
2019,67,770803,certifiee
2019,68,794648,certifiee
2019,69,777343,certifiee
2019,70,772036,certifiee
2019,71,752535,certifiee
2019,72,704521,certifiee
2019,73,528822,certifiee
2019,74,511893,certifiee
2019,75,494767,certifiee
2019,76,454249,certifiee
2019,77,399655,certifiee
2019,78,409708,certifiee
2019,79,423684,certifiee
2019,80,406078,certifiee
2019,81,390909,certifiee
2019,82,379588,certifiee
2019,83,355955,certifiee
2019,84,344975,certifiee
2019,85,315891,certifiee
2019,86,304344,certifiee
2019,87,273805,certifiee
2019,88,249272,certifiee
2019,89,207959,certifiee
2019,90,181784,certifiee
2019,91,153033,certifiee
2019,92,128747,certifiee
2019,93,105174,certifiee
2019,94,83001,certifiee
2019,95,64830,certifiee
2019,96,49045,certifiee
2019,97,37383,certifiee
2019,98,26340,certifiee
2019,99,10926,certifiee
2020,100,7604,certifiee
2020,101,4328,certifiee
2020,102,2655,certifiee
2020,103,1491,certifiee
2020,104,1045,certifiee
2020,50,891619,certifiee
2020,51,880089,certifiee
2020,52,875746,certifiee
2020,53,897524,certifiee
2020,54,898722,certifiee
2020,55,907965,certifiee
2020,56,894643,certifiee
2020,57,863045,certifiee
2020,58,862343,certifiee
2020,59,856805,certifiee
2020,60,851383,certifiee
2020,61,828298,certifiee
2020,62,823959,certifiee
2020,63,813408,certifiee
2020,64,803255,certifiee
2020,65,796779,certifiee
2020,66,777905,certifiee
2020,67,788082,certifiee
2020,68,762830,certifiee
2020,69,786238,certifiee
2020,70,767328,certifiee
2020,71,762310,certifiee
2020,72,740472,certifiee
2020,73,695307,certifiee
2020,74,520386,certifiee
2020,75,502535,certifiee
2020,76,484390,certifiee
2020,77,443341,certifiee
2020,78,388954,certifiee
2020,79,398057,certifiee
2020,80,410005,certifiee
2020,81,390943,certifiee
2020,82,374388,certifiee
2020,83,362304,certifiee
2020,84,337227,certifiee
2020,85,324704,certifiee
2020,86,293264,certifiee
2020,87,280377,certifiee
2020,88,249325,certifiee
2020,89,222923,certifiee
2020,90,184488,certifiee
2020,91,157626,certifiee
2020,92,129898,certifiee
2020,93,107752,certifiee
2020,94,85514,certifiee
2020,95,65562,certifiee
2020,96,50265,certifiee
2020,97,36761,certifiee
2020,98,27253,certifiee
2020,99,18719,certifiee
2021,100,12847,certifiee
2021,101,4904,certifiee
2021,102,2535,certifiee
2021,103,1652,certifiee
2021,104,839,certifiee
2021,50,904475,certifiee
2021,51,890514,certifiee
2021,52,878676,certifiee
2021,53,876227,certifiee
2021,54,896157,certifiee
2021,55,896351,certifiee
2021,56,905980,certifiee
2021,57,893007,certifiee
2021,58,861378,certifiee
2021,59,861073,certifiee
2021,60,854453,certifiee
2021,61,846650,certifiee
2021,62,823902,certifiee
2021,63,817347,certifiee
2021,64,807889,certifiee
2021,65,796858,certifiee
2021,66,788556,certifiee
2021,67,770648,certifiee
2021,68,778978,certifiee
2021,69,753926,certifiee
2021,70,776715,certifiee
2021,71,759088,certifiee
2021,72,750662,certifiee
2021,73,728227,certifiee
2021,74,683465,certifiee
2021,75,509422,certifiee
2021,76,490484,certifiee
2021,77,471629,certifiee
2021,78,431221,certifiee
2021,79,376925,certifiee
2021,80,383031,certifiee
2021,81,391528,certifiee
2021,82,372618,certifiee
2021,83,354114,certifiee
2021,84,341481,certifiee
2021,85,314128,certifiee
2021,86,299614,certifiee
2021,87,268908,certifiee
2021,88,252621,certifiee
2021,89,222067,certifiee
2021,90,193293,certifiee
2021,91,157355,certifiee
2021,92,132717,certifiee
2021,93,106633,certifiee
2021,94,86823,certifiee
2021,95,66648,certifiee
2021,96,49398,certifiee
2021,97,37258,certifiee
2021,98,26323,certifiee
2021,99,18852,certifiee
2022,100,12669,certifiee
2022,101,8503,certifiee
2022,102,3088,certifiee
2022,103,1573,certifiee
2022,104,1012,certifiee
2022,50,924589,certifiee
2022,51,905336,certifiee
2022,52,889774,certifiee
2022,53,879710,certifiee
2022,54,876239,certifiee
2022,55,896026,certifiee
2022,56,896814,certifiee
2022,57,905962,certifiee
2022,58,890624,certifiee
2022,59,859596,certifiee
2022,60,856033,certifiee
2022,61,850694,certifiee
2022,62,841476,certifiee
2022,63,819010,certifiee
2022,64,811440,certifiee
2022,65,801143,certifiee
2022,66,789040,certifiee
2022,67,782041,certifiee
2022,68,761752,certifiee
2022,69,769537,certifiee
2022,70,745055,certifiee
2022,71,766309,certifiee
2022,72,752892,certifiee
2022,73,737975,certifiee
2022,74,716622,certifiee
2022,75,669206,certifiee
2022,76,497152,certifiee
2022,77,476830,certifiee
2022,78,457648,certifiee
2022,79,417286,certifiee
2022,80,363263,certifiee
2022,81,367847,certifiee
2022,82,374198,certifiee
2022,83,354429,certifiee
2022,84,334186,certifiee
2022,85,318293,certifiee
2022,86,291430,certifiee
2022,87,274870,certifiee
2022,88,242887,certifiee
2022,89,225376,certifiee
2022,90,195554,certifiee
2022,91,166567,certifiee
2022,92,132355,certifiee
2022,93,109444,certifiee
2022,94,85652,certifiee
2022,95,68024,certifiee
2022,96,51068,certifiee
2022,97,36718,certifiee
2022,98,26976,certifiee
2022,99,18677,certifiee
2023,100,12915,certifiee
2023,101,8252,certifiee
2023,102,5107,certifiee
2023,103,1805,certifiee
2023,104,926,certifiee
2023,50,931200,certifiee
2023,51,923033,certifiee
2023,52,906367,certifiee
2023,53,889675,certifiee
2023,54,878957,certifiee
2023,55,877742,certifiee
2023,56,895710,certifiee
2023,57,896716,certifiee
2023,58,904314,certifiee
2023,59,891820,certifiee
2023,60,857182,certifiee
2023,61,854028,certifiee
2023,62,846924,certifiee
2023,63,836971,certifiee
2023,64,813958,certifiee
2023,65,805947,certifiee
2023,66,794284,certifiee
2023,67,782295,certifiee
2023,68,774569,certifiee
2023,69,753987,certifiee
2023,70,760132,certifiee
2023,71,734908,certifiee
2023,72,754864,certifiee
2023,73,742503,certifiee
2023,74,726442,certifiee
2023,75,703541,certifiee
2023,76,654377,certifiee
2023,77,486934,certifiee
2023,78,466054,certifiee
2023,79,446207,certifiee
2023,80,404448,certifiee
2023,81,351224,certifiee
2023,82,353781,certifiee
2023,83,357196,certifiee
2023,84,336522,certifiee
2023,85,314200,certifiee
2023,86,298482,certifiee
2023,87,270718,certifiee
2023,88,252743,certifiee
2023,89,220543,certifiee
2023,90,201759,certifiee
2023,91,171869,certifiee
2023,92,143211,certifiee
2023,93,111631,certifiee
2023,94,90283,certifiee
2023,95,68621,certifiee
2023,96,52659,certifiee
2023,97,38417,certifiee
2023,98,26814,certifiee
2023,99,19145,certifiee
2024,100,13396,projetee
2024,101,8742,projetee
2024,102,5226,projetee
2024,103,3201,projetee
2024,104,1067,projetee
2024,50,911586,projetee
2024,51,929965,projetee
2024,52,921921,projetee
2024,53,906014,projetee
2024,54,888320,projetee
2024,55,877852,projetee
2024,56,876471,projetee
2024,57,894507,projetee
2024,58,894179,projetee
2024,59,902885,projetee
2024,60,888007,projetee
2024,61,853221,projetee
2024,62,849006,projetee
2024,63,841086,projetee
2024,64,830984,projetee
2024,65,807456,projetee
2024,66,798101,projetee
2024,67,787130,projetee
2024,68,773451,projetee
2024,69,765370,projetee
2024,70,744485,projetee
2024,71,750357,projetee
2024,72,725349,projetee
2024,73,742908,projetee
2024,74,730846,projetee
2024,75,712560,projetee
2024,76,687990,projetee
2024,77,638849,projetee
2024,78,474521,projetee
2024,79,453063,projetee
2024,80,431495,projetee
2024,81,389608,projetee
2024,82,337197,projetee
2024,83,337181,projetee
2024,84,338799,projetee
2024,85,315854,projetee
2024,86,293377,projetee
2024,87,277165,projetee
2024,88,247980,projetee
2024,89,228995,projetee
2024,90,196750,projetee
2024,91,177281,projetee
2024,92,148532,projetee
2024,93,120810,projetee
2024,94,91862,projetee
2024,95,72422,projetee
2024,96,53378,projetee
2024,97,40076,projetee
2024,98,28304,projetee
2024,99,19108,projetee
2025,100,13353,projetee
2025,101,9110,projetee
2025,102,5653,projetee
2025,103,3323,projetee
2025,104,1991,projetee
2025,50,870327,projetee
2025,51,910459,projetee
2025,52,928806,projetee
2025,53,921662,projetee
2025,54,904662,projetee
2025,55,887343,projetee
2025,56,876681,projetee
2025,57,875249,projetee
2025,58,891957,projetee
2025,59,892838,projetee
2025,60,899035,projetee
2025,61,883958,projetee
2025,62,848498,projetee
2025,63,843269,projetee
2025,64,835097,projetee
2025,65,824352,projetee
2025,66,799771,projetee
2025,67,791100,projetee
2025,68,778342,projetee
2025,69,764461,projetee
2025,70,756026,projetee
2025,71,735145,projetee
2025,72,740750,projetee
2025,73,713982,projetee
2025,74,731022,projetee
2025,75,717043,projetee
2025,76,697148,projetee
2025,77,672197,projetee
2025,78,622803,projetee
2025,79,461740,projetee
2025,80,438319,projetee
2025,81,415801,projetee
2025,82,373867,projetee
2025,83,321856,projetee
2025,84,320078,projetee
2025,85,318169,projetee
2025,86,295246,projetee
2025,87,272605,projetee
2025,88,254325,projetee
2025,89,224929,projetee
2025,90,204314,projetee
2025,91,172591,projetee
2025,92,153412,projetee
2025,93,126205,projetee
2025,94,100098,projetee
2025,95,74023,projetee
2025,96,56716,projetee
2025,97,40713,projetee
2025,98,29565,projetee
2025,99,20334,projetee
2026,100,14143,projetee
2026,101,9022,projetee
2026,102,6096,projetee
2026,103,3638,projetee
2026,104,2067,projetee
2026,50,830410,projetee
2026,51,869881,projetee
2026,52,910047,projetee
2026,53,929138,projetee
2026,54,920811,projetee
2026,55,904216,projetee
2026,56,886843,projetee
2026,57,876187,projetee
2026,58,873460,projetee
2026,59,891186,projetee
2026,60,889712,projetee
2026,61,895581,projetee
2026,62,879615,projetee
2026,63,843457,projetee
2026,64,837910,projetee
2026,65,829097,projetee
2026,66,816818,projetee
2026,67,793300,projetee
2026,68,782919,projetee
2026,69,769922,projetee
2026,70,755711,projetee
2026,71,746837,projetee
2026,72,725934,projetee
2026,73,729450,projetee
2026,74,703182,projetee
2026,75,717364,projetee
2026,76,701930,projetee
2026,77,681554,projetee
2026,78,656019,projetee
2026,79,605982,projetee
2026,80,447249,projetee
2026,81,422379,projetee
2026,82,399471,projetee
2026,83,357100,projetee
2026,84,305798,projetee
2026,85,300857,projetee
2026,86,297632,projetee
2026,87,274198,projetee
2026,88,250108,projetee
2026,89,231265,projetee
2026,90,201142,projetee
2026,91,179907,projetee
2026,92,149434,projetee
2026,93,130441,projetee
2026,94,105253,projetee
2026,95,80883,projetee
2026,96,58056,projetee
2026,97,43575,projetee
2026,98,30074,projetee
2026,99,21411,projetee
2027,100,14860,projetee
2027,101,9565,projetee
2027,102,5926,projetee
2027,103,3876,projetee
2027,104,2239,projetee
2027,50,808665,projetee
2027,51,829647,projetee
2027,52,868837,projetee
2027,53,908881,projetee
2027,54,927886,projetee
2027,55,919617,projetee
2027,56,903052,projetee
2027,57,885444,projetee
2027,58,874644,projetee
2027,59,871329,projetee
2027,60,888510,projetee
2027,61,886283,projetee
2027,62,891377,projetee
2027,63,875019,projetee
2027,64,838452,projetee
2027,65,832308,projetee
2027,66,822718,projetee
2027,67,809808,projetee
2027,68,785959,projetee
2027,69,774736,projetee
2027,70,761371,projetee
2027,71,746398,projetee
2027,72,736639,projetee
2027,73,715300,projetee
2027,74,717774,projetee
2027,75,690743,projetee
2027,76,703291,projetee
2027,77,686758,projetee
2027,78,665266,projetee
2027,79,638201,projetee
2027,80,587748,projetee
2027,81,431803,projetee
2027,82,406104,projetee
2027,83,382118,projetee
2027,84,339310,projetee
2027,85,288704,projetee
2027,86,281742,projetee
2027,87,276131,projetee
2027,88,251930,projetee
2027,89,227297,projetee
2027,90,207120,projetee
2027,91,177323,projetee
2027,92,155666,projetee
2027,93,127049,projetee
2027,94,108813,projetee
2027,95,85091,projetee
2027,96,63603,projetee
2027,97,44527,projetee
2027,98,32102,projetee
2027,99,21623,projetee
2028,100,15031,projetee
2028,101,10043,projetee
2028,102,6295,projetee
2028,103,3776,projetee
2028,104,2396,projetee
2028,50,834133,projetee
2028,51,807365,projetee
2028,52,828120,projetee
2028,53,867205,projetee
2028,54,907133,projetee
2028,55,926107,projetee
2028,56,917846,projetee
2028,57,901041,projetee
2028,58,883307,projetee
2028,59,871969,projetee
2028,60,868220,projetee
2028,61,884564,projetee
2028,62,881645,projetee
2028,63,886209,projetee
2028,64,869297,projetee
2028,65,832389,projetee
2028,66,825458,projetee
2028,67,815228,projetee
2028,68,801874,projetee
2028,69,777346,projetee
2028,70,765741,projetee
2028,71,751633,projetee
2028,72,735778,projetee
2028,73,725404,projetee
2028,74,703443,projetee
2028,75,704663,projetee
2028,76,676842,projetee
2028,77,687696,projetee
2028,78,670062,projetee
2028,79,646954,projetee
2028,80,618805,projetee
2028,81,567237,projetee
2028,82,414996,projetee
2028,83,388343,projetee
2028,84,362953,projetee
2028,85,320218,projetee
2028,86,270411,projetee
2028,87,261416,projetee
2028,88,253812,projetee
2028,89,229078,projetee
2028,90,203644,projetee
2028,91,182688,projetee
2028,92,153542,projetee
2028,93,132388,projetee
2028,94,106067,projetee
2028,95,88035,projetee
2028,96,66919,projetee
2028,97,48802,projetee
2028,98,32802,projetee
2028,99,23088,projetee
2029,100,16059,projetee
2029,101,10178,projetee
2029,102,6610,projetee
2029,103,4021,projetee
2029,104,2339,projetee
2029,50,834488,projetee
2029,51,832588,projetee
2029,52,805718,projetee
2029,53,826438,projetee
2029,54,865426,projetee
2029,55,905275,projetee
2029,56,924158,projetee
2029,57,915628,projetee
2029,58,898684,projetee
2029,59,880443,projetee
2029,60,868721,projetee
2029,61,864265,projetee
2029,62,879825,projetee
2029,63,876439,projetee
2029,64,880298,projetee
2029,65,862892,projetee
2029,66,825469,projetee
2029,67,817866,projetee
2029,68,807179,projetee
2029,69,793022,projetee
2029,70,768277,projetee
2029,71,755912,projetee
2029,72,740924,projetee
2029,73,724467,projetee
2029,74,713262,projetee
2029,75,690510,projetee
2029,76,690412,projetee
2029,77,661784,projetee
2029,78,670900,projetee
2029,79,651657,projetee
2029,80,627270,projetee
2029,81,597248,projetee
2029,82,545270,projetee
2029,83,396864,projetee
2029,84,368897,projetee
2029,85,342557,projetee
2029,86,299959,projetee
2029,87,251082,projetee
2029,88,240434,projetee
2029,89,231007,projetee
2029,90,205454,projetee
2029,91,179774,projetee
2029,92,158330,projetee
2029,93,130731,projetee
2029,94,110607,projetee
2029,95,85914,projetee
2029,96,69305,projetee
2029,97,51367,projetee
2029,98,35977,projetee
2029,99,23601,projetee
2030,100,16426,projetee
2030,101,10886,projetee
2030,102,6714,projetee
2030,103,4225,projetee
2030,104,2498,projetee
2030,50,853473,projetee
2030,51,832976,projetee
2030,52,830905,projetee
2030,53,804140,projetee
2030,54,824839,projetee
2030,55,863758,projetee
2030,56,903462,projetee
2030,57,921968,projetee
2030,58,913268,projetee
2030,59,895808,projetee
2030,60,877216,projetee
2030,61,864841,projetee
2030,62,859737,projetee
2030,63,874724,projetee
2030,64,870702,projetee
2030,65,873900,projetee
2030,66,855810,projetee
2030,67,817995,projetee
2030,68,809903,projetee
2030,69,798397,projetee
2030,70,783889,projetee
2030,71,758556,projetee
2030,72,745290,projetee
2030,73,729701,projetee
2030,74,712420,projetee
2030,75,700208,projetee
2030,76,676620,projetee
2030,77,675150,projetee
2030,78,645727,projetee
2030,79,652545,projetee
2030,80,631985,projetee
2030,81,605508,projetee
2030,82,574263,projetee
2030,83,521679,projetee
2030,84,377092,projetee
2030,85,348272,projetee
2030,86,320983,projetee
2030,87,278621,projetee
2030,88,231168,projetee
2030,89,219026,projetee
2030,90,207438,projetee
2030,91,181611,projetee
2030,92,155970,projetee
2030,93,134955,projetee
2030,94,109369,projetee
2030,95,89673,projetee
2030,96,67722,projetee
2030,97,53259,projetee
2030,98,37886,projetee
2030,99,25908,projetee
2031,100,18047,projetee
2031,101,11144,projetee
2031,102,7190,projetee
2031,103,4302,projetee
2031,104,2627,projetee
2031,50,909120,projetee
2031,51,851947,projetee
2031,52,831328,projetee
2031,53,829288,projetee
2031,54,802653,projetee
2031,55,823358,projetee
2031,56,862148,projetee
2031,57,901421,projetee
2031,58,919638,projetee
2031,59,910389,projetee
2031,60,892568,projetee
2031,61,873358,projetee
2031,62,860394,projetee
2031,63,854862,projetee
2031,64,869100,projetee
2031,65,864487,projetee
2031,66,866825,projetee
2031,67,848167,projetee
2031,68,810154,projetee
2031,69,801210,projetee
2031,70,789336,projetee
2031,71,774098,projetee
2031,72,748047,projetee
2031,73,734154,projetee
2031,74,717741,projetee
2031,75,699466,projetee
2031,76,686188,projetee
2031,77,661738,projetee
2031,78,658872,projetee
2031,79,628169,projetee
2031,80,632922,projetee
2031,81,610224,projetee
2031,82,582300,projetee
2031,83,549568,projetee
2031,84,495946,projetee
2031,85,356110,projetee
2031,86,326447,projetee
2031,87,298245,projetee
2031,88,256624,projetee
2031,89,210817,projetee
2031,90,196867,projetee
2031,91,183599,projetee
2031,92,157773,projetee
2031,93,133083,projetee
2031,94,113024,projetee
2031,95,88789,projetee
2031,96,70739,projetee
2031,97,52107,projetee
2031,98,39325,projetee
2031,99,27298,projetee
2032,100,19025,projetee
2032,101,12257,projetee
2032,102,7368,projetee
2032,103,4614,projetee
2032,104,2682,projetee
2032,50,893411,projetee
2032,51,907495,projetee
2032,52,850286,projetee
2032,53,829750,projetee
2032,54,827759,projetee
2032,55,801290,projetee
2032,56,821946,projetee
2032,57,860327,projetee
2032,58,899249,projetee
2032,59,916790,projetee
2032,60,907144,projetee
2032,61,888697,projetee
2032,62,868934,projetee
2032,63,855605,projetee
2032,64,849482,projetee
2032,65,863002,projetee
2032,66,857608,projetee
2032,67,859189,projetee
2032,68,840149,projetee
2032,69,801589,projetee
2032,70,792241,projetee
2032,71,779620,projetee
2032,72,763511,projetee
2032,73,737028,projetee
2032,74,722284,projetee
2032,75,704876,projetee
2032,76,685546,projetee
2032,77,671165,projetee
2032,78,645863,projetee
2032,79,641064,projetee
2032,80,609390,projetee
2032,81,611210,projetee
2032,82,587000,projetee
2032,83,557360,projetee
2032,84,522622,projetee
2032,85,468594,projetee
2032,86,333897,projetee
2032,87,303434,projetee
2032,88,274794,projetee
2032,89,234132,projetee
2032,90,189714,projetee
2032,91,174418,projetee
2032,92,159705,projetee
2032,93,134800,projetee
2032,94,111577,projetee
2032,95,91853,projetee
2032,96,70130,projetee
2032,97,54465,projetee
2032,98,38522,projetee
2032,99,28369,projetee
2033,100,19797,projetee
2033,101,12930,projetee
2033,102,8113,projetee
2033,103,4735,projetee
2033,104,2881,projetee
2033,50,894424,projetee
2033,51,891854,projetee
2033,52,905724,projetee
2033,53,848692,projetee
2033,54,828264,projetee
2033,55,826352,projetee
2033,56,800002,projetee
2033,57,820342,projetee
2033,58,858391,projetee
2033,59,896573,projetee
2033,60,913579,projetee
2033,61,903267,projetee
2033,62,884257,projetee
2033,63,864167,projetee
2033,64,850316,projetee
2033,65,843641,projetee
2033,66,856249,projetee
2033,67,850172,projetee
2033,68,851177,projetee
2033,69,831395,projetee
2033,70,792753,projetee
2033,71,782621,projetee
2033,72,769111,projetee
2033,73,752409,projetee
2033,74,725277,projetee
2033,75,709511,projetee
2033,76,691047,projetee
2033,77,670626,projetee
2033,78,655138,projetee
2033,79,628491,projetee
2033,80,622016,projetee
2033,81,588603,projetee
2033,82,588036,projetee
2033,83,562030,projetee
2033,84,530140,projetee
2033,85,493959,projetee
2033,86,439573,projetee
2033,87,310464,projetee
2033,88,279685,projetee
2033,89,250806,projetee
2033,90,210786,projetee
2033,91,168292,projetee
2033,92,151875,projetee
2033,93,136624,projetee
2033,94,113161,projetee
2033,95,90773,projetee
2033,96,72618,projetee
2033,97,54063,projetee
2033,98,40290,projetee
2033,99,27830,projetee
2034,100,19452,projetee
2034,101,13474,projetee
2034,102,8568,projetee
2034,103,5222,projetee
2034,104,2961,projetee
2034,50,851465,projetee
2034,51,892895,projetee
2034,52,890157,projetee
2034,53,904013,projetee
2034,54,847189,projetee
2034,55,826900,projetee
2034,56,825018,projetee
2034,57,798534,projetee
2034,58,818639,projetee
2034,59,855968,projetee
2034,60,893539,projetee
2034,61,909737,projetee
2034,62,898821,projetee
2034,63,879474,projetee
2034,64,858903,projetee
2034,65,844571,projetee
2034,66,837166,projetee
2034,67,848941,projetee
2034,68,842369,projetee
2034,69,842427,projetee
2034,70,822358,projetee
2034,71,783274,projetee
2034,72,772213,projetee
2034,73,758087,projetee
2034,74,740568,projetee
2034,75,712627,projetee
2034,76,695774,projetee
2034,77,676218,projetee
2034,78,654706,projetee
2034,79,637595,projetee
2034,80,609904,projetee
2034,81,600923,projetee
2034,82,566399,projetee
2034,83,563115,projetee
2034,84,534763,projetee
2034,85,501179,projetee
2034,86,463529,projetee
2034,87,408924,projetee
2034,88,286269,projetee
2034,89,255379,projetee
2034,90,225887,projetee
2034,91,187067,projetee
2034,92,146731,projetee
2034,93,130062,projetee
2034,94,114835,projetee
2034,95,92179,projetee
2034,96,71831,projetee
2034,97,56030,projetee
2034,98,40041,projetee
2034,99,29128,projetee
2035,100,20374,projetee
2035,101,13263,projetee
2035,102,8942,projetee
2035,103,5522,projetee
2035,104,3271,projetee
2035,50,866885,projetee
2035,51,850068,projetee
2035,52,891230,projetee
2035,53,888526,projetee
2035,54,902383,projetee
2035,55,845808,projetee
2035,56,825612,projetee
2035,57,823499,projetee
2035,58,796976,projetee
2035,59,816465,projetee
2035,60,853198,projetee
2035,61,889885,projetee
2035,62,905329,projetee
2035,63,894030,projetee
2035,64,874191,projetee
2035,65,853184,projetee
2035,66,838199,projetee
2035,67,830143,projetee
2035,68,841271,projetee
2035,69,833838,projetee
2035,70,833393,projetee
2035,71,812662,projetee
2035,72,773015,projetee
2035,73,761294,projetee
2035,74,746326,projetee
2035,75,727820,projetee
2035,76,699018,projetee
2035,77,681041,projetee
2035,78,660388,projetee
2035,79,637273,projetee
2035,80,618823,projetee
2035,81,589314,projetee
2035,82,578383,projetee
2035,83,542514,projetee
2035,84,535895,projetee
2035,85,505726,projetee
2035,86,470420,projetee
2035,87,431374,projetee
2035,88,377250,projetee
2035,89,261494,projetee
2035,90,230115,projetee
2035,91,200552,projetee
2035,92,163170,projetee
2035,93,125822,projetee
2035,94,109439,projetee
2035,95,93660,projetee
2035,96,73033,projetee
2035,97,55471,projetee
2035,98,41532,projetee
2035,99,28989,projetee
2036,100,20310,projetee
2036,101,13904,projetee
2036,102,8819,projetee
2036,103,5774,projetee
2036,104,3464,projetee
2036,50,881501,projetee
2036,51,865482,projetee
2036,52,848546,projetee
2036,53,889632,projetee
2036,54,886983,projetee
2036,55,900869,projetee
2036,56,844500,projetee
2036,57,824142,projetee
2036,58,821886,projetee
2036,59,794958,projetee
2036,60,813954,projetee
2036,61,849826,projetee
2036,62,885677,projetee
2036,63,900578,projetee
2036,64,888739,projetee
2036,65,868452,projetee
2036,66,846839,projetee
2036,67,831281,projetee
2036,68,822770,projetee
2036,69,832881,projetee
2036,70,825033,projetee
2036,71,823698,projetee
2036,72,802167,projetee
2036,73,762247,projetee
2036,74,749640,projetee
2036,75,733658,projetee
2036,76,714102,projetee
2036,77,684417,projetee
2036,78,665309,projetee
2036,79,643048,projetee
2036,80,618613,projetee
2036,81,598025,projetee
2036,82,567303,projetee
2036,83,554129,projetee
2036,84,516414,projetee
2036,85,506903,projetee
2036,86,474878,projetee
2036,87,437905,projetee
2036,88,398122,projetee
2036,89,344795,projetee
2036,90,235727,projetee
2036,91,204410,projetee
2036,92,175007,projetee
2036,93,139966,projetee
2036,94,106011,projetee
2036,95,89356,projetee
2036,96,74291,projetee
2036,97,56466,projetee
2036,98,41153,projetee
2036,99,30096,projetee
2037,100,21106,projetee
2037,101,13885,projetee
2037,102,9256,projetee
2037,103,5705,projetee
2037,104,3629,projetee
2037,50,888569,projetee
2037,51,880092,projetee
2037,52,863953,projetee
2037,53,847103,projetee
2037,54,888125,projetee
2037,55,885560,projetee
2037,56,899418,projetee
2037,57,843010,projetee
2037,58,822583,projetee
2037,59,819810,projetee
2037,60,792609,projetee
2037,61,810858,projetee
2037,62,845920,projetee
2037,63,881141,projetee
2037,64,895330,projetee
2037,65,882989,projetee
2037,66,862085,projetee
2037,67,839948,projetee
2037,68,824018,projetee
2037,69,814692,projetee
2037,70,824222,projetee
2037,71,815581,projetee
2037,72,813203,projetee
2037,73,791150,projetee
2037,74,750750,projetee
2037,75,737084,projetee
2037,76,720022,projetee
2037,77,699382,projetee
2037,78,668821,projetee
2037,79,648071,projetee
2037,80,624480,projetee
2037,81,597933,projetee
2037,82,575786,projetee
2037,83,543612,projetee
2037,84,527615,projetee
2037,85,488602,projetee
2037,86,476093,projetee
2037,87,442253,projetee
2037,88,404271,projetee
2037,89,364033,projetee
2037,90,310988,projetee
2037,91,209494,projetee
2037,92,178473,projetee
2037,93,150178,projetee
2037,94,117956,projetee
2037,95,86672,projetee
2037,96,70945,projetee
2037,97,57504,projetee
2037,98,41939,projetee
2037,99,29853,projetee
2038,100,20960,projetee
2038,101,14445,projetee
2038,102,9261,projetee
2038,103,5996,projetee
2038,104,3593,projetee
2038,50,886796,projetee
2038,51,887173,projetee
2038,52,878558,projetee
2038,53,862503,projetee
2038,54,845764,projetee
2038,55,886739,projetee
2038,56,884206,projetee
2038,57,897773,projetee
2038,58,841428,projetee
2038,59,820564,projetee
2038,60,817400,projetee
2038,61,789686,projetee
2038,62,807246,projetee
2038,63,841707,projetee
2038,64,876124,projetee
2038,65,889624,projetee
2038,66,876609,projetee
2038,67,855169,projetee
2038,68,832712,projetee
2038,69,816054,projetee
2038,70,806360,projetee
2038,71,814925,projetee
2038,72,805345,projetee
2038,73,802184,projetee
2038,74,779388,projetee
2038,75,738358,projetee
2038,76,723562,projetee
2038,77,705386,projetee
2038,78,683654,projetee
2038,79,651727,projetee
2038,80,629604,projetee
2038,81,603891,projetee
2038,82,575811,projetee
2038,83,551844,projetee
2038,84,517707,projetee
2038,85,499346,projetee
2038,86,459045,projetee
2038,87,443498,projetee
2038,88,408474,projetee
2038,89,369777,projetee
2038,90,328499,projetee
2038,91,276523,projetee
2038,92,183006,projetee
2038,93,153236,projetee
2038,94,126601,projetee
2038,95,96456,projetee
2038,96,68902,projetee
2038,97,54965,projetee
2038,98,42757,projetee
2038,99,30464,projetee
2039,100,21420,projetee
2039,101,14365,projetee
2039,102,9647,projetee
2039,103,6010,projetee
2039,104,3782,projetee
2039,50,892698,projetee
2039,51,885431,projetee
2039,52,885652,projetee
2039,53,877102,projetee
2039,54,861157,projetee
2039,55,844554,projetee
2039,56,885425,projetee
2039,57,882666,projetee
2039,58,896024,projetee
2039,59,839385,projetee
2039,60,818213,projetee
2039,61,814411,projetee
2039,62,786259,projetee
2039,63,803348,projetee
2039,64,837040,projetee
2039,65,870662,projetee
2039,66,883292,projetee
2039,67,869680,projetee
2039,68,847905,projetee
2039,69,824775,projetee
2039,70,807840,projetee
2039,71,797413,projetee
2039,72,804853,projetee
2039,73,794595,projetee
2039,74,790417,projetee
2039,75,766709,projetee
2039,76,725006,projetee
2039,77,709045,projetee
2039,78,689741,projetee
2039,79,666412,projetee
2039,80,633405,projetee
2039,81,609120,projetee
2039,82,581855,projetee
2039,83,551987,projetee
2039,84,525658,projetee
2039,85,490079,projetee
2039,86,469291,projetee
2039,87,427766,projetee
2039,88,409742,projetee
2039,89,373811,projetee
2039,90,333804,projetee
2039,91,292245,projetee
2039,92,241671,projetee
2039,93,157207,projetee
2039,94,129242,projetee
2039,95,103552,projetee
2039,96,76685,projetee
2039,97,53449,projetee
2039,98,40907,projetee
2039,99,31096,projetee
2040,100,21894,projetee
2040,101,14703,projetee
2040,102,9609,projetee
2040,103,6270,projetee
2040,104,3799,projetee
2040,50,887708,projetee
2040,51,891347,projetee
2040,52,883944,projetee
2040,53,884210,projetee
2040,54,875748,projetee
2040,55,859939,projetee
2040,56,843426,projetee
2040,57,883929,projetee
2040,58,881030,projetee
2040,59,893801,projetee
2040,60,837008,projetee
2040,61,815286,projetee
2040,62,810913,projetee
2040,63,782559,projetee
2040,64,799022,projetee
2040,65,831947,projetee
2040,66,864594,projetee
2040,67,876411,projetee
2040,68,862402,projetee
2040,69,839939,projetee
2040,70,816588,projetee
2040,71,799018,projetee
2040,72,787714,projetee
2040,73,794272,projetee
2040,74,783108,projetee
2040,75,777729,projetee
2040,76,753050,projetee
2040,77,710665,projetee
2040,78,693524,projetee
2040,79,672585,projetee
2040,80,647926,projetee
2040,81,613073,projetee
2040,82,587187,projetee
2040,83,558111,projetee
2040,84,525921,projetee
2040,85,497721,projetee
2040,86,460700,projetee
2040,87,437470,projetee
2040,88,395353,projetee
2040,89,375089,projetee
2040,90,337639,projetee
2040,91,297086,projetee
2040,92,255556,projetee
2040,93,207670,projetee
2040,94,132650,projetee
2040,95,105762,projetee
2040,96,82338,projetee
2040,97,59490,projetee
2040,98,39829,projetee
2040,99,29785,projetee
2041,100,20999,projetee
2041,101,15052,projetee
2041,102,9851,projetee
2041,103,6255,projetee
2041,104,3970,projetee
2041,50,895228,projetee
2041,51,886393,projetee
2041,52,889875,projetee
2041,53,882539,projetee
2041,54,882873,projetee
2041,55,874523,projetee
2041,56,858803,projetee
2041,57,842132,projetee
2041,58,882340,projetee
2041,59,878928,projetee
2041,60,891236,projetee
2041,61,834054,projetee
2041,62,811855,projetee
2041,63,807137,projetee
2041,64,778448,projetee
2041,65,794289,projetee
2041,66,826278,projetee
2041,67,857984,projetee
2041,68,869183,projetee
2041,69,854419,projetee
2041,70,831720,projetee
2041,71,807794,projetee
2041,72,789451,projetee
2041,73,777521,projetee
2041,74,782961,projetee
2041,75,770718,projetee
2041,76,764058,projetee
2041,77,738375,projetee
2041,78,695327,projetee
2041,79,676499,projetee
2041,80,654183,projetee
2041,81,627404,projetee
2041,82,591293,projetee
2041,83,563543,projetee
2041,84,532117,projetee
2041,85,498099,projetee
2041,86,468004,projetee
2041,87,429587,projetee
2041,88,404475,projetee
2041,89,362063,projetee
2041,90,338912,projetee
2041,91,300686,projetee
2041,92,259905,projetee
2041,93,219721,projetee
2041,94,175258,projetee
2041,95,108590,projetee
2041,96,84129,projetee
2041,97,63884,projetee
2041,98,44311,projetee
2041,99,29044,projetee
2042,100,20511,projetee
2042,101,14459,projetee
2042,102,10100,projetee
2042,103,6425,projetee
2042,104,3968,projetee
2042,50,878422,projetee
2042,51,893922,projetee
2042,52,884961,projetee
2042,53,888485,projetee
2042,54,881241,projetee
2042,55,881664,projetee
2042,56,873378,projetee
2042,57,857500,projetee
2042,58,840759,projetee
2042,59,880289,projetee
2042,60,876489,projetee
2042,61,888081,projetee
2042,62,830593,projetee
2042,63,808149,projetee
2042,64,802942,projetee
2042,65,773941,projetee
2042,66,789010,projetee
2042,67,820077,projetee
2042,68,851040,projetee
2042,69,861251,projetee
2042,70,846180,projetee
2042,71,822890,projetee
2042,72,798255,projetee
2042,73,779394,projetee
2042,74,766616,projetee
2042,75,770754,projetee
2042,76,757356,projetee
2042,77,749367,projetee
2042,78,722674,projetee
2042,79,678498,projetee
2042,80,658231,projetee
2042,81,633746,projetee
2042,82,605414,projetee
2042,83,567801,projetee
2042,84,537643,projetee
2042,85,504353,projetee
2042,86,468497,projetee
2042,87,436521,projetee
2042,88,397313,projetee
2042,89,370572,projetee
2042,90,327296,projetee
2042,91,301939,projetee
2042,92,263238,projetee
2042,93,223560,projetee
2042,94,185453,projetee
2042,95,143417,projetee
2042,96,86407,projetee
2042,97,65300,projetee
2042,98,47568,projetee
2042,99,32336,projetee
2043,100,22852,projetee
2043,101,14148,projetee
2043,102,9717,projetee
2043,103,6598,projetee
2043,104,4083,projetee
2043,50,877009,projetee
2043,51,877178,projetee
2043,52,892500,projetee
2043,53,883615,projetee
2043,54,887204,projetee
2043,55,880073,projetee
2043,56,880537,projetee
2043,57,872067,projetee
2043,58,856118,projetee
2043,59,838942,projetee
2043,60,877902,projetee
2043,61,873468,projetee
2043,62,884406,projetee
2043,63,826855,projetee
2043,64,804031,projetee
2043,65,798346,projetee
2043,66,768907,projetee
2043,67,783210,projetee
2043,68,813561,projetee
2043,69,843406,projetee
2043,70,853065,projetee
2043,71,837327,projetee
2043,72,813311,projetee
2043,73,788225,projetee
2043,74,768630,projetee
2043,75,754841,projetee
2043,76,757583,projetee
2043,77,742993,projetee
2043,78,733645,projetee
2043,79,705439,projetee
2043,80,660432,projetee
2043,81,637935,projetee
2043,82,611838,projetee
2043,83,581684,projetee
2043,84,542054,projetee
2043,85,509965,projetee
2043,86,474785,projetee
2043,87,437126,projetee
2043,88,403854,projetee
2043,89,364137,projetee
2043,90,335145,projetee
2043,91,291743,projetee
2043,92,264452,projetee
2043,93,226587,projetee
2043,94,188680,projetee
2043,95,151761,projetee
2043,96,114119,projetee
2043,97,67092,projetee
2043,98,48621,projetee
2043,99,34698,projetee
2044,100,24520,projetee
2044,101,15776,projetee
2044,102,9526,projetee
2044,103,6360,projetee
2044,104,4201,projetee
2044,50,850920,projetee
2044,51,875794,projetee
2044,52,875823,projetee
2044,53,891165,projetee
2044,54,882380,projetee
2044,55,886055,projetee
2044,56,878990,projetee
2044,57,879245,projetee
2044,58,870675,projetee
2044,59,854290,projetee
2044,60,836798,projetee
2044,61,874937,projetee
2044,62,869936,projetee
2044,63,880437,projetee
2044,64,822701,projetee
2044,65,799515,projetee
2044,66,793214,projetee
2044,67,763357,projetee
2044,68,777114,projetee
2044,69,806379,projetee
2044,70,835532,projetee
2044,71,844267,projetee
2044,72,827721,projetee
2044,73,803237,projetee
2044,74,777487,projetee
2044,75,757001,projetee
2044,76,742121,projetee
2044,77,743419,projetee
2044,78,727618,projetee
2044,79,716383,projetee
2044,80,686932,projetee
2044,81,640350,projetee
2044,82,616170,projetee
2044,83,588184,projetee
2044,84,555662,projetee
2044,85,514525,projetee
2044,86,480460,projetee
2044,87,443404,projetee
2044,88,404555,projetee
2044,89,370260,projetee
2044,90,329457,projetee
2044,91,298893,projetee
2044,92,255676,projetee
2044,93,227734,projetee
2044,94,191267,projetee
2044,95,154388,projetee
2044,96,120808,projetee
2044,97,88606,projetee
2044,98,49950,projetee
2044,99,35465,projetee
2045,100,25074,projetee
2045,101,16927,projetee
2045,102,10632,projetee
2045,103,6246,projetee
2045,104,4057,projetee
2045,50,851875,projetee
2045,51,849780,projetee
2045,52,874471,projetee
2045,53,874560,projetee
2045,54,889943,projetee
2045,55,881279,projetee
2045,56,884991,projetee
2045,57,877745,projetee
2045,58,877873,projetee
2045,59,868837,projetee
2045,60,852134,projetee
2045,61,834092,projetee
2045,62,871464,projetee
2045,63,866120,projetee
2045,64,876031,projetee
2045,65,818147,projetee
2045,66,794470,projetee
2045,67,787564,projetee
2045,68,757524,projetee
2045,69,770375,projetee
2045,70,798981,projetee
2045,71,827068,projetee
2045,72,834719,projetee
2045,73,817616,projetee
2045,74,792450,projetee
2045,75,765884,projetee
2045,76,744433,projetee
2045,77,728437,projetee
2045,78,728252,projetee
2045,79,710731,projetee
2045,80,697840,projetee
2045,81,666353,projetee
2045,82,618803,projetee
2045,83,592660,projetee
2045,84,562230,projetee
2045,85,527824,projetee
2045,86,485151,projetee
2045,87,449103,projetee
2045,88,410782,projetee
2045,89,371048,projetee
2045,90,335126,projetee
2045,91,293953,projetee
2045,92,262091,projetee
2045,93,220316,projetee
2045,94,192221,projetee
2045,95,156537,projetee
2045,96,122925,projetee
2045,97,93822,projetee
2045,98,65925,projetee
2045,99,36429,projetee
2046,100,25765,projetee
2046,101,17308,projetee
2046,102,11402,projetee
2046,103,6981,projetee
2046,104,3993,projetee
2046,50,871443,projetee
2046,51,850758,projetee
2046,52,848539,projetee
2046,53,873242,projetee
2046,54,873416,projetee
2046,55,888854,projetee
2046,56,880267,projetee
2046,57,883768,projetee
2046,58,876425,projetee
2046,59,876056,projetee
2046,60,866670,projetee
2046,61,849416,projetee
2046,62,830895,projetee
2046,63,867711,projetee
2046,64,861881,projetee
2046,65,871210,projetee
2046,66,813059,projetee
2046,67,788909,projetee
2046,68,781624,projetee
2046,69,751063,projetee
2046,70,763443,projetee
2046,71,791027,projetee
2046,72,817876,projetee
2046,73,824673,projetee
2046,74,806794,projetee
2046,75,780792,projetee
2046,76,753340,projetee
2046,77,730905,projetee
2046,78,713781,projetee
2046,79,711589,projetee
2046,80,692582,projetee
2046,81,677214,projetee
2046,82,644263,projetee
2046,83,595518,projetee
2046,84,566851,projetee
2046,85,534448,projetee
2046,86,498089,projetee
2046,87,453891,projetee
2046,88,416469,projetee
2046,89,377170,projetee
2046,90,335988,projetee
2046,91,299140,projetee
2046,92,257892,projetee
2046,93,225973,projetee
2046,94,185984,projetee
2046,95,157304,projetee
2046,96,124665,projetee
2046,97,95455,projetee
2046,98,69804,projetee
2046,99,48036,projetee
2047,100,33951,projetee
2047,101,17783,projetee
2047,102,11659,projetee
2047,103,7483,projetee
2047,104,4469,projetee
2047,50,876973,projetee
2047,51,870312,projetee
2047,52,849542,projetee
2047,53,847398,projetee
2047,54,872134,projetee
2047,55,872409,projetee
2047,56,887855,projetee
2047,57,879099,projetee
2047,58,882470,projetee
2047,59,874664,projetee
2047,60,873912,projetee
2047,61,863939,projetee
2047,62,846206,projetee
2047,63,827439,projetee
2047,64,863539,projetee
2047,65,857235,projetee
2047,66,865833,projetee
2047,67,807453,projetee
2047,68,783062,projetee
2047,69,775049,projetee
2047,70,744421,projetee
2047,71,755988,projetee
2047,72,782382,projetee
2047,73,808201,projetee
2047,74,813911,projetee
2047,75,795097,projetee
2047,76,768185,projetee
2047,77,739837,projetee
2047,78,716413,projetee
2047,79,697674,projetee
2047,80,693673,projetee
2047,81,672386,projetee
2047,82,655066,projetee
2047,83,620376,projetee
2047,84,569941,projetee
2047,85,539212,projetee
2047,86,504746,projetee
2047,87,466401,projetee
2047,88,421318,projetee
2047,89,382792,projetee
2047,90,341929,projetee
2047,91,300057,projetee
2047,92,262569,projetee
2047,93,222427,projetee
2047,94,190768,projetee
2047,95,152223,projetee
2047,96,125265,projetee
2047,97,96832,projetee
2047,98,71009,projetee
2047,99,50859,projetee
2048,100,35943,projetee
2048,101,23404,projetee
2048,102,11977,projetee
2048,103,7653,projetee
2048,104,4790,projetee
2048,50,874790,projetee
2048,51,875855,projetee
2048,52,869080,projetee
2048,53,848428,projetee
2048,54,846387,projetee
2048,55,871166,projetee
2048,56,871498,projetee
2048,57,886701,projetee
2048,58,877862,projetee
2048,59,880733,projetee
2048,60,872577,projetee
2048,61,871205,projetee
2048,62,860716,projetee
2048,63,842735,projetee
2048,64,823589,projetee
2048,65,858964,projetee
2048,66,852047,projetee
2048,67,859928,projetee
2048,68,801559,projetee
2048,69,776583,projetee
2048,70,768286,projetee
2048,71,737278,projetee
2048,72,747878,projetee
2048,73,773280,projetee
2048,74,797827,projetee
2048,75,802275,projetee
2048,76,782446,projetee
2048,77,754611,projetee
2048,78,725366,projetee
2048,79,700480,projetee
2048,80,680347,projetee
2048,81,673726,projetee
2048,82,650690,projetee
2048,83,631106,projetee
2048,84,594122,projetee
2048,85,542533,projetee
2048,86,509637,projetee
2048,87,473050,projetee
2048,88,433343,projetee
2048,89,387653,projetee
2048,90,347414,projetee
2048,91,305735,projetee
2048,92,263473,projetee
2048,93,226454,projetee
2048,94,187779,projetee
2048,95,156148,projetee
2048,96,121239,projetee
2048,97,97288,projetee
2048,98,72056,projetee
2048,99,51729,projetee
2049,100,36553,projetee
2049,101,24774,projetee
2049,102,15745,projetee
2049,103,7861,projetee
2049,104,4898,projetee
2049,50,889510,projetee
2049,51,873699,projetee
2049,52,874637,projetee
2049,53,867949,projetee
2049,54,847445,projetee
2049,55,845519,projetee
2049,56,870295,projetee
2049,57,870440,projetee
2049,58,885479,projetee
2049,59,876189,projetee
2049,60,878672,projetee
2049,61,869932,projetee
2049,62,868008,projetee
2049,63,857231,projetee
2049,64,838868,projetee
2049,65,819353,projetee
2049,66,853853,projetee
2049,67,846336,projetee
2049,68,853720,projetee
2049,69,795030,projetee
2049,70,769921,projetee
2049,71,761011,projetee
2049,72,729501,projetee
2049,73,739334,projetee
2049,74,763509,projetee
2049,75,786605,projetee
2049,76,789686,projetee
2049,77,768820,projetee
2049,78,740060,projetee
2049,79,709452,projetee
2049,80,683333,projetee
2049,81,661046,projetee
2049,82,652286,projetee
2049,83,627207,projetee
2049,84,604759,projetee
2049,85,565966,projetee
2049,86,513180,projetee
2049,87,478033,projetee
2049,88,439943,projetee
2049,89,399127,projetee
2049,90,352219,projetee
2049,91,311004,projetee
2049,92,268789,projetee
2049,93,227247,projetee
2049,94,191171,projetee
2049,95,153706,projetee
2049,96,124374,projetee
2049,97,94179,projetee
2049,98,72386,projetee
2049,99,52509,projetee
2050,100,37116,projetee
2050,101,25192,projetee
2050,102,16667,projetee
2050,103,10327,projetee
2050,104,5032,projetee
2050,50,889466,projetee
2050,51,888416,projetee
2050,52,872511,projetee
2050,53,873522,projetee
2050,54,866948,projetee
2050,55,846608,projetee
2050,56,844756,projetee
2050,57,869282,projetee
2050,58,869319,projetee
2050,59,883822,projetee
2050,60,874195,projetee
2050,61,876053,projetee
2050,62,866801,projetee
2050,63,864549,projetee
2050,64,853348,projetee
2050,65,834614,projetee
2050,66,814610,projetee
2050,67,848220,projetee
2050,68,840331,projetee
2050,69,846856,projetee
2050,70,788312,projetee
2050,71,762753,projetee
2050,72,753092,projetee
2050,73,721306,projetee
2050,74,730150,projetee
2050,75,752928,projetee
2050,76,774448,projetee
2050,77,776123,projetee
2050,78,754209,projetee
2050,79,724053,projetee
2050,80,692320,projetee
2050,81,664223,projetee
2050,82,640289,projetee
2050,83,629071,projetee
2050,84,601371,projetee
2050,85,576489,projetee
2050,86,535780,projetee
2050,87,481772,projetee
2050,88,444986,projetee
2050,89,405624,projetee
2050,90,363041,projetee
2050,91,315675,projetee
2050,92,273745,projetee
2050,93,232125,projetee
2050,94,191854,projetee
2050,95,156476,projetee
2050,96,122433,projetee
2050,97,96622,projetee
2050,98,70090,projetee
2050,99,52742,projetee
2051,100,37277,projetee
2051,101,25589,projetee
2051,102,16946,projetee
2051,103,10932,projetee
2051,104,6606,projetee
2051,50,921176,projetee
2051,51,888395,projetee
2051,52,887226,projetee
2051,53,871427,projetee
2051,54,872538,projetee
2051,55,866091,projetee
2051,56,845877,projetee
2051,57,843859,projetee
2051,58,868210,projetee
2051,59,867772,projetee
2051,60,881845,projetee
2051,61,871648,projetee
2051,62,872950,projetee
2051,63,863413,projetee
2051,64,860696,projetee
2051,65,849078,projetee
2051,66,829851,projetee
2051,67,809356,projetee
2051,68,842297,projetee
2051,69,833682,projetee
2051,70,839784,projetee
2051,71,781083,projetee
2051,72,754947,projetee
2051,73,744745,projetee
2051,74,712488,projetee
2051,75,720196,projetee
2051,76,741447,projetee
2051,77,761344,projetee
2051,78,761577,projetee
2051,79,738130,projetee
2051,80,706816,projetee
2051,81,673220,projetee
2051,82,643660,projetee
2051,83,617803,projetee
2051,84,603515,projetee
2051,85,573637,projetee
2051,86,546152,projetee
2051,87,503435,projetee
2051,88,448888,projetee
2051,89,410678,projetee
2051,90,369357,projetee
2051,91,325746,projetee
2051,92,278186,projetee
2051,93,236690,projetee
2051,94,196220,projetee
2051,95,157047,projetee
2051,96,124633,projetee
2051,97,95118,projetee
2051,98,71914,projetee
2051,99,51084,projetee
2052,100,36117,projetee
2052,101,25698,projetee
2052,102,17220,projetee
2052,103,11115,projetee
2052,104,6994,projetee
2052,50,901077,projetee
2052,51,920073,projetee
2052,52,887228,projetee
2052,53,886140,projetee
2052,54,870478,projetee
2052,55,871699,projetee
2052,56,865339,projetee
2052,57,845016,projetee
2052,58,842912,projetee
2052,59,866714,projetee
2052,60,865910,projetee
2052,61,879316,projetee
2052,62,868621,projetee
2052,63,869592,projetee
2052,64,859635,projetee
2052,65,856456,projetee
2052,66,844297,projetee
2052,67,824576,projetee
2052,68,803831,projetee
2052,69,835733,projetee
2052,70,826836,projetee
2052,71,832174,projetee
2052,72,773210,projetee
2052,73,746716,projetee
2052,74,735765,projetee
2052,75,702923,projetee
2052,76,709373,projetee
2052,77,729065,projetee
2052,78,747287,projetee
2052,79,745565,projetee
2052,80,720809,projetee
2052,81,687592,projetee
2052,82,652662,projetee
2052,83,621374,projetee
2052,84,593037,projetee
2052,85,576065,projetee
2052,86,543852,projetee
2052,87,513601,projetee
2052,88,469524,projetee
2052,89,414699,projetee
2052,90,374354,projetee
2052,91,331798,projetee
2052,92,287391,projetee
2052,93,240822,projetee
2052,94,200320,projetee
2052,95,160827,projetee
2052,96,125100,projetee
2052,97,96822,projetee
2052,98,70798,projetee
2052,99,52417,projetee
2053,100,37062,projetee
2053,101,24907,projetee
2053,102,17293,projetee
2053,103,11299,projetee
2053,104,7111,projetee
2053,50,881287,projetee
2053,51,900031,projetee
2053,52,918871,projetee
2053,53,886167,projetee
2053,54,885188,projetee
2053,55,869675,projetee
2053,56,870966,projetee
2053,57,864455,projetee
2053,58,844107,projetee
2053,59,841551,projetee
2053,60,864905,projetee
2053,61,863503,projetee
2053,62,876308,projetee
2053,63,865345,projetee
2053,64,865846,projetee
2053,65,855475,projetee
2053,66,851707,projetee
2053,67,839002,projetee
2053,68,819027,projetee
2053,69,797687,projetee
2053,70,828976,projetee
2053,71,819467,projetee
2053,72,823889,projetee
2053,73,764907,projetee
2053,74,737857,projetee
2053,75,726025,projetee
2053,76,692510,projetee
2053,77,697695,projetee
2053,78,715780,projetee
2053,79,731806,projetee
2053,80,728310,projetee
2053,81,701486,projetee
2053,82,666891,projetee
2053,83,630372,projetee
2053,84,596815,projetee
2053,85,566425,projetee
2053,86,546562,projetee
2053,87,511853,projetee
2053,88,479436,projetee
2053,89,434213,projetee
2053,90,378431,projetee
2053,91,336661,projetee
2053,92,293075,projetee
2053,93,249082,projetee
2053,94,204066,projetee
2053,95,164387,projetee
2053,96,128271,projetee
2053,97,97195,projetee
2053,98,72062,projetee
2053,99,51608,projetee
2054,100,36494,projetee
2054,101,25561,projetee
2054,102,16766,projetee
2054,103,11347,projetee
2054,104,7231,projetee
2054,50,868192,projetee
2054,51,880299,projetee
2054,52,898893,projetee
2054,53,917773,projetee
2054,54,885242,projetee
2054,55,884382,projetee
2054,56,868981,projetee
2054,57,870102,projetee
2054,58,863520,projetee
2054,59,842787,projetee
2054,60,839883,projetee
2054,61,862554,projetee
2054,62,860625,projetee
2054,63,873052,projetee
2054,64,861689,projetee
2054,65,861719,projetee
2054,66,850812,projetee
2054,67,846444,projetee
2054,68,833432,projetee
2054,69,812858,projetee
2054,70,791371,projetee
2054,71,821702,projetee
2054,72,811440,projetee
2054,73,815151,projetee
2054,74,755969,projetee
2054,75,728245,projetee
2054,76,715424,projetee
2054,77,681268,projetee
2054,78,685162,projetee
2054,79,701147,projetee
2054,80,715114,projetee
2054,81,709052,projetee
2054,82,680669,projetee
2054,83,644436,projetee
2054,84,605796,projetee
2054,85,570407,projetee
2054,86,537803,projetee
2054,87,514825,projetee
2054,88,478228,projetee
2054,89,443808,projetee
2054,90,396678,projetee
2054,91,340718,projetee
2054,92,297705,projetee
2054,93,254315,projetee
2054,94,211310,projetee
2054,95,167668,projetee
2054,96,131264,projetee
2054,97,99773,projetee
2054,98,72349,projetee
2054,99,52524,projetee
2055,100,37139,projetee
2055,101,25172,projetee
2055,102,17208,projetee
2055,103,11005,projetee
2055,104,7262,projetee
2055,50,873032,projetee
2055,51,867246,projetee
2055,52,879224,projetee
2055,53,897863,projetee
2055,54,916807,projetee
2055,55,884465,projetee
2055,56,883684,projetee
2055,57,868160,projetee
2055,58,869191,projetee
2055,59,862173,projetee
2055,60,841161,projetee
2055,61,837683,projetee
2055,62,859737,projetee
2055,63,857509,projetee
2055,64,869418,projetee
2055,65,857656,projetee
2055,66,857092,projetee
2055,67,845637,projetee
2055,68,840907,projetee
2055,69,827240,projetee
2055,70,806515,projetee
2055,71,784571,projetee
2055,72,813776,projetee
2055,73,802972,projetee
2055,74,805752,projetee
2055,75,746271,projetee
2055,76,717775,projetee
2055,77,703977,projetee
2055,78,669202,projetee
2055,79,671353,projetee
2055,80,685361,projetee
2055,81,696475,projetee
2055,82,688299,projetee
2055,83,658077,projetee
2055,84,619666,projetee
2055,85,579358,projetee
2055,86,541984,projetee
2055,87,506975,projetee
2055,88,481435,projetee
2055,89,443112,projetee
2055,90,405862,projetee
2055,91,357561,projetee
2055,92,301645,projetee
2055,93,258631,projetee
2055,94,216012,projetee
2055,95,173824,projetee
2055,96,134045,projetee
2055,97,102210,projetee
2055,98,74351,projetee
2055,99,52741,projetee
2056,100,37299,projetee
2056,101,25617,projetee
2056,102,16950,projetee
2056,103,11297,projetee
2056,104,7046,projetee
2056,50,876400,projetee
2056,51,872099,projetee
2056,52,866217,projetee
2056,53,878260,projetee
2056,54,896972,projetee
2056,55,915987,projetee
2056,56,883798,projetee
2056,57,882858,projetee
2056,58,867293,projetee
2056,59,867868,projetee
2056,60,860519,projetee
2056,61,839006,projetee
2056,62,835027,projetee
2056,63,856686,projetee
2056,64,854026,projetee
2056,65,865409,projetee
2056,66,853130,projetee
2056,67,851954,projetee
2056,68,840193,projetee
2056,69,834750,projetee
2056,70,820872,projetee
2056,71,799685,projetee
2056,72,777154,projetee
2056,73,805412,projetee
2056,74,793855,projetee
2056,75,795558,projetee
2056,76,735707,projetee
2056,77,706466,projetee
2056,78,691687,projetee
2056,79,655902,projetee
2056,80,656445,projetee
2056,81,667724,projetee
2056,82,676376,projetee
2056,83,665767,projetee
2056,84,633143,projetee
2056,85,593003,projetee
2056,86,550877,projetee
2056,87,511332,projetee
2056,88,474505,projetee
2056,89,446514,projetee
2056,90,405644,projetee
2056,91,366238,projetee
2056,92,316929,projetee
2056,93,262370,projetee
2056,94,219932,projetee
2056,95,177911,projetee
2056,96,139124,projetee
2056,97,104490,projetee
2056,98,76246,projetee
2056,99,54265,projetee
2057,100,38427,projetee
2057,101,25732,projetee
2057,102,17250,projetee
2057,103,11129,projetee
2057,104,7234,projetee
2057,50,902439,projetee
2057,51,875483,projetee
2057,52,871084,projetee
2057,53,865305,projetee
2057,54,877441,projetee
2057,55,896230,projetee
2057,56,915274,projetee
2057,57,883006,projetee
2057,58,881987,projetee
2057,59,866018,projetee
2057,60,866239,projetee
2057,61,858334,projetee
2057,62,836398,projetee
2057,63,832148,projetee
2057,64,853274,projetee
2057,65,850176,projetee
2057,66,860908,projetee
2057,67,848097,projetee
2057,68,846548,projetee
2057,69,834133,projetee
2057,70,828418,projetee
2057,71,814013,projetee
2057,72,792234,projetee
2057,73,769322,projetee
2057,74,796405,projetee
2057,75,783962,projetee
2057,76,784466,projetee
2057,77,724292,projetee
2057,78,694320,projetee
2057,79,678137,projetee
2057,80,641537,projetee
2057,81,639778,projetee
2057,82,648695,projetee
2057,83,654543,projetee
2057,84,640888,projetee
2057,85,606250,projetee
2057,86,564255,projetee
2057,87,520123,projetee
2057,88,479005,projetee
2057,89,440497,projetee
2057,90,409183,projetee
2057,91,366439,projetee
2057,92,324979,projetee
2057,93,275997,projetee
2057,94,223384,projetee
2057,95,181352,projetee
2057,96,142567,projetee
2057,97,108561,projetee
2057,98,78030,projetee
2057,99,55710,projetee
2058,100,39499,projetee
2058,101,26548,projetee
2058,102,17330,projetee
2058,103,11327,projetee
2058,104,7128,projetee
2058,50,899858,projetee
2058,51,901499,projetee
2058,52,874485,projetee
2058,53,870186,projetee
2058,54,864541,projetee
2058,55,876775,projetee
2058,56,895600,projetee
2058,57,914431,projetee
2058,58,882171,projetee
2058,59,880708,projetee
2058,60,864439,projetee
2058,61,864080,projetee
2058,62,855693,projetee
2058,63,833571,projetee
2058,64,828923,projetee
2058,65,849499,projetee
2058,66,845849,projetee
2058,67,855900,projetee
2058,68,842800,projetee
2058,69,840527,projetee
2058,70,827902,projetee
2058,71,821596,projetee
2058,72,806531,projetee
2058,73,784365,projetee
2058,74,760875,projetee
2058,75,786627,projetee
2058,76,773187,projetee
2058,77,772479,projetee
2058,78,712029,projetee
2058,79,680922,projetee
2058,80,663500,projetee
2058,81,625468,projetee
2058,82,621784,projetee
2058,83,628018,projetee
2058,84,630422,projetee
2058,85,613984,projetee
2058,86,577271,projetee
2058,87,533171,projetee
2058,88,487653,projetee
2058,89,445099,projetee
2058,90,404077,projetee
2058,91,370038,projetee
2058,92,325521,projetee
2058,93,283328,projetee
2058,94,235272,projetee
2058,95,184428,projetee
2058,96,145489,projetee
2058,97,111371,projetee
2058,98,81150,projetee
2058,99,57078,projetee
2059,100,40521,projetee
2059,101,27326,projetee
2059,102,17908,projetee
2059,103,11382,projetee
2059,104,7255,projetee
2059,50,920206,projetee
2059,51,898945,projetee
2059,52,900476,projetee
2059,53,873606,projetee
2059,54,869438,projetee
2059,55,863932,projetee
2059,56,876226,projetee
2059,57,894848,projetee
2059,58,913542,projetee
2059,59,880931,projetee
2059,60,879124,projetee
2059,61,862334,projetee
2059,62,861468,projetee
2059,63,852831,projetee
2059,64,830401,projetee
2059,65,825345,projetee
2059,66,845251,projetee
2059,67,841018,projetee
2059,68,850629,projetee
2059,69,836895,projetee
2059,70,834338,projetee
2059,71,821189,projetee
2059,72,814153,projetee
2059,73,798628,projetee
2059,74,775876,projetee
2059,75,751695,projetee
2059,76,775971,projetee
2059,77,761537,projetee
2059,78,759598,projetee
2059,79,698495,projetee
2059,80,666442,projetee
2059,81,647122,projetee
2059,82,608109,projetee
2059,83,602224,projetee
2059,84,605164,projetee
2059,85,604269,projetee
2059,86,585034,projetee
2059,87,545897,projetee
2059,88,500314,projetee
2059,89,453547,projetee
2059,90,408720,projetee
2059,91,365809,projetee
2059,92,329088,projetee
2059,93,284129,projetee
2059,94,241797,projetee
2059,95,194486,projetee
2059,96,148138,projetee
2059,97,113770,projetee
2059,98,83341,projetee
2059,99,59423,projetee
2060,100,42234,projetee
2060,101,28072,projetee
2060,102,18461,projetee
2060,103,11782,projetee
2060,104,7293,projetee
2060,50,921712,projetee
2060,51,919281,projetee
2060,52,897951,projetee
2060,53,899570,projetee
2060,54,872878,projetee
2060,55,868847,projetee
2060,56,863445,projetee
2060,57,875563,projetee
2060,58,894056,projetee
2060,59,912243,projetee
2060,60,879388,projetee
2060,61,877013,projetee
2060,62,859779,projetee
2060,63,858637,projetee
2060,64,849623,projetee
2060,65,826881,projetee
2060,66,821312,projetee
2060,67,840502,projetee
2060,68,835934,projetee
2060,69,844750,projetee
2060,70,830826,projetee
2060,71,827669,projetee
2060,72,813862,projetee
2060,73,806290,projetee
2060,74,790102,projetee
2060,75,766652,projetee
2060,76,741670,projetee
2060,77,764446,projetee
2060,78,749016,projetee
2060,79,745376,projetee
2060,80,683866,projetee
2060,81,650233,projetee
2060,82,629423,projetee
2060,83,589233,projetee
2060,84,580594,projetee
2060,85,580328,projetee
2060,86,576172,projetee
2060,87,553652,projetee
2060,88,512692,projetee
2060,89,465753,projetee
2060,90,416887,projetee
2060,91,370412,projetee
2060,92,325688,projetee
2060,93,287578,projetee
2060,94,242767,projetee
2060,95,200112,projetee
2060,96,156409,projetee
2060,97,115973,projetee
2060,98,85221,projetee
2060,99,61098,projetee
2061,100,43481,projetee
2061,101,29298,projetee
2061,102,18994,projetee
2061,103,12167,projetee
2061,104,7564,projetee
2061,50,938522,projetee
2061,51,920806,projetee
2061,52,918274,projetee
2061,53,897075,projetee
2061,54,898813,projetee
2061,55,872308,projetee
2061,56,868378,projetee
2061,57,862849,projetee
2061,58,874867,projetee
2061,59,892862,projetee
2061,60,910639,projetee
2061,61,877320,projetee
2061,62,874452,projetee
2061,63,857009,projetee
2061,64,855462,projetee
2061,65,846063,projetee
2061,66,822911,projetee
2061,67,816784,projetee
2061,68,835504,projetee
2061,69,830252,projetee
2061,70,838709,projetee
2061,71,824286,projetee
2061,72,820388,projetee
2061,73,806119,projetee
2061,74,797805,projetee
2061,75,780836,projetee
2061,76,756576,projetee
2061,77,730819,projetee
2061,78,752057,projetee
2061,79,735187,projetee
2061,80,730003,projetee
2061,81,667484,projetee
2061,82,632707,projetee
2061,83,610169,projetee
2061,84,568350,projetee
2061,85,557032,projetee
2061,86,553692,projetee
2061,87,545680,projetee
2061,88,520375,projetee
2061,89,477715,projetee
2061,90,428531,projetee
2061,91,378202,projetee
2061,92,330156,projetee
2061,93,284936,projetee
2061,94,246005,projetee
2061,95,201156,projetee
2061,96,161115,projetee
2061,97,122589,projetee
2061,98,86970,projetee
2061,99,62543,projetee
2062,100,44562,projetee
2062,101,30205,projetee
2062,102,19852,projetee
2062,103,12539,projetee
2062,104,7825,projetee
2062,50,919018,projetee
2062,51,937612,projetee
2062,52,919821,projetee
2062,53,917385,projetee
2062,54,896352,projetee
2062,55,898211,projetee
2062,56,871861,projetee
2062,57,867802,projetee
2062,58,862224,projetee
2062,59,873776,projetee
2062,60,891367,projetee
2062,61,908507,projetee
2062,62,874805,projetee
2062,63,871675,projetee
2062,64,853900,projetee
2062,65,851937,projetee
2062,66,842048,projetee
2062,67,818449,projetee
2062,68,812017,projetee
2062,69,829913,projetee
2062,70,824419,projetee
2062,71,832198,projetee
2062,72,817143,projetee
2062,73,812693,projetee
2062,74,797760,projetee
2062,75,788581,projetee
2062,76,770714,projetee
2062,77,745667,projetee
2062,78,719153,projetee
2062,79,738370,projetee
2062,80,720233,projetee
2062,81,712785,projetee
2062,82,649762,projetee
2062,83,613633,projetee
2062,84,588857,projetee
2062,85,545545,projetee
2062,86,531808,projetee
2062,87,524755,projetee
2062,88,513276,projetee
2062,89,485302,projetee
2062,90,439975,projetee
2062,91,389170,projetee
2062,92,337458,projetee
2062,93,289183,projetee
2062,94,244034,projetee
2062,95,204088,projetee
2062,96,162147,projetee
2062,97,126408,projetee
2062,98,92035,projetee
2062,99,63904,projetee
2063,100,45593,projetee
2063,101,30997,projetee
2063,102,20498,projetee
2063,103,13127,projetee
2063,104,8079,projetee
2063,50,921633,projetee
2063,51,918159,projetee
2063,52,936621,projetee
2063,53,918956,projetee
2063,54,916647,projetee
2063,55,895786,projetee
2063,56,897731,projetee
2063,57,871309,projetee
2063,58,867198,projetee
2063,59,861210,projetee
2063,60,872388,projetee
2063,61,889351,projetee
2063,62,905922,projetee
2063,63,872078,projetee
2063,64,868559,projetee
2063,65,850445,projetee
2063,66,847960,projetee
2063,67,837539,projetee
2063,68,813749,projetee
2063,69,806671,projetee
2063,70,824174,projetee
2063,71,818131,projetee
2063,72,825086,projetee
2063,73,809593,projetee
2063,74,804384,projetee
2063,75,788670,projetee
2063,76,778503,projetee
2063,77,759754,projetee
2063,78,733936,projetee
2063,79,706258,projetee
2063,80,723564,projetee
2063,81,703476,projetee
2063,82,694154,projetee
2063,83,630464,projetee
2063,84,592508,projetee
2063,85,565520,projetee
2063,86,521173,projetee
2063,87,504375,projetee
2063,88,493942,projetee
2063,89,479112,projetee
2063,90,447389,projetee
2063,91,399980,projetee
2063,92,347619,projetee
2063,93,295902,projetee
2063,94,247967,projetee
2063,95,202700,projetee
2063,96,164709,projetee
2063,97,127357,projetee
2063,98,94997,projetee
2063,99,67706,projetee
2064,100,48368,projetee
2064,101,31761,projetee
2064,102,21066,projetee
2064,103,13578,projetee
2064,104,8473,projetee
2064,50,912275,projetee
2064,51,920790,projetee
2064,52,917224,projetee
2064,53,935749,projetee
2064,54,918243,projetee
2064,55,916066,projetee
2064,56,895344,projetee
2064,57,897143,projetee
2064,58,870732,projetee
2064,59,866207,projetee
2064,60,859902,projetee
2064,61,870486,projetee
2064,62,886891,projetee
2064,63,903119,projetee
2064,64,869016,projetee
2064,65,865095,projetee
2064,66,846544,projetee
2064,67,843489,projetee
2064,68,832790,projetee
2064,69,808474,projetee
2064,70,801191,projetee
2064,71,817987,projetee
2064,72,811257,projetee
2064,73,817567,projetee
2064,74,801436,projetee
2064,75,795345,projetee
2064,76,778731,projetee
2064,77,767589,projetee
2064,78,747965,projetee
2064,79,720965,projetee
2064,80,692299,projetee
2064,81,706967,projetee
2064,82,685335,projetee
2064,83,673856,projetee
2064,84,609081,projetee
2064,85,569314,projetee
2064,86,540608,projetee
2064,87,494637,projetee
2064,88,475103,projetee
2064,89,461446,projetee
2064,90,442116,projetee
2064,91,407127,projetee
2064,92,357662,projetee
2064,93,305153,projetee
2064,94,254011,projetee
2064,95,206221,projetee
2064,96,163786,projetee
2064,97,129515,projetee
2064,98,95815,projetee
2064,99,69960,projetee
2065,100,50038,projetee
2065,101,33742,projetee
2065,102,21620,projetee
2065,103,13976,projetee
2065,104,8781,projetee
2065,50,912037,projetee
2065,51,911466,projetee
2065,52,919873,projetee
2065,53,916413,projetee
2065,54,935030,projetee
2065,55,917688,projetee
2065,56,915607,projetee
2065,57,894797,projetee
2065,58,896526,projetee
2065,59,869769,projetee
2065,60,864923,projetee
2065,61,858086,projetee
2065,62,868148,projetee
2065,63,884222,projetee
2065,64,899974,projetee
2065,65,865609,projetee
2065,66,861184,projetee
2065,67,842151,projetee
2065,68,838780,projetee
2065,69,827462,projetee
2065,70,803068,projetee
2065,71,795282,projetee
2065,72,811222,projetee
2065,73,803987,projetee
2065,74,809442,projetee
2065,75,792558,projetee
2065,76,785459,projetee
2065,77,767965,projetee
2065,78,755845,projetee
2065,79,734928,projetee
2065,80,706921,projetee
2065,81,676641,projetee
2065,82,688991,projetee
2065,83,665565,projetee
2065,84,651354,projetee
2065,85,585538,projetee
2065,86,544543,projetee
2065,87,513454,projetee
2065,88,466264,projetee
2065,89,444223,projetee
2065,90,426200,projetee
2065,91,402747,projetee
2065,92,364432,projetee
2065,93,314322,projetee
2065,94,262250,projetee
2065,95,211488,projetee
2065,96,166835,projetee
2065,97,128934,projetee
2065,98,97547,projetee
2065,99,70644,projetee
2066,100,50593,projetee
2066,101,34953,projetee
2066,102,23005,projetee
2066,103,14369,projetee
2066,104,9054,projetee
2066,50,895303,projetee
2066,51,911248,projetee
2066,52,910586,projetee
2066,53,919081,projetee
2066,54,915760,projetee
2066,55,934468,projetee
2066,56,917257,projetee
2066,57,915042,projetee
2066,58,894225,projetee
2066,59,895521,projetee
2066,60,868515,projetee
2066,61,863132,projetee
2066,62,855840,projetee
2066,63,865610,projetee
2066,64,881222,projetee
2066,65,896479,projetee
2066,66,861760,projetee
2066,67,856781,projetee
2066,68,837523,projetee
2066,69,833494,projetee
2066,70,822000,projetee
2066,71,797238,projetee
2066,72,788815,projetee
2066,73,804065,projetee
2066,74,796124,projetee
2066,75,800597,projetee
2066,76,782841,projetee
2066,77,774748,projetee
2066,78,756380,projetee
2066,79,742855,projetee
2066,80,720810,projetee
2066,81,691163,projetee
2066,82,659668,projetee
2066,83,669393,projetee
2066,84,643639,projetee
2066,85,626506,projetee
2066,86,560379,projetee
2066,87,517567,projetee
2066,88,484357,projetee
2066,89,436323,projetee
2066,90,410676,projetee
2066,91,388621,projetee
2066,92,360907,projetee
2066,93,320618,projetee
2066,94,270439,projetee
2066,95,218603,projetee
2066,96,171287,projetee
2066,97,131486,projetee
2066,98,97218,projetee
2066,99,72008,projetee
2067,100,51640,projetee
2067,101,35391,projetee
2067,102,23865,projetee
2067,103,15316,projetee
2067,104,9327,projetee
2067,50,880380,projetee
2067,51,894555,projetee
2067,52,910390,projetee
2067,53,909834,projetee
2067,54,918449,projetee
2067,55,915267,projetee
2067,56,934030,projetee
2067,57,916723,projetee
2067,58,914450,projetee
2067,59,893267,projetee
2067,60,894222,projetee
2067,61,866756,projetee
2067,62,860913,projetee
2067,63,853401,projetee
2067,64,862753,projetee
2067,65,877881,projetee
2067,66,892534,projetee
2067,67,857420,projetee
2067,68,852143,projetee
2067,69,832323,projetee
2067,70,828075,projetee
2067,71,816109,projetee
2067,72,790856,projetee
2067,73,781972,projetee
2067,74,796320,projetee
2067,75,787559,projetee
2067,76,790914,projetee
2067,77,772311,projetee
2067,78,763220,projetee
2067,79,743562,projetee
2067,80,728784,projetee
2067,81,704964,projetee
2067,82,674076,projetee
2067,83,641157,projetee
2067,84,647648,projetee
2067,85,619368,projetee
2067,86,599930,projetee
2067,87,533004,projetee
2067,88,488597,projetee
2067,89,453642,projetee
2067,90,403742,projetee
2067,91,374839,projetee
2067,92,348601,projetee
2067,93,317885,projetee
2067,94,276162,projetee
2067,95,225698,projetee
2067,96,177255,projetee
2067,97,135134,projetee
2067,98,99258,projetee
2067,99,71852,projetee
2068,100,51598,projetee
2068,101,36177,projetee
2068,102,24202,projetee
2068,103,15914,projetee
2068,104,9960,projetee
2068,50,865930,projetee
2068,51,879671,projetee
2068,52,893743,projetee
2068,53,909661,projetee
2068,54,909245,projetee
2068,55,917978,projetee
2068,56,914902,projetee
2068,57,933487,projetee
2068,58,916164,projetee
2068,59,913472,projetee
2068,60,892018,projetee
2068,61,892416,projetee
2068,62,864571,projetee
2068,63,858503,projetee
2068,64,850652,projetee
2068,65,859562,projetee
2068,66,874104,projetee
2068,67,888094,projetee
2068,68,852848,projetee
2068,69,846930,projetee
2068,70,826994,projetee
2068,71,822230,projetee
2068,72,809660,projetee
2068,73,784100,projetee
2068,74,774559,projetee
2068,75,787881,projetee
2068,76,778172,projetee
2068,77,780419,projetee
2068,78,760975,projetee
2068,79,750463,projetee
2068,80,729672,projetee
2068,81,712986,projetee
2068,82,687777,projetee
2068,83,655432,projetee
2068,84,620607,projetee
2068,85,623515,projetee
2068,86,593401,projetee
2068,87,571034,projetee
2068,88,503540,projetee
2068,89,458008,projetee
2068,90,420157,projetee
2068,91,368869,projetee
2068,92,336594,projetee
2068,93,307373,projetee
2068,94,274136,projetee
2068,95,230736,projetee
2068,96,183225,projetee
2068,97,139994,projetee
2068,98,102115,projetee
2068,99,73451,projetee
2069,100,52819,projetee
2069,101,36201,projetee
2069,102,24778,projetee
2069,103,16167,projetee
2069,104,10367,projetee
2069,50,860200,projetee
2069,51,865258,projetee
2069,52,878901,projetee
2069,53,893064,projetee
2069,54,909097,projetee
2069,55,908820,projetee
2069,56,917636,projetee
2069,57,914439,projetee
2069,58,932919,projetee
2069,59,915221,projetee
2069,60,912201,projetee
2069,61,890264,projetee
2069,62,890180,projetee
2069,63,862197,projetee
2069,64,855784,projetee
2069,65,847575,projetee
2069,66,855947,projetee
2069,67,869837,projetee
2069,68,883416,projetee
2069,69,847704,projetee
2069,70,841587,projetee
2069,71,821245,projetee
2069,72,815830,projetee
2069,73,802834,projetee
2069,74,776778,projetee
2069,75,766474,projetee
2069,76,778625,projetee
2069,77,767993,projetee
2069,78,769120,projetee
2069,79,748430,projetee
2069,80,736636,projetee
2069,81,714072,projetee
2069,82,695846,projetee
2069,83,669019,projetee
2069,84,634726,projetee
2069,85,597747,projetee
2069,86,597684,projetee
2069,87,565193,projetee
2069,88,539865,projetee
2069,89,472420,projetee
2069,90,424599,projetee
2069,91,384239,projetee
2069,92,331573,projetee
2069,93,297120,projetee
2069,94,265364,projetee
2069,95,229332,projetee
2069,96,187525,projetee
2069,97,144870,projetee
2069,98,105901,projetee
2069,99,75648,projetee
2070,100,54464,projetee
2070,101,37113,projetee
2070,102,24834,projetee
2070,103,16580,projetee
2070,104,10550,projetee
2070,50,859873,projetee
2070,51,859554,projetee
2070,52,864528,projetee
2070,53,878267,projetee
2070,54,892554,projetee
2070,55,908697,projetee
2070,56,908527,projetee
2070,57,917199,projetee
2070,58,913957,projetee
2070,59,931967,projetee
2070,60,913987,projetee
2070,61,910424,projetee
2070,62,888084,projetee
2070,63,887752,projetee
2070,64,859518,projetee
2070,65,852740,projetee
2070,66,844084,projetee
2070,67,851848,projetee
2070,68,865340,projetee
2070,69,878161,projetee
2070,70,842435,projetee
2070,71,835824,projetee
2070,72,814949,projetee
2070,73,809054,projetee
2070,74,795437,projetee
2070,75,768791,projetee
2070,76,757593,projetee
2070,77,768585,projetee
2070,78,757031,projetee
2070,79,756612,projetee
2070,80,734827,projetee
2070,81,721103,projetee
2070,82,697140,projetee
2070,83,677132,projetee
2070,84,648179,projetee
2070,85,611632,projetee
2070,86,573277,projetee
2070,87,569651,projetee
2070,88,534704,projetee
2070,89,506931,projetee
2070,90,438371,projetee
2070,91,388688,projetee
2070,92,345739,projetee
2070,93,293005,projetee
2070,94,256813,projetee
2070,95,222246,projetee
2070,96,186619,projetee
2070,97,148424,projetee
2070,98,109712,projetee
2070,99,78542,projetee
