# Quotients de mortalité par âge — années projetées, France
# source_id: insee_projections_mortalite
# unite: probabilité de décès entre deux âges exacts, entre 0 et 1
#
# L'hypothèse centrale des projections de population 2026 de l'INSEE,
# de 2026 à 2125 et de 0 à 120 ans. Le modèle lit ce fichier après
# quotients_periode.csv et avant sa loi de Gompertz-Makeham : pour une
# année projetée, la loi ne sert plus à aucun âge (action 138, étape 7).
# Au-delà de 2125, les quotients de 2125.
#
# CONVERTIS, NON RECOPIÉS. L'INSEE indexe ses quotients par âge atteint
# dans l'année : un parallélogramme du diagramme de Lexis, de l'âge exact
# x - 1 à x + 1. Le modèle lit des carrés, de l'âge exact x à x + 1.
# Chaque carré prend la moyenne géométrique des survies des deux
# parallélogrammes qui l'encadrent :
#     1 - q(x) = racine de (1 - q'(x)) (1 - q'(x + 1)),
# et 120 ans garde le sien. La table convertie retrouve à moins de
# 0,05 an les espérances à 60 et 65 ans que l'INSEE publie, ce que le
# récupérateur contrôle à chaque exécution. À 0 an, la conversion
# ignore que les décès de la première année tombent dans ses premières
# semaines : aucun calcul du modèle ne part de la naissance.
#
# fiabilite: projetee — une projection du producteur, qui vaut estimee
# dans le modèle.
#
# Champ : France.
#
# Fichier écrit par scripts/verifier_donnees.py --appliquer : ne pas
# modifier à la main.
annee,sexe,age,qx,fiabilite
2026,F,0,0.001845,projetee
2026,F,1,0.000333,projetee
2026,F,10,0.000061,projetee
2026,F,100,0.309756,projetee
2026,F,101,0.330259,projetee
2026,F,102,0.350336,projetee
2026,F,103,0.370516,projetee
2026,F,104,0.390894,projetee
2026,F,105,0.411546,projetee
2026,F,106,0.432508,projetee
2026,F,107,0.453710,projetee
2026,F,108,0.475074,projetee
2026,F,109,0.496524,projetee
2026,F,11,0.000064,projetee
2026,F,110,0.517980,projetee
2026,F,111,0.539362,projetee
2026,F,112,0.560592,projetee
2026,F,113,0.581594,projetee
2026,F,114,0.591897,projetee
2026,F,115,0.591897,projetee
2026,F,116,0.591897,projetee
2026,F,117,0.591897,projetee
2026,F,118,0.591897,projetee
2026,F,119,0.591897,projetee
2026,F,12,0.000069,projetee
2026,F,120,0.591897,projetee
2026,F,13,0.000081,projetee
2026,F,14,0.000101,projetee
2026,F,15,0.000122,projetee
2026,F,16,0.000138,projetee
2026,F,17,0.000152,projetee
2026,F,18,0.000167,projetee
2026,F,19,0.000182,projetee
2026,F,2,0.000157,projetee
2026,F,20,0.000196,projetee
2026,F,21,0.000208,projetee
2026,F,22,0.000219,projetee
2026,F,23,0.000225,projetee
2026,F,24,0.000229,projetee
2026,F,25,0.000237,projetee
2026,F,26,0.000243,projetee
2026,F,27,0.000246,projetee
2026,F,28,0.000252,projetee
2026,F,29,0.000267,projetee
2026,F,3,0.000114,projetee
2026,F,30,0.000290,projetee
2026,F,31,0.000311,projetee
2026,F,32,0.000342,projetee
2026,F,33,0.000376,projetee
2026,F,34,0.000404,projetee
2026,F,35,0.000430,projetee
2026,F,36,0.000459,projetee
2026,F,37,0.000499,projetee
2026,F,38,0.000541,projetee
2026,F,39,0.000591,projetee
2026,F,4,0.000089,projetee
2026,F,40,0.000654,projetee
2026,F,41,0.000720,projetee
2026,F,42,0.000790,projetee
2026,F,43,0.000868,projetee
2026,F,44,0.000938,projetee
2026,F,45,0.001016,projetee
2026,F,46,0.001112,projetee
2026,F,47,0.001229,projetee
2026,F,48,0.001362,projetee
2026,F,49,0.001509,projetee
2026,F,5,0.000078,projetee
2026,F,50,0.001682,projetee
2026,F,51,0.001872,projetee
2026,F,52,0.002031,projetee
2026,F,53,0.002155,projetee
2026,F,54,0.002318,projetee
2026,F,55,0.002597,projetee
2026,F,56,0.002878,projetee
2026,F,57,0.003124,projetee
2026,F,58,0.003414,projetee
2026,F,59,0.003723,projetee
2026,F,6,0.000070,projetee
2026,F,60,0.004046,projetee
2026,F,61,0.004375,projetee
2026,F,62,0.004811,projetee
2026,F,63,0.005350,projetee
2026,F,64,0.005870,projetee
2026,F,65,0.006415,projetee
2026,F,66,0.006886,projetee
2026,F,67,0.007239,projetee
2026,F,68,0.007768,projetee
2026,F,69,0.008477,projetee
2026,F,7,0.000063,projetee
2026,F,70,0.009292,projetee
2026,F,71,0.010166,projetee
2026,F,72,0.011050,projetee
2026,F,73,0.011978,projetee
2026,F,74,0.012886,projetee
2026,F,75,0.013995,projetee
2026,F,76,0.015598,projetee
2026,F,77,0.017323,projetee
2026,F,78,0.019680,projetee
2026,F,79,0.022225,projetee
2026,F,8,0.000060,projetee
2026,F,80,0.025035,projetee
2026,F,81,0.028793,projetee
2026,F,82,0.032761,projetee
2026,F,83,0.037523,projetee
2026,F,84,0.043589,projetee
2026,F,85,0.050035,projetee
2026,F,86,0.056956,projetee
2026,F,87,0.065587,projetee
2026,F,88,0.074940,projetee
2026,F,89,0.085613,projetee
2026,F,9,0.000060,projetee
2026,F,90,0.098911,projetee
2026,F,91,0.113901,projetee
2026,F,92,0.129879,projetee
2026,F,93,0.147382,projetee
2026,F,94,0.169491,projetee
2026,F,95,0.193026,projetee
2026,F,96,0.213348,projetee
2026,F,97,0.239034,projetee
2026,F,98,0.264242,projetee
2026,F,99,0.286435,projetee
2026,H,0,0.002364,projetee
2026,H,1,0.000457,projetee
2026,H,10,0.000079,projetee
2026,H,100,0.373176,projetee
2026,H,101,0.389181,projetee
2026,H,102,0.405359,projetee
2026,H,103,0.421741,projetee
2026,H,104,0.438294,projetee
2026,H,105,0.454981,projetee
2026,H,106,0.471765,projetee
2026,H,107,0.488609,projetee
2026,H,108,0.505473,projetee
2026,H,109,0.522319,projetee
2026,H,11,0.000085,projetee
2026,H,110,0.539109,projetee
2026,H,111,0.555805,projetee
2026,H,112,0.573348,projetee
2026,H,113,0.593233,projetee
2026,H,114,0.608355,projetee
2026,H,115,0.612920,projetee
2026,H,116,0.612920,projetee
2026,H,117,0.612920,projetee
2026,H,118,0.612920,projetee
2026,H,119,0.612920,projetee
2026,H,12,0.000094,projetee
2026,H,120,0.612920,projetee
2026,H,13,0.000111,projetee
2026,H,14,0.000145,projetee
2026,H,15,0.000201,projetee
2026,H,16,0.000270,projetee
2026,H,17,0.000342,projetee
2026,H,18,0.000414,projetee
2026,H,19,0.000477,projetee
2026,H,2,0.000209,projetee
2026,H,20,0.000532,projetee
2026,H,21,0.000570,projetee
2026,H,22,0.000586,projetee
2026,H,23,0.000594,projetee
2026,H,24,0.000606,projetee
2026,H,25,0.000626,projetee
2026,H,26,0.000649,projetee
2026,H,27,0.000678,projetee
2026,H,28,0.000711,projetee
2026,H,29,0.000739,projetee
2026,H,3,0.000157,projetee
2026,H,30,0.000762,projetee
2026,H,31,0.000794,projetee
2026,H,32,0.000840,projetee
2026,H,33,0.000877,projetee
2026,H,34,0.000939,projetee
2026,H,35,0.001018,projetee
2026,H,36,0.001081,projetee
2026,H,37,0.001151,projetee
2026,H,38,0.001240,projetee
2026,H,39,0.001337,projetee
2026,H,4,0.000125,projetee
2026,H,40,0.001438,projetee
2026,H,41,0.001552,projetee
2026,H,42,0.001685,projetee
2026,H,43,0.001839,projetee
2026,H,44,0.001977,projetee
2026,H,45,0.002106,projetee
2026,H,46,0.002267,projetee
2026,H,47,0.002465,projetee
2026,H,48,0.002667,projetee
2026,H,49,0.002908,projetee
2026,H,5,0.000101,projetee
2026,H,50,0.003192,projetee
2026,H,51,0.003518,projetee
2026,H,52,0.003917,projetee
2026,H,53,0.004391,projetee
2026,H,54,0.004784,projetee
2026,H,55,0.005045,projetee
2026,H,56,0.005512,projetee
2026,H,57,0.006111,projetee
2026,H,58,0.006702,projetee
2026,H,59,0.007195,projetee
2026,H,6,0.000087,projetee
2026,H,60,0.007698,projetee
2026,H,61,0.008429,projetee
2026,H,62,0.009199,projetee
2026,H,63,0.010090,projetee
2026,H,64,0.011008,projetee
2026,H,65,0.012071,projetee
2026,H,66,0.013077,projetee
2026,H,67,0.014019,projetee
2026,H,68,0.015184,projetee
2026,H,69,0.016341,projetee
2026,H,7,0.000078,projetee
2026,H,70,0.017802,projetee
2026,H,71,0.019581,projetee
2026,H,72,0.021074,projetee
2026,H,73,0.022436,projetee
2026,H,74,0.024422,projetee
2026,H,75,0.026468,projetee
2026,H,76,0.028343,projetee
2026,H,77,0.030896,projetee
2026,H,78,0.033984,projetee
2026,H,79,0.037497,projetee
2026,H,8,0.000076,projetee
2026,H,80,0.042080,projetee
2026,H,81,0.046523,projetee
2026,H,82,0.051224,projetee
2026,H,83,0.057870,projetee
2026,H,84,0.064563,projetee
2026,H,85,0.072962,projetee
2026,H,86,0.084153,projetee
2026,H,87,0.094244,projetee
2026,H,88,0.104549,projetee
2026,H,89,0.119054,projetee
2026,H,9,0.000077,projetee
2026,H,90,0.135492,projetee
2026,H,91,0.153620,projetee
2026,H,92,0.172331,projetee
2026,H,93,0.187392,projetee
2026,H,94,0.208211,projetee
2026,H,95,0.235875,projetee
2026,H,96,0.261644,projetee
2026,H,97,0.290059,projetee
2026,H,98,0.319162,projetee
2026,H,99,0.348860,projetee
2027,F,0,0.001833,projetee
2027,F,1,0.000331,projetee
2027,F,10,0.000061,projetee
2027,F,100,0.308570,projetee
2027,F,101,0.328995,projetee
2027,F,102,0.348995,projetee
2027,F,103,0.369098,projetee
2027,F,104,0.389398,projetee
2027,F,105,0.409970,projetee
2027,F,106,0.430853,projetee
2027,F,107,0.451973,projetee
2027,F,108,0.473256,projetee
2027,F,109,0.494624,projetee
2027,F,11,0.000063,projetee
2027,F,110,0.515997,projetee
2027,F,111,0.537298,projetee
2027,F,112,0.558446,projetee
2027,F,113,0.579368,projetee
2027,F,114,0.589633,projetee
2027,F,115,0.589633,projetee
2027,F,116,0.589633,projetee
2027,F,117,0.589633,projetee
2027,F,118,0.589633,projetee
2027,F,119,0.589633,projetee
2027,F,12,0.000068,projetee
2027,F,120,0.589633,projetee
2027,F,13,0.000080,projetee
2027,F,14,0.000100,projetee
2027,F,15,0.000120,projetee
2027,F,16,0.000136,projetee
2027,F,17,0.000150,projetee
2027,F,18,0.000165,projetee
2027,F,19,0.000180,projetee
2027,F,2,0.000155,projetee
2027,F,20,0.000193,projetee
2027,F,21,0.000206,projetee
2027,F,22,0.000216,projetee
2027,F,23,0.000222,projetee
2027,F,24,0.000226,projetee
2027,F,25,0.000234,projetee
2027,F,26,0.000240,projetee
2027,F,27,0.000243,projetee
2027,F,28,0.000249,projetee
2027,F,29,0.000264,projetee
2027,F,3,0.000113,projetee
2027,F,30,0.000287,projetee
2027,F,31,0.000307,projetee
2027,F,32,0.000338,projetee
2027,F,33,0.000372,projetee
2027,F,34,0.000399,projetee
2027,F,35,0.000425,projetee
2027,F,36,0.000453,projetee
2027,F,37,0.000493,projetee
2027,F,38,0.000534,projetee
2027,F,39,0.000584,projetee
2027,F,4,0.000088,projetee
2027,F,40,0.000646,projetee
2027,F,41,0.000711,projetee
2027,F,42,0.000780,projetee
2027,F,43,0.000857,projetee
2027,F,44,0.000926,projetee
2027,F,45,0.001004,projetee
2027,F,46,0.001098,projetee
2027,F,47,0.001214,projetee
2027,F,48,0.001346,projetee
2027,F,49,0.001491,projetee
2027,F,5,0.000078,projetee
2027,F,50,0.001662,projetee
2027,F,51,0.001849,projetee
2027,F,52,0.002006,projetee
2027,F,53,0.002129,projetee
2027,F,54,0.002290,projetee
2027,F,55,0.002565,projetee
2027,F,56,0.002843,projetee
2027,F,57,0.003087,projetee
2027,F,58,0.003373,projetee
2027,F,59,0.003678,projetee
2027,F,6,0.000069,projetee
2027,F,60,0.003997,projetee
2027,F,61,0.004322,projetee
2027,F,62,0.004753,projetee
2027,F,63,0.005285,projetee
2027,F,64,0.005799,projetee
2027,F,65,0.006337,projetee
2027,F,66,0.006803,projetee
2027,F,67,0.007152,projetee
2027,F,68,0.007674,projetee
2027,F,69,0.008374,projetee
2027,F,7,0.000063,projetee
2027,F,70,0.009179,projetee
2027,F,71,0.010105,projetee
2027,F,72,0.011044,projetee
2027,F,73,0.011971,projetee
2027,F,74,0.012878,projetee
2027,F,75,0.013987,projetee
2027,F,76,0.015589,projetee
2027,F,77,0.017313,projetee
2027,F,78,0.019668,projetee
2027,F,79,0.022212,projetee
2027,F,8,0.000059,projetee
2027,F,80,0.025021,projetee
2027,F,81,0.028777,projetee
2027,F,82,0.032742,projetee
2027,F,83,0.037502,projetee
2027,F,84,0.043564,projetee
2027,F,85,0.049700,projetee
2027,F,86,0.056267,projetee
2027,F,87,0.064794,projetee
2027,F,88,0.074034,projetee
2027,F,89,0.084610,projetee
2027,F,9,0.000060,projetee
2027,F,90,0.097833,projetee
2027,F,91,0.112781,projetee
2027,F,92,0.128738,projetee
2027,F,93,0.146232,projetee
2027,F,94,0.168344,projetee
2027,F,95,0.191905,projetee
2027,F,96,0.212295,projetee
2027,F,97,0.238043,projetee
2027,F,98,0.263231,projetee
2027,F,99,0.285339,projetee
2027,H,0,0.002345,projetee
2027,H,1,0.000452,projetee
2027,H,10,0.000078,projetee
2027,H,100,0.371446,projetee
2027,H,101,0.387378,projetee
2027,H,102,0.403481,projetee
2027,H,103,0.419787,projetee
2027,H,104,0.436263,projetee
2027,H,105,0.452872,projetee
2027,H,106,0.469579,projetee
2027,H,107,0.486344,projetee
2027,H,108,0.503130,projetee
2027,H,109,0.519899,projetee
2027,H,11,0.000083,projetee
2027,H,110,0.536611,projetee
2027,H,111,0.553229,projetee
2027,H,112,0.570931,projetee
2027,H,113,0.590961,projetee
2027,H,114,0.605777,projetee
2027,H,115,0.610081,projetee
2027,H,116,0.610081,projetee
2027,H,117,0.610081,projetee
2027,H,118,0.610081,projetee
2027,H,119,0.610081,projetee
2027,H,12,0.000092,projetee
2027,H,120,0.610081,projetee
2027,H,13,0.000110,projetee
2027,H,14,0.000143,projetee
2027,H,15,0.000198,projetee
2027,H,16,0.000266,projetee
2027,H,17,0.000336,projetee
2027,H,18,0.000407,projetee
2027,H,19,0.000470,projetee
2027,H,2,0.000207,projetee
2027,H,20,0.000523,projetee
2027,H,21,0.000561,projetee
2027,H,22,0.000577,projetee
2027,H,23,0.000584,projetee
2027,H,24,0.000596,projetee
2027,H,25,0.000616,projetee
2027,H,26,0.000639,projetee
2027,H,27,0.000667,projetee
2027,H,28,0.000700,projetee
2027,H,29,0.000726,projetee
2027,H,3,0.000155,projetee
2027,H,30,0.000749,projetee
2027,H,31,0.000781,projetee
2027,H,32,0.000826,projetee
2027,H,33,0.000863,projetee
2027,H,34,0.000924,projetee
2027,H,35,0.001002,projetee
2027,H,36,0.001064,projetee
2027,H,37,0.001132,projetee
2027,H,38,0.001220,projetee
2027,H,39,0.001316,projetee
2027,H,4,0.000123,projetee
2027,H,40,0.001414,projetee
2027,H,41,0.001526,projetee
2027,H,42,0.001658,projetee
2027,H,43,0.001809,projetee
2027,H,44,0.001945,projetee
2027,H,45,0.002072,projetee
2027,H,46,0.002230,projetee
2027,H,47,0.002425,projetee
2027,H,48,0.002623,projetee
2027,H,49,0.002861,projetee
2027,H,5,0.000100,projetee
2027,H,50,0.003140,projetee
2027,H,51,0.003460,projetee
2027,H,52,0.003853,projetee
2027,H,53,0.004319,projetee
2027,H,54,0.004706,projetee
2027,H,55,0.004963,projetee
2027,H,56,0.005422,projetee
2027,H,57,0.006011,projetee
2027,H,58,0.006592,projetee
2027,H,59,0.007078,projetee
2027,H,6,0.000085,projetee
2027,H,60,0.007573,projetee
2027,H,61,0.008292,projetee
2027,H,62,0.009049,projetee
2027,H,63,0.009926,projetee
2027,H,64,0.010828,projetee
2027,H,65,0.011874,projetee
2027,H,66,0.012864,projetee
2027,H,67,0.013790,projetee
2027,H,68,0.014937,projetee
2027,H,69,0.016075,projetee
2027,H,7,0.000077,projetee
2027,H,70,0.017512,projetee
2027,H,71,0.019339,projetee
2027,H,72,0.020888,projetee
2027,H,73,0.022238,projetee
2027,H,74,0.024206,projetee
2027,H,75,0.026235,projetee
2027,H,76,0.028094,projetee
2027,H,77,0.030624,projetee
2027,H,78,0.033684,projetee
2027,H,79,0.037167,projetee
2027,H,8,0.000075,projetee
2027,H,80,0.041710,projetee
2027,H,81,0.046113,projetee
2027,H,82,0.050773,projetee
2027,H,83,0.057360,projetee
2027,H,84,0.063994,projetee
2027,H,85,0.072036,projetee
2027,H,86,0.082856,projetee
2027,H,87,0.092879,projetee
2027,H,88,0.103140,projetee
2027,H,89,0.117583,projetee
2027,H,9,0.000075,projetee
2027,H,90,0.133971,projetee
2027,H,91,0.152074,projetee
2027,H,92,0.170808,projetee
2027,H,93,0.185971,projetee
2027,H,94,0.206877,projetee
2027,H,95,0.234643,projetee
2027,H,96,0.260431,projetee
2027,H,97,0.288840,projetee
2027,H,98,0.317804,projetee
2027,H,99,0.347242,projetee
2028,F,0,0.001822,projetee
2028,F,1,0.000329,projetee
2028,F,10,0.000060,projetee
2028,F,100,0.307389,projetee
2028,F,101,0.327736,projetee
2028,F,102,0.347660,projetee
2028,F,103,0.367685,projetee
2028,F,104,0.387908,projetee
2028,F,105,0.408401,projetee
2028,F,106,0.429203,projetee
2028,F,107,0.450243,projetee
2028,F,108,0.471444,projetee
2028,F,109,0.492730,projetee
2028,F,11,0.000062,projetee
2028,F,110,0.514022,projetee
2028,F,111,0.535241,projetee
2028,F,112,0.556309,projetee
2028,F,113,0.577150,projetee
2028,F,114,0.587376,projetee
2028,F,115,0.587376,projetee
2028,F,116,0.587376,projetee
2028,F,117,0.587376,projetee
2028,F,118,0.587376,projetee
2028,F,119,0.587376,projetee
2028,F,12,0.000067,projetee
2028,F,120,0.587376,projetee
2028,F,13,0.000079,projetee
2028,F,14,0.000099,projetee
2028,F,15,0.000119,projetee
2028,F,16,0.000134,projetee
2028,F,17,0.000148,projetee
2028,F,18,0.000163,projetee
2028,F,19,0.000178,projetee
2028,F,2,0.000154,projetee
2028,F,20,0.000191,projetee
2028,F,21,0.000203,projetee
2028,F,22,0.000214,projetee
2028,F,23,0.000220,projetee
2028,F,24,0.000223,projetee
2028,F,25,0.000231,projetee
2028,F,26,0.000237,projetee
2028,F,27,0.000240,projetee
2028,F,28,0.000246,projetee
2028,F,29,0.000261,projetee
2028,F,3,0.000112,projetee
2028,F,30,0.000283,projetee
2028,F,31,0.000303,projetee
2028,F,32,0.000334,projetee
2028,F,33,0.000367,projetee
2028,F,34,0.000395,projetee
2028,F,35,0.000420,projetee
2028,F,36,0.000448,projetee
2028,F,37,0.000487,projetee
2028,F,38,0.000528,projetee
2028,F,39,0.000577,projetee
2028,F,4,0.000087,projetee
2028,F,40,0.000638,projetee
2028,F,41,0.000702,projetee
2028,F,42,0.000771,projetee
2028,F,43,0.000847,projetee
2028,F,44,0.000915,projetee
2028,F,45,0.000992,projetee
2028,F,46,0.001085,projetee
2028,F,47,0.001200,projetee
2028,F,48,0.001329,projetee
2028,F,49,0.001473,projetee
2028,F,5,0.000077,projetee
2028,F,50,0.001642,projetee
2028,F,51,0.001827,projetee
2028,F,52,0.001982,projetee
2028,F,53,0.002103,projetee
2028,F,54,0.002262,projetee
2028,F,55,0.002534,projetee
2028,F,56,0.002809,projetee
2028,F,57,0.003049,projetee
2028,F,58,0.003332,projetee
2028,F,59,0.003633,projetee
2028,F,6,0.000068,projetee
2028,F,60,0.003948,projetee
2028,F,61,0.004270,projetee
2028,F,62,0.004696,projetee
2028,F,63,0.005222,projetee
2028,F,64,0.005729,projetee
2028,F,65,0.006260,projetee
2028,F,66,0.006720,projetee
2028,F,67,0.007065,projetee
2028,F,68,0.007581,projetee
2028,F,69,0.008273,projetee
2028,F,7,0.000062,projetee
2028,F,70,0.009068,projetee
2028,F,71,0.009982,projetee
2028,F,72,0.010976,projetee
2028,F,73,0.011965,projetee
2028,F,74,0.012871,projetee
2028,F,75,0.013979,projetee
2028,F,76,0.015580,projetee
2028,F,77,0.017303,projetee
2028,F,78,0.019657,projetee
2028,F,79,0.022199,projetee
2028,F,8,0.000059,projetee
2028,F,80,0.025006,projetee
2028,F,81,0.028760,projetee
2028,F,82,0.032723,projetee
2028,F,83,0.037480,projetee
2028,F,84,0.043538,projetee
2028,F,85,0.049671,projetee
2028,F,86,0.055888,projetee
2028,F,87,0.064011,projetee
2028,F,88,0.073139,projetee
2028,F,89,0.083619,projetee
2028,F,9,0.000059,projetee
2028,F,90,0.096767,projetee
2028,F,91,0.111672,projetee
2028,F,92,0.127607,projetee
2028,F,93,0.145090,projetee
2028,F,94,0.167205,projetee
2028,F,95,0.190789,projetee
2028,F,96,0.211247,projetee
2028,F,97,0.237056,projetee
2028,F,98,0.262224,projetee
2028,F,99,0.284246,projetee
2028,H,0,0.002325,projetee
2028,H,1,0.000448,projetee
2028,H,10,0.000076,projetee
2028,H,100,0.369725,projetee
2028,H,101,0.385583,projetee
2028,H,102,0.401611,projetee
2028,H,103,0.417842,projetee
2028,H,104,0.434241,projetee
2028,H,105,0.450774,projetee
2028,H,106,0.467403,projetee
2028,H,107,0.484090,projetee
2028,H,108,0.500799,projetee
2028,H,109,0.517489,projetee
2028,H,11,0.000082,projetee
2028,H,110,0.534124,projetee
2028,H,111,0.550665,projetee
2028,H,112,0.568524,projetee
2028,H,113,0.588699,projetee
2028,H,114,0.603210,projetee
2028,H,115,0.607254,projetee
2028,H,116,0.607254,projetee
2028,H,117,0.607254,projetee
2028,H,118,0.607254,projetee
2028,H,119,0.607254,projetee
2028,H,12,0.000091,projetee
2028,H,120,0.607254,projetee
2028,H,13,0.000108,projetee
2028,H,14,0.000141,projetee
2028,H,15,0.000194,projetee
2028,H,16,0.000261,projetee
2028,H,17,0.000331,projetee
2028,H,18,0.000401,projetee
2028,H,19,0.000462,projetee
2028,H,2,0.000205,projetee
2028,H,20,0.000514,projetee
2028,H,21,0.000552,projetee
2028,H,22,0.000567,projetee
2028,H,23,0.000575,projetee
2028,H,24,0.000587,projetee
2028,H,25,0.000606,projetee
2028,H,26,0.000628,projetee
2028,H,27,0.000656,projetee
2028,H,28,0.000688,projetee
2028,H,29,0.000715,projetee
2028,H,3,0.000153,projetee
2028,H,30,0.000737,projetee
2028,H,31,0.000769,projetee
2028,H,32,0.000812,projetee
2028,H,33,0.000849,projetee
2028,H,34,0.000909,projetee
2028,H,35,0.000986,projetee
2028,H,36,0.001046,projetee
2028,H,37,0.001113,projetee
2028,H,38,0.001200,projetee
2028,H,39,0.001294,projetee
2028,H,4,0.000121,projetee
2028,H,40,0.001391,projetee
2028,H,41,0.001501,projetee
2028,H,42,0.001631,projetee
2028,H,43,0.001779,projetee
2028,H,44,0.001913,projetee
2028,H,45,0.002038,projetee
2028,H,46,0.002194,projetee
2028,H,47,0.002386,projetee
2028,H,48,0.002580,projetee
2028,H,49,0.002814,projetee
2028,H,5,0.000098,projetee
2028,H,50,0.003089,projetee
2028,H,51,0.003404,projetee
2028,H,52,0.003790,projetee
2028,H,53,0.004249,projetee
2028,H,54,0.004629,projetee
2028,H,55,0.004882,projetee
2028,H,56,0.005333,projetee
2028,H,57,0.005913,projetee
2028,H,58,0.006485,projetee
2028,H,59,0.006962,projetee
2028,H,6,0.000084,projetee
2028,H,60,0.007449,projetee
2028,H,61,0.008157,projetee
2028,H,62,0.008901,projetee
2028,H,63,0.009764,projetee
2028,H,64,0.010652,projetee
2028,H,65,0.011681,projetee
2028,H,66,0.012654,projetee
2028,H,67,0.013565,projetee
2028,H,68,0.014693,projetee
2028,H,69,0.015813,projetee
2028,H,7,0.000076,projetee
2028,H,70,0.017226,projetee
2028,H,71,0.019023,projetee
2028,H,72,0.020628,projetee
2028,H,73,0.022042,projetee
2028,H,74,0.023993,projetee
2028,H,75,0.026003,projetee
2028,H,76,0.027846,projetee
2028,H,77,0.030354,projetee
2028,H,78,0.033387,projetee
2028,H,79,0.036839,projetee
2028,H,8,0.000073,projetee
2028,H,80,0.041342,projetee
2028,H,81,0.045707,projetee
2028,H,82,0.050326,projetee
2028,H,83,0.056855,projetee
2028,H,84,0.063430,projetee
2028,H,85,0.071401,projetee
2028,H,86,0.081853,projetee
2028,H,87,0.091534,projetee
2028,H,88,0.101749,projetee
2028,H,89,0.116130,projetee
2028,H,9,0.000074,projetee
2028,H,90,0.132467,projetee
2028,H,91,0.150543,projetee
2028,H,92,0.169299,projetee
2028,H,93,0.184561,projetee
2028,H,94,0.205551,projetee
2028,H,95,0.233417,projetee
2028,H,96,0.259223,projetee
2028,H,97,0.287627,projetee
2028,H,98,0.316451,projetee
2028,H,99,0.345631,projetee
2029,F,0,0.001811,projetee
2029,F,1,0.000326,projetee
2029,F,10,0.000059,projetee
2029,F,100,0.306213,projetee
2029,F,101,0.326482,projetee
2029,F,102,0.346329,projetee
2029,F,103,0.366278,projetee
2029,F,104,0.386423,projetee
2029,F,105,0.406838,projetee
2029,F,106,0.427561,projetee
2029,F,107,0.448519,projetee
2029,F,108,0.469640,projetee
2029,F,109,0.490844,projetee
2029,F,11,0.000062,projetee
2029,F,110,0.512055,projetee
2029,F,111,0.533192,projetee
2029,F,112,0.554179,projetee
2029,F,113,0.574940,projetee
2029,F,114,0.585129,projetee
2029,F,115,0.585129,projetee
2029,F,116,0.585129,projetee
2029,F,117,0.585129,projetee
2029,F,118,0.585129,projetee
2029,F,119,0.585129,projetee
2029,F,12,0.000067,projetee
2029,F,120,0.585129,projetee
2029,F,13,0.000078,projetee
2029,F,14,0.000097,projetee
2029,F,15,0.000117,projetee
2029,F,16,0.000133,projetee
2029,F,17,0.000146,projetee
2029,F,18,0.000161,projetee
2029,F,19,0.000175,projetee
2029,F,2,0.000153,projetee
2029,F,20,0.000189,projetee
2029,F,21,0.000201,projetee
2029,F,22,0.000211,projetee
2029,F,23,0.000217,projetee
2029,F,24,0.000221,projetee
2029,F,25,0.000228,projetee
2029,F,26,0.000234,projetee
2029,F,27,0.000237,projetee
2029,F,28,0.000243,projetee
2029,F,29,0.000258,projetee
2029,F,3,0.000111,projetee
2029,F,30,0.000280,projetee
2029,F,31,0.000300,projetee
2029,F,32,0.000330,projetee
2029,F,33,0.000363,projetee
2029,F,34,0.000390,projetee
2029,F,35,0.000415,projetee
2029,F,36,0.000442,projetee
2029,F,37,0.000481,projetee
2029,F,38,0.000521,projetee
2029,F,39,0.000570,projetee
2029,F,4,0.000087,projetee
2029,F,40,0.000630,projetee
2029,F,41,0.000694,projetee
2029,F,42,0.000761,projetee
2029,F,43,0.000836,projetee
2029,F,44,0.000904,projetee
2029,F,45,0.000980,projetee
2029,F,46,0.001072,projetee
2029,F,47,0.001185,projetee
2029,F,48,0.001313,projetee
2029,F,49,0.001455,projetee
2029,F,5,0.000076,projetee
2029,F,50,0.001622,projetee
2029,F,51,0.001805,projetee
2029,F,52,0.001958,projetee
2029,F,53,0.002078,projetee
2029,F,54,0.002235,projetee
2029,F,55,0.002504,projetee
2029,F,56,0.002775,projetee
2029,F,57,0.003012,projetee
2029,F,58,0.003292,projetee
2029,F,59,0.003589,projetee
2029,F,6,0.000067,projetee
2029,F,60,0.003901,projetee
2029,F,61,0.004218,projetee
2029,F,62,0.004639,projetee
2029,F,63,0.005158,projetee
2029,F,64,0.005659,projetee
2029,F,65,0.006185,projetee
2029,F,66,0.006639,projetee
2029,F,67,0.006980,projetee
2029,F,68,0.007490,projetee
2029,F,69,0.008173,projetee
2029,F,7,0.000061,projetee
2029,F,70,0.008959,projetee
2029,F,71,0.009862,projetee
2029,F,72,0.010844,projetee
2029,F,73,0.011891,projetee
2029,F,74,0.012863,projetee
2029,F,75,0.013970,projetee
2029,F,76,0.015571,projetee
2029,F,77,0.017293,projetee
2029,F,78,0.019646,projetee
2029,F,79,0.022187,projetee
2029,F,8,0.000058,projetee
2029,F,80,0.024992,projetee
2029,F,81,0.028743,projetee
2029,F,82,0.032704,projetee
2029,F,83,0.037458,projetee
2029,F,84,0.043513,projetee
2029,F,85,0.049642,projetee
2029,F,86,0.055855,projetee
2029,F,87,0.063576,projetee
2029,F,88,0.072254,projetee
2029,F,89,0.082639,projetee
2029,F,9,0.000058,projetee
2029,F,90,0.095712,projetee
2029,F,91,0.110574,projetee
2029,F,92,0.126486,projetee
2029,F,93,0.143957,projetee
2029,F,94,0.166074,projetee
2029,F,95,0.189680,projetee
2029,F,96,0.210204,projetee
2029,F,97,0.236073,projetee
2029,F,98,0.261220,projetee
2029,F,99,0.283158,projetee
2029,H,0,0.002306,projetee
2029,H,1,0.000444,projetee
2029,H,10,0.000075,projetee
2029,H,100,0.368012,projetee
2029,H,101,0.383796,projetee
2029,H,102,0.399750,projetee
2029,H,103,0.415905,projetee
2029,H,104,0.432229,projetee
2029,H,105,0.448685,projetee
2029,H,106,0.465237,projetee
2029,H,107,0.481847,projetee
2029,H,108,0.498478,projetee
2029,H,109,0.515091,projetee
2029,H,11,0.000080,projetee
2029,H,110,0.531649,projetee
2029,H,111,0.548113,projetee
2029,H,112,0.566127,projetee
2029,H,113,0.586445,projetee
2029,H,114,0.600654,projetee
2029,H,115,0.604441,projetee
2029,H,116,0.604441,projetee
2029,H,117,0.604441,projetee
2029,H,118,0.604441,projetee
2029,H,119,0.604441,projetee
2029,H,12,0.000089,projetee
2029,H,120,0.604441,projetee
2029,H,13,0.000106,projetee
2029,H,14,0.000138,projetee
2029,H,15,0.000191,projetee
2029,H,16,0.000257,projetee
2029,H,17,0.000325,projetee
2029,H,18,0.000394,projetee
2029,H,19,0.000454,projetee
2029,H,2,0.000202,projetee
2029,H,20,0.000506,projetee
2029,H,21,0.000543,projetee
2029,H,22,0.000558,projetee
2029,H,23,0.000566,projetee
2029,H,24,0.000577,projetee
2029,H,25,0.000596,projetee
2029,H,26,0.000618,projetee
2029,H,27,0.000645,projetee
2029,H,28,0.000677,projetee
2029,H,29,0.000703,projetee
2029,H,3,0.000151,projetee
2029,H,30,0.000725,projetee
2029,H,31,0.000756,projetee
2029,H,32,0.000799,projetee
2029,H,33,0.000835,projetee
2029,H,34,0.000894,projetee
2029,H,35,0.000969,projetee
2029,H,36,0.001029,projetee
2029,H,37,0.001095,projetee
2029,H,38,0.001180,projetee
2029,H,39,0.001273,projetee
2029,H,4,0.000120,projetee
2029,H,40,0.001368,projetee
2029,H,41,0.001477,projetee
2029,H,42,0.001604,projetee
2029,H,43,0.001750,projetee
2029,H,44,0.001882,projetee
2029,H,45,0.002005,projetee
2029,H,46,0.002158,projetee
2029,H,47,0.002347,projetee
2029,H,48,0.002538,projetee
2029,H,49,0.002768,projetee
2029,H,5,0.000097,projetee
2029,H,50,0.003038,projetee
2029,H,51,0.003348,projetee
2029,H,52,0.003729,projetee
2029,H,53,0.004180,projetee
2029,H,54,0.004553,projetee
2029,H,55,0.004802,projetee
2029,H,56,0.005246,projetee
2029,H,57,0.005817,projetee
2029,H,58,0.006379,projetee
2029,H,59,0.006849,projetee
2029,H,6,0.000083,projetee
2029,H,60,0.007328,projetee
2029,H,61,0.008023,projetee
2029,H,62,0.008756,projetee
2029,H,63,0.009605,projetee
2029,H,64,0.010478,projetee
2029,H,65,0.011490,projetee
2029,H,66,0.012448,projetee
2029,H,67,0.013344,projetee
2029,H,68,0.014454,projetee
2029,H,69,0.015555,projetee
2029,H,7,0.000075,projetee
2029,H,70,0.016945,projetee
2029,H,71,0.018713,projetee
2029,H,72,0.020292,projetee
2029,H,73,0.021768,projetee
2029,H,74,0.023782,projetee
2029,H,75,0.025774,projetee
2029,H,76,0.027601,projetee
2029,H,77,0.030086,projetee
2029,H,78,0.033093,projetee
2029,H,79,0.036514,projetee
2029,H,8,0.000072,projetee
2029,H,80,0.040978,projetee
2029,H,81,0.045304,projetee
2029,H,82,0.049882,projetee
2029,H,83,0.056354,projetee
2029,H,84,0.062871,projetee
2029,H,85,0.070772,projetee
2029,H,86,0.081132,projetee
2029,H,87,0.090474,projetee
2029,H,88,0.100377,projetee
2029,H,89,0.114696,projetee
2029,H,9,0.000073,projetee
2029,H,90,0.130981,projetee
2029,H,91,0.149028,projetee
2029,H,92,0.167803,projetee
2029,H,93,0.183162,projetee
2029,H,94,0.204235,projetee
2029,H,95,0.232198,projetee
2029,H,96,0.258022,projetee
2029,H,97,0.286418,projetee
2029,H,98,0.315104,projetee
2029,H,99,0.344029,projetee
2030,F,0,0.001799,projetee
2030,F,1,0.000324,projetee
2030,F,10,0.000059,projetee
2030,F,100,0.305040,projetee
2030,F,101,0.325232,projetee
2030,F,102,0.345004,projetee
2030,F,103,0.364876,projetee
2030,F,104,0.384944,projetee
2030,F,105,0.405281,projetee
2030,F,106,0.425924,projetee
2030,F,107,0.446803,projetee
2030,F,108,0.467842,projetee
2030,F,109,0.488965,projetee
2030,F,11,0.000061,projetee
2030,F,110,0.510094,projetee
2030,F,111,0.531151,projetee
2030,F,112,0.552058,projetee
2030,F,113,0.572739,projetee
2030,F,114,0.582890,projetee
2030,F,115,0.582890,projetee
2030,F,116,0.582890,projetee
2030,F,117,0.582890,projetee
2030,F,118,0.582890,projetee
2030,F,119,0.582890,projetee
2030,F,12,0.000066,projetee
2030,F,120,0.582890,projetee
2030,F,13,0.000077,projetee
2030,F,14,0.000096,projetee
2030,F,15,0.000116,projetee
2030,F,16,0.000131,projetee
2030,F,17,0.000144,projetee
2030,F,18,0.000159,projetee
2030,F,19,0.000173,projetee
2030,F,2,0.000152,projetee
2030,F,20,0.000186,projetee
2030,F,21,0.000198,projetee
2030,F,22,0.000209,projetee
2030,F,23,0.000214,projetee
2030,F,24,0.000218,projetee
2030,F,25,0.000225,projetee
2030,F,26,0.000231,projetee
2030,F,27,0.000234,projetee
2030,F,28,0.000240,projetee
2030,F,29,0.000255,projetee
2030,F,3,0.000110,projetee
2030,F,30,0.000276,projetee
2030,F,31,0.000296,projetee
2030,F,32,0.000326,projetee
2030,F,33,0.000358,projetee
2030,F,34,0.000385,projetee
2030,F,35,0.000410,projetee
2030,F,36,0.000437,projetee
2030,F,37,0.000475,projetee
2030,F,38,0.000515,projetee
2030,F,39,0.000563,projetee
2030,F,4,0.000086,projetee
2030,F,40,0.000623,projetee
2030,F,41,0.000686,projetee
2030,F,42,0.000752,projetee
2030,F,43,0.000826,projetee
2030,F,44,0.000893,projetee
2030,F,45,0.000968,projetee
2030,F,46,0.001059,projetee
2030,F,47,0.001171,projetee
2030,F,48,0.001297,projetee
2030,F,49,0.001437,projetee
2030,F,5,0.000075,projetee
2030,F,50,0.001603,projetee
2030,F,51,0.001783,projetee
2030,F,52,0.001934,projetee
2030,F,53,0.002052,projetee
2030,F,54,0.002208,projetee
2030,F,55,0.002474,projetee
2030,F,56,0.002741,projetee
2030,F,57,0.002976,projetee
2030,F,58,0.003252,projetee
2030,F,59,0.003546,projetee
2030,F,6,0.000067,projetee
2030,F,60,0.003853,projetee
2030,F,61,0.004167,projetee
2030,F,62,0.004583,projetee
2030,F,63,0.005096,projetee
2030,F,64,0.005591,projetee
2030,F,65,0.006110,projetee
2030,F,66,0.006559,projetee
2030,F,67,0.006895,projetee
2030,F,68,0.007399,projetee
2030,F,69,0.008074,projetee
2030,F,7,0.000060,projetee
2030,F,70,0.008850,projetee
2030,F,71,0.009742,projetee
2030,F,72,0.010713,projetee
2030,F,73,0.011748,projetee
2030,F,74,0.012784,projetee
2030,F,75,0.013962,projetee
2030,F,76,0.015562,projetee
2030,F,77,0.017283,projetee
2030,F,78,0.019634,projetee
2030,F,79,0.022174,projetee
2030,F,8,0.000057,projetee
2030,F,80,0.024977,projetee
2030,F,81,0.028727,projetee
2030,F,82,0.032685,projetee
2030,F,83,0.037437,projetee
2030,F,84,0.043488,projetee
2030,F,85,0.049613,projetee
2030,F,86,0.055823,projetee
2030,F,87,0.063539,projetee
2030,F,88,0.071769,projetee
2030,F,89,0.081671,projetee
2030,F,9,0.000057,projetee
2030,F,90,0.094669,projetee
2030,F,91,0.109487,projetee
2030,F,92,0.125375,projetee
2030,F,93,0.142833,projetee
2030,F,94,0.164951,projetee
2030,F,95,0.188578,projetee
2030,F,96,0.209167,projetee
2030,F,97,0.235094,projetee
2030,F,98,0.260220,projetee
2030,F,99,0.282074,projetee
2030,H,0,0.002286,projetee
2030,H,1,0.000439,projetee
2030,H,10,0.000074,projetee
2030,H,100,0.366306,projetee
2030,H,101,0.382017,projetee
2030,H,102,0.397897,projetee
2030,H,103,0.413978,projetee
2030,H,104,0.430255,projetee
2030,H,105,0.446709,projetee
2030,H,106,0.463154,projetee
2030,H,107,0.479614,projetee
2030,H,108,0.496168,projetee
2030,H,109,0.512704,projetee
2030,H,11,0.000079,projetee
2030,H,110,0.529185,projetee
2030,H,111,0.545573,projetee
2030,H,112,0.563740,projetee
2030,H,113,0.584200,projetee
2030,H,114,0.598110,projetee
2030,H,115,0.601640,projetee
2030,H,116,0.601640,projetee
2030,H,117,0.601640,projetee
2030,H,118,0.601640,projetee
2030,H,119,0.601640,projetee
2030,H,12,0.000088,projetee
2030,H,120,0.601640,projetee
2030,H,13,0.000104,projetee
2030,H,14,0.000136,projetee
2030,H,15,0.000188,projetee
2030,H,16,0.000253,projetee
2030,H,17,0.000320,projetee
2030,H,18,0.000388,projetee
2030,H,19,0.000447,projetee
2030,H,2,0.000200,projetee
2030,H,20,0.000498,projetee
2030,H,21,0.000534,projetee
2030,H,22,0.000549,projetee
2030,H,23,0.000556,projetee
2030,H,24,0.000568,projetee
2030,H,25,0.000586,projetee
2030,H,26,0.000608,projetee
2030,H,27,0.000635,projetee
2030,H,28,0.000666,projetee
2030,H,29,0.000692,projetee
2030,H,3,0.000149,projetee
2030,H,30,0.000713,projetee
2030,H,31,0.000744,projetee
2030,H,32,0.000786,projetee
2030,H,33,0.000821,projetee
2030,H,34,0.000880,projetee
2030,H,35,0.000954,projetee
2030,H,36,0.001012,projetee
2030,H,37,0.001077,projetee
2030,H,38,0.001161,projetee
2030,H,39,0.001252,projetee
2030,H,4,0.000118,projetee
2030,H,40,0.001346,projetee
2030,H,41,0.001453,projetee
2030,H,42,0.001578,projetee
2030,H,43,0.001722,projetee
2030,H,44,0.001851,projetee
2030,H,45,0.001972,projetee
2030,H,46,0.002123,projetee
2030,H,47,0.002308,projetee
2030,H,48,0.002497,projetee
2030,H,49,0.002723,projetee
2030,H,5,0.000095,projetee
2030,H,50,0.002989,projetee
2030,H,51,0.003294,projetee
2030,H,52,0.003668,projetee
2030,H,53,0.004111,projetee
2030,H,54,0.004479,projetee
2030,H,55,0.004724,projetee
2030,H,56,0.005161,projetee
2030,H,57,0.005722,projetee
2030,H,58,0.006275,projetee
2030,H,59,0.006737,projetee
2030,H,6,0.000082,projetee
2030,H,60,0.007208,projetee
2030,H,61,0.007893,projetee
2030,H,62,0.008613,projetee
2030,H,63,0.009448,projetee
2030,H,64,0.010307,projetee
2030,H,65,0.011303,projetee
2030,H,66,0.012245,projetee
2030,H,67,0.013127,projetee
2030,H,68,0.014218,projetee
2030,H,69,0.015301,projetee
2030,H,7,0.000074,projetee
2030,H,70,0.016669,projetee
2030,H,71,0.018408,projetee
2030,H,72,0.019961,projetee
2030,H,73,0.021413,projetee
2030,H,74,0.023487,projetee
2030,H,75,0.025547,projetee
2030,H,76,0.027357,projetee
2030,H,77,0.029821,projetee
2030,H,78,0.032801,projetee
2030,H,79,0.036193,projetee
2030,H,8,0.000071,projetee
2030,H,80,0.040616,projetee
2030,H,81,0.044905,projetee
2030,H,82,0.049442,projetee
2030,H,83,0.055857,projetee
2030,H,84,0.062317,projetee
2030,H,85,0.070148,projetee
2030,H,86,0.080417,projetee
2030,H,87,0.089677,projetee
2030,H,88,0.099271,projetee
2030,H,89,0.113279,projetee
2030,H,9,0.000072,projetee
2030,H,90,0.129510,projetee
2030,H,91,0.147528,projetee
2030,H,92,0.166320,projetee
2030,H,93,0.181773,projetee
2030,H,94,0.202926,projetee
2030,H,95,0.230985,projetee
2030,H,96,0.256826,projetee
2030,H,97,0.285215,projetee
2030,H,98,0.313763,projetee
2030,H,99,0.342433,projetee
2031,F,0,0.001788,projetee
2031,F,1,0.000322,projetee
2031,F,10,0.000058,projetee
2031,F,100,0.303873,projetee
2031,F,101,0.323987,projetee
2031,F,102,0.343683,projetee
2031,F,103,0.363479,projetee
2031,F,104,0.383471,projetee
2031,F,105,0.403730,projetee
2031,F,106,0.424294,projetee
2031,F,107,0.445092,projetee
2031,F,108,0.466051,projetee
2031,F,109,0.487094,projetee
2031,F,11,0.000060,projetee
2031,F,110,0.508142,projetee
2031,F,111,0.529118,projetee
2031,F,112,0.549944,projetee
2031,F,113,0.570547,projetee
2031,F,114,0.580660,projetee
2031,F,115,0.580660,projetee
2031,F,116,0.580660,projetee
2031,F,117,0.580660,projetee
2031,F,118,0.580660,projetee
2031,F,119,0.580660,projetee
2031,F,12,0.000065,projetee
2031,F,120,0.580660,projetee
2031,F,13,0.000076,projetee
2031,F,14,0.000095,projetee
2031,F,15,0.000115,projetee
2031,F,16,0.000130,projetee
2031,F,17,0.000143,projetee
2031,F,18,0.000157,projetee
2031,F,19,0.000171,projetee
2031,F,2,0.000150,projetee
2031,F,20,0.000184,projetee
2031,F,21,0.000196,projetee
2031,F,22,0.000206,projetee
2031,F,23,0.000212,projetee
2031,F,24,0.000215,projetee
2031,F,25,0.000223,projetee
2031,F,26,0.000228,projetee
2031,F,27,0.000231,projetee
2031,F,28,0.000237,projetee
2031,F,29,0.000252,projetee
2031,F,3,0.000109,projetee
2031,F,30,0.000273,projetee
2031,F,31,0.000292,projetee
2031,F,32,0.000322,projetee
2031,F,33,0.000354,projetee
2031,F,34,0.000380,projetee
2031,F,35,0.000405,projetee
2031,F,36,0.000432,projetee
2031,F,37,0.000469,projetee
2031,F,38,0.000509,projetee
2031,F,39,0.000556,projetee
2031,F,4,0.000085,projetee
2031,F,40,0.000615,projetee
2031,F,41,0.000677,projetee
2031,F,42,0.000743,projetee
2031,F,43,0.000816,projetee
2031,F,44,0.000882,projetee
2031,F,45,0.000956,projetee
2031,F,46,0.001046,projetee
2031,F,47,0.001157,projetee
2031,F,48,0.001282,projetee
2031,F,49,0.001420,projetee
2031,F,5,0.000074,projetee
2031,F,50,0.001583,projetee
2031,F,51,0.001761,projetee
2031,F,52,0.001911,projetee
2031,F,53,0.002028,projetee
2031,F,54,0.002181,projetee
2031,F,55,0.002444,projetee
2031,F,56,0.002708,projetee
2031,F,57,0.002940,projetee
2031,F,58,0.003212,projetee
2031,F,59,0.003503,projetee
2031,F,6,0.000066,projetee
2031,F,60,0.003807,projetee
2031,F,61,0.004117,projetee
2031,F,62,0.004527,projetee
2031,F,63,0.005034,projetee
2031,F,64,0.005523,projetee
2031,F,65,0.006036,projetee
2031,F,66,0.006480,projetee
2031,F,67,0.006812,projetee
2031,F,68,0.007310,projetee
2031,F,69,0.007977,projetee
2031,F,7,0.000060,projetee
2031,F,70,0.008743,projetee
2031,F,71,0.009625,projetee
2031,F,72,0.010583,projetee
2031,F,73,0.011606,projetee
2031,F,74,0.012630,projetee
2031,F,75,0.013878,projetee
2031,F,76,0.015553,projetee
2031,F,77,0.017273,projetee
2031,F,78,0.019623,projetee
2031,F,79,0.022161,projetee
2031,F,8,0.000057,projetee
2031,F,80,0.024963,projetee
2031,F,81,0.028710,projetee
2031,F,82,0.032667,projetee
2031,F,83,0.037415,projetee
2031,F,84,0.043463,projetee
2031,F,85,0.049585,projetee
2031,F,86,0.055791,projetee
2031,F,87,0.063503,projetee
2031,F,88,0.071728,projetee
2031,F,89,0.081147,projetee
2031,F,9,0.000057,projetee
2031,F,90,0.093638,projetee
2031,F,91,0.108411,projetee
2031,F,92,0.124274,projetee
2031,F,93,0.141718,projetee
2031,F,94,0.163835,projetee
2031,F,95,0.187482,projetee
2031,F,96,0.208134,projetee
2031,F,97,0.234119,projetee
2031,F,98,0.259224,projetee
2031,F,99,0.280994,projetee
2031,H,0,0.002267,projetee
2031,H,1,0.000435,projetee
2031,H,10,0.000073,projetee
2031,H,100,0.364609,projetee
2031,H,101,0.380247,projetee
2031,H,102,0.396053,projetee
2031,H,103,0.412060,projetee
2031,H,104,0.428441,projetee
2031,H,105,0.445000,projetee
2031,H,106,0.461301,projetee
2031,H,107,0.477501,projetee
2031,H,108,0.493868,projetee
2031,H,109,0.510328,projetee
2031,H,11,0.000078,projetee
2031,H,110,0.526732,projetee
2031,H,111,0.543045,projetee
2031,H,112,0.561364,projetee
2031,H,113,0.581964,projetee
2031,H,114,0.595576,projetee
2031,H,115,0.598853,projetee
2031,H,116,0.598853,projetee
2031,H,117,0.598853,projetee
2031,H,118,0.598853,projetee
2031,H,119,0.598853,projetee
2031,H,12,0.000086,projetee
2031,H,120,0.598853,projetee
2031,H,13,0.000103,projetee
2031,H,14,0.000134,projetee
2031,H,15,0.000185,projetee
2031,H,16,0.000249,projetee
2031,H,17,0.000315,projetee
2031,H,18,0.000381,projetee
2031,H,19,0.000440,projetee
2031,H,2,0.000198,projetee
2031,H,20,0.000490,projetee
2031,H,21,0.000525,projetee
2031,H,22,0.000540,projetee
2031,H,23,0.000547,projetee
2031,H,24,0.000558,projetee
2031,H,25,0.000576,projetee
2031,H,26,0.000598,projetee
2031,H,27,0.000624,projetee
2031,H,28,0.000655,projetee
2031,H,29,0.000680,projetee
2031,H,3,0.000147,projetee
2031,H,30,0.000701,projetee
2031,H,31,0.000732,projetee
2031,H,32,0.000773,projetee
2031,H,33,0.000808,projetee
2031,H,34,0.000865,projetee
2031,H,35,0.000938,projetee
2031,H,36,0.000996,projetee
2031,H,37,0.001060,projetee
2031,H,38,0.001142,projetee
2031,H,39,0.001232,projetee
2031,H,4,0.000117,projetee
2031,H,40,0.001324,projetee
2031,H,41,0.001429,projetee
2031,H,42,0.001552,projetee
2031,H,43,0.001694,projetee
2031,H,44,0.001821,projetee
2031,H,45,0.001940,projetee
2031,H,46,0.002088,projetee
2031,H,47,0.002271,projetee
2031,H,48,0.002456,projetee
2031,H,49,0.002679,projetee
2031,H,5,0.000094,projetee
2031,H,50,0.002940,projetee
2031,H,51,0.003240,projetee
2031,H,52,0.003608,projetee
2031,H,53,0.004044,projetee
2031,H,54,0.004406,projetee
2031,H,55,0.004647,projetee
2031,H,56,0.005077,projetee
2031,H,57,0.005628,projetee
2031,H,58,0.006173,projetee
2031,H,59,0.006627,projetee
2031,H,6,0.000081,projetee
2031,H,60,0.007090,projetee
2031,H,61,0.007764,projetee
2031,H,62,0.008473,projetee
2031,H,63,0.009294,projetee
2031,H,64,0.010139,projetee
2031,H,65,0.011118,projetee
2031,H,66,0.012045,projetee
2031,H,67,0.012912,projetee
2031,H,68,0.013986,projetee
2031,H,69,0.015051,projetee
2031,H,7,0.000073,projetee
2031,H,70,0.016397,projetee
2031,H,71,0.018107,projetee
2031,H,72,0.019635,projetee
2031,H,73,0.021064,projetee
2031,H,74,0.023104,projetee
2031,H,75,0.025229,projetee
2031,H,76,0.027116,projetee
2031,H,77,0.029559,projetee
2031,H,78,0.032512,projetee
2031,H,79,0.035874,projetee
2031,H,8,0.000070,projetee
2031,H,80,0.040259,projetee
2031,H,81,0.044509,projetee
2031,H,82,0.049007,projetee
2031,H,83,0.055365,projetee
2031,H,84,0.061768,projetee
2031,H,85,0.069530,projetee
2031,H,86,0.079708,projetee
2031,H,87,0.088886,projetee
2031,H,88,0.098396,projetee
2031,H,89,0.112095,projetee
2031,H,9,0.000071,projetee
2031,H,90,0.128057,projetee
2031,H,91,0.146043,projetee
2031,H,92,0.164851,projetee
2031,H,93,0.180396,projetee
2031,H,94,0.201626,projetee
2031,H,95,0.229779,projetee
2031,H,96,0.255635,projetee
2031,H,97,0.284017,projetee
2031,H,98,0.312428,projetee
2031,H,99,0.340845,projetee
2032,F,0,0.001777,projetee
2032,F,1,0.000319,projetee
2032,F,10,0.000057,projetee
2032,F,100,0.302710,projetee
2032,F,101,0.322747,projetee
2032,F,102,0.342368,projetee
2032,F,103,0.362088,projetee
2032,F,104,0.382003,projetee
2032,F,105,0.402184,projetee
2032,F,106,0.422670,projetee
2032,F,107,0.443389,projetee
2032,F,108,0.464267,projetee
2032,F,109,0.485229,projetee
2032,F,11,0.000059,projetee
2032,F,110,0.506197,projetee
2032,F,111,0.527092,projetee
2032,F,112,0.547839,projetee
2032,F,113,0.568363,projetee
2032,F,114,0.578438,projetee
2032,F,115,0.578438,projetee
2032,F,116,0.578438,projetee
2032,F,117,0.578438,projetee
2032,F,118,0.578438,projetee
2032,F,119,0.578438,projetee
2032,F,12,0.000064,projetee
2032,F,120,0.578438,projetee
2032,F,13,0.000075,projetee
2032,F,14,0.000094,projetee
2032,F,15,0.000113,projetee
2032,F,16,0.000128,projetee
2032,F,17,0.000141,projetee
2032,F,18,0.000155,projetee
2032,F,19,0.000169,projetee
2032,F,2,0.000149,projetee
2032,F,20,0.000182,projetee
2032,F,21,0.000194,projetee
2032,F,22,0.000204,projetee
2032,F,23,0.000209,projetee
2032,F,24,0.000213,projetee
2032,F,25,0.000220,projetee
2032,F,26,0.000226,projetee
2032,F,27,0.000229,projetee
2032,F,28,0.000234,projetee
2032,F,29,0.000249,projetee
2032,F,3,0.000108,projetee
2032,F,30,0.000270,projetee
2032,F,31,0.000289,projetee
2032,F,32,0.000318,projetee
2032,F,33,0.000350,projetee
2032,F,34,0.000376,projetee
2032,F,35,0.000400,projetee
2032,F,36,0.000426,projetee
2032,F,37,0.000464,projetee
2032,F,38,0.000503,projetee
2032,F,39,0.000549,projetee
2032,F,4,0.000084,projetee
2032,F,40,0.000608,projetee
2032,F,41,0.000669,projetee
2032,F,42,0.000734,projetee
2032,F,43,0.000806,projetee
2032,F,44,0.000872,projetee
2032,F,45,0.000945,projetee
2032,F,46,0.001033,projetee
2032,F,47,0.001143,projetee
2032,F,48,0.001266,projetee
2032,F,49,0.001403,projetee
2032,F,5,0.000073,projetee
2032,F,50,0.001564,projetee
2032,F,51,0.001740,projetee
2032,F,52,0.001888,projetee
2032,F,53,0.002003,projetee
2032,F,54,0.002155,projetee
2032,F,55,0.002414,projetee
2032,F,56,0.002675,projetee
2032,F,57,0.002905,projetee
2032,F,58,0.003174,projetee
2032,F,59,0.003460,projetee
2032,F,6,0.000065,projetee
2032,F,60,0.003761,projetee
2032,F,61,0.004067,projetee
2032,F,62,0.004473,projetee
2032,F,63,0.004974,projetee
2032,F,64,0.005456,projetee
2032,F,65,0.005963,projetee
2032,F,66,0.006401,projetee
2032,F,67,0.006730,projetee
2032,F,68,0.007221,projetee
2032,F,69,0.007880,projetee
2032,F,7,0.000059,projetee
2032,F,70,0.008638,projetee
2032,F,71,0.009508,projetee
2032,F,72,0.010455,projetee
2032,F,73,0.011465,projetee
2032,F,74,0.012477,projetee
2032,F,75,0.013710,projetee
2032,F,76,0.015460,projetee
2032,F,77,0.017263,projetee
2032,F,78,0.019611,projetee
2032,F,79,0.022148,projetee
2032,F,8,0.000056,projetee
2032,F,80,0.024948,projetee
2032,F,81,0.028694,projetee
2032,F,82,0.032648,projetee
2032,F,83,0.037393,projetee
2032,F,84,0.043438,projetee
2032,F,85,0.049556,projetee
2032,F,86,0.055758,projetee
2032,F,87,0.063466,projetee
2032,F,88,0.071686,projetee
2032,F,89,0.081100,projetee
2032,F,9,0.000056,projetee
2032,F,90,0.093082,projetee
2032,F,91,0.107345,projetee
2032,F,92,0.123183,projetee
2032,F,93,0.140612,projetee
2032,F,94,0.162727,projetee
2032,F,95,0.186393,projetee
2032,F,96,0.207107,projetee
2032,F,97,0.233148,projetee
2032,F,98,0.258232,projetee
2032,F,99,0.279919,projetee
2032,H,0,0.002248,projetee
2032,H,1,0.000431,projetee
2032,H,10,0.000072,projetee
2032,H,100,0.362919,projetee
2032,H,101,0.378485,projetee
2032,H,102,0.394218,projetee
2032,H,103,0.410304,projetee
2032,H,104,0.426783,projetee
2032,H,105,0.443297,projetee
2032,H,106,0.459536,projetee
2032,H,107,0.475474,projetee
2032,H,108,0.491580,projetee
2032,H,109,0.507963,projetee
2032,H,11,0.000077,projetee
2032,H,110,0.524291,projetee
2032,H,111,0.540528,projetee
2032,H,112,0.558998,projetee
2032,H,113,0.579736,projetee
2032,H,114,0.593054,projetee
2032,H,115,0.596078,projetee
2032,H,116,0.596078,projetee
2032,H,117,0.596078,projetee
2032,H,118,0.596078,projetee
2032,H,119,0.596078,projetee
2032,H,12,0.000085,projetee
2032,H,120,0.596078,projetee
2032,H,13,0.000101,projetee
2032,H,14,0.000132,projetee
2032,H,15,0.000182,projetee
2032,H,16,0.000245,projetee
2032,H,17,0.000309,projetee
2032,H,18,0.000375,projetee
2032,H,19,0.000432,projetee
2032,H,2,0.000196,projetee
2032,H,20,0.000482,projetee
2032,H,21,0.000517,projetee
2032,H,22,0.000531,projetee
2032,H,23,0.000538,projetee
2032,H,24,0.000549,projetee
2032,H,25,0.000567,projetee
2032,H,26,0.000588,projetee
2032,H,27,0.000614,projetee
2032,H,28,0.000644,projetee
2032,H,29,0.000669,projetee
2032,H,3,0.000145,projetee
2032,H,30,0.000690,projetee
2032,H,31,0.000720,projetee
2032,H,32,0.000761,projetee
2032,H,33,0.000795,projetee
2032,H,34,0.000851,projetee
2032,H,35,0.000923,projetee
2032,H,36,0.000980,projetee
2032,H,37,0.001043,projetee
2032,H,38,0.001123,projetee
2032,H,39,0.001212,projetee
2032,H,4,0.000115,projetee
2032,H,40,0.001303,projetee
2032,H,41,0.001406,projetee
2032,H,42,0.001527,projetee
2032,H,43,0.001666,projetee
2032,H,44,0.001791,projetee
2032,H,45,0.001908,projetee
2032,H,46,0.002054,projetee
2032,H,47,0.002234,projetee
2032,H,48,0.002416,projetee
2032,H,49,0.002635,projetee
2032,H,5,0.000093,projetee
2032,H,50,0.002892,projetee
2032,H,51,0.003187,projetee
2032,H,52,0.003549,projetee
2032,H,53,0.003978,projetee
2032,H,54,0.004334,projetee
2032,H,55,0.004571,projetee
2032,H,56,0.004994,projetee
2032,H,57,0.005537,projetee
2032,H,58,0.006072,projetee
2032,H,59,0.006519,projetee
2032,H,6,0.000080,projetee
2032,H,60,0.006975,projetee
2032,H,61,0.007637,projetee
2032,H,62,0.008334,projetee
2032,H,63,0.009142,projetee
2032,H,64,0.009974,projetee
2032,H,65,0.010937,projetee
2032,H,66,0.011849,projetee
2032,H,67,0.012702,projetee
2032,H,68,0.013758,projetee
2032,H,69,0.014806,projetee
2032,H,7,0.000072,projetee
2032,H,70,0.016129,projetee
2032,H,71,0.017812,projetee
2032,H,72,0.019315,projetee
2032,H,73,0.020720,projetee
2032,H,74,0.022727,projetee
2032,H,75,0.024818,projetee
2032,H,76,0.026780,projetee
2032,H,77,0.029298,projetee
2032,H,78,0.032226,projetee
2032,H,79,0.035557,projetee
2032,H,8,0.000069,projetee
2032,H,80,0.039904,projetee
2032,H,81,0.044117,projetee
2032,H,82,0.048575,projetee
2032,H,83,0.054877,projetee
2032,H,84,0.061224,projetee
2032,H,85,0.068917,projetee
2032,H,86,0.079005,projetee
2032,H,87,0.088103,projetee
2032,H,88,0.097529,projetee
2032,H,89,0.111107,projetee
2032,H,9,0.000069,projetee
2032,H,90,0.126800,projetee
2032,H,91,0.144573,projetee
2032,H,92,0.163394,projetee
2032,H,93,0.179028,projetee
2032,H,94,0.200335,projetee
2032,H,95,0.228579,projetee
2032,H,96,0.254450,projetee
2032,H,97,0.282823,projetee
2032,H,98,0.311099,projetee
2032,H,99,0.339265,projetee
2033,F,0,0.001766,projetee
2033,F,1,0.000317,projetee
2033,F,10,0.000056,projetee
2033,F,100,0.301551,projetee
2033,F,101,0.321512,projetee
2033,F,102,0.341057,projetee
2033,F,103,0.360702,projetee
2033,F,104,0.380541,projetee
2033,F,105,0.400645,projetee
2033,F,106,0.421052,projetee
2033,F,107,0.441692,projetee
2033,F,108,0.462490,projetee
2033,F,109,0.483372,projetee
2033,F,11,0.000059,projetee
2033,F,110,0.504259,projetee
2033,F,111,0.525075,projetee
2033,F,112,0.545742,projetee
2033,F,113,0.566187,projetee
2033,F,114,0.576225,projetee
2033,F,115,0.576225,projetee
2033,F,116,0.576225,projetee
2033,F,117,0.576225,projetee
2033,F,118,0.576225,projetee
2033,F,119,0.576225,projetee
2033,F,12,0.000063,projetee
2033,F,120,0.576225,projetee
2033,F,13,0.000074,projetee
2033,F,14,0.000093,projetee
2033,F,15,0.000112,projetee
2033,F,16,0.000127,projetee
2033,F,17,0.000139,projetee
2033,F,18,0.000153,projetee
2033,F,19,0.000167,projetee
2033,F,2,0.000148,projetee
2033,F,20,0.000180,projetee
2033,F,21,0.000191,projetee
2033,F,22,0.000201,projetee
2033,F,23,0.000207,projetee
2033,F,24,0.000210,projetee
2033,F,25,0.000217,projetee
2033,F,26,0.000223,projetee
2033,F,27,0.000226,projetee
2033,F,28,0.000232,projetee
2033,F,29,0.000246,projetee
2033,F,3,0.000107,projetee
2033,F,30,0.000266,projetee
2033,F,31,0.000285,projetee
2033,F,32,0.000314,projetee
2033,F,33,0.000345,projetee
2033,F,34,0.000371,projetee
2033,F,35,0.000395,projetee
2033,F,36,0.000421,projetee
2033,F,37,0.000458,projetee
2033,F,38,0.000497,projetee
2033,F,39,0.000543,projetee
2033,F,4,0.000083,projetee
2033,F,40,0.000600,projetee
2033,F,41,0.000661,projetee
2033,F,42,0.000725,projetee
2033,F,43,0.000797,projetee
2033,F,44,0.000861,projetee
2033,F,45,0.000933,projetee
2033,F,46,0.001021,projetee
2033,F,47,0.001129,projetee
2033,F,48,0.001251,projetee
2033,F,49,0.001386,projetee
2033,F,5,0.000073,projetee
2033,F,50,0.001545,projetee
2033,F,51,0.001719,projetee
2033,F,52,0.001865,projetee
2033,F,53,0.001979,projetee
2033,F,54,0.002129,projetee
2033,F,55,0.002385,projetee
2033,F,56,0.002643,projetee
2033,F,57,0.002869,projetee
2033,F,58,0.003135,projetee
2033,F,59,0.003419,projetee
2033,F,6,0.000064,projetee
2033,F,60,0.003715,projetee
2033,F,61,0.004018,projetee
2033,F,62,0.004418,projetee
2033,F,63,0.004913,projetee
2033,F,64,0.005390,projetee
2033,F,65,0.005891,projetee
2033,F,66,0.006324,projetee
2033,F,67,0.006648,projetee
2033,F,68,0.007134,projetee
2033,F,69,0.007785,projetee
2033,F,7,0.000058,projetee
2033,F,70,0.008533,projetee
2033,F,71,0.009393,projetee
2033,F,72,0.010329,projetee
2033,F,73,0.011327,projetee
2033,F,74,0.012326,projetee
2033,F,75,0.013544,projetee
2033,F,76,0.015273,projetee
2033,F,77,0.017159,projetee
2033,F,78,0.019600,projetee
2033,F,79,0.022135,projetee
2033,F,8,0.000055,projetee
2033,F,80,0.024934,projetee
2033,F,81,0.028677,projetee
2033,F,82,0.032629,projetee
2033,F,83,0.037372,projetee
2033,F,84,0.043413,projetee
2033,F,85,0.049527,projetee
2033,F,86,0.055726,projetee
2033,F,87,0.063429,projetee
2033,F,88,0.071645,projetee
2033,F,89,0.081053,projetee
2033,F,9,0.000055,projetee
2033,F,90,0.093028,projetee
2033,F,91,0.106778,projetee
2033,F,92,0.122101,projetee
2033,F,93,0.139514,projetee
2033,F,94,0.161626,projetee
2033,F,95,0.185309,projetee
2033,F,96,0.206085,projetee
2033,F,97,0.232182,projetee
2033,F,98,0.257244,projetee
2033,F,99,0.278847,projetee
2033,H,0,0.002229,projetee
2033,H,1,0.000427,projetee
2033,H,10,0.000070,projetee
2033,H,100,0.361238,projetee
2033,H,101,0.376731,projetee
2033,H,102,0.392391,projetee
2033,H,103,0.408573,projetee
2033,H,104,0.425150,projetee
2033,H,105,0.441600,projetee
2033,H,106,0.457777,projetee
2033,H,107,0.473591,projetee
2033,H,108,0.489432,projetee
2033,H,109,0.505609,projetee
2033,H,11,0.000075,projetee
2033,H,110,0.521861,projetee
2033,H,111,0.538044,projetee
2033,H,112,0.556662,projetee
2033,H,113,0.577517,projetee
2033,H,114,0.590543,projetee
2033,H,115,0.593317,projetee
2033,H,116,0.593317,projetee
2033,H,117,0.593317,projetee
2033,H,118,0.593317,projetee
2033,H,119,0.593317,projetee
2033,H,12,0.000084,projetee
2033,H,120,0.593317,projetee
2033,H,13,0.000099,projetee
2033,H,14,0.000130,projetee
2033,H,15,0.000179,projetee
2033,H,16,0.000241,projetee
2033,H,17,0.000304,projetee
2033,H,18,0.000369,projetee
2033,H,19,0.000425,projetee
2033,H,2,0.000194,projetee
2033,H,20,0.000474,projetee
2033,H,21,0.000508,projetee
2033,H,22,0.000523,projetee
2033,H,23,0.000530,projetee
2033,H,24,0.000540,projetee
2033,H,25,0.000558,projetee
2033,H,26,0.000579,projetee
2033,H,27,0.000604,projetee
2033,H,28,0.000634,projetee
2033,H,29,0.000658,projetee
2033,H,3,0.000144,projetee
2033,H,30,0.000679,projetee
2033,H,31,0.000708,projetee
2033,H,32,0.000748,projetee
2033,H,33,0.000782,projetee
2033,H,34,0.000837,projetee
2033,H,35,0.000908,projetee
2033,H,36,0.000964,projetee
2033,H,37,0.001026,projetee
2033,H,38,0.001105,projetee
2033,H,39,0.001192,projetee
2033,H,4,0.000114,projetee
2033,H,40,0.001281,projetee
2033,H,41,0.001383,projetee
2033,H,42,0.001502,projetee
2033,H,43,0.001639,projetee
2033,H,44,0.001762,projetee
2033,H,45,0.001877,projetee
2033,H,46,0.002021,projetee
2033,H,47,0.002197,projetee
2033,H,48,0.002377,projetee
2033,H,49,0.002592,projetee
2033,H,5,0.000091,projetee
2033,H,50,0.002845,projetee
2033,H,51,0.003135,projetee
2033,H,52,0.003491,projetee
2033,H,53,0.003914,projetee
2033,H,54,0.004264,projetee
2033,H,55,0.004497,projetee
2033,H,56,0.004912,projetee
2033,H,57,0.005446,projetee
2033,H,58,0.005973,projetee
2033,H,59,0.006413,projetee
2033,H,6,0.000079,projetee
2033,H,60,0.006861,projetee
2033,H,61,0.007513,projetee
2033,H,62,0.008199,projetee
2033,H,63,0.008993,projetee
2033,H,64,0.009811,projetee
2033,H,65,0.010759,projetee
2033,H,66,0.011655,projetee
2033,H,67,0.012495,projetee
2033,H,68,0.013533,projetee
2033,H,69,0.014564,projetee
2033,H,7,0.000071,projetee
2033,H,70,0.015866,projetee
2033,H,71,0.017522,projetee
2033,H,72,0.019000,projetee
2033,H,73,0.020382,projetee
2033,H,74,0.022357,projetee
2033,H,75,0.024413,projetee
2033,H,76,0.026343,projetee
2033,H,77,0.028936,projetee
2033,H,78,0.031942,projetee
2033,H,79,0.035244,projetee
2033,H,8,0.000068,projetee
2033,H,80,0.039552,projetee
2033,H,81,0.043728,projetee
2033,H,82,0.048147,projetee
2033,H,83,0.054393,projetee
2033,H,84,0.060684,projetee
2033,H,85,0.068309,projetee
2033,H,86,0.078309,projetee
2033,H,87,0.087327,projetee
2033,H,88,0.096669,projetee
2033,H,89,0.110127,projetee
2033,H,9,0.000068,projetee
2033,H,90,0.125682,projetee
2033,H,91,0.143243,projetee
2033,H,92,0.161951,projetee
2033,H,93,0.177671,projetee
2033,H,94,0.199051,projetee
2033,H,95,0.227385,projetee
2033,H,96,0.253271,projetee
2033,H,97,0.281635,projetee
2033,H,98,0.309776,projetee
2033,H,99,0.337692,projetee
2034,F,0,0.001755,projetee
2034,F,1,0.000315,projetee
2034,F,10,0.000056,projetee
2034,F,100,0.300397,projetee
2034,F,101,0.320281,projetee
2034,F,102,0.339752,projetee
2034,F,103,0.359322,projetee
2034,F,104,0.379084,projetee
2034,F,105,0.399111,projetee
2034,F,106,0.419440,projetee
2034,F,107,0.440001,projetee
2034,F,108,0.460720,projetee
2034,F,109,0.481522,projetee
2034,F,11,0.000058,projetee
2034,F,110,0.502329,projetee
2034,F,111,0.523065,projetee
2034,F,112,0.543653,projetee
2034,F,113,0.564020,projetee
2034,F,114,0.574020,projetee
2034,F,115,0.574020,projetee
2034,F,116,0.574020,projetee
2034,F,117,0.574020,projetee
2034,F,118,0.574020,projetee
2034,F,119,0.574020,projetee
2034,F,12,0.000063,projetee
2034,F,120,0.574020,projetee
2034,F,13,0.000074,projetee
2034,F,14,0.000092,projetee
2034,F,15,0.000110,projetee
2034,F,16,0.000125,projetee
2034,F,17,0.000138,projetee
2034,F,18,0.000151,projetee
2034,F,19,0.000165,projetee
2034,F,2,0.000147,projetee
2034,F,20,0.000178,projetee
2034,F,21,0.000189,projetee
2034,F,22,0.000199,projetee
2034,F,23,0.000204,projetee
2034,F,24,0.000208,projetee
2034,F,25,0.000215,projetee
2034,F,26,0.000220,projetee
2034,F,27,0.000223,projetee
2034,F,28,0.000229,projetee
2034,F,29,0.000243,projetee
2034,F,3,0.000106,projetee
2034,F,30,0.000263,projetee
2034,F,31,0.000282,projetee
2034,F,32,0.000311,projetee
2034,F,33,0.000341,projetee
2034,F,34,0.000367,projetee
2034,F,35,0.000390,projetee
2034,F,36,0.000416,projetee
2034,F,37,0.000452,projetee
2034,F,38,0.000491,projetee
2034,F,39,0.000536,projetee
2034,F,4,0.000082,projetee
2034,F,40,0.000593,projetee
2034,F,41,0.000653,projetee
2034,F,42,0.000717,projetee
2034,F,43,0.000787,projetee
2034,F,44,0.000851,projetee
2034,F,45,0.000922,projetee
2034,F,46,0.001008,projetee
2034,F,47,0.001115,projetee
2034,F,48,0.001236,projetee
2034,F,49,0.001369,projetee
2034,F,5,0.000072,projetee
2034,F,50,0.001526,projetee
2034,F,51,0.001698,projetee
2034,F,52,0.001842,projetee
2034,F,53,0.001955,projetee
2034,F,54,0.002103,projetee
2034,F,55,0.002356,projetee
2034,F,56,0.002611,projetee
2034,F,57,0.002835,projetee
2034,F,58,0.003097,projetee
2034,F,59,0.003377,projetee
2034,F,6,0.000064,projetee
2034,F,60,0.003670,projetee
2034,F,61,0.003969,projetee
2034,F,62,0.004365,projetee
2034,F,63,0.004854,projetee
2034,F,64,0.005325,projetee
2034,F,65,0.005820,projetee
2034,F,66,0.006247,projetee
2034,F,67,0.006568,projetee
2034,F,68,0.007048,projetee
2034,F,69,0.007691,projetee
2034,F,7,0.000058,projetee
2034,F,70,0.008430,projetee
2034,F,71,0.009280,projetee
2034,F,72,0.010204,projetee
2034,F,73,0.011190,projetee
2034,F,74,0.012177,projetee
2034,F,75,0.013381,projetee
2034,F,76,0.015088,projetee
2034,F,77,0.016951,projetee
2034,F,78,0.019485,projetee
2034,F,79,0.022122,projetee
2034,F,8,0.000054,projetee
2034,F,80,0.024920,projetee
2034,F,81,0.028660,projetee
2034,F,82,0.032610,projetee
2034,F,83,0.037350,projetee
2034,F,84,0.043387,projetee
2034,F,85,0.049499,projetee
2034,F,86,0.055694,projetee
2034,F,87,0.063393,projetee
2034,F,88,0.071603,projetee
2034,F,89,0.081006,projetee
2034,F,9,0.000055,projetee
2034,F,90,0.092975,projetee
2034,F,91,0.106716,projetee
2034,F,92,0.121520,projetee
2034,F,93,0.138425,projetee
2034,F,94,0.160533,projetee
2034,F,95,0.184233,projetee
2034,F,96,0.205068,projetee
2034,F,97,0.231219,projetee
2034,F,98,0.256259,projetee
2034,F,99,0.277780,projetee
2034,H,0,0.002211,projetee
2034,H,1,0.000423,projetee
2034,H,10,0.000069,projetee
2034,H,100,0.359564,projetee
2034,H,101,0.374985,projetee
2034,H,102,0.390573,projetee
2034,H,103,0.406850,projetee
2034,H,104,0.423523,projetee
2034,H,105,0.439910,projetee
2034,H,106,0.456025,projetee
2034,H,107,0.471779,projetee
2034,H,108,0.487355,projetee
2034,H,109,0.503266,projetee
2034,H,11,0.000074,projetee
2034,H,110,0.519443,projetee
2034,H,111,0.535775,projetee
2034,H,112,0.554531,projetee
2034,H,113,0.575306,projetee
2034,H,114,0.588042,projetee
2034,H,115,0.590568,projetee
2034,H,116,0.590568,projetee
2034,H,117,0.590568,projetee
2034,H,118,0.590568,projetee
2034,H,119,0.590568,projetee
2034,H,12,0.000082,projetee
2034,H,120,0.590568,projetee
2034,H,13,0.000098,projetee
2034,H,14,0.000127,projetee
2034,H,15,0.000176,projetee
2034,H,16,0.000237,projetee
2034,H,17,0.000299,projetee
2034,H,18,0.000363,projetee
2034,H,19,0.000418,projetee
2034,H,2,0.000192,projetee
2034,H,20,0.000466,projetee
2034,H,21,0.000500,projetee
2034,H,22,0.000514,projetee
2034,H,23,0.000521,projetee
2034,H,24,0.000532,projetee
2034,H,25,0.000549,projetee
2034,H,26,0.000569,projetee
2034,H,27,0.000594,projetee
2034,H,28,0.000623,projetee
2034,H,29,0.000647,projetee
2034,H,3,0.000142,projetee
2034,H,30,0.000668,projetee
2034,H,31,0.000696,projetee
2034,H,32,0.000736,projetee
2034,H,33,0.000769,projetee
2034,H,34,0.000824,projetee
2034,H,35,0.000893,projetee
2034,H,36,0.000948,projetee
2034,H,37,0.001009,projetee
2034,H,38,0.001087,projetee
2034,H,39,0.001173,projetee
2034,H,4,0.000112,projetee
2034,H,40,0.001260,projetee
2034,H,41,0.001360,projetee
2034,H,42,0.001477,projetee
2034,H,43,0.001612,projetee
2034,H,44,0.001733,projetee
2034,H,45,0.001846,projetee
2034,H,46,0.001988,projetee
2034,H,47,0.002161,projetee
2034,H,48,0.002338,projetee
2034,H,49,0.002550,projetee
2034,H,5,0.000090,projetee
2034,H,50,0.002799,projetee
2034,H,51,0.003084,projetee
2034,H,52,0.003434,projetee
2034,H,53,0.003850,projetee
2034,H,54,0.004194,projetee
2034,H,55,0.004423,projetee
2034,H,56,0.004832,projetee
2034,H,57,0.005357,projetee
2034,H,58,0.005876,projetee
2034,H,59,0.006308,projetee
2034,H,6,0.000077,projetee
2034,H,60,0.006749,projetee
2034,H,61,0.007390,projetee
2034,H,62,0.008065,projetee
2034,H,63,0.008847,projetee
2034,H,64,0.009651,projetee
2034,H,65,0.010583,projetee
2034,H,66,0.011465,projetee
2034,H,67,0.012291,projetee
2034,H,68,0.013313,projetee
2034,H,69,0.014327,projetee
2034,H,7,0.000070,projetee
2034,H,70,0.015607,projetee
2034,H,71,0.017236,projetee
2034,H,72,0.018690,projetee
2034,H,73,0.020050,projetee
2034,H,74,0.021992,projetee
2034,H,75,0.024015,projetee
2034,H,76,0.025913,projetee
2034,H,77,0.028464,projetee
2034,H,78,0.031546,projetee
2034,H,79,0.034933,projetee
2034,H,8,0.000067,projetee
2034,H,80,0.039203,projetee
2034,H,81,0.043343,projetee
2034,H,82,0.047722,projetee
2034,H,83,0.053914,projetee
2034,H,84,0.060149,projetee
2034,H,85,0.067707,projetee
2034,H,86,0.077619,projetee
2034,H,87,0.086557,projetee
2034,H,88,0.095817,projetee
2034,H,89,0.109156,projetee
2034,H,9,0.000067,projetee
2034,H,90,0.124574,projetee
2034,H,91,0.141980,projetee
2034,H,92,0.160574,projetee
2034,H,93,0.176325,projetee
2034,H,94,0.197776,projetee
2034,H,95,0.226198,projetee
2034,H,96,0.252097,projetee
2034,H,97,0.280452,projetee
2034,H,98,0.308458,projetee
2034,H,99,0.336126,projetee
2035,F,0,0.001744,projetee
2035,F,1,0.000313,projetee
2035,F,10,0.000055,projetee
2035,F,100,0.299247,projetee
2035,F,101,0.319055,projetee
2035,F,102,0.338452,projetee
2035,F,103,0.357947,projetee
2035,F,104,0.377634,projetee
2035,F,105,0.397584,projetee
2035,F,106,0.417835,projetee
2035,F,107,0.438317,projetee
2035,F,108,0.458957,projetee
2035,F,109,0.479679,projetee
2035,F,11,0.000057,projetee
2035,F,110,0.500406,projetee
2035,F,111,0.521062,projetee
2035,F,112,0.541572,projetee
2035,F,113,0.561861,projetee
2035,F,114,0.571824,projetee
2035,F,115,0.571824,projetee
2035,F,116,0.571824,projetee
2035,F,117,0.571824,projetee
2035,F,118,0.571824,projetee
2035,F,119,0.571824,projetee
2035,F,12,0.000062,projetee
2035,F,120,0.571824,projetee
2035,F,13,0.000073,projetee
2035,F,14,0.000091,projetee
2035,F,15,0.000109,projetee
2035,F,16,0.000123,projetee
2035,F,17,0.000136,projetee
2035,F,18,0.000149,projetee
2035,F,19,0.000163,projetee
2035,F,2,0.000145,projetee
2035,F,20,0.000175,projetee
2035,F,21,0.000187,projetee
2035,F,22,0.000196,projetee
2035,F,23,0.000202,projetee
2035,F,24,0.000205,projetee
2035,F,25,0.000212,projetee
2035,F,26,0.000218,projetee
2035,F,27,0.000220,projetee
2035,F,28,0.000226,projetee
2035,F,29,0.000240,projetee
2035,F,3,0.000105,projetee
2035,F,30,0.000260,projetee
2035,F,31,0.000279,projetee
2035,F,32,0.000307,projetee
2035,F,33,0.000337,projetee
2035,F,34,0.000362,projetee
2035,F,35,0.000385,projetee
2035,F,36,0.000411,projetee
2035,F,37,0.000447,projetee
2035,F,38,0.000485,projetee
2035,F,39,0.000530,projetee
2035,F,4,0.000082,projetee
2035,F,40,0.000586,projetee
2035,F,41,0.000645,projetee
2035,F,42,0.000708,projetee
2035,F,43,0.000778,projetee
2035,F,44,0.000840,projetee
2035,F,45,0.000911,projetee
2035,F,46,0.000996,projetee
2035,F,47,0.001102,projetee
2035,F,48,0.001221,projetee
2035,F,49,0.001352,projetee
2035,F,5,0.000071,projetee
2035,F,50,0.001508,projetee
2035,F,51,0.001678,projetee
2035,F,52,0.001820,projetee
2035,F,53,0.001931,projetee
2035,F,54,0.002078,projetee
2035,F,55,0.002328,projetee
2035,F,56,0.002579,projetee
2035,F,57,0.002800,projetee
2035,F,58,0.003060,projetee
2035,F,59,0.003336,projetee
2035,F,6,0.000063,projetee
2035,F,60,0.003626,projetee
2035,F,61,0.003921,projetee
2035,F,62,0.004312,projetee
2035,F,63,0.004795,projetee
2035,F,64,0.005261,projetee
2035,F,65,0.005749,projetee
2035,F,66,0.006172,projetee
2035,F,67,0.006488,projetee
2035,F,68,0.006962,projetee
2035,F,69,0.007598,projetee
2035,F,7,0.000057,projetee
2035,F,70,0.008328,projetee
2035,F,71,0.009167,projetee
2035,F,72,0.010080,projetee
2035,F,73,0.011054,projetee
2035,F,74,0.012030,projetee
2035,F,75,0.013219,projetee
2035,F,76,0.014906,projetee
2035,F,77,0.016746,projetee
2035,F,78,0.019249,projetee
2035,F,79,0.021988,projetee
2035,F,8,0.000054,projetee
2035,F,80,0.024905,projetee
2035,F,81,0.028644,projetee
2035,F,82,0.032591,projetee
2035,F,83,0.037329,projetee
2035,F,84,0.043362,projetee
2035,F,85,0.049470,projetee
2035,F,86,0.055662,projetee
2035,F,87,0.063356,projetee
2035,F,88,0.071562,projetee
2035,F,89,0.080959,projetee
2035,F,9,0.000054,projetee
2035,F,90,0.092921,projetee
2035,F,91,0.106655,projetee
2035,F,92,0.121450,projetee
2035,F,93,0.137840,projetee
2035,F,94,0.159447,projetee
2035,F,95,0.183162,projetee
2035,F,96,0.204056,projetee
2035,F,97,0.230260,projetee
2035,F,98,0.255279,projetee
2035,F,99,0.276716,projetee
2035,H,0,0.002192,projetee
2035,H,1,0.000418,projetee
2035,H,10,0.000068,projetee
2035,H,100,0.357897,projetee
2035,H,101,0.373248,projetee
2035,H,102,0.388908,projetee
2035,H,103,0.405276,projetee
2035,H,104,0.421902,projetee
2035,H,105,0.438227,projetee
2035,H,106,0.454280,projetee
2035,H,107,0.469973,projetee
2035,H,108,0.485287,projetee
2035,H,109,0.500933,projetee
2035,H,11,0.000073,projetee
2035,H,110,0.517036,projetee
2035,H,111,0.533515,projetee
2035,H,112,0.552408,projetee
2035,H,113,0.573104,projetee
2035,H,114,0.585552,projetee
2035,H,115,0.587832,projetee
2035,H,116,0.587832,projetee
2035,H,117,0.587832,projetee
2035,H,118,0.587832,projetee
2035,H,119,0.587832,projetee
2035,H,12,0.000081,projetee
2035,H,120,0.587832,projetee
2035,H,13,0.000096,projetee
2035,H,14,0.000125,projetee
2035,H,15,0.000173,projetee
2035,H,16,0.000233,projetee
2035,H,17,0.000295,projetee
2035,H,18,0.000357,projetee
2035,H,19,0.000412,projetee
2035,H,2,0.000189,projetee
2035,H,20,0.000458,projetee
2035,H,21,0.000492,projetee
2035,H,22,0.000506,projetee
2035,H,23,0.000512,projetee
2035,H,24,0.000523,projetee
2035,H,25,0.000540,projetee
2035,H,26,0.000560,projetee
2035,H,27,0.000584,projetee
2035,H,28,0.000613,projetee
2035,H,29,0.000637,projetee
2035,H,3,0.000140,projetee
2035,H,30,0.000657,projetee
2035,H,31,0.000685,projetee
2035,H,32,0.000724,projetee
2035,H,33,0.000756,projetee
2035,H,34,0.000810,projetee
2035,H,35,0.000878,projetee
2035,H,36,0.000932,projetee
2035,H,37,0.000992,projetee
2035,H,38,0.001069,projetee
2035,H,39,0.001153,projetee
2035,H,4,0.000111,projetee
2035,H,40,0.001240,projetee
2035,H,41,0.001338,projetee
2035,H,42,0.001453,projetee
2035,H,43,0.001586,projetee
2035,H,44,0.001705,projetee
2035,H,45,0.001816,projetee
2035,H,46,0.001955,projetee
2035,H,47,0.002126,projetee
2035,H,48,0.002300,projetee
2035,H,49,0.002508,projetee
2035,H,5,0.000089,projetee
2035,H,50,0.002753,projetee
2035,H,51,0.003034,projetee
2035,H,52,0.003378,projetee
2035,H,53,0.003787,projetee
2035,H,54,0.004126,projetee
2035,H,55,0.004351,projetee
2035,H,56,0.004753,projetee
2035,H,57,0.005270,projetee
2035,H,58,0.005780,projetee
2035,H,59,0.006205,projetee
2035,H,6,0.000076,projetee
2035,H,60,0.006639,projetee
2035,H,61,0.007270,projetee
2035,H,62,0.007933,projetee
2035,H,63,0.008702,projetee
2035,H,64,0.009494,projetee
2035,H,65,0.010411,projetee
2035,H,66,0.011278,projetee
2035,H,67,0.012090,projetee
2035,H,68,0.013095,projetee
2035,H,69,0.014093,projetee
2035,H,7,0.000069,projetee
2035,H,70,0.015353,projetee
2035,H,71,0.016955,projetee
2035,H,72,0.018385,projetee
2035,H,73,0.019723,projetee
2035,H,74,0.021633,projetee
2035,H,75,0.023623,projetee
2035,H,76,0.025490,projetee
2035,H,77,0.027999,projetee
2035,H,78,0.031032,projetee
2035,H,79,0.034502,projetee
2035,H,8,0.000065,projetee
2035,H,80,0.038858,projetee
2035,H,81,0.042961,projetee
2035,H,82,0.047302,projetee
2035,H,83,0.053438,projetee
2035,H,84,0.059619,projetee
2035,H,85,0.067110,projetee
2035,H,86,0.076934,projetee
2035,H,87,0.085794,projetee
2035,H,88,0.094973,projetee
2035,H,89,0.108194,projetee
2035,H,9,0.000066,projetee
2035,H,90,0.123476,projetee
2035,H,91,0.140728,projetee
2035,H,92,0.159209,projetee
2035,H,93,0.174988,projetee
2035,H,94,0.196510,projetee
2035,H,95,0.225017,projetee
2035,H,96,0.250928,projetee
2035,H,97,0.279274,projetee
2035,H,98,0.307146,projetee
2035,H,99,0.334567,projetee
2036,F,0,0.001734,projetee
2036,F,1,0.000310,projetee
2036,F,10,0.000054,projetee
2036,F,100,0.298102,projetee
2036,F,101,0.317834,projetee
2036,F,102,0.337156,projetee
2036,F,103,0.356577,projetee
2036,F,104,0.376188,projetee
2036,F,105,0.396062,projetee
2036,F,106,0.416236,projetee
2036,F,107,0.436639,projetee
2036,F,108,0.457200,projetee
2036,F,109,0.477842,projetee
2036,F,11,0.000057,projetee
2036,F,110,0.498491,projetee
2036,F,111,0.519068,projetee
2036,F,112,0.539499,projetee
2036,F,113,0.559710,projetee
2036,F,114,0.569636,projetee
2036,F,115,0.569636,projetee
2036,F,116,0.569636,projetee
2036,F,117,0.569636,projetee
2036,F,118,0.569636,projetee
2036,F,119,0.569636,projetee
2036,F,12,0.000061,projetee
2036,F,120,0.569636,projetee
2036,F,13,0.000072,projetee
2036,F,14,0.000089,projetee
2036,F,15,0.000108,projetee
2036,F,16,0.000122,projetee
2036,F,17,0.000134,projetee
2036,F,18,0.000147,projetee
2036,F,19,0.000161,projetee
2036,F,2,0.000144,projetee
2036,F,20,0.000173,projetee
2036,F,21,0.000185,projetee
2036,F,22,0.000194,projetee
2036,F,23,0.000199,projetee
2036,F,24,0.000203,projetee
2036,F,25,0.000210,projetee
2036,F,26,0.000215,projetee
2036,F,27,0.000218,projetee
2036,F,28,0.000223,projetee
2036,F,29,0.000237,projetee
2036,F,3,0.000104,projetee
2036,F,30,0.000257,projetee
2036,F,31,0.000275,projetee
2036,F,32,0.000303,projetee
2036,F,33,0.000333,projetee
2036,F,34,0.000358,projetee
2036,F,35,0.000381,projetee
2036,F,36,0.000406,projetee
2036,F,37,0.000442,projetee
2036,F,38,0.000479,projetee
2036,F,39,0.000523,projetee
2036,F,4,0.000081,projetee
2036,F,40,0.000579,projetee
2036,F,41,0.000637,projetee
2036,F,42,0.000699,projetee
2036,F,43,0.000768,projetee
2036,F,44,0.000830,projetee
2036,F,45,0.000900,projetee
2036,F,46,0.000984,projetee
2036,F,47,0.001089,projetee
2036,F,48,0.001206,projetee
2036,F,49,0.001336,projetee
2036,F,5,0.000070,projetee
2036,F,50,0.001490,projetee
2036,F,51,0.001657,projetee
2036,F,52,0.001798,projetee
2036,F,53,0.001908,projetee
2036,F,54,0.002053,projetee
2036,F,55,0.002299,projetee
2036,F,56,0.002548,projetee
2036,F,57,0.002767,projetee
2036,F,58,0.003023,projetee
2036,F,59,0.003296,projetee
2036,F,6,0.000062,projetee
2036,F,60,0.003582,projetee
2036,F,61,0.003874,projetee
2036,F,62,0.004260,projetee
2036,F,63,0.004737,projetee
2036,F,64,0.005197,projetee
2036,F,65,0.005680,projetee
2036,F,66,0.006097,projetee
2036,F,67,0.006410,projetee
2036,F,68,0.006878,projetee
2036,F,69,0.007506,projetee
2036,F,7,0.000056,projetee
2036,F,70,0.008227,projetee
2036,F,71,0.009057,projetee
2036,F,72,0.009958,projetee
2036,F,73,0.010921,projetee
2036,F,74,0.011885,projetee
2036,F,75,0.013059,projetee
2036,F,76,0.014725,projetee
2036,F,77,0.016544,projetee
2036,F,78,0.019017,projetee
2036,F,79,0.021722,projetee
2036,F,8,0.000053,projetee
2036,F,80,0.024758,projetee
2036,F,81,0.028627,projetee
2036,F,82,0.032572,projetee
2036,F,83,0.037307,projetee
2036,F,84,0.043337,projetee
2036,F,85,0.049441,projetee
2036,F,86,0.055629,projetee
2036,F,87,0.063319,projetee
2036,F,88,0.071520,projetee
2036,F,89,0.080913,projetee
2036,F,9,0.000053,projetee
2036,F,90,0.092867,projetee
2036,F,91,0.106593,projetee
2036,F,92,0.121379,projetee
2036,F,93,0.137760,projetee
2036,F,94,0.158856,projetee
2036,F,95,0.182098,projetee
2036,F,96,0.203049,projetee
2036,F,97,0.229306,projetee
2036,F,98,0.254302,projetee
2036,F,99,0.275657,projetee
2036,H,0,0.002174,projetee
2036,H,1,0.000414,projetee
2036,H,10,0.000067,projetee
2036,H,100,0.356239,projetee
2036,H,101,0.371518,projetee
2036,H,102,0.387268,projetee
2036,H,103,0.403725,projetee
2036,H,104,0.420287,projetee
2036,H,105,0.436550,projetee
2036,H,106,0.452541,projetee
2036,H,107,0.468175,projetee
2036,H,108,0.483362,projetee
2036,H,109,0.498742,projetee
2036,H,11,0.000072,projetee
2036,H,110,0.514640,projetee
2036,H,111,0.531265,projetee
2036,H,112,0.550294,projetee
2036,H,113,0.570910,projetee
2036,H,114,0.583074,projetee
2036,H,115,0.585108,projetee
2036,H,116,0.585108,projetee
2036,H,117,0.585108,projetee
2036,H,118,0.585108,projetee
2036,H,119,0.585108,projetee
2036,H,12,0.000080,projetee
2036,H,120,0.585108,projetee
2036,H,13,0.000095,projetee
2036,H,14,0.000123,projetee
2036,H,15,0.000170,projetee
2036,H,16,0.000229,projetee
2036,H,17,0.000290,projetee
2036,H,18,0.000351,projetee
2036,H,19,0.000405,projetee
2036,H,2,0.000187,projetee
2036,H,20,0.000451,projetee
2036,H,21,0.000484,projetee
2036,H,22,0.000497,projetee
2036,H,23,0.000504,projetee
2036,H,24,0.000514,projetee
2036,H,25,0.000531,projetee
2036,H,26,0.000551,projetee
2036,H,27,0.000575,projetee
2036,H,28,0.000603,projetee
2036,H,29,0.000627,projetee
2036,H,3,0.000138,projetee
2036,H,30,0.000646,projetee
2036,H,31,0.000674,projetee
2036,H,32,0.000712,projetee
2036,H,33,0.000744,projetee
2036,H,34,0.000797,projetee
2036,H,35,0.000864,projetee
2036,H,36,0.000917,projetee
2036,H,37,0.000976,projetee
2036,H,38,0.001052,projetee
2036,H,39,0.001135,projetee
2036,H,4,0.000109,projetee
2036,H,40,0.001220,projetee
2036,H,41,0.001316,projetee
2036,H,42,0.001430,projetee
2036,H,43,0.001560,projetee
2036,H,44,0.001677,projetee
2036,H,45,0.001787,projetee
2036,H,46,0.001923,projetee
2036,H,47,0.002091,projetee
2036,H,48,0.002262,projetee
2036,H,49,0.002467,projetee
2036,H,5,0.000087,projetee
2036,H,50,0.002708,projetee
2036,H,51,0.002984,projetee
2036,H,52,0.003323,projetee
2036,H,53,0.003725,projetee
2036,H,54,0.004058,projetee
2036,H,55,0.004280,projetee
2036,H,56,0.004676,projetee
2036,H,57,0.005184,projetee
2036,H,58,0.005685,projetee
2036,H,59,0.006104,projetee
2036,H,6,0.000075,projetee
2036,H,60,0.006531,projetee
2036,H,61,0.007151,projetee
2036,H,62,0.007804,projetee
2036,H,63,0.008560,projetee
2036,H,64,0.009339,projetee
2036,H,65,0.010241,projetee
2036,H,66,0.011094,projetee
2036,H,67,0.011893,projetee
2036,H,68,0.012882,projetee
2036,H,69,0.013863,projetee
2036,H,7,0.000068,projetee
2036,H,70,0.015102,projetee
2036,H,71,0.016678,projetee
2036,H,72,0.018085,projetee
2036,H,73,0.019401,projetee
2036,H,74,0.021280,projetee
2036,H,75,0.023238,projetee
2036,H,76,0.025075,projetee
2036,H,77,0.027543,projetee
2036,H,78,0.030525,projetee
2036,H,79,0.033939,projetee
2036,H,8,0.000064,projetee
2036,H,80,0.038379,projetee
2036,H,81,0.042582,projetee
2036,H,82,0.046885,projetee
2036,H,83,0.052967,projetee
2036,H,84,0.059094,projetee
2036,H,85,0.066519,projetee
2036,H,86,0.076256,projetee
2036,H,87,0.085038,projetee
2036,H,88,0.094136,projetee
2036,H,89,0.107240,projetee
2036,H,9,0.000065,projetee
2036,H,90,0.122387,projetee
2036,H,91,0.139487,projetee
2036,H,92,0.157856,projetee
2036,H,93,0.173662,projetee
2036,H,94,0.195251,projetee
2036,H,95,0.223842,projetee
2036,H,96,0.249765,projetee
2036,H,97,0.278101,projetee
2036,H,98,0.305840,projetee
2036,H,99,0.333016,projetee
2037,F,0,0.001723,projetee
2037,F,1,0.000308,projetee
2037,F,10,0.000054,projetee
2037,F,100,0.296961,projetee
2037,F,101,0.316618,projetee
2037,F,102,0.335866,projetee
2037,F,103,0.355212,projetee
2037,F,104,0.374748,projetee
2037,F,105,0.394546,projetee
2037,F,106,0.414642,projetee
2037,F,107,0.434968,projetee
2037,F,108,0.455450,projetee
2037,F,109,0.476013,projetee
2037,F,11,0.000056,projetee
2037,F,110,0.496583,projetee
2037,F,111,0.517081,projetee
2037,F,112,0.537434,projetee
2037,F,113,0.557568,projetee
2037,F,114,0.567457,projetee
2037,F,115,0.567457,projetee
2037,F,116,0.567457,projetee
2037,F,117,0.567457,projetee
2037,F,118,0.567457,projetee
2037,F,119,0.567457,projetee
2037,F,12,0.000060,projetee
2037,F,120,0.567457,projetee
2037,F,13,0.000071,projetee
2037,F,14,0.000088,projetee
2037,F,15,0.000107,projetee
2037,F,16,0.000121,projetee
2037,F,17,0.000133,projetee
2037,F,18,0.000146,projetee
2037,F,19,0.000159,projetee
2037,F,2,0.000143,projetee
2037,F,20,0.000171,projetee
2037,F,21,0.000182,projetee
2037,F,22,0.000192,projetee
2037,F,23,0.000197,projetee
2037,F,24,0.000200,projetee
2037,F,25,0.000207,projetee
2037,F,26,0.000212,projetee
2037,F,27,0.000215,projetee
2037,F,28,0.000221,projetee
2037,F,29,0.000234,projetee
2037,F,3,0.000103,projetee
2037,F,30,0.000254,projetee
2037,F,31,0.000272,projetee
2037,F,32,0.000300,projetee
2037,F,33,0.000329,projetee
2037,F,34,0.000354,projetee
2037,F,35,0.000376,projetee
2037,F,36,0.000401,projetee
2037,F,37,0.000436,projetee
2037,F,38,0.000473,projetee
2037,F,39,0.000517,projetee
2037,F,4,0.000080,projetee
2037,F,40,0.000572,projetee
2037,F,41,0.000630,projetee
2037,F,42,0.000691,projetee
2037,F,43,0.000759,projetee
2037,F,44,0.000820,projetee
2037,F,45,0.000889,projetee
2037,F,46,0.000972,projetee
2037,F,47,0.001075,projetee
2037,F,48,0.001192,projetee
2037,F,49,0.001320,projetee
2037,F,5,0.000070,projetee
2037,F,50,0.001472,projetee
2037,F,51,0.001637,projetee
2037,F,52,0.001776,projetee
2037,F,53,0.001885,projetee
2037,F,54,0.002028,projetee
2037,F,55,0.002272,projetee
2037,F,56,0.002517,projetee
2037,F,57,0.002733,projetee
2037,F,58,0.002986,projetee
2037,F,59,0.003256,projetee
2037,F,6,0.000061,projetee
2037,F,60,0.003539,projetee
2037,F,61,0.003827,projetee
2037,F,62,0.004209,projetee
2037,F,63,0.004680,projetee
2037,F,64,0.005134,projetee
2037,F,65,0.005611,projetee
2037,F,66,0.006023,projetee
2037,F,67,0.006332,projetee
2037,F,68,0.006795,projetee
2037,F,69,0.007415,projetee
2037,F,7,0.000055,projetee
2037,F,70,0.008128,projetee
2037,F,71,0.008947,projetee
2037,F,72,0.009838,projetee
2037,F,73,0.010789,projetee
2037,F,74,0.011741,projetee
2037,F,75,0.012901,projetee
2037,F,76,0.014547,projetee
2037,F,77,0.016344,projetee
2037,F,78,0.018787,projetee
2037,F,79,0.021460,projetee
2037,F,8,0.000053,projetee
2037,F,80,0.024459,projetee
2037,F,81,0.028457,projetee
2037,F,82,0.032553,projetee
2037,F,83,0.037285,projetee
2037,F,84,0.043312,projetee
2037,F,85,0.049413,projetee
2037,F,86,0.055597,projetee
2037,F,87,0.063283,projetee
2037,F,88,0.071479,projetee
2037,F,89,0.080866,projetee
2037,F,9,0.000053,projetee
2037,F,90,0.092813,projetee
2037,F,91,0.106531,projetee
2037,F,92,0.121309,projetee
2037,F,93,0.137681,projetee
2037,F,94,0.158765,projetee
2037,F,95,0.181521,projetee
2037,F,96,0.202047,projetee
2037,F,97,0.228355,projetee
2037,F,98,0.253328,projetee
2037,F,99,0.274602,projetee
2037,H,0,0.002156,projetee
2037,H,1,0.000410,projetee
2037,H,10,0.000066,projetee
2037,H,100,0.354588,projetee
2037,H,101,0.369796,projetee
2037,H,102,0.385635,projetee
2037,H,103,0.402180,projetee
2037,H,104,0.418679,projetee
2037,H,105,0.434879,projetee
2037,H,106,0.450809,projetee
2037,H,107,0.466383,projetee
2037,H,108,0.481512,projetee
2037,H,109,0.496626,projetee
2037,H,11,0.000071,projetee
2037,H,110,0.512255,projetee
2037,H,111,0.529025,projetee
2037,H,112,0.548187,projetee
2037,H,113,0.568724,projetee
2037,H,114,0.580605,projetee
2037,H,115,0.582397,projetee
2037,H,116,0.582397,projetee
2037,H,117,0.582397,projetee
2037,H,118,0.582397,projetee
2037,H,119,0.582397,projetee
2037,H,12,0.000078,projetee
2037,H,120,0.582397,projetee
2037,H,13,0.000093,projetee
2037,H,14,0.000121,projetee
2037,H,15,0.000168,projetee
2037,H,16,0.000225,projetee
2037,H,17,0.000285,projetee
2037,H,18,0.000345,projetee
2037,H,19,0.000398,projetee
2037,H,2,0.000185,projetee
2037,H,20,0.000444,projetee
2037,H,21,0.000476,projetee
2037,H,22,0.000489,projetee
2037,H,23,0.000496,projetee
2037,H,24,0.000506,projetee
2037,H,25,0.000522,projetee
2037,H,26,0.000542,projetee
2037,H,27,0.000566,projetee
2037,H,28,0.000593,projetee
2037,H,29,0.000616,projetee
2037,H,3,0.000137,projetee
2037,H,30,0.000636,projetee
2037,H,31,0.000663,projetee
2037,H,32,0.000701,projetee
2037,H,33,0.000732,projetee
2037,H,34,0.000784,projetee
2037,H,35,0.000850,projetee
2037,H,36,0.000902,projetee
2037,H,37,0.000960,projetee
2037,H,38,0.001035,projetee
2037,H,39,0.001116,projetee
2037,H,4,0.000108,projetee
2037,H,40,0.001200,projetee
2037,H,41,0.001295,projetee
2037,H,42,0.001406,projetee
2037,H,43,0.001535,projetee
2037,H,44,0.001650,projetee
2037,H,45,0.001757,projetee
2037,H,46,0.001892,projetee
2037,H,47,0.002057,projetee
2037,H,48,0.002225,projetee
2037,H,49,0.002427,projetee
2037,H,5,0.000086,projetee
2037,H,50,0.002664,projetee
2037,H,51,0.002935,projetee
2037,H,52,0.003269,projetee
2037,H,53,0.003664,projetee
2037,H,54,0.003992,projetee
2037,H,55,0.004210,projetee
2037,H,56,0.004600,projetee
2037,H,57,0.005100,projetee
2037,H,58,0.005593,projetee
2037,H,59,0.006005,projetee
2037,H,6,0.000074,projetee
2037,H,60,0.006424,projetee
2037,H,61,0.007034,projetee
2037,H,62,0.007677,projetee
2037,H,63,0.008421,projetee
2037,H,64,0.009186,projetee
2037,H,65,0.010074,projetee
2037,H,66,0.010913,projetee
2037,H,67,0.011699,projetee
2037,H,68,0.012672,projetee
2037,H,69,0.013637,projetee
2037,H,7,0.000067,projetee
2037,H,70,0.014856,projetee
2037,H,71,0.016406,projetee
2037,H,72,0.017790,projetee
2037,H,73,0.019085,projetee
2037,H,74,0.020933,projetee
2037,H,75,0.022859,projetee
2037,H,76,0.024666,projetee
2037,H,77,0.027093,projetee
2037,H,78,0.030028,projetee
2037,H,79,0.033385,projetee
2037,H,8,0.000063,projetee
2037,H,80,0.037753,projetee
2037,H,81,0.042053,projetee
2037,H,82,0.046472,projetee
2037,H,83,0.052501,projetee
2037,H,84,0.058573,projetee
2037,H,85,0.065933,projetee
2037,H,86,0.075584,projetee
2037,H,87,0.084288,projetee
2037,H,88,0.093306,projetee
2037,H,89,0.106295,projetee
2037,H,9,0.000064,projetee
2037,H,90,0.121309,projetee
2037,H,91,0.138257,projetee
2037,H,92,0.156514,projetee
2037,H,93,0.172346,projetee
2037,H,94,0.194000,projetee
2037,H,95,0.222674,projetee
2037,H,96,0.248607,projetee
2037,H,97,0.276933,projetee
2037,H,98,0.304539,projetee
2037,H,99,0.331472,projetee
2038,F,0,0.001712,projetee
2038,F,1,0.000306,projetee
2038,F,10,0.000053,projetee
2038,F,100,0.295824,projetee
2038,F,101,0.315406,projetee
2038,F,102,0.334580,projetee
2038,F,103,0.353852,projetee
2038,F,104,0.373314,projetee
2038,F,105,0.393036,projetee
2038,F,106,0.413055,projetee
2038,F,107,0.433303,projetee
2038,F,108,0.453707,projetee
2038,F,109,0.474191,projetee
2038,F,11,0.000055,projetee
2038,F,110,0.494682,projetee
2038,F,111,0.515102,projetee
2038,F,112,0.535376,projetee
2038,F,113,0.555433,projetee
2038,F,114,0.565286,projetee
2038,F,115,0.565286,projetee
2038,F,116,0.565286,projetee
2038,F,117,0.565286,projetee
2038,F,118,0.565286,projetee
2038,F,119,0.565286,projetee
2038,F,12,0.000060,projetee
2038,F,120,0.565286,projetee
2038,F,13,0.000070,projetee
2038,F,14,0.000087,projetee
2038,F,15,0.000105,projetee
2038,F,16,0.000119,projetee
2038,F,17,0.000131,projetee
2038,F,18,0.000144,projetee
2038,F,19,0.000157,projetee
2038,F,2,0.000142,projetee
2038,F,20,0.000169,projetee
2038,F,21,0.000180,projetee
2038,F,22,0.000189,projetee
2038,F,23,0.000194,projetee
2038,F,24,0.000198,projetee
2038,F,25,0.000205,projetee
2038,F,26,0.000210,projetee
2038,F,27,0.000213,projetee
2038,F,28,0.000218,projetee
2038,F,29,0.000231,projetee
2038,F,3,0.000102,projetee
2038,F,30,0.000251,projetee
2038,F,31,0.000269,projetee
2038,F,32,0.000296,projetee
2038,F,33,0.000325,projetee
2038,F,34,0.000349,projetee
2038,F,35,0.000372,projetee
2038,F,36,0.000396,projetee
2038,F,37,0.000431,projetee
2038,F,38,0.000467,projetee
2038,F,39,0.000511,projetee
2038,F,4,0.000079,projetee
2038,F,40,0.000565,projetee
2038,F,41,0.000622,projetee
2038,F,42,0.000682,projetee
2038,F,43,0.000750,projetee
2038,F,44,0.000810,projetee
2038,F,45,0.000878,projetee
2038,F,46,0.000961,projetee
2038,F,47,0.001062,projetee
2038,F,48,0.001177,projetee
2038,F,49,0.001304,projetee
2038,F,5,0.000069,projetee
2038,F,50,0.001454,projetee
2038,F,51,0.001617,projetee
2038,F,52,0.001755,projetee
2038,F,53,0.001862,projetee
2038,F,54,0.002003,projetee
2038,F,55,0.002244,projetee
2038,F,56,0.002487,projetee
2038,F,57,0.002700,projetee
2038,F,58,0.002950,projetee
2038,F,59,0.003217,projetee
2038,F,6,0.000061,projetee
2038,F,60,0.003496,projetee
2038,F,61,0.003781,projetee
2038,F,62,0.004158,projetee
2038,F,63,0.004623,projetee
2038,F,64,0.005072,projetee
2038,F,65,0.005543,projetee
2038,F,66,0.005951,projetee
2038,F,67,0.006256,projetee
2038,F,68,0.006713,projetee
2038,F,69,0.007326,projetee
2038,F,7,0.000055,projetee
2038,F,70,0.008030,projetee
2038,F,71,0.008839,projetee
2038,F,72,0.009719,projetee
2038,F,73,0.010658,projetee
2038,F,74,0.011599,projetee
2038,F,75,0.012745,projetee
2038,F,76,0.014371,projetee
2038,F,77,0.016146,projetee
2038,F,78,0.018560,projetee
2038,F,79,0.021200,projetee
2038,F,8,0.000052,projetee
2038,F,80,0.024163,projetee
2038,F,81,0.028113,projetee
2038,F,82,0.032359,projetee
2038,F,83,0.037264,projetee
2038,F,84,0.043287,projetee
2038,F,85,0.049384,projetee
2038,F,86,0.055565,projetee
2038,F,87,0.063246,projetee
2038,F,88,0.071438,projetee
2038,F,89,0.080819,projetee
2038,F,9,0.000052,projetee
2038,F,90,0.092760,projetee
2038,F,91,0.106470,projetee
2038,F,92,0.121239,projetee
2038,F,93,0.137601,projetee
2038,F,94,0.158673,projetee
2038,F,95,0.181416,projetee
2038,F,96,0.201507,projetee
2038,F,97,0.227409,projetee
2038,F,98,0.252359,projetee
2038,F,99,0.273550,projetee
2038,H,0,0.002138,projetee
2038,H,1,0.000406,projetee
2038,H,10,0.000065,projetee
2038,H,100,0.352945,projetee
2038,H,101,0.368083,projetee
2038,H,102,0.384009,projetee
2038,H,103,0.400641,projetee
2038,H,104,0.417077,projetee
2038,H,105,0.433215,projetee
2038,H,106,0.449084,projetee
2038,H,107,0.464598,projetee
2038,H,108,0.479670,projetee
2038,H,109,0.494518,projetee
2038,H,11,0.000069,projetee
2038,H,110,0.509881,projetee
2038,H,111,0.526794,projetee
2038,H,112,0.546089,projetee
2038,H,113,0.566547,projetee
2038,H,114,0.578148,projetee
2038,H,115,0.579699,projetee
2038,H,116,0.579699,projetee
2038,H,117,0.579699,projetee
2038,H,118,0.579699,projetee
2038,H,119,0.579699,projetee
2038,H,12,0.000077,projetee
2038,H,120,0.579699,projetee
2038,H,13,0.000091,projetee
2038,H,14,0.000119,projetee
2038,H,15,0.000165,projetee
2038,H,16,0.000222,projetee
2038,H,17,0.000280,projetee
2038,H,18,0.000340,projetee
2038,H,19,0.000392,projetee
2038,H,2,0.000183,projetee
2038,H,20,0.000436,projetee
2038,H,21,0.000468,projetee
2038,H,22,0.000481,projetee
2038,H,23,0.000488,projetee
2038,H,24,0.000498,projetee
2038,H,25,0.000514,projetee
2038,H,26,0.000533,projetee
2038,H,27,0.000556,projetee
2038,H,28,0.000584,projetee
2038,H,29,0.000606,projetee
2038,H,3,0.000135,projetee
2038,H,30,0.000625,projetee
2038,H,31,0.000652,projetee
2038,H,32,0.000689,projetee
2038,H,33,0.000720,projetee
2038,H,34,0.000771,projetee
2038,H,35,0.000836,projetee
2038,H,36,0.000888,projetee
2038,H,37,0.000945,projetee
2038,H,38,0.001018,projetee
2038,H,39,0.001098,projetee
2038,H,4,0.000106,projetee
2038,H,40,0.001180,projetee
2038,H,41,0.001274,projetee
2038,H,42,0.001383,projetee
2038,H,43,0.001509,projetee
2038,H,44,0.001623,projetee
2038,H,45,0.001729,projetee
2038,H,46,0.001861,projetee
2038,H,47,0.002024,projetee
2038,H,48,0.002189,projetee
2038,H,49,0.002387,projetee
2038,H,5,0.000085,projetee
2038,H,50,0.002620,projetee
2038,H,51,0.002888,projetee
2038,H,52,0.003216,projetee
2038,H,53,0.003605,projetee
2038,H,54,0.003927,projetee
2038,H,55,0.004142,projetee
2038,H,56,0.004525,projetee
2038,H,57,0.005016,projetee
2038,H,58,0.005501,projetee
2038,H,59,0.005907,projetee
2038,H,6,0.000073,projetee
2038,H,60,0.006319,projetee
2038,H,61,0.006920,projetee
2038,H,62,0.007551,projetee
2038,H,63,0.008283,projetee
2038,H,64,0.009037,projetee
2038,H,65,0.009909,projetee
2038,H,66,0.010735,projetee
2038,H,67,0.011508,projetee
2038,H,68,0.012465,projetee
2038,H,69,0.013415,projetee
2038,H,7,0.000066,projetee
2038,H,70,0.014614,projetee
2038,H,71,0.016138,projetee
2038,H,72,0.017500,projetee
2038,H,73,0.018773,projetee
2038,H,74,0.020592,projetee
2038,H,75,0.022486,projetee
2038,H,76,0.024263,projetee
2038,H,77,0.026651,projetee
2038,H,78,0.029538,projetee
2038,H,79,0.032841,projetee
2038,H,8,0.000062,projetee
2038,H,80,0.037137,projetee
2038,H,81,0.041368,projetee
2038,H,82,0.045898,projetee
2038,H,83,0.052038,projetee
2038,H,84,0.058057,projetee
2038,H,85,0.065351,projetee
2038,H,86,0.074918,projetee
2038,H,87,0.083546,projetee
2038,H,88,0.092483,projetee
2038,H,89,0.105358,projetee
2038,H,9,0.000063,projetee
2038,H,90,0.120239,projetee
2038,H,91,0.137038,projetee
2038,H,92,0.155184,projetee
2038,H,93,0.171040,projetee
2038,H,94,0.192758,projetee
2038,H,95,0.221511,projetee
2038,H,96,0.247455,projetee
2038,H,97,0.275770,projetee
2038,H,98,0.303244,projetee
2038,H,99,0.329935,projetee
2039,F,0,0.001702,projetee
2039,F,1,0.000304,projetee
2039,F,10,0.000052,projetee
2039,F,100,0.294692,projetee
2039,F,101,0.314199,projetee
2039,F,102,0.333300,projetee
2039,F,103,0.352498,projetee
2039,F,104,0.371885,projetee
2039,F,105,0.391532,projetee
2039,F,106,0.411474,projetee
2039,F,107,0.431645,projetee
2039,F,108,0.451970,projetee
2039,F,109,0.472376,projetee
2039,F,11,0.000055,projetee
2039,F,110,0.492788,projetee
2039,F,111,0.513130,projetee
2039,F,112,0.533327,projetee
2039,F,113,0.553307,projetee
2039,F,114,0.563123,projetee
2039,F,115,0.563123,projetee
2039,F,116,0.563123,projetee
2039,F,117,0.563123,projetee
2039,F,118,0.563123,projetee
2039,F,119,0.563123,projetee
2039,F,12,0.000059,projetee
2039,F,120,0.563123,projetee
2039,F,13,0.000069,projetee
2039,F,14,0.000086,projetee
2039,F,15,0.000104,projetee
2039,F,16,0.000118,projetee
2039,F,17,0.000129,projetee
2039,F,18,0.000142,projetee
2039,F,19,0.000155,projetee
2039,F,2,0.000141,projetee
2039,F,20,0.000167,projetee
2039,F,21,0.000178,projetee
2039,F,22,0.000187,projetee
2039,F,23,0.000192,projetee
2039,F,24,0.000195,projetee
2039,F,25,0.000202,projetee
2039,F,26,0.000207,projetee
2039,F,27,0.000210,projetee
2039,F,28,0.000215,projetee
2039,F,29,0.000228,projetee
2039,F,3,0.000102,projetee
2039,F,30,0.000248,projetee
2039,F,31,0.000265,projetee
2039,F,32,0.000292,projetee
2039,F,33,0.000321,projetee
2039,F,34,0.000345,projetee
2039,F,35,0.000367,projetee
2039,F,36,0.000392,projetee
2039,F,37,0.000426,projetee
2039,F,38,0.000462,projetee
2039,F,39,0.000505,projetee
2039,F,4,0.000078,projetee
2039,F,40,0.000558,projetee
2039,F,41,0.000615,projetee
2039,F,42,0.000674,projetee
2039,F,43,0.000741,projetee
2039,F,44,0.000800,projetee
2039,F,45,0.000867,projetee
2039,F,46,0.000949,projetee
2039,F,47,0.001050,projetee
2039,F,48,0.001163,projetee
2039,F,49,0.001288,projetee
2039,F,5,0.000068,projetee
2039,F,50,0.001436,projetee
2039,F,51,0.001598,projetee
2039,F,52,0.001734,projetee
2039,F,53,0.001840,projetee
2039,F,54,0.001979,projetee
2039,F,55,0.002217,projetee
2039,F,56,0.002457,projetee
2039,F,57,0.002667,projetee
2039,F,58,0.002915,projetee
2039,F,59,0.003178,projetee
2039,F,6,0.000060,projetee
2039,F,60,0.003454,projetee
2039,F,61,0.003735,projetee
2039,F,62,0.004107,projetee
2039,F,63,0.004568,projetee
2039,F,64,0.005011,projetee
2039,F,65,0.005476,projetee
2039,F,66,0.005879,projetee
2039,F,67,0.006180,projetee
2039,F,68,0.006632,projetee
2039,F,69,0.007237,projetee
2039,F,7,0.000054,projetee
2039,F,70,0.007933,projetee
2039,F,71,0.008732,projetee
2039,F,72,0.009602,projetee
2039,F,73,0.010529,projetee
2039,F,74,0.011459,projetee
2039,F,75,0.012591,projetee
2039,F,76,0.014198,projetee
2039,F,77,0.015951,projetee
2039,F,78,0.018335,projetee
2039,F,79,0.020944,projetee
2039,F,8,0.000051,projetee
2039,F,80,0.023871,projetee
2039,F,81,0.027773,projetee
2039,F,82,0.031968,projetee
2039,F,83,0.037044,projetee
2039,F,84,0.043262,projetee
2039,F,85,0.049356,projetee
2039,F,86,0.055533,projetee
2039,F,87,0.063209,projetee
2039,F,88,0.071396,projetee
2039,F,89,0.080772,projetee
2039,F,9,0.000052,projetee
2039,F,90,0.092706,projetee
2039,F,91,0.106408,projetee
2039,F,92,0.121169,projetee
2039,F,93,0.137521,projetee
2039,F,94,0.158581,projetee
2039,F,95,0.181311,projetee
2039,F,96,0.201390,projetee
2039,F,97,0.226873,projetee
2039,F,98,0.251393,projetee
2039,F,99,0.272503,projetee
2039,H,0,0.002120,projetee
2039,H,1,0.000402,projetee
2039,H,10,0.000064,projetee
2039,H,100,0.351309,projetee
2039,H,101,0.366377,projetee
2039,H,102,0.382389,projetee
2039,H,103,0.399107,projetee
2039,H,104,0.415480,projetee
2039,H,105,0.431557,projetee
2039,H,106,0.447366,projetee
2039,H,107,0.462820,projetee
2039,H,108,0.477834,projetee
2039,H,109,0.492420,projetee
2039,H,11,0.000068,projetee
2039,H,110,0.507518,projetee
2039,H,111,0.524573,projetee
2039,H,112,0.543999,projetee
2039,H,113,0.564378,projetee
2039,H,114,0.575701,projetee
2039,H,115,0.577013,projetee
2039,H,116,0.577013,projetee
2039,H,117,0.577013,projetee
2039,H,118,0.577013,projetee
2039,H,119,0.577013,projetee
2039,H,12,0.000076,projetee
2039,H,120,0.577013,projetee
2039,H,13,0.000090,projetee
2039,H,14,0.000117,projetee
2039,H,15,0.000162,projetee
2039,H,16,0.000218,projetee
2039,H,17,0.000276,projetee
2039,H,18,0.000334,projetee
2039,H,19,0.000385,projetee
2039,H,2,0.000181,projetee
2039,H,20,0.000429,projetee
2039,H,21,0.000461,projetee
2039,H,22,0.000473,projetee
2039,H,23,0.000480,projetee
2039,H,24,0.000490,projetee
2039,H,25,0.000505,projetee
2039,H,26,0.000524,projetee
2039,H,27,0.000547,projetee
2039,H,28,0.000574,projetee
2039,H,29,0.000596,projetee
2039,H,3,0.000133,projetee
2039,H,30,0.000615,projetee
2039,H,31,0.000641,projetee
2039,H,32,0.000678,projetee
2039,H,33,0.000708,projetee
2039,H,34,0.000759,projetee
2039,H,35,0.000822,projetee
2039,H,36,0.000873,projetee
2039,H,37,0.000929,projetee
2039,H,38,0.001001,projetee
2039,H,39,0.001080,projetee
2039,H,4,0.000105,projetee
2039,H,40,0.001161,projetee
2039,H,41,0.001253,projetee
2039,H,42,0.001361,projetee
2039,H,43,0.001485,projetee
2039,H,44,0.001597,projetee
2039,H,45,0.001701,projetee
2039,H,46,0.001831,projetee
2039,H,47,0.001991,projetee
2039,H,48,0.002153,projetee
2039,H,49,0.002349,projetee
2039,H,5,0.000084,projetee
2039,H,50,0.002578,projetee
2039,H,51,0.002840,projetee
2039,H,52,0.003163,projetee
2039,H,53,0.003546,projetee
2039,H,54,0.003863,projetee
2039,H,55,0.004074,projetee
2039,H,56,0.004451,projetee
2039,H,57,0.004935,projetee
2039,H,58,0.005412,projetee
2039,H,59,0.005810,projetee
2039,H,6,0.000072,projetee
2039,H,60,0.006216,projetee
2039,H,61,0.006807,projetee
2039,H,62,0.007428,projetee
2039,H,63,0.008148,projetee
2039,H,64,0.008889,projetee
2039,H,65,0.009748,projetee
2039,H,66,0.010560,projetee
2039,H,67,0.011321,projetee
2039,H,68,0.012262,projetee
2039,H,69,0.013196,projetee
2039,H,7,0.000065,projetee
2039,H,70,0.014375,projetee
2039,H,71,0.015875,projetee
2039,H,72,0.017215,projetee
2039,H,73,0.018467,projetee
2039,H,74,0.020256,projetee
2039,H,75,0.022119,projetee
2039,H,76,0.023868,projetee
2039,H,77,0.026217,projetee
2039,H,78,0.029056,projetee
2039,H,79,0.032305,projetee
2039,H,8,0.000062,projetee
2039,H,80,0.036532,projetee
2039,H,81,0.040693,projetee
2039,H,82,0.045149,projetee
2039,H,83,0.051397,projetee
2039,H,84,0.057545,projetee
2039,H,85,0.064775,projetee
2039,H,86,0.074258,projetee
2039,H,87,0.082809,projetee
2039,H,88,0.091668,projetee
2039,H,89,0.104429,projetee
2039,H,9,0.000062,projetee
2039,H,90,0.119179,projetee
2039,H,91,0.135830,projetee
2039,H,92,0.153865,projetee
2039,H,93,0.169744,projetee
2039,H,94,0.191524,projetee
2039,H,95,0.220355,projetee
2039,H,96,0.246308,projetee
2039,H,97,0.274611,projetee
2039,H,98,0.301954,projetee
2039,H,99,0.328405,projetee
2040,F,0,0.001691,projetee
2040,F,1,0.000302,projetee
2040,F,10,0.000052,projetee
2040,F,100,0.293564,projetee
2040,F,101,0.312996,projetee
2040,F,102,0.332024,projetee
2040,F,103,0.351149,projetee
2040,F,104,0.370462,projetee
2040,F,105,0.390033,projetee
2040,F,106,0.409900,projetee
2040,F,107,0.429992,projetee
2040,F,108,0.450240,projetee
2040,F,109,0.470568,projetee
2040,F,11,0.000054,projetee
2040,F,110,0.490902,projetee
2040,F,111,0.511166,projetee
2040,F,112,0.531286,projetee
2040,F,113,0.551189,projetee
2040,F,114,0.560968,projetee
2040,F,115,0.560968,projetee
2040,F,116,0.560968,projetee
2040,F,117,0.560968,projetee
2040,F,118,0.560968,projetee
2040,F,119,0.560968,projetee
2040,F,12,0.000058,projetee
2040,F,120,0.560968,projetee
2040,F,13,0.000068,projetee
2040,F,14,0.000085,projetee
2040,F,15,0.000103,projetee
2040,F,16,0.000116,projetee
2040,F,17,0.000128,projetee
2040,F,18,0.000140,projetee
2040,F,19,0.000154,projetee
2040,F,2,0.000140,projetee
2040,F,20,0.000165,projetee
2040,F,21,0.000176,projetee
2040,F,22,0.000185,projetee
2040,F,23,0.000190,projetee
2040,F,24,0.000193,projetee
2040,F,25,0.000200,projetee
2040,F,26,0.000205,projetee
2040,F,27,0.000207,projetee
2040,F,28,0.000213,projetee
2040,F,29,0.000225,projetee
2040,F,3,0.000101,projetee
2040,F,30,0.000245,projetee
2040,F,31,0.000262,projetee
2040,F,32,0.000289,projetee
2040,F,33,0.000317,projetee
2040,F,34,0.000341,projetee
2040,F,35,0.000363,projetee
2040,F,36,0.000387,projetee
2040,F,37,0.000421,projetee
2040,F,38,0.000456,projetee
2040,F,39,0.000498,projetee
2040,F,4,0.000078,projetee
2040,F,40,0.000551,projetee
2040,F,41,0.000607,projetee
2040,F,42,0.000666,projetee
2040,F,43,0.000732,projetee
2040,F,44,0.000791,projetee
2040,F,45,0.000857,projetee
2040,F,46,0.000937,projetee
2040,F,47,0.001037,projetee
2040,F,48,0.001149,projetee
2040,F,49,0.001273,projetee
2040,F,5,0.000067,projetee
2040,F,50,0.001419,projetee
2040,F,51,0.001579,projetee
2040,F,52,0.001713,projetee
2040,F,53,0.001817,projetee
2040,F,54,0.001955,projetee
2040,F,55,0.002190,projetee
2040,F,56,0.002427,projetee
2040,F,57,0.002635,projetee
2040,F,58,0.002879,projetee
2040,F,59,0.003140,projetee
2040,F,6,0.000059,projetee
2040,F,60,0.003412,projetee
2040,F,61,0.003690,projetee
2040,F,62,0.004058,projetee
2040,F,63,0.004512,projetee
2040,F,64,0.004950,projetee
2040,F,65,0.005410,projetee
2040,F,66,0.005808,projetee
2040,F,67,0.006105,projetee
2040,F,68,0.006552,projetee
2040,F,69,0.007150,projetee
2040,F,7,0.000053,projetee
2040,F,70,0.007837,projetee
2040,F,71,0.008626,projetee
2040,F,72,0.009485,projetee
2040,F,73,0.010402,projetee
2040,F,74,0.011320,projetee
2040,F,75,0.012439,projetee
2040,F,76,0.014026,projetee
2040,F,77,0.015758,projetee
2040,F,78,0.018113,projetee
2040,F,79,0.020690,projetee
2040,F,8,0.000051,projetee
2040,F,80,0.023582,projetee
2040,F,81,0.027437,projetee
2040,F,82,0.031581,projetee
2040,F,83,0.036596,projetee
2040,F,84,0.043008,projetee
2040,F,85,0.049327,projetee
2040,F,86,0.055501,projetee
2040,F,87,0.063173,projetee
2040,F,88,0.071355,projetee
2040,F,89,0.080726,projetee
2040,F,9,0.000051,projetee
2040,F,90,0.092652,projetee
2040,F,91,0.106346,projetee
2040,F,92,0.121099,projetee
2040,F,93,0.137442,projetee
2040,F,94,0.158489,projetee
2040,F,95,0.181206,projetee
2040,F,96,0.201274,projetee
2040,F,97,0.226742,projetee
2040,F,98,0.250820,projetee
2040,F,99,0.271460,projetee
2040,H,0,0.002102,projetee
2040,H,1,0.000399,projetee
2040,H,10,0.000063,projetee
2040,H,100,0.349681,projetee
2040,H,101,0.364811,projetee
2040,H,102,0.380906,projetee
2040,H,103,0.397580,projetee
2040,H,104,0.413890,projetee
2040,H,105,0.429905,projetee
2040,H,106,0.445654,projetee
2040,H,107,0.461049,projetee
2040,H,108,0.476005,projetee
2040,H,109,0.490438,projetee
2040,H,11,0.000067,projetee
2040,H,110,0.505269,projetee
2040,H,111,0.522361,projetee
2040,H,112,0.541916,projetee
2040,H,113,0.562218,projetee
2040,H,114,0.573265,projetee
2040,H,115,0.574340,projetee
2040,H,116,0.574340,projetee
2040,H,117,0.574340,projetee
2040,H,118,0.574340,projetee
2040,H,119,0.574340,projetee
2040,H,12,0.000075,projetee
2040,H,120,0.574340,projetee
2040,H,13,0.000089,projetee
2040,H,14,0.000116,projetee
2040,H,15,0.000160,projetee
2040,H,16,0.000214,projetee
2040,H,17,0.000271,projetee
2040,H,18,0.000329,projetee
2040,H,19,0.000379,projetee
2040,H,2,0.000179,projetee
2040,H,20,0.000422,projetee
2040,H,21,0.000453,projetee
2040,H,22,0.000466,projetee
2040,H,23,0.000472,projetee
2040,H,24,0.000482,projetee
2040,H,25,0.000497,projetee
2040,H,26,0.000516,projetee
2040,H,27,0.000538,projetee
2040,H,28,0.000565,projetee
2040,H,29,0.000587,projetee
2040,H,3,0.000132,projetee
2040,H,30,0.000605,projetee
2040,H,31,0.000631,projetee
2040,H,32,0.000667,projetee
2040,H,33,0.000697,projetee
2040,H,34,0.000746,projetee
2040,H,35,0.000809,projetee
2040,H,36,0.000859,projetee
2040,H,37,0.000914,projetee
2040,H,38,0.000985,projetee
2040,H,39,0.001062,projetee
2040,H,4,0.000103,projetee
2040,H,40,0.001142,projetee
2040,H,41,0.001233,projetee
2040,H,42,0.001339,projetee
2040,H,43,0.001461,projetee
2040,H,44,0.001571,projetee
2040,H,45,0.001673,projetee
2040,H,46,0.001801,projetee
2040,H,47,0.001958,projetee
2040,H,48,0.002118,projetee
2040,H,49,0.002310,projetee
2040,H,5,0.000082,projetee
2040,H,50,0.002536,projetee
2040,H,51,0.002794,projetee
2040,H,52,0.003112,projetee
2040,H,53,0.003488,projetee
2040,H,54,0.003800,projetee
2040,H,55,0.004008,projetee
2040,H,56,0.004378,projetee
2040,H,57,0.004854,projetee
2040,H,58,0.005323,projetee
2040,H,59,0.005716,projetee
2040,H,6,0.000071,projetee
2040,H,60,0.006115,projetee
2040,H,61,0.006696,projetee
2040,H,62,0.007307,projetee
2040,H,63,0.008015,projetee
2040,H,64,0.008744,projetee
2040,H,65,0.009589,projetee
2040,H,66,0.010388,projetee
2040,H,67,0.011136,projetee
2040,H,68,0.012062,projetee
2040,H,69,0.012981,projetee
2040,H,7,0.000064,projetee
2040,H,70,0.014141,projetee
2040,H,71,0.015616,projetee
2040,H,72,0.016934,projetee
2040,H,73,0.018166,projetee
2040,H,74,0.019926,projetee
2040,H,75,0.021758,projetee
2040,H,76,0.023478,projetee
2040,H,77,0.025789,projetee
2040,H,78,0.028582,projetee
2040,H,79,0.031778,projetee
2040,H,8,0.000061,projetee
2040,H,80,0.035936,projetee
2040,H,81,0.040029,projetee
2040,H,82,0.044413,projetee
2040,H,83,0.050559,projetee
2040,H,84,0.056833,projetee
2040,H,85,0.064204,projetee
2040,H,86,0.073603,projetee
2040,H,87,0.082079,projetee
2040,H,88,0.090860,projetee
2040,H,89,0.103508,projetee
2040,H,9,0.000061,projetee
2040,H,90,0.118129,projetee
2040,H,91,0.134633,projetee
2040,H,92,0.152558,projetee
2040,H,93,0.168458,projetee
2040,H,94,0.190368,projetee
2040,H,95,0.219274,projetee
2040,H,96,0.245166,projetee
2040,H,97,0.273942,projetee
2040,H,98,0.301136,projetee
2040,H,99,0.326882,projetee
2041,F,0,0.001681,projetee
2041,F,1,0.000299,projetee
2041,F,10,0.000051,projetee
2041,F,100,0.292441,projetee
2041,F,101,0.311798,projetee
2041,F,102,0.330753,projetee
2041,F,103,0.349805,projetee
2041,F,104,0.369044,projetee
2041,F,105,0.388540,projetee
2041,F,106,0.408331,projetee
2041,F,107,0.428347,projetee
2041,F,108,0.448517,projetee
2041,F,109,0.468767,projetee
2041,F,11,0.000053,projetee
2041,F,110,0.489023,projetee
2041,F,111,0.509209,projetee
2041,F,112,0.529252,projetee
2041,F,113,0.549079,projetee
2041,F,114,0.558822,projetee
2041,F,115,0.558822,projetee
2041,F,116,0.558822,projetee
2041,F,117,0.558822,projetee
2041,F,118,0.558822,projetee
2041,F,119,0.558822,projetee
2041,F,12,0.000057,projetee
2041,F,120,0.558822,projetee
2041,F,13,0.000068,projetee
2041,F,14,0.000084,projetee
2041,F,15,0.000101,projetee
2041,F,16,0.000115,projetee
2041,F,17,0.000126,projetee
2041,F,18,0.000139,projetee
2041,F,19,0.000152,projetee
2041,F,2,0.000138,projetee
2041,F,20,0.000163,projetee
2041,F,21,0.000174,projetee
2041,F,22,0.000183,projetee
2041,F,23,0.000187,projetee
2041,F,24,0.000191,projetee
2041,F,25,0.000197,projetee
2041,F,26,0.000202,projetee
2041,F,27,0.000205,projetee
2041,F,28,0.000210,projetee
2041,F,29,0.000223,projetee
2041,F,3,0.000100,projetee
2041,F,30,0.000242,projetee
2041,F,31,0.000259,projetee
2041,F,32,0.000285,projetee
2041,F,33,0.000313,projetee
2041,F,34,0.000337,projetee
2041,F,35,0.000358,projetee
2041,F,36,0.000382,projetee
2041,F,37,0.000415,projetee
2041,F,38,0.000451,projetee
2041,F,39,0.000492,projetee
2041,F,4,0.000077,projetee
2041,F,40,0.000545,projetee
2041,F,41,0.000600,projetee
2041,F,42,0.000658,projetee
2041,F,43,0.000723,projetee
2041,F,44,0.000781,projetee
2041,F,45,0.000847,projetee
2041,F,46,0.000926,projetee
2041,F,47,0.001024,projetee
2041,F,48,0.001135,projetee
2041,F,49,0.001257,projetee
2041,F,5,0.000067,projetee
2041,F,50,0.001402,projetee
2041,F,51,0.001559,projetee
2041,F,52,0.001692,projetee
2041,F,53,0.001795,projetee
2041,F,54,0.001931,projetee
2041,F,55,0.002164,projetee
2041,F,56,0.002398,projetee
2041,F,57,0.002603,projetee
2041,F,58,0.002845,projetee
2041,F,59,0.003102,projetee
2041,F,6,0.000059,projetee
2041,F,60,0.003371,projetee
2041,F,61,0.003645,projetee
2041,F,62,0.004009,projetee
2041,F,63,0.004458,projetee
2041,F,64,0.004891,projetee
2041,F,65,0.005345,projetee
2041,F,66,0.005737,projetee
2041,F,67,0.006032,projetee
2041,F,68,0.006472,projetee
2041,F,69,0.007063,projetee
2041,F,7,0.000053,projetee
2041,F,70,0.007742,projetee
2041,F,71,0.008522,projetee
2041,F,72,0.009371,projetee
2041,F,73,0.010276,projetee
2041,F,74,0.011183,projetee
2041,F,75,0.012288,projetee
2041,F,76,0.013856,projetee
2041,F,77,0.015567,projetee
2041,F,78,0.017894,projetee
2041,F,79,0.020440,projetee
2041,F,8,0.000050,projetee
2041,F,80,0.023297,projetee
2041,F,81,0.027106,projetee
2041,F,82,0.031199,projetee
2041,F,83,0.036153,projetee
2041,F,84,0.042488,projetee
2041,F,85,0.049031,projetee
2041,F,86,0.055469,projetee
2041,F,87,0.063136,projetee
2041,F,88,0.071314,projetee
2041,F,89,0.080679,projetee
2041,F,9,0.000050,projetee
2041,F,90,0.092599,projetee
2041,F,91,0.106285,projetee
2041,F,92,0.121029,projetee
2041,F,93,0.137362,projetee
2041,F,94,0.158397,projetee
2041,F,95,0.181101,projetee
2041,F,96,0.201157,projetee
2041,F,97,0.226611,projetee
2041,F,98,0.250250,projetee
2041,F,99,0.270421,projetee
2041,H,0,0.002085,projetee
2041,H,1,0.000395,projetee
2041,H,10,0.000062,projetee
2041,H,100,0.348061,projetee
2041,H,101,0.363273,projetee
2041,H,102,0.379448,projetee
2041,H,103,0.396058,projetee
2041,H,104,0.412306,projetee
2041,H,105,0.428260,projetee
2041,H,106,0.443948,projetee
2041,H,107,0.459284,projetee
2041,H,108,0.474184,projetee
2041,H,109,0.488562,projetee
2041,H,11,0.000066,projetee
2041,H,110,0.503126,projetee
2041,H,111,0.520159,projetee
2041,H,112,0.539842,projetee
2041,H,113,0.560066,projetee
2041,H,114,0.570839,projetee
2041,H,115,0.571679,projetee
2041,H,116,0.571679,projetee
2041,H,117,0.571679,projetee
2041,H,118,0.571679,projetee
2041,H,119,0.571679,projetee
2041,H,12,0.000073,projetee
2041,H,120,0.571679,projetee
2041,H,13,0.000087,projetee
2041,H,14,0.000114,projetee
2041,H,15,0.000157,projetee
2041,H,16,0.000211,projetee
2041,H,17,0.000267,projetee
2041,H,18,0.000323,projetee
2041,H,19,0.000373,projetee
2041,H,2,0.000177,projetee
2041,H,20,0.000415,projetee
2041,H,21,0.000446,projetee
2041,H,22,0.000458,projetee
2041,H,23,0.000464,projetee
2041,H,24,0.000474,projetee
2041,H,25,0.000489,projetee
2041,H,26,0.000507,projetee
2041,H,27,0.000530,projetee
2041,H,28,0.000556,projetee
2041,H,29,0.000577,projetee
2041,H,3,0.000130,projetee
2041,H,30,0.000595,projetee
2041,H,31,0.000621,projetee
2041,H,32,0.000656,projetee
2041,H,33,0.000685,projetee
2041,H,34,0.000734,projetee
2041,H,35,0.000796,projetee
2041,H,36,0.000845,projetee
2041,H,37,0.000899,projetee
2041,H,38,0.000969,projetee
2041,H,39,0.001045,projetee
2041,H,4,0.000102,projetee
2041,H,40,0.001123,projetee
2041,H,41,0.001212,projetee
2041,H,42,0.001317,projetee
2041,H,43,0.001437,projetee
2041,H,44,0.001545,projetee
2041,H,45,0.001646,projetee
2041,H,46,0.001772,projetee
2041,H,47,0.001926,projetee
2041,H,48,0.002084,projetee
2041,H,49,0.002273,projetee
2041,H,5,0.000081,projetee
2041,H,50,0.002494,projetee
2041,H,51,0.002749,projetee
2041,H,52,0.003061,projetee
2041,H,53,0.003431,projetee
2041,H,54,0.003738,projetee
2041,H,55,0.003942,projetee
2041,H,56,0.004307,projetee
2041,H,57,0.004775,projetee
2041,H,58,0.005237,projetee
2041,H,59,0.005622,projetee
2041,H,6,0.000070,projetee
2041,H,60,0.006015,projetee
2041,H,61,0.006587,projetee
2041,H,62,0.007188,projetee
2041,H,63,0.007885,projetee
2041,H,64,0.008602,projetee
2041,H,65,0.009432,projetee
2041,H,66,0.010219,projetee
2041,H,67,0.010954,projetee
2041,H,68,0.011865,projetee
2041,H,69,0.012769,projetee
2041,H,7,0.000063,projetee
2041,H,70,0.013910,projetee
2041,H,71,0.015362,projetee
2041,H,72,0.016658,projetee
2041,H,73,0.017870,projetee
2041,H,74,0.019601,projetee
2041,H,75,0.021403,projetee
2041,H,76,0.023095,projetee
2041,H,77,0.025368,projetee
2041,H,78,0.028116,projetee
2041,H,79,0.031260,projetee
2041,H,8,0.000060,projetee
2041,H,80,0.035350,projetee
2041,H,81,0.039376,projetee
2041,H,82,0.043688,projetee
2041,H,83,0.049734,projetee
2041,H,84,0.055906,projetee
2041,H,85,0.063416,projetee
2041,H,86,0.072954,projetee
2041,H,87,0.081356,projetee
2041,H,88,0.090059,projetee
2041,H,89,0.102596,projetee
2041,H,9,0.000060,projetee
2041,H,90,0.117087,projetee
2041,H,91,0.133446,projetee
2041,H,92,0.151261,projetee
2041,H,93,0.167591,projetee
2041,H,94,0.190103,projetee
2041,H,95,0.218665,projetee
2041,H,96,0.244030,projetee
2041,H,97,0.273275,projetee
2041,H,98,0.300322,projetee
2041,H,99,0.325366,projetee
2042,F,0,0.001670,projetee
2042,F,1,0.000297,projetee
2042,F,10,0.000051,projetee
2042,F,100,0.291321,projetee
2042,F,101,0.310605,projetee
2042,F,102,0.329487,projetee
2042,F,103,0.348466,projetee
2042,F,104,0.367631,projetee
2042,F,105,0.387053,projetee
2042,F,106,0.406768,projetee
2042,F,107,0.426707,projetee
2042,F,108,0.446800,projetee
2042,F,109,0.466973,projetee
2042,F,11,0.000053,projetee
2042,F,110,0.487151,projetee
2042,F,111,0.507260,projetee
2042,F,112,0.527226,projetee
2042,F,113,0.546977,projetee
2042,F,114,0.556684,projetee
2042,F,115,0.556684,projetee
2042,F,116,0.556684,projetee
2042,F,117,0.556684,projetee
2042,F,118,0.556684,projetee
2042,F,119,0.556684,projetee
2042,F,12,0.000057,projetee
2042,F,120,0.556684,projetee
2042,F,13,0.000067,projetee
2042,F,14,0.000083,projetee
2042,F,15,0.000100,projetee
2042,F,16,0.000113,projetee
2042,F,17,0.000125,projetee
2042,F,18,0.000137,projetee
2042,F,19,0.000150,projetee
2042,F,2,0.000137,projetee
2042,F,20,0.000161,projetee
2042,F,21,0.000172,projetee
2042,F,22,0.000180,projetee
2042,F,23,0.000185,projetee
2042,F,24,0.000188,projetee
2042,F,25,0.000195,projetee
2042,F,26,0.000200,projetee
2042,F,27,0.000202,projetee
2042,F,28,0.000208,projetee
2042,F,29,0.000220,projetee
2042,F,3,0.000099,projetee
2042,F,30,0.000239,projetee
2042,F,31,0.000256,projetee
2042,F,32,0.000282,projetee
2042,F,33,0.000310,projetee
2042,F,34,0.000333,projetee
2042,F,35,0.000354,projetee
2042,F,36,0.000378,projetee
2042,F,37,0.000410,projetee
2042,F,38,0.000445,projetee
2042,F,39,0.000486,projetee
2042,F,4,0.000076,projetee
2042,F,40,0.000538,projetee
2042,F,41,0.000592,projetee
2042,F,42,0.000650,projetee
2042,F,43,0.000714,projetee
2042,F,44,0.000772,projetee
2042,F,45,0.000836,projetee
2042,F,46,0.000915,projetee
2042,F,47,0.001012,projetee
2042,F,48,0.001121,projetee
2042,F,49,0.001242,projetee
2042,F,5,0.000066,projetee
2042,F,50,0.001385,projetee
2042,F,51,0.001541,projetee
2042,F,52,0.001671,projetee
2042,F,53,0.001774,projetee
2042,F,54,0.001908,projetee
2042,F,55,0.002138,projetee
2042,F,56,0.002369,projetee
2042,F,57,0.002572,projetee
2042,F,58,0.002810,projetee
2042,F,59,0.003064,projetee
2042,F,6,0.000058,projetee
2042,F,60,0.003330,projetee
2042,F,61,0.003601,projetee
2042,F,62,0.003960,projetee
2042,F,63,0.004404,projetee
2042,F,64,0.004831,projetee
2042,F,65,0.005280,projetee
2042,F,66,0.005668,projetee
2042,F,67,0.005959,projetee
2042,F,68,0.006394,projetee
2042,F,69,0.006978,projetee
2042,F,7,0.000052,projetee
2042,F,70,0.007648,projetee
2042,F,71,0.008419,projetee
2042,F,72,0.009257,projetee
2042,F,73,0.010152,projetee
2042,F,74,0.011048,projetee
2042,F,75,0.012140,projetee
2042,F,76,0.013689,projetee
2042,F,77,0.015379,projetee
2042,F,78,0.017678,projetee
2042,F,79,0.020193,projetee
2042,F,8,0.000049,projetee
2042,F,80,0.023015,projetee
2042,F,81,0.026778,projetee
2042,F,82,0.030822,projetee
2042,F,83,0.035716,projetee
2042,F,84,0.041974,projetee
2042,F,85,0.048439,projetee
2042,F,86,0.055138,projetee
2042,F,87,0.063100,projetee
2042,F,88,0.071273,projetee
2042,F,89,0.080632,projetee
2042,F,9,0.000050,projetee
2042,F,90,0.092545,projetee
2042,F,91,0.106223,projetee
2042,F,92,0.120959,projetee
2042,F,93,0.137283,projetee
2042,F,94,0.158306,projetee
2042,F,95,0.180996,projetee
2042,F,96,0.201041,projetee
2042,F,97,0.226479,projetee
2042,F,98,0.250105,projetee
2042,F,99,0.269798,projetee
2042,H,0,0.002067,projetee
2042,H,1,0.000391,projetee
2042,H,10,0.000061,projetee
2042,H,100,0.346448,projetee
2042,H,101,0.361741,projetee
2042,H,102,0.377996,projetee
2042,H,103,0.394543,projetee
2042,H,104,0.410728,projetee
2042,H,105,0.426621,projetee
2042,H,106,0.442249,projetee
2042,H,107,0.457527,projetee
2042,H,108,0.472369,projetee
2042,H,109,0.486692,projetee
2042,H,11,0.000065,projetee
2042,H,110,0.500991,projetee
2042,H,111,0.517966,projetee
2042,H,112,0.537775,projetee
2042,H,113,0.557922,projetee
2042,H,114,0.568424,projetee
2042,H,115,0.569030,projetee
2042,H,116,0.569030,projetee
2042,H,117,0.569030,projetee
2042,H,118,0.569030,projetee
2042,H,119,0.569030,projetee
2042,H,12,0.000072,projetee
2042,H,120,0.569030,projetee
2042,H,13,0.000086,projetee
2042,H,14,0.000112,projetee
2042,H,15,0.000154,projetee
2042,H,16,0.000208,projetee
2042,H,17,0.000263,projetee
2042,H,18,0.000318,projetee
2042,H,19,0.000367,projetee
2042,H,2,0.000175,projetee
2042,H,20,0.000409,projetee
2042,H,21,0.000438,projetee
2042,H,22,0.000451,projetee
2042,H,23,0.000457,projetee
2042,H,24,0.000466,projetee
2042,H,25,0.000481,projetee
2042,H,26,0.000499,projetee
2042,H,27,0.000521,projetee
2042,H,28,0.000547,projetee
2042,H,29,0.000568,projetee
2042,H,3,0.000129,projetee
2042,H,30,0.000585,projetee
2042,H,31,0.000610,projetee
2042,H,32,0.000645,projetee
2042,H,33,0.000674,projetee
2042,H,34,0.000722,projetee
2042,H,35,0.000783,projetee
2042,H,36,0.000831,projetee
2042,H,37,0.000884,projetee
2042,H,38,0.000953,projetee
2042,H,39,0.001028,projetee
2042,H,4,0.000101,projetee
2042,H,40,0.001105,projetee
2042,H,41,0.001193,projetee
2042,H,42,0.001295,projetee
2042,H,43,0.001413,projetee
2042,H,44,0.001520,projetee
2042,H,45,0.001619,projetee
2042,H,46,0.001743,projetee
2042,H,47,0.001895,projetee
2042,H,48,0.002050,projetee
2042,H,49,0.002235,projetee
2042,H,5,0.000080,projetee
2042,H,50,0.002454,projetee
2042,H,51,0.002704,projetee
2042,H,52,0.003011,projetee
2042,H,53,0.003375,projetee
2042,H,54,0.003677,projetee
2042,H,55,0.003878,projetee
2042,H,56,0.004236,projetee
2042,H,57,0.004697,projetee
2042,H,58,0.005151,projetee
2042,H,59,0.005531,projetee
2042,H,6,0.000070,projetee
2042,H,60,0.005917,projetee
2042,H,61,0.006479,projetee
2042,H,62,0.007071,projetee
2042,H,63,0.007756,projetee
2042,H,64,0.008461,projetee
2042,H,65,0.009279,projetee
2042,H,66,0.010052,projetee
2042,H,67,0.010776,projetee
2042,H,68,0.011671,projetee
2042,H,69,0.012561,projetee
2042,H,7,0.000063,projetee
2042,H,70,0.013683,projetee
2042,H,71,0.015111,projetee
2042,H,72,0.016386,projetee
2042,H,73,0.017578,projetee
2042,H,74,0.019281,projetee
2042,H,75,0.021054,projetee
2042,H,76,0.022719,projetee
2042,H,77,0.024955,projetee
2042,H,78,0.027657,projetee
2042,H,79,0.030750,projetee
2042,H,8,0.000059,projetee
2042,H,80,0.034773,projetee
2042,H,81,0.038734,projetee
2042,H,82,0.042976,projetee
2042,H,83,0.048923,projetee
2042,H,84,0.054994,projetee
2042,H,85,0.062393,projetee
2042,H,86,0.072068,projetee
2042,H,87,0.080639,projetee
2042,H,88,0.089266,projetee
2042,H,89,0.101691,projetee
2042,H,9,0.000060,projetee
2042,H,90,0.116055,projetee
2042,H,91,0.132269,projetee
2042,H,92,0.149975,projetee
2042,H,93,0.166890,projetee
2042,H,94,0.189993,projetee
2042,H,95,0.218058,projetee
2042,H,96,0.242899,projetee
2042,H,97,0.272612,projetee
2042,H,98,0.300140,projetee
2042,H,99,0.324465,projetee
2043,F,0,0.001660,projetee
2043,F,1,0.000295,projetee
2043,F,10,0.000050,projetee
2043,F,100,0.290657,projetee
2043,F,101,0.309416,projetee
2043,F,102,0.328226,projetee
2043,F,103,0.347132,projetee
2043,F,104,0.366224,projetee
2043,F,105,0.385572,projetee
2043,F,106,0.405211,projetee
2043,F,107,0.425074,projetee
2043,F,108,0.445090,projetee
2043,F,109,0.465185,projetee
2043,F,11,0.000052,projetee
2043,F,110,0.485287,projetee
2043,F,111,0.505319,projetee
2043,F,112,0.525208,projetee
2043,F,113,0.544884,projetee
2043,F,114,0.554554,projetee
2043,F,115,0.554554,projetee
2043,F,116,0.554554,projetee
2043,F,117,0.554554,projetee
2043,F,118,0.554554,projetee
2043,F,119,0.554554,projetee
2043,F,12,0.000056,projetee
2043,F,120,0.554554,projetee
2043,F,13,0.000066,projetee
2043,F,14,0.000082,projetee
2043,F,15,0.000099,projetee
2043,F,16,0.000112,projetee
2043,F,17,0.000123,projetee
2043,F,18,0.000135,projetee
2043,F,19,0.000148,projetee
2043,F,2,0.000136,projetee
2043,F,20,0.000159,projetee
2043,F,21,0.000169,projetee
2043,F,22,0.000178,projetee
2043,F,23,0.000183,projetee
2043,F,24,0.000186,projetee
2043,F,25,0.000192,projetee
2043,F,26,0.000197,projetee
2043,F,27,0.000200,projetee
2043,F,28,0.000205,projetee
2043,F,29,0.000217,projetee
2043,F,3,0.000098,projetee
2043,F,30,0.000236,projetee
2043,F,31,0.000253,projetee
2043,F,32,0.000278,projetee
2043,F,33,0.000306,projetee
2043,F,34,0.000329,projetee
2043,F,35,0.000350,projetee
2043,F,36,0.000373,projetee
2043,F,37,0.000405,projetee
2043,F,38,0.000440,projetee
2043,F,39,0.000481,projetee
2043,F,4,0.000075,projetee
2043,F,40,0.000532,projetee
2043,F,41,0.000585,projetee
2043,F,42,0.000642,projetee
2043,F,43,0.000705,projetee
2043,F,44,0.000762,projetee
2043,F,45,0.000826,projetee
2043,F,46,0.000904,projetee
2043,F,47,0.001000,projetee
2043,F,48,0.001108,projetee
2043,F,49,0.001227,projetee
2043,F,5,0.000065,projetee
2043,F,50,0.001368,projetee
2043,F,51,0.001522,projetee
2043,F,52,0.001651,projetee
2043,F,53,0.001752,projetee
2043,F,54,0.001885,projetee
2043,F,55,0.002112,projetee
2043,F,56,0.002340,projetee
2043,F,57,0.002541,projetee
2043,F,58,0.002776,projetee
2043,F,59,0.003027,projetee
2043,F,6,0.000057,projetee
2043,F,60,0.003290,projetee
2043,F,61,0.003558,projetee
2043,F,62,0.003912,projetee
2043,F,63,0.004351,projetee
2043,F,64,0.004773,projetee
2043,F,65,0.005216,projetee
2043,F,66,0.005599,projetee
2043,F,67,0.005887,projetee
2043,F,68,0.006317,projetee
2043,F,69,0.006893,projetee
2043,F,7,0.000052,projetee
2043,F,70,0.007556,projetee
2043,F,71,0.008317,projetee
2043,F,72,0.009146,projetee
2043,F,73,0.010029,projetee
2043,F,74,0.010914,projetee
2043,F,75,0.011993,projetee
2043,F,76,0.013523,projetee
2043,F,77,0.015193,projetee
2043,F,78,0.017464,projetee
2043,F,79,0.019949,projetee
2043,F,8,0.000049,projetee
2043,F,80,0.022737,projetee
2043,F,81,0.026454,projetee
2043,F,82,0.030449,projetee
2043,F,83,0.035284,projetee
2043,F,84,0.041466,projetee
2043,F,85,0.047853,projetee
2043,F,86,0.054471,projetee
2043,F,87,0.062726,projetee
2043,F,88,0.071231,projetee
2043,F,89,0.080585,projetee
2043,F,9,0.000049,projetee
2043,F,90,0.092491,projetee
2043,F,91,0.106162,projetee
2043,F,92,0.120889,projetee
2043,F,93,0.137203,projetee
2043,F,94,0.158214,projetee
2043,F,95,0.180892,projetee
2043,F,96,0.200925,projetee
2043,F,97,0.226348,projetee
2043,F,98,0.249960,projetee
2043,F,99,0.269642,projetee
2043,H,0,0.002050,projetee
2043,H,1,0.000387,projetee
2043,H,10,0.000060,projetee
2043,H,100,0.344843,projetee
2043,H,101,0.360216,projetee
2043,H,102,0.376549,projetee
2043,H,103,0.393033,projetee
2043,H,104,0.409157,projetee
2043,H,105,0.424988,projetee
2043,H,106,0.440557,projetee
2043,H,107,0.455776,projetee
2043,H,108,0.470561,projetee
2043,H,109,0.484829,projetee
2043,H,11,0.000064,projetee
2043,H,110,0.498866,projetee
2043,H,111,0.515782,projetee
2043,H,112,0.535717,projetee
2043,H,113,0.555786,projetee
2043,H,114,0.566019,projetee
2043,H,115,0.566394,projetee
2043,H,116,0.566394,projetee
2043,H,117,0.566394,projetee
2043,H,118,0.566394,projetee
2043,H,119,0.566394,projetee
2043,H,12,0.000071,projetee
2043,H,120,0.566394,projetee
2043,H,13,0.000084,projetee
2043,H,14,0.000110,projetee
2043,H,15,0.000152,projetee
2043,H,16,0.000204,projetee
2043,H,17,0.000258,projetee
2043,H,18,0.000313,projetee
2043,H,19,0.000361,projetee
2043,H,2,0.000173,projetee
2043,H,20,0.000402,projetee
2043,H,21,0.000431,projetee
2043,H,22,0.000443,projetee
2043,H,23,0.000449,projetee
2043,H,24,0.000458,projetee
2043,H,25,0.000473,projetee
2043,H,26,0.000491,projetee
2043,H,27,0.000512,projetee
2043,H,28,0.000538,projetee
2043,H,29,0.000558,projetee
2043,H,3,0.000127,projetee
2043,H,30,0.000576,projetee
2043,H,31,0.000601,projetee
2043,H,32,0.000635,projetee
2043,H,33,0.000663,projetee
2043,H,34,0.000710,projetee
2043,H,35,0.000770,projetee
2043,H,36,0.000818,projetee
2043,H,37,0.000870,projetee
2043,H,38,0.000938,projetee
2043,H,39,0.001011,projetee
2043,H,4,0.000099,projetee
2043,H,40,0.001087,projetee
2043,H,41,0.001173,projetee
2043,H,42,0.001274,projetee
2043,H,43,0.001390,projetee
2043,H,44,0.001495,projetee
2043,H,45,0.001592,projetee
2043,H,46,0.001714,projetee
2043,H,47,0.001864,projetee
2043,H,48,0.002016,projetee
2043,H,49,0.002199,projetee
2043,H,5,0.000079,projetee
2043,H,50,0.002414,projetee
2043,H,51,0.002660,projetee
2043,H,52,0.002962,projetee
2043,H,53,0.003320,projetee
2043,H,54,0.003617,projetee
2043,H,55,0.003815,projetee
2043,H,56,0.004167,projetee
2043,H,57,0.004620,projetee
2043,H,58,0.005067,projetee
2043,H,59,0.005440,projetee
2043,H,6,0.000069,projetee
2043,H,60,0.005821,projetee
2043,H,61,0.006373,projetee
2043,H,62,0.006955,projetee
2043,H,63,0.007630,projetee
2043,H,64,0.008323,projetee
2043,H,65,0.009127,projetee
2043,H,66,0.009888,projetee
2043,H,67,0.010600,projetee
2043,H,68,0.011481,projetee
2043,H,69,0.012356,projetee
2043,H,7,0.000062,projetee
2043,H,70,0.013460,projetee
2043,H,71,0.014865,projetee
2043,H,72,0.016119,projetee
2043,H,73,0.017291,projetee
2043,H,74,0.018966,projetee
2043,H,75,0.020711,projetee
2043,H,76,0.022348,projetee
2043,H,77,0.024548,projetee
2043,H,78,0.027206,projetee
2043,H,79,0.030248,projetee
2043,H,8,0.000059,projetee
2043,H,80,0.034206,projetee
2043,H,81,0.038102,projetee
2043,H,82,0.042275,projetee
2043,H,83,0.048125,projetee
2043,H,84,0.054097,projetee
2043,H,85,0.061386,projetee
2043,H,86,0.070957,projetee
2043,H,87,0.079694,projetee
2043,H,88,0.088479,projetee
2043,H,89,0.100795,projetee
2043,H,9,0.000059,projetee
2043,H,90,0.115032,projetee
2043,H,91,0.131103,projetee
2043,H,92,0.148701,projetee
2043,H,93,0.166194,projetee
2043,H,94,0.189883,projetee
2043,H,95,0.217455,projetee
2043,H,96,0.241773,projetee
2043,H,97,0.271951,projetee
2043,H,98,0.299967,projetee
2043,H,99,0.323575,projetee
2044,F,0,0.001650,projetee
2044,F,1,0.000293,projetee
2044,F,10,0.000049,projetee
2044,F,100,0.290489,projetee
2044,F,101,0.308713,projetee
2044,F,102,0.326970,projetee
2044,F,103,0.345804,projetee
2044,F,104,0.364823,projetee
2044,F,105,0.384096,projetee
2044,F,106,0.403660,projetee
2044,F,107,0.423447,projetee
2044,F,108,0.443386,projetee
2044,F,109,0.463405,projetee
2044,F,11,0.000051,projetee
2044,F,110,0.483429,projetee
2044,F,111,0.503384,projetee
2044,F,112,0.523198,projetee
2044,F,113,0.542798,projetee
2044,F,114,0.552432,projetee
2044,F,115,0.552432,projetee
2044,F,116,0.552432,projetee
2044,F,117,0.552432,projetee
2044,F,118,0.552432,projetee
2044,F,119,0.552432,projetee
2044,F,12,0.000055,projetee
2044,F,120,0.552432,projetee
2044,F,13,0.000065,projetee
2044,F,14,0.000081,projetee
2044,F,15,0.000098,projetee
2044,F,16,0.000111,projetee
2044,F,17,0.000122,projetee
2044,F,18,0.000134,projetee
2044,F,19,0.000146,projetee
2044,F,2,0.000135,projetee
2044,F,20,0.000157,projetee
2044,F,21,0.000167,projetee
2044,F,22,0.000176,projetee
2044,F,23,0.000181,projetee
2044,F,24,0.000184,projetee
2044,F,25,0.000190,projetee
2044,F,26,0.000195,projetee
2044,F,27,0.000198,projetee
2044,F,28,0.000203,projetee
2044,F,29,0.000215,projetee
2044,F,3,0.000097,projetee
2044,F,30,0.000233,projetee
2044,F,31,0.000250,projetee
2044,F,32,0.000275,projetee
2044,F,33,0.000302,projetee
2044,F,34,0.000325,projetee
2044,F,35,0.000345,projetee
2044,F,36,0.000369,projetee
2044,F,37,0.000401,projetee
2044,F,38,0.000434,projetee
2044,F,39,0.000475,projetee
2044,F,4,0.000075,projetee
2044,F,40,0.000525,projetee
2044,F,41,0.000578,projetee
2044,F,42,0.000634,projetee
2044,F,43,0.000697,projetee
2044,F,44,0.000753,projetee
2044,F,45,0.000816,projetee
2044,F,46,0.000893,projetee
2044,F,47,0.000988,projetee
2044,F,48,0.001094,projetee
2044,F,49,0.001212,projetee
2044,F,5,0.000064,projetee
2044,F,50,0.001352,projetee
2044,F,51,0.001504,projetee
2044,F,52,0.001631,projetee
2044,F,53,0.001731,projetee
2044,F,54,0.001862,projetee
2044,F,55,0.002086,projetee
2044,F,56,0.002312,projetee
2044,F,57,0.002510,projetee
2044,F,58,0.002743,projetee
2044,F,59,0.002990,projetee
2044,F,6,0.000057,projetee
2044,F,60,0.003250,projetee
2044,F,61,0.003515,projetee
2044,F,62,0.003865,projetee
2044,F,63,0.004298,projetee
2044,F,64,0.004715,projetee
2044,F,65,0.005153,projetee
2044,F,66,0.005532,projetee
2044,F,67,0.005815,projetee
2044,F,68,0.006240,projetee
2044,F,69,0.006810,projetee
2044,F,7,0.000051,projetee
2044,F,70,0.007464,projetee
2044,F,71,0.008217,projetee
2044,F,72,0.009035,projetee
2044,F,73,0.009908,projetee
2044,F,74,0.010782,projetee
2044,F,75,0.011848,projetee
2044,F,76,0.013360,projetee
2044,F,77,0.015009,projetee
2044,F,78,0.017253,projetee
2044,F,79,0.019708,projetee
2044,F,8,0.000048,projetee
2044,F,80,0.022462,projetee
2044,F,81,0.026134,projetee
2044,F,82,0.030081,projetee
2044,F,83,0.034858,projetee
2044,F,84,0.040965,projetee
2044,F,85,0.047274,projetee
2044,F,86,0.053813,projetee
2044,F,87,0.061968,projetee
2044,F,88,0.070804,projetee
2044,F,89,0.080539,projetee
2044,F,9,0.000048,projetee
2044,F,90,0.092438,projetee
2044,F,91,0.106100,projetee
2044,F,92,0.120819,projetee
2044,F,93,0.137124,projetee
2044,F,94,0.158122,projetee
2044,F,95,0.180787,projetee
2044,F,96,0.200808,projetee
2044,F,97,0.226217,projetee
2044,F,98,0.249816,projetee
2044,F,99,0.269486,projetee
2044,H,0,0.002033,projetee
2044,H,1,0.000383,projetee
2044,H,10,0.000059,projetee
2044,H,100,0.343346,projetee
2044,H,101,0.358796,projetee
2044,H,102,0.375108,projetee
2044,H,103,0.391529,projetee
2044,H,104,0.407591,projetee
2044,H,105,0.423362,projetee
2044,H,106,0.438871,projetee
2044,H,107,0.454032,projetee
2044,H,108,0.468760,projetee
2044,H,109,0.482974,projetee
2044,H,11,0.000063,projetee
2044,H,110,0.496750,projetee
2044,H,111,0.513608,projetee
2044,H,112,0.533666,projetee
2044,H,113,0.553659,projetee
2044,H,114,0.563625,projetee
2044,H,115,0.563770,projetee
2044,H,116,0.563770,projetee
2044,H,117,0.563770,projetee
2044,H,118,0.563770,projetee
2044,H,119,0.563770,projetee
2044,H,12,0.000070,projetee
2044,H,120,0.563770,projetee
2044,H,13,0.000083,projetee
2044,H,14,0.000108,projetee
2044,H,15,0.000149,projetee
2044,H,16,0.000201,projetee
2044,H,17,0.000254,projetee
2044,H,18,0.000308,projetee
2044,H,19,0.000355,projetee
2044,H,2,0.000172,projetee
2044,H,20,0.000395,projetee
2044,H,21,0.000424,projetee
2044,H,22,0.000436,projetee
2044,H,23,0.000442,projetee
2044,H,24,0.000451,projetee
2044,H,25,0.000465,projetee
2044,H,26,0.000483,projetee
2044,H,27,0.000504,projetee
2044,H,28,0.000529,projetee
2044,H,29,0.000549,projetee
2044,H,3,0.000125,projetee
2044,H,30,0.000566,projetee
2044,H,31,0.000591,projetee
2044,H,32,0.000624,projetee
2044,H,33,0.000652,projetee
2044,H,34,0.000699,projetee
2044,H,35,0.000758,projetee
2044,H,36,0.000804,projetee
2044,H,37,0.000856,projetee
2044,H,38,0.000922,projetee
2044,H,39,0.000995,projetee
2044,H,4,0.000098,projetee
2044,H,40,0.001069,projetee
2044,H,41,0.001154,projetee
2044,H,42,0.001253,projetee
2044,H,43,0.001368,projetee
2044,H,44,0.001471,projetee
2044,H,45,0.001566,projetee
2044,H,46,0.001686,projetee
2044,H,47,0.001834,projetee
2044,H,48,0.001983,projetee
2044,H,49,0.002163,projetee
2044,H,5,0.000078,projetee
2044,H,50,0.002374,projetee
2044,H,51,0.002616,projetee
2044,H,52,0.002913,projetee
2044,H,53,0.003266,projetee
2044,H,54,0.003558,projetee
2044,H,55,0.003753,projetee
2044,H,56,0.004099,projetee
2044,H,57,0.004545,projetee
2044,H,58,0.004985,projetee
2044,H,59,0.005352,projetee
2044,H,6,0.000068,projetee
2044,H,60,0.005726,projetee
2044,H,61,0.006269,projetee
2044,H,62,0.006842,projetee
2044,H,63,0.007505,projetee
2044,H,64,0.008188,projetee
2044,H,65,0.008978,projetee
2044,H,66,0.009727,projetee
2044,H,67,0.010427,projetee
2044,H,68,0.011294,projetee
2044,H,69,0.012154,projetee
2044,H,7,0.000061,projetee
2044,H,70,0.013241,projetee
2044,H,71,0.014622,projetee
2044,H,72,0.015856,projetee
2044,H,73,0.017009,projetee
2044,H,74,0.018657,projetee
2044,H,75,0.020373,projetee
2044,H,76,0.021984,projetee
2044,H,77,0.024147,projetee
2044,H,78,0.026762,projetee
2044,H,79,0.029755,projetee
2044,H,8,0.000058,projetee
2044,H,80,0.033648,projetee
2044,H,81,0.037481,projetee
2044,H,82,0.041585,projetee
2044,H,83,0.047340,projetee
2044,H,84,0.053214,projetee
2044,H,85,0.060395,projetee
2044,H,86,0.069863,projetee
2044,H,87,0.078540,projetee
2044,H,88,0.087481,projetee
2044,H,89,0.099906,projetee
2044,H,9,0.000058,projetee
2044,H,90,0.114018,projetee
2044,H,91,0.129947,projetee
2044,H,92,0.147437,projetee
2044,H,93,0.165504,projetee
2044,H,94,0.189773,projetee
2044,H,95,0.216965,projetee
2044,H,96,0.240988,projetee
2044,H,97,0.271514,projetee
2044,H,98,0.299793,projetee
2044,H,99,0.322689,projetee
2045,F,0,0.001640,projetee
2045,F,1,0.000291,projetee
2045,F,10,0.000049,projetee
2045,F,100,0.290321,projetee
2045,F,101,0.308534,projetee
2045,F,102,0.326228,projetee
2045,F,103,0.344480,projetee
2045,F,104,0.363426,projetee
2045,F,105,0.382626,projetee
2045,F,106,0.402115,projetee
2045,F,107,0.421826,projetee
2045,F,108,0.441689,projetee
2045,F,109,0.461631,projetee
2045,F,11,0.000051,projetee
2045,F,110,0.481579,projetee
2045,F,111,0.501458,projetee
2045,F,112,0.521195,projetee
2045,F,113,0.540720,projetee
2045,F,114,0.550318,projetee
2045,F,115,0.550318,projetee
2045,F,116,0.550318,projetee
2045,F,117,0.550318,projetee
2045,F,118,0.550318,projetee
2045,F,119,0.550318,projetee
2045,F,12,0.000055,projetee
2045,F,120,0.550318,projetee
2045,F,13,0.000064,projetee
2045,F,14,0.000080,projetee
2045,F,15,0.000097,projetee
2045,F,16,0.000109,projetee
2045,F,17,0.000120,projetee
2045,F,18,0.000132,projetee
2045,F,19,0.000144,projetee
2045,F,2,0.000134,projetee
2045,F,20,0.000155,projetee
2045,F,21,0.000165,projetee
2045,F,22,0.000174,projetee
2045,F,23,0.000179,projetee
2045,F,24,0.000182,projetee
2045,F,25,0.000188,projetee
2045,F,26,0.000193,projetee
2045,F,27,0.000195,projetee
2045,F,28,0.000200,projetee
2045,F,29,0.000212,projetee
2045,F,3,0.000096,projetee
2045,F,30,0.000230,projetee
2045,F,31,0.000247,projetee
2045,F,32,0.000272,projetee
2045,F,33,0.000299,projetee
2045,F,34,0.000321,projetee
2045,F,35,0.000341,projetee
2045,F,36,0.000364,projetee
2045,F,37,0.000396,projetee
2045,F,38,0.000429,projetee
2045,F,39,0.000469,projetee
2045,F,4,0.000074,projetee
2045,F,40,0.000519,projetee
2045,F,41,0.000571,projetee
2045,F,42,0.000627,projetee
2045,F,43,0.000689,projetee
2045,F,44,0.000744,projetee
2045,F,45,0.000806,projetee
2045,F,46,0.000882,projetee
2045,F,47,0.000976,projetee
2045,F,48,0.001081,projetee
2045,F,49,0.001198,projetee
2045,F,5,0.000064,projetee
2045,F,50,0.001335,projetee
2045,F,51,0.001485,projetee
2045,F,52,0.001612,projetee
2045,F,53,0.001710,projetee
2045,F,54,0.001840,projetee
2045,F,55,0.002061,projetee
2045,F,56,0.002284,projetee
2045,F,57,0.002480,projetee
2045,F,58,0.002709,projetee
2045,F,59,0.002954,projetee
2045,F,6,0.000056,projetee
2045,F,60,0.003211,projetee
2045,F,61,0.003472,projetee
2045,F,62,0.003818,projetee
2045,F,63,0.004246,projetee
2045,F,64,0.004658,projetee
2045,F,65,0.005091,projetee
2045,F,66,0.005465,projetee
2045,F,67,0.005745,projetee
2045,F,68,0.006165,projetee
2045,F,69,0.006728,projetee
2045,F,7,0.000050,projetee
2045,F,70,0.007374,projetee
2045,F,71,0.008117,projetee
2045,F,72,0.008926,projetee
2045,F,73,0.009788,projetee
2045,F,74,0.010652,projetee
2045,F,75,0.011705,projetee
2045,F,76,0.013198,projetee
2045,F,77,0.014828,projetee
2045,F,78,0.017044,projetee
2045,F,79,0.019469,projetee
2045,F,8,0.000048,projetee
2045,F,80,0.022190,projetee
2045,F,81,0.025818,projetee
2045,F,82,0.029717,projetee
2045,F,83,0.034436,projetee
2045,F,84,0.040470,projetee
2045,F,85,0.046702,projetee
2045,F,86,0.053162,projetee
2045,F,87,0.061218,projetee
2045,F,88,0.069948,projetee
2045,F,89,0.080063,projetee
2045,F,9,0.000048,projetee
2045,F,90,0.092384,projetee
2045,F,91,0.106039,projetee
2045,F,92,0.120749,projetee
2045,F,93,0.137045,projetee
2045,F,94,0.158031,projetee
2045,F,95,0.180682,projetee
2045,F,96,0.200692,projetee
2045,F,97,0.226086,projetee
2045,F,98,0.249671,projetee
2045,F,99,0.269330,projetee
2045,H,0,0.002016,projetee
2045,H,1,0.000380,projetee
2045,H,10,0.000058,projetee
2045,H,100,0.342475,projetee
2045,H,101,0.358588,projetee
2045,H,102,0.374261,projetee
2045,H,103,0.390030,projetee
2045,H,104,0.406031,projetee
2045,H,105,0.421742,projetee
2045,H,106,0.437191,projetee
2045,H,107,0.452294,projetee
2045,H,108,0.466966,projetee
2045,H,109,0.481126,projetee
2045,H,11,0.000062,projetee
2045,H,110,0.494692,projetee
2045,H,111,0.511491,projetee
2045,H,112,0.531623,projetee
2045,H,113,0.551539,projetee
2045,H,114,0.561325,projetee
2045,H,115,0.561325,projetee
2045,H,116,0.561325,projetee
2045,H,117,0.561325,projetee
2045,H,118,0.561325,projetee
2045,H,119,0.561325,projetee
2045,H,12,0.000069,projetee
2045,H,120,0.561325,projetee
2045,H,13,0.000082,projetee
2045,H,14,0.000106,projetee
2045,H,15,0.000147,projetee
2045,H,16,0.000198,projetee
2045,H,17,0.000250,projetee
2045,H,18,0.000303,projetee
2045,H,19,0.000349,projetee
2045,H,2,0.000170,projetee
2045,H,20,0.000389,projetee
2045,H,21,0.000417,projetee
2045,H,22,0.000429,projetee
2045,H,23,0.000435,projetee
2045,H,24,0.000444,projetee
2045,H,25,0.000458,projetee
2045,H,26,0.000475,projetee
2045,H,27,0.000496,projetee
2045,H,28,0.000520,projetee
2045,H,29,0.000540,projetee
2045,H,3,0.000124,projetee
2045,H,30,0.000557,projetee
2045,H,31,0.000581,projetee
2045,H,32,0.000614,projetee
2045,H,33,0.000642,projetee
2045,H,34,0.000687,projetee
2045,H,35,0.000745,projetee
2045,H,36,0.000791,projetee
2045,H,37,0.000842,projetee
2045,H,38,0.000907,projetee
2045,H,39,0.000979,projetee
2045,H,4,0.000097,projetee
2045,H,40,0.001052,projetee
2045,H,41,0.001135,projetee
2045,H,42,0.001233,projetee
2045,H,43,0.001345,projetee
2045,H,44,0.001447,projetee
2045,H,45,0.001541,projetee
2045,H,46,0.001659,projetee
2045,H,47,0.001804,projetee
2045,H,48,0.001951,projetee
2045,H,49,0.002128,projetee
2045,H,5,0.000077,projetee
2045,H,50,0.002335,projetee
2045,H,51,0.002574,projetee
2045,H,52,0.002866,projetee
2045,H,53,0.003213,projetee
2045,H,54,0.003500,projetee
2045,H,55,0.003691,projetee
2045,H,56,0.004033,projetee
2045,H,57,0.004471,projetee
2045,H,58,0.004903,projetee
2045,H,59,0.005264,projetee
2045,H,6,0.000067,projetee
2045,H,60,0.005632,projetee
2045,H,61,0.006167,projetee
2045,H,62,0.006730,projetee
2045,H,63,0.007383,projetee
2045,H,64,0.008054,projetee
2045,H,65,0.008832,projetee
2045,H,66,0.009568,projetee
2045,H,67,0.010257,projetee
2045,H,68,0.011110,projetee
2045,H,69,0.011956,projetee
2045,H,7,0.000060,projetee
2045,H,70,0.013025,projetee
2045,H,71,0.014384,projetee
2045,H,72,0.015597,projetee
2045,H,73,0.016732,projetee
2045,H,74,0.018353,projetee
2045,H,75,0.020041,projetee
2045,H,76,0.021625,projetee
2045,H,77,0.023753,projetee
2045,H,78,0.026326,projetee
2045,H,79,0.029270,projetee
2045,H,8,0.000057,projetee
2045,H,80,0.033099,projetee
2045,H,81,0.036869,projetee
2045,H,82,0.040907,projetee
2045,H,83,0.046568,projetee
2045,H,84,0.052346,projetee
2045,H,85,0.059421,projetee
2045,H,86,0.068786,projetee
2045,H,87,0.077403,projetee
2045,H,88,0.086301,projetee
2045,H,89,0.098835,projetee
2045,H,9,0.000057,projetee
2045,H,90,0.113013,projetee
2045,H,91,0.128802,projetee
2045,H,92,0.146184,projetee
2045,H,93,0.164820,projetee
2045,H,94,0.189663,projetee
2045,H,95,0.216839,projetee
2045,H,96,0.240849,projetee
2045,H,97,0.271356,projetee
2045,H,98,0.299620,projetee
2045,H,99,0.321809,projetee
2046,F,0,0.001629,projetee
2046,F,1,0.000289,projetee
2046,F,10,0.000048,projetee
2046,F,100,0.290153,projetee
2046,F,101,0.308356,projetee
2046,F,102,0.326039,projetee
2046,F,103,0.343698,projetee
2046,F,104,0.362036,projetee
2046,F,105,0.381162,projetee
2046,F,106,0.400576,projetee
2046,F,107,0.420212,projetee
2046,F,108,0.439999,projetee
2046,F,109,0.459864,projetee
2046,F,11,0.000050,projetee
2046,F,110,0.479735,projetee
2046,F,111,0.499538,projetee
2046,F,112,0.519200,projetee
2046,F,113,0.538651,projetee
2046,F,114,0.548213,projetee
2046,F,115,0.548213,projetee
2046,F,116,0.548213,projetee
2046,F,117,0.548213,projetee
2046,F,118,0.548213,projetee
2046,F,119,0.548213,projetee
2046,F,12,0.000054,projetee
2046,F,120,0.548213,projetee
2046,F,13,0.000064,projetee
2046,F,14,0.000079,projetee
2046,F,15,0.000095,projetee
2046,F,16,0.000108,projetee
2046,F,17,0.000119,projetee
2046,F,18,0.000131,projetee
2046,F,19,0.000143,projetee
2046,F,2,0.000133,projetee
2046,F,20,0.000154,projetee
2046,F,21,0.000163,projetee
2046,F,22,0.000172,projetee
2046,F,23,0.000176,projetee
2046,F,24,0.000179,projetee
2046,F,25,0.000186,projetee
2046,F,26,0.000190,projetee
2046,F,27,0.000193,projetee
2046,F,28,0.000198,projetee
2046,F,29,0.000210,projetee
2046,F,3,0.000095,projetee
2046,F,30,0.000227,projetee
2046,F,31,0.000244,projetee
2046,F,32,0.000268,projetee
2046,F,33,0.000295,projetee
2046,F,34,0.000317,projetee
2046,F,35,0.000337,projetee
2046,F,36,0.000360,projetee
2046,F,37,0.000391,projetee
2046,F,38,0.000424,projetee
2046,F,39,0.000463,projetee
2046,F,4,0.000073,projetee
2046,F,40,0.000512,projetee
2046,F,41,0.000564,projetee
2046,F,42,0.000619,projetee
2046,F,43,0.000680,projetee
2046,F,44,0.000735,projetee
2046,F,45,0.000797,projetee
2046,F,46,0.000871,projetee
2046,F,47,0.000964,projetee
2046,F,48,0.001068,projetee
2046,F,49,0.001183,projetee
2046,F,5,0.000063,projetee
2046,F,50,0.001319,projetee
2046,F,51,0.001467,projetee
2046,F,52,0.001592,projetee
2046,F,53,0.001689,projetee
2046,F,54,0.001817,projetee
2046,F,55,0.002036,projetee
2046,F,56,0.002256,projetee
2046,F,57,0.002450,projetee
2046,F,58,0.002677,projetee
2046,F,59,0.002919,projetee
2046,F,6,0.000055,projetee
2046,F,60,0.003172,projetee
2046,F,61,0.003430,projetee
2046,F,62,0.003772,projetee
2046,F,63,0.004195,projetee
2046,F,64,0.004602,projetee
2046,F,65,0.005029,projetee
2046,F,66,0.005399,projetee
2046,F,67,0.005676,projetee
2046,F,68,0.006090,projetee
2046,F,69,0.006646,projetee
2046,F,7,0.000050,projetee
2046,F,70,0.007285,projetee
2046,F,71,0.008019,projetee
2046,F,72,0.008818,projetee
2046,F,73,0.009670,projetee
2046,F,74,0.010523,projetee
2046,F,75,0.011563,projetee
2046,F,76,0.013039,projetee
2046,F,77,0.014649,projetee
2046,F,78,0.016838,projetee
2046,F,79,0.019234,projetee
2046,F,8,0.000047,projetee
2046,F,80,0.021922,projetee
2046,F,81,0.025506,projetee
2046,F,82,0.029358,projetee
2046,F,83,0.034020,projetee
2046,F,84,0.039980,projetee
2046,F,85,0.046138,projetee
2046,F,86,0.052519,projetee
2046,F,87,0.060478,projetee
2046,F,88,0.069102,projetee
2046,F,89,0.079125,projetee
2046,F,9,0.000047,projetee
2046,F,90,0.091870,projetee
2046,F,91,0.105978,projetee
2046,F,92,0.120679,projetee
2046,F,93,0.136965,projetee
2046,F,94,0.157939,projetee
2046,F,95,0.180578,projetee
2046,F,96,0.200576,projetee
2046,F,97,0.225955,projetee
2046,F,98,0.249527,projetee
2046,F,99,0.269174,projetee
2046,H,0,0.001999,projetee
2046,H,1,0.000376,projetee
2046,H,10,0.000058,projetee
2046,H,100,0.341607,projetee
2046,H,101,0.358381,projetee
2046,H,102,0.374044,projetee
2046,H,103,0.389150,projetee
2046,H,104,0.404477,projetee
2046,H,105,0.420128,projetee
2046,H,106,0.435518,projetee
2046,H,107,0.450563,projetee
2046,H,108,0.465179,projetee
2046,H,109,0.479284,projetee
2046,H,11,0.000061,projetee
2046,H,110,0.492799,projetee
2046,H,111,0.509533,projetee
2046,H,112,0.529588,projetee
2046,H,113,0.549428,projetee
2046,H,114,0.559177,projetee
2046,H,115,0.559177,projetee
2046,H,116,0.559177,projetee
2046,H,117,0.559177,projetee
2046,H,118,0.559177,projetee
2046,H,119,0.559177,projetee
2046,H,12,0.000068,projetee
2046,H,120,0.559177,projetee
2046,H,13,0.000080,projetee
2046,H,14,0.000105,projetee
2046,H,15,0.000145,projetee
2046,H,16,0.000194,projetee
2046,H,17,0.000246,projetee
2046,H,18,0.000298,projetee
2046,H,19,0.000344,projetee
2046,H,2,0.000168,projetee
2046,H,20,0.000383,projetee
2046,H,21,0.000411,projetee
2046,H,22,0.000422,projetee
2046,H,23,0.000428,projetee
2046,H,24,0.000436,projetee
2046,H,25,0.000450,projetee
2046,H,26,0.000467,projetee
2046,H,27,0.000488,projetee
2046,H,28,0.000512,projetee
2046,H,29,0.000532,projetee
2046,H,3,0.000122,projetee
2046,H,30,0.000548,projetee
2046,H,31,0.000572,projetee
2046,H,32,0.000604,projetee
2046,H,33,0.000631,projetee
2046,H,34,0.000676,projetee
2046,H,35,0.000733,projetee
2046,H,36,0.000778,projetee
2046,H,37,0.000828,projetee
2046,H,38,0.000892,projetee
2046,H,39,0.000963,projetee
2046,H,4,0.000095,projetee
2046,H,40,0.001035,projetee
2046,H,41,0.001117,projetee
2046,H,42,0.001213,projetee
2046,H,43,0.001323,projetee
2046,H,44,0.001423,projetee
2046,H,45,0.001516,projetee
2046,H,46,0.001632,projetee
2046,H,47,0.001774,projetee
2046,H,48,0.001919,projetee
2046,H,49,0.002093,projetee
2046,H,5,0.000076,projetee
2046,H,50,0.002297,projetee
2046,H,51,0.002532,projetee
2046,H,52,0.002819,projetee
2046,H,53,0.003160,projetee
2046,H,54,0.003443,projetee
2046,H,55,0.003631,projetee
2046,H,56,0.003967,projetee
2046,H,57,0.004398,projetee
2046,H,58,0.004823,projetee
2046,H,59,0.005178,projetee
2046,H,6,0.000066,projetee
2046,H,60,0.005540,projetee
2046,H,61,0.006067,projetee
2046,H,62,0.006620,projetee
2046,H,63,0.007262,projetee
2046,H,64,0.007923,projetee
2046,H,65,0.008688,projetee
2046,H,66,0.009412,projetee
2046,H,67,0.010090,projetee
2046,H,68,0.010928,projetee
2046,H,69,0.011761,projetee
2046,H,7,0.000060,projetee
2046,H,70,0.012812,projetee
2046,H,71,0.014149,projetee
2046,H,72,0.015343,projetee
2046,H,73,0.016459,projetee
2046,H,74,0.018053,projetee
2046,H,75,0.019714,projetee
2046,H,76,0.021272,projetee
2046,H,77,0.023366,projetee
2046,H,78,0.025896,projetee
2046,H,79,0.028792,projetee
2046,H,8,0.000057,projetee
2046,H,80,0.032559,projetee
2046,H,81,0.036268,projetee
2046,H,82,0.040240,projetee
2046,H,83,0.045808,projetee
2046,H,84,0.051492,projetee
2046,H,85,0.058462,projetee
2046,H,86,0.067726,projetee
2046,H,87,0.076282,projetee
2046,H,88,0.085138,projetee
2046,H,89,0.097614,projetee
2046,H,9,0.000057,projetee
2046,H,90,0.111858,projetee
2046,H,91,0.127666,projetee
2046,H,92,0.145177,projetee
2046,H,93,0.164371,projetee
2046,H,94,0.189553,projetee
2046,H,95,0.216714,projetee
2046,H,96,0.240709,projetee
2046,H,97,0.271199,projetee
2046,H,98,0.299446,projetee
2046,H,99,0.320932,projetee
2047,F,0,0.001619,projetee
2047,F,1,0.000287,projetee
2047,F,10,0.000048,projetee
2047,F,100,0.289985,projetee
2047,F,101,0.308177,projetee
2047,F,102,0.325850,projetee
2047,F,103,0.343499,projetee
2047,F,104,0.361214,projetee
2047,F,105,0.379703,projetee
2047,F,106,0.399043,projetee
2047,F,107,0.418603,projetee
2047,F,108,0.438314,projetee
2047,F,109,0.458104,projetee
2047,F,11,0.000050,projetee
2047,F,110,0.477899,projetee
2047,F,111,0.497626,projetee
2047,F,112,0.517213,projetee
2047,F,113,0.536589,projetee
2047,F,114,0.546115,projetee
2047,F,115,0.546115,projetee
2047,F,116,0.546115,projetee
2047,F,117,0.546115,projetee
2047,F,118,0.546115,projetee
2047,F,119,0.546115,projetee
2047,F,12,0.000053,projetee
2047,F,120,0.546115,projetee
2047,F,13,0.000063,projetee
2047,F,14,0.000078,projetee
2047,F,15,0.000094,projetee
2047,F,16,0.000107,projetee
2047,F,17,0.000117,projetee
2047,F,18,0.000129,projetee
2047,F,19,0.000141,projetee
2047,F,2,0.000132,projetee
2047,F,20,0.000152,projetee
2047,F,21,0.000161,projetee
2047,F,22,0.000170,projetee
2047,F,23,0.000174,projetee
2047,F,24,0.000177,projetee
2047,F,25,0.000183,projetee
2047,F,26,0.000188,projetee
2047,F,27,0.000191,projetee
2047,F,28,0.000195,projetee
2047,F,29,0.000207,projetee
2047,F,3,0.000094,projetee
2047,F,30,0.000225,projetee
2047,F,31,0.000241,projetee
2047,F,32,0.000265,projetee
2047,F,33,0.000291,projetee
2047,F,34,0.000313,projetee
2047,F,35,0.000333,projetee
2047,F,36,0.000355,projetee
2047,F,37,0.000386,projetee
2047,F,38,0.000419,projetee
2047,F,39,0.000458,projetee
2047,F,4,0.000072,projetee
2047,F,40,0.000506,projetee
2047,F,41,0.000558,projetee
2047,F,42,0.000612,projetee
2047,F,43,0.000672,projetee
2047,F,44,0.000726,projetee
2047,F,45,0.000787,projetee
2047,F,46,0.000861,projetee
2047,F,47,0.000952,projetee
2047,F,48,0.001055,projetee
2047,F,49,0.001169,projetee
2047,F,5,0.000062,projetee
2047,F,50,0.001303,projetee
2047,F,51,0.001450,projetee
2047,F,52,0.001573,projetee
2047,F,53,0.001669,projetee
2047,F,54,0.001795,projetee
2047,F,55,0.002011,projetee
2047,F,56,0.002229,projetee
2047,F,57,0.002420,projetee
2047,F,58,0.002644,projetee
2047,F,59,0.002883,projetee
2047,F,6,0.000055,projetee
2047,F,60,0.003134,projetee
2047,F,61,0.003389,projetee
2047,F,62,0.003727,projetee
2047,F,63,0.004144,projetee
2047,F,64,0.004546,projetee
2047,F,65,0.004969,projetee
2047,F,66,0.005334,projetee
2047,F,67,0.005607,projetee
2047,F,68,0.006017,projetee
2047,F,69,0.006566,projetee
2047,F,7,0.000049,projetee
2047,F,70,0.007197,projetee
2047,F,71,0.007922,projetee
2047,F,72,0.008711,projetee
2047,F,73,0.009553,projetee
2047,F,74,0.010396,projetee
2047,F,75,0.011423,projetee
2047,F,76,0.012881,projetee
2047,F,77,0.014472,projetee
2047,F,78,0.016635,projetee
2047,F,79,0.019001,projetee
2047,F,8,0.000047,projetee
2047,F,80,0.021657,projetee
2047,F,81,0.025197,projetee
2047,F,82,0.029003,projetee
2047,F,83,0.033608,projetee
2047,F,84,0.039497,projetee
2047,F,85,0.045580,projetee
2047,F,86,0.051884,projetee
2047,F,87,0.059746,projetee
2047,F,88,0.068266,projetee
2047,F,89,0.078198,projetee
2047,F,9,0.000047,projetee
2047,F,90,0.090869,projetee
2047,F,91,0.105432,projetee
2047,F,92,0.120609,projetee
2047,F,93,0.136886,projetee
2047,F,94,0.157848,projetee
2047,F,95,0.180473,projetee
2047,F,96,0.200460,projetee
2047,F,97,0.225824,projetee
2047,F,98,0.249382,projetee
2047,F,99,0.269018,projetee
2047,H,0,0.001982,projetee
2047,H,1,0.000372,projetee
2047,H,10,0.000057,projetee
2047,H,100,0.341374,projetee
2047,H,101,0.358173,projetee
2047,H,102,0.373828,projetee
2047,H,103,0.388925,projetee
2047,H,104,0.403565,projetee
2047,H,105,0.418520,projetee
2047,H,106,0.433851,projetee
2047,H,107,0.448839,projetee
2047,H,108,0.463399,projetee
2047,H,109,0.477450,projetee
2047,H,11,0.000060,projetee
2047,H,110,0.490913,projetee
2047,H,111,0.507583,projetee
2047,H,112,0.527561,projetee
2047,H,113,0.547325,projetee
2047,H,114,0.557037,projetee
2047,H,115,0.557037,projetee
2047,H,116,0.557037,projetee
2047,H,117,0.557037,projetee
2047,H,118,0.557037,projetee
2047,H,119,0.557037,projetee
2047,H,12,0.000066,projetee
2047,H,120,0.557037,projetee
2047,H,13,0.000079,projetee
2047,H,14,0.000103,projetee
2047,H,15,0.000142,projetee
2047,H,16,0.000191,projetee
2047,H,17,0.000242,projetee
2047,H,18,0.000293,projetee
2047,H,19,0.000338,projetee
2047,H,2,0.000166,projetee
2047,H,20,0.000376,projetee
2047,H,21,0.000404,projetee
2047,H,22,0.000415,projetee
2047,H,23,0.000421,projetee
2047,H,24,0.000429,projetee
2047,H,25,0.000443,projetee
2047,H,26,0.000460,projetee
2047,H,27,0.000480,projetee
2047,H,28,0.000503,projetee
2047,H,29,0.000523,projetee
2047,H,3,0.000121,projetee
2047,H,30,0.000539,projetee
2047,H,31,0.000562,projetee
2047,H,32,0.000594,projetee
2047,H,33,0.000621,projetee
2047,H,34,0.000665,projetee
2047,H,35,0.000721,projetee
2047,H,36,0.000765,projetee
2047,H,37,0.000815,projetee
2047,H,38,0.000878,projetee
2047,H,39,0.000947,projetee
2047,H,4,0.000094,projetee
2047,H,40,0.001018,projetee
2047,H,41,0.001098,projetee
2047,H,42,0.001193,projetee
2047,H,43,0.001302,projetee
2047,H,44,0.001400,projetee
2047,H,45,0.001491,projetee
2047,H,46,0.001605,projetee
2047,H,47,0.001745,projetee
2047,H,48,0.001888,projetee
2047,H,49,0.002059,projetee
2047,H,5,0.000075,projetee
2047,H,50,0.002260,projetee
2047,H,51,0.002490,projetee
2047,H,52,0.002773,projetee
2047,H,53,0.003109,projetee
2047,H,54,0.003387,projetee
2047,H,55,0.003572,projetee
2047,H,56,0.003902,projetee
2047,H,57,0.004326,projetee
2047,H,58,0.004745,projetee
2047,H,59,0.005094,projetee
2047,H,6,0.000066,projetee
2047,H,60,0.005450,projetee
2047,H,61,0.005968,projetee
2047,H,62,0.006513,projetee
2047,H,63,0.007144,projetee
2047,H,64,0.007793,projetee
2047,H,65,0.008546,projetee
2047,H,66,0.009258,projetee
2047,H,67,0.009925,projetee
2047,H,68,0.010750,projetee
2047,H,69,0.011569,projetee
2047,H,7,0.000059,projetee
2047,H,70,0.012603,projetee
2047,H,71,0.013918,projetee
2047,H,72,0.015093,projetee
2047,H,73,0.016191,projetee
2047,H,74,0.017759,projetee
2047,H,75,0.019392,projetee
2047,H,76,0.020925,projetee
2047,H,77,0.022985,projetee
2047,H,78,0.025474,projetee
2047,H,79,0.028322,projetee
2047,H,8,0.000056,projetee
2047,H,80,0.032028,projetee
2047,H,81,0.035676,projetee
2047,H,82,0.039583,projetee
2047,H,83,0.045061,projetee
2047,H,84,0.050652,projetee
2047,H,85,0.057518,projetee
2047,H,86,0.066682,projetee
2047,H,87,0.075177,projetee
2047,H,88,0.083990,projetee
2047,H,89,0.096409,projetee
2047,H,9,0.000056,projetee
2047,H,90,0.110602,projetee
2047,H,91,0.126638,projetee
2047,H,92,0.144740,projetee
2047,H,93,0.164276,projetee
2047,H,94,0.189443,projetee
2047,H,95,0.216588,projetee
2047,H,96,0.240570,projetee
2047,H,97,0.271042,projetee
2047,H,98,0.299273,projetee
2047,H,99,0.320710,projetee
2048,F,0,0.001609,projetee
2048,F,1,0.000285,projetee
2048,F,10,0.000047,projetee
2048,F,100,0.289817,projetee
2048,F,101,0.307999,projetee
2048,F,102,0.325662,projetee
2048,F,103,0.343301,projetee
2048,F,104,0.361005,projetee
2048,F,105,0.378841,projetee
2048,F,106,0.397515,projetee
2048,F,107,0.417001,projetee
2048,F,108,0.436637,projetee
2048,F,109,0.456351,projetee
2048,F,11,0.000049,projetee
2048,F,110,0.476070,projetee
2048,F,111,0.495721,projetee
2048,F,112,0.515233,projetee
2048,F,113,0.534535,projetee
2048,F,114,0.544026,projetee
2048,F,115,0.544026,projetee
2048,F,116,0.544026,projetee
2048,F,117,0.544026,projetee
2048,F,118,0.544026,projetee
2048,F,119,0.544026,projetee
2048,F,12,0.000053,projetee
2048,F,120,0.544026,projetee
2048,F,13,0.000062,projetee
2048,F,14,0.000077,projetee
2048,F,15,0.000093,projetee
2048,F,16,0.000105,projetee
2048,F,17,0.000116,projetee
2048,F,18,0.000127,projetee
2048,F,19,0.000139,projetee
2048,F,2,0.000131,projetee
2048,F,20,0.000150,projetee
2048,F,21,0.000159,projetee
2048,F,22,0.000168,projetee
2048,F,23,0.000172,projetee
2048,F,24,0.000175,projetee
2048,F,25,0.000181,projetee
2048,F,26,0.000186,projetee
2048,F,27,0.000188,projetee
2048,F,28,0.000193,projetee
2048,F,29,0.000205,projetee
2048,F,3,0.000094,projetee
2048,F,30,0.000222,projetee
2048,F,31,0.000238,projetee
2048,F,32,0.000262,projetee
2048,F,33,0.000288,projetee
2048,F,34,0.000309,projetee
2048,F,35,0.000329,projetee
2048,F,36,0.000351,projetee
2048,F,37,0.000382,projetee
2048,F,38,0.000414,projetee
2048,F,39,0.000452,projetee
2048,F,4,0.000072,projetee
2048,F,40,0.000500,projetee
2048,F,41,0.000551,projetee
2048,F,42,0.000604,projetee
2048,F,43,0.000664,projetee
2048,F,44,0.000717,projetee
2048,F,45,0.000777,projetee
2048,F,46,0.000851,projetee
2048,F,47,0.000941,projetee
2048,F,48,0.001042,projetee
2048,F,49,0.001155,projetee
2048,F,5,0.000062,projetee
2048,F,50,0.001287,projetee
2048,F,51,0.001432,projetee
2048,F,52,0.001554,projetee
2048,F,53,0.001649,projetee
2048,F,54,0.001774,projetee
2048,F,55,0.001987,projetee
2048,F,56,0.002202,projetee
2048,F,57,0.002391,projetee
2048,F,58,0.002612,projetee
2048,F,59,0.002848,projetee
2048,F,6,0.000054,projetee
2048,F,60,0.003096,projetee
2048,F,61,0.003348,projetee
2048,F,62,0.003681,projetee
2048,F,63,0.004094,projetee
2048,F,64,0.004491,projetee
2048,F,65,0.004908,projetee
2048,F,66,0.005269,projetee
2048,F,67,0.005539,projetee
2048,F,68,0.005944,projetee
2048,F,69,0.006486,projetee
2048,F,7,0.000049,projetee
2048,F,70,0.007110,projetee
2048,F,71,0.007826,projetee
2048,F,72,0.008606,projetee
2048,F,73,0.009437,projetee
2048,F,74,0.010270,projetee
2048,F,75,0.011285,projetee
2048,F,76,0.012725,projetee
2048,F,77,0.014297,projetee
2048,F,78,0.016434,projetee
2048,F,79,0.018772,projetee
2048,F,8,0.000046,projetee
2048,F,80,0.021395,projetee
2048,F,81,0.024893,projetee
2048,F,82,0.028652,projetee
2048,F,83,0.033202,projetee
2048,F,84,0.039019,projetee
2048,F,85,0.045029,projetee
2048,F,86,0.051256,projetee
2048,F,87,0.059024,projetee
2048,F,88,0.067441,projetee
2048,F,89,0.077282,projetee
2048,F,9,0.000046,projetee
2048,F,90,0.089879,projetee
2048,F,91,0.104395,projetee
2048,F,92,0.120052,projetee
2048,F,93,0.136807,projetee
2048,F,94,0.157756,projetee
2048,F,95,0.180369,projetee
2048,F,96,0.200344,projetee
2048,F,97,0.225694,projetee
2048,F,98,0.249238,projetee
2048,F,99,0.268862,projetee
2048,H,0,0.001966,projetee
2048,H,1,0.000369,projetee
2048,H,10,0.000056,projetee
2048,H,100,0.341176,projetee
2048,H,101,0.357966,projetee
2048,H,102,0.373612,projetee
2048,H,103,0.388700,projetee
2048,H,104,0.403331,projetee
2048,H,105,0.417577,projetee
2048,H,106,0.432191,projetee
2048,H,107,0.447121,projetee
2048,H,108,0.461626,projetee
2048,H,109,0.475623,projetee
2048,H,11,0.000059,projetee
2048,H,110,0.489035,projetee
2048,H,111,0.505640,projetee
2048,H,112,0.525542,projetee
2048,H,113,0.545230,projetee
2048,H,114,0.554906,projetee
2048,H,115,0.554906,projetee
2048,H,116,0.554906,projetee
2048,H,117,0.554906,projetee
2048,H,118,0.554906,projetee
2048,H,119,0.554906,projetee
2048,H,12,0.000065,projetee
2048,H,120,0.554906,projetee
2048,H,13,0.000078,projetee
2048,H,14,0.000101,projetee
2048,H,15,0.000140,projetee
2048,H,16,0.000188,projetee
2048,H,17,0.000238,projetee
2048,H,18,0.000288,projetee
2048,H,19,0.000332,projetee
2048,H,2,0.000164,projetee
2048,H,20,0.000370,projetee
2048,H,21,0.000397,projetee
2048,H,22,0.000408,projetee
2048,H,23,0.000414,projetee
2048,H,24,0.000422,projetee
2048,H,25,0.000436,projetee
2048,H,26,0.000452,projetee
2048,H,27,0.000472,projetee
2048,H,28,0.000495,projetee
2048,H,29,0.000514,projetee
2048,H,3,0.000119,projetee
2048,H,30,0.000530,projetee
2048,H,31,0.000553,projetee
2048,H,32,0.000585,projetee
2048,H,33,0.000611,projetee
2048,H,34,0.000654,projetee
2048,H,35,0.000709,projetee
2048,H,36,0.000753,projetee
2048,H,37,0.000801,projetee
2048,H,38,0.000864,projetee
2048,H,39,0.000931,projetee
2048,H,4,0.000093,projetee
2048,H,40,0.001001,projetee
2048,H,41,0.001081,projetee
2048,H,42,0.001174,projetee
2048,H,43,0.001281,projetee
2048,H,44,0.001377,projetee
2048,H,45,0.001467,projetee
2048,H,46,0.001579,projetee
2048,H,47,0.001717,projetee
2048,H,48,0.001857,projetee
2048,H,49,0.002025,projetee
2048,H,5,0.000074,projetee
2048,H,50,0.002223,projetee
2048,H,51,0.002450,projetee
2048,H,52,0.002728,projetee
2048,H,53,0.003058,projetee
2048,H,54,0.003332,projetee
2048,H,55,0.003514,projetee
2048,H,56,0.003838,projetee
2048,H,57,0.004256,projetee
2048,H,58,0.004667,projetee
2048,H,59,0.005011,projetee
2048,H,6,0.000065,projetee
2048,H,60,0.005361,projetee
2048,H,61,0.005870,projetee
2048,H,62,0.006406,projetee
2048,H,63,0.007027,projetee
2048,H,64,0.007666,projetee
2048,H,65,0.008407,projetee
2048,H,66,0.009107,projetee
2048,H,67,0.009763,projetee
2048,H,68,0.010575,projetee
2048,H,69,0.011380,projetee
2048,H,7,0.000058,projetee
2048,H,70,0.012398,projetee
2048,H,71,0.013691,projetee
2048,H,72,0.014846,projetee
2048,H,73,0.015927,projetee
2048,H,74,0.017469,projetee
2048,H,75,0.019076,projetee
2048,H,76,0.020584,projetee
2048,H,77,0.022610,projetee
2048,H,78,0.025059,projetee
2048,H,79,0.027861,projetee
2048,H,8,0.000055,projetee
2048,H,80,0.031505,projetee
2048,H,81,0.035094,projetee
2048,H,82,0.038938,projetee
2048,H,83,0.044326,projetee
2048,H,84,0.049826,projetee
2048,H,85,0.056590,projetee
2048,H,86,0.065654,projetee
2048,H,87,0.074089,projetee
2048,H,88,0.082858,projetee
2048,H,89,0.095218,projetee
2048,H,9,0.000055,projetee
2048,H,90,0.109361,projetee
2048,H,91,0.125381,projetee
2048,H,92,0.144072,projetee
2048,H,93,0.164181,projetee
2048,H,94,0.189334,projetee
2048,H,95,0.216463,projetee
2048,H,96,0.240431,projetee
2048,H,97,0.270885,projetee
2048,H,98,0.299100,projetee
2048,H,99,0.320524,projetee
2049,F,0,0.001599,projetee
2049,F,1,0.000283,projetee
2049,F,10,0.000046,projetee
2049,F,100,0.289649,projetee
2049,F,101,0.307821,projetee
2049,F,102,0.325473,projetee
2049,F,103,0.343102,projetee
2049,F,104,0.360796,projetee
2049,F,105,0.378622,projetee
2049,F,106,0.396614,projetee
2049,F,107,0.415405,projetee
2049,F,108,0.434966,projetee
2049,F,109,0.454604,projetee
2049,F,11,0.000048,projetee
2049,F,110,0.474248,projetee
2049,F,111,0.493824,projetee
2049,F,112,0.513261,projetee
2049,F,113,0.532489,projetee
2049,F,114,0.541944,projetee
2049,F,115,0.541944,projetee
2049,F,116,0.541944,projetee
2049,F,117,0.541944,projetee
2049,F,118,0.541944,projetee
2049,F,119,0.541944,projetee
2049,F,12,0.000052,projetee
2049,F,120,0.541944,projetee
2049,F,13,0.000061,projetee
2049,F,14,0.000076,projetee
2049,F,15,0.000092,projetee
2049,F,16,0.000104,projetee
2049,F,17,0.000115,projetee
2049,F,18,0.000126,projetee
2049,F,19,0.000138,projetee
2049,F,2,0.000130,projetee
2049,F,20,0.000148,projetee
2049,F,21,0.000158,projetee
2049,F,22,0.000166,projetee
2049,F,23,0.000170,projetee
2049,F,24,0.000173,projetee
2049,F,25,0.000179,projetee
2049,F,26,0.000183,projetee
2049,F,27,0.000186,projetee
2049,F,28,0.000191,projetee
2049,F,29,0.000202,projetee
2049,F,3,0.000093,projetee
2049,F,30,0.000219,projetee
2049,F,31,0.000235,projetee
2049,F,32,0.000259,projetee
2049,F,33,0.000284,projetee
2049,F,34,0.000306,projetee
2049,F,35,0.000325,projetee
2049,F,36,0.000347,projetee
2049,F,37,0.000377,projetee
2049,F,38,0.000409,projetee
2049,F,39,0.000447,projetee
2049,F,4,0.000071,projetee
2049,F,40,0.000494,projetee
2049,F,41,0.000544,projetee
2049,F,42,0.000597,projetee
2049,F,43,0.000656,projetee
2049,F,44,0.000709,projetee
2049,F,45,0.000768,projetee
2049,F,46,0.000840,projetee
2049,F,47,0.000929,projetee
2049,F,48,0.001030,projetee
2049,F,49,0.001141,projetee
2049,F,5,0.000061,projetee
2049,F,50,0.001272,projetee
2049,F,51,0.001415,projetee
2049,F,52,0.001535,projetee
2049,F,53,0.001629,projetee
2049,F,54,0.001752,projetee
2049,F,55,0.001963,projetee
2049,F,56,0.002175,projetee
2049,F,57,0.002362,projetee
2049,F,58,0.002581,projetee
2049,F,59,0.002814,projetee
2049,F,6,0.000053,projetee
2049,F,60,0.003058,projetee
2049,F,61,0.003307,projetee
2049,F,62,0.003637,projetee
2049,F,63,0.004044,projetee
2049,F,64,0.004437,projetee
2049,F,65,0.004849,projetee
2049,F,66,0.005205,projetee
2049,F,67,0.005472,projetee
2049,F,68,0.005872,projetee
2049,F,69,0.006408,projetee
2049,F,7,0.000048,projetee
2049,F,70,0.007024,projetee
2049,F,71,0.007732,projetee
2049,F,72,0.008502,projetee
2049,F,73,0.009323,projetee
2049,F,74,0.010146,projetee
2049,F,75,0.011149,projetee
2049,F,76,0.012571,projetee
2049,F,77,0.014124,projetee
2049,F,78,0.016235,projetee
2049,F,79,0.018545,projetee
2049,F,8,0.000045,projetee
2049,F,80,0.021136,projetee
2049,F,81,0.024592,projetee
2049,F,82,0.028306,projetee
2049,F,83,0.032800,projetee
2049,F,84,0.038547,projetee
2049,F,85,0.044484,projetee
2049,F,86,0.050637,projetee
2049,F,87,0.058310,projetee
2049,F,88,0.066625,projetee
2049,F,89,0.076376,projetee
2049,F,9,0.000046,projetee
2049,F,90,0.088899,projetee
2049,F,91,0.103369,projetee
2049,F,92,0.118997,projetee
2049,F,93,0.136235,projetee
2049,F,94,0.157665,projetee
2049,F,95,0.180264,projetee
2049,F,96,0.200228,projetee
2049,F,97,0.225563,projetee
2049,F,98,0.249094,projetee
2049,F,99,0.268707,projetee
2049,H,0,0.001949,projetee
2049,H,1,0.000365,projetee
2049,H,10,0.000056,projetee
2049,H,100,0.340979,projetee
2049,H,101,0.357759,projetee
2049,H,102,0.373395,projetee
2049,H,103,0.388475,projetee
2049,H,104,0.403098,projetee
2049,H,105,0.417335,projetee
2049,H,106,0.431218,projetee
2049,H,107,0.445410,projetee
2049,H,108,0.459859,projetee
2049,H,109,0.473803,projetee
2049,H,11,0.000059,projetee
2049,H,110,0.487163,projetee
2049,H,111,0.503704,projetee
2049,H,112,0.523530,projetee
2049,H,113,0.543143,projetee
2049,H,114,0.552783,projetee
2049,H,115,0.552783,projetee
2049,H,116,0.552783,projetee
2049,H,117,0.552783,projetee
2049,H,118,0.552783,projetee
2049,H,119,0.552783,projetee
2049,H,12,0.000064,projetee
2049,H,120,0.552783,projetee
2049,H,13,0.000076,projetee
2049,H,14,0.000100,projetee
2049,H,15,0.000138,projetee
2049,H,16,0.000185,projetee
2049,H,17,0.000234,projetee
2049,H,18,0.000284,projetee
2049,H,19,0.000327,projetee
2049,H,2,0.000162,projetee
2049,H,20,0.000364,projetee
2049,H,21,0.000391,projetee
2049,H,22,0.000402,projetee
2049,H,23,0.000407,projetee
2049,H,24,0.000415,projetee
2049,H,25,0.000429,projetee
2049,H,26,0.000445,projetee
2049,H,27,0.000464,projetee
2049,H,28,0.000487,projetee
2049,H,29,0.000506,projetee
2049,H,3,0.000118,projetee
2049,H,30,0.000522,projetee
2049,H,31,0.000544,projetee
2049,H,32,0.000575,projetee
2049,H,33,0.000601,projetee
2049,H,34,0.000644,projetee
2049,H,35,0.000698,projetee
2049,H,36,0.000741,projetee
2049,H,37,0.000788,projetee
2049,H,38,0.000849,projetee
2049,H,39,0.000916,projetee
2049,H,4,0.000092,projetee
2049,H,40,0.000985,projetee
2049,H,41,0.001063,projetee
2049,H,42,0.001155,projetee
2049,H,43,0.001260,projetee
2049,H,44,0.001355,projetee
2049,H,45,0.001443,projetee
2049,H,46,0.001553,projetee
2049,H,47,0.001689,projetee
2049,H,48,0.001827,projetee
2049,H,49,0.001992,projetee
2049,H,5,0.000073,projetee
2049,H,50,0.002187,projetee
2049,H,51,0.002410,projetee
2049,H,52,0.002683,projetee
2049,H,53,0.003008,projetee
2049,H,54,0.003277,projetee
2049,H,55,0.003456,projetee
2049,H,56,0.003776,projetee
2049,H,57,0.004186,projetee
2049,H,58,0.004591,projetee
2049,H,59,0.004929,projetee
2049,H,6,0.000064,projetee
2049,H,60,0.005274,projetee
2049,H,61,0.005775,projetee
2049,H,62,0.006302,projetee
2049,H,63,0.006913,projetee
2049,H,64,0.007541,projetee
2049,H,65,0.008270,projetee
2049,H,66,0.008959,projetee
2049,H,67,0.009604,projetee
2049,H,68,0.010402,projetee
2049,H,69,0.011195,projetee
2049,H,7,0.000057,projetee
2049,H,70,0.012195,projetee
2049,H,71,0.013468,projetee
2049,H,72,0.014604,projetee
2049,H,73,0.015667,projetee
2049,H,74,0.017184,projetee
2049,H,75,0.018765,projetee
2049,H,76,0.020248,projetee
2049,H,77,0.022241,projetee
2049,H,78,0.024650,projetee
2049,H,79,0.027406,projetee
2049,H,8,0.000054,projetee
2049,H,80,0.030992,projetee
2049,H,81,0.034522,projetee
2049,H,82,0.038302,projetee
2049,H,83,0.043603,projetee
2049,H,84,0.049013,projetee
2049,H,85,0.055677,projetee
2049,H,86,0.064642,projetee
2049,H,87,0.073016,projetee
2049,H,88,0.081741,projetee
2049,H,89,0.094042,projetee
2049,H,9,0.000055,projetee
2049,H,90,0.108134,projetee
2049,H,91,0.124136,projetee
2049,H,92,0.142807,projetee
2049,H,93,0.163497,projetee
2049,H,94,0.189224,projetee
2049,H,95,0.216338,projetee
2049,H,96,0.240291,projetee
2049,H,97,0.270728,projetee
2049,H,98,0.298927,projetee
2049,H,99,0.320339,projetee
2050,F,0,0.001590,projetee
2050,F,1,0.000281,projetee
2050,F,10,0.000046,projetee
2050,F,100,0.289482,projetee
2050,F,101,0.307643,projetee
2050,F,102,0.325285,projetee
2050,F,103,0.342903,projetee
2050,F,104,0.360587,projetee
2050,F,105,0.378403,projetee
2050,F,106,0.396384,projetee
2050,F,107,0.414463,projetee
2050,F,108,0.433301,projetee
2050,F,109,0.452864,projetee
2050,F,11,0.000048,projetee
2050,F,110,0.472433,projetee
2050,F,111,0.491934,projetee
2050,F,112,0.511296,projetee
2050,F,113,0.530451,projetee
2050,F,114,0.539870,projetee
2050,F,115,0.539870,projetee
2050,F,116,0.539870,projetee
2050,F,117,0.539870,projetee
2050,F,118,0.539870,projetee
2050,F,119,0.539870,projetee
2050,F,12,0.000052,projetee
2050,F,120,0.539870,projetee
2050,F,13,0.000061,projetee
2050,F,14,0.000075,projetee
2050,F,15,0.000091,projetee
2050,F,16,0.000103,projetee
2050,F,17,0.000113,projetee
2050,F,18,0.000124,projetee
2050,F,19,0.000136,projetee
2050,F,2,0.000129,projetee
2050,F,20,0.000146,projetee
2050,F,21,0.000156,projetee
2050,F,22,0.000164,projetee
2050,F,23,0.000168,projetee
2050,F,24,0.000171,projetee
2050,F,25,0.000177,projetee
2050,F,26,0.000181,projetee
2050,F,27,0.000184,projetee
2050,F,28,0.000188,projetee
2050,F,29,0.000200,projetee
2050,F,3,0.000092,projetee
2050,F,30,0.000217,projetee
2050,F,31,0.000232,projetee
2050,F,32,0.000256,projetee
2050,F,33,0.000281,projetee
2050,F,34,0.000302,projetee
2050,F,35,0.000321,projetee
2050,F,36,0.000343,projetee
2050,F,37,0.000372,projetee
2050,F,38,0.000404,projetee
2050,F,39,0.000441,projetee
2050,F,4,0.000070,projetee
2050,F,40,0.000488,projetee
2050,F,41,0.000538,projetee
2050,F,42,0.000590,projetee
2050,F,43,0.000648,projetee
2050,F,44,0.000700,projetee
2050,F,45,0.000759,projetee
2050,F,46,0.000830,projetee
2050,F,47,0.000918,projetee
2050,F,48,0.001017,projetee
2050,F,49,0.001127,projetee
2050,F,5,0.000060,projetee
2050,F,50,0.001256,projetee
2050,F,51,0.001398,projetee
2050,F,52,0.001516,projetee
2050,F,53,0.001609,projetee
2050,F,54,0.001731,projetee
2050,F,55,0.001939,projetee
2050,F,56,0.002149,projetee
2050,F,57,0.002333,projetee
2050,F,58,0.002550,projetee
2050,F,59,0.002780,projetee
2050,F,6,0.000053,projetee
2050,F,60,0.003021,projetee
2050,F,61,0.003267,projetee
2050,F,62,0.003593,projetee
2050,F,63,0.003995,projetee
2050,F,64,0.004383,projetee
2050,F,65,0.004790,projetee
2050,F,66,0.005142,projetee
2050,F,67,0.005406,projetee
2050,F,68,0.005801,projetee
2050,F,69,0.006331,projetee
2050,F,7,0.000047,projetee
2050,F,70,0.006939,projetee
2050,F,71,0.007638,projetee
2050,F,72,0.008399,projetee
2050,F,73,0.009211,projetee
2050,F,74,0.010023,projetee
2050,F,75,0.011014,projetee
2050,F,76,0.012419,projetee
2050,F,77,0.013953,projetee
2050,F,78,0.016039,projetee
2050,F,79,0.018321,projetee
2050,F,8,0.000045,projetee
2050,F,80,0.020881,projetee
2050,F,81,0.024294,projetee
2050,F,82,0.027964,projetee
2050,F,83,0.032404,projetee
2050,F,84,0.038081,projetee
2050,F,85,0.043946,projetee
2050,F,86,0.050024,projetee
2050,F,87,0.057605,projetee
2050,F,88,0.065820,projetee
2050,F,89,0.075482,projetee
2050,F,9,0.000045,projetee
2050,F,90,0.087931,projetee
2050,F,91,0.102353,projetee
2050,F,92,0.117952,projetee
2050,F,93,0.135172,projetee
2050,F,94,0.157090,projetee
2050,F,95,0.180160,projetee
2050,F,96,0.200112,projetee
2050,F,97,0.225432,projetee
2050,F,98,0.248950,projetee
2050,F,99,0.268551,projetee
2050,H,0,0.001933,projetee
2050,H,1,0.000362,projetee
2050,H,10,0.000055,projetee
2050,H,100,0.340782,projetee
2050,H,101,0.357552,projetee
2050,H,102,0.373179,projetee
2050,H,103,0.388250,projetee
2050,H,104,0.402865,projetee
2050,H,105,0.417094,projetee
2050,H,106,0.430968,projetee
2050,H,107,0.444408,projetee
2050,H,108,0.458099,projetee
2050,H,109,0.471990,projetee
2050,H,11,0.000058,projetee
2050,H,110,0.485299,projetee
2050,H,111,0.501776,projetee
2050,H,112,0.521526,projetee
2050,H,113,0.541064,projetee
2050,H,114,0.550668,projetee
2050,H,115,0.550668,projetee
2050,H,116,0.550668,projetee
2050,H,117,0.550668,projetee
2050,H,118,0.550668,projetee
2050,H,119,0.550668,projetee
2050,H,12,0.000063,projetee
2050,H,120,0.550668,projetee
2050,H,13,0.000075,projetee
2050,H,14,0.000098,projetee
2050,H,15,0.000135,projetee
2050,H,16,0.000182,projetee
2050,H,17,0.000230,projetee
2050,H,18,0.000279,projetee
2050,H,19,0.000322,projetee
2050,H,2,0.000161,projetee
2050,H,20,0.000358,projetee
2050,H,21,0.000384,projetee
2050,H,22,0.000395,projetee
2050,H,23,0.000400,projetee
2050,H,24,0.000409,projetee
2050,H,25,0.000422,projetee
2050,H,26,0.000438,projetee
2050,H,27,0.000457,projetee
2050,H,28,0.000479,projetee
2050,H,29,0.000498,projetee
2050,H,3,0.000117,projetee
2050,H,30,0.000513,projetee
2050,H,31,0.000535,projetee
2050,H,32,0.000566,projetee
2050,H,33,0.000591,projetee
2050,H,34,0.000633,projetee
2050,H,35,0.000686,projetee
2050,H,36,0.000729,projetee
2050,H,37,0.000775,projetee
2050,H,38,0.000836,projetee
2050,H,39,0.000901,projetee
2050,H,4,0.000091,projetee
2050,H,40,0.000969,projetee
2050,H,41,0.001046,projetee
2050,H,42,0.001136,projetee
2050,H,43,0.001239,projetee
2050,H,44,0.001332,projetee
2050,H,45,0.001419,projetee
2050,H,46,0.001528,projetee
2050,H,47,0.001661,projetee
2050,H,48,0.001797,projetee
2050,H,49,0.001960,projetee
2050,H,5,0.000073,projetee
2050,H,50,0.002151,projetee
2050,H,51,0.002370,projetee
2050,H,52,0.002640,projetee
2050,H,53,0.002959,projetee
2050,H,54,0.003224,projetee
2050,H,55,0.003400,projetee
2050,H,56,0.003714,projetee
2050,H,57,0.004118,projetee
2050,H,58,0.004516,projetee
2050,H,59,0.004849,projetee
2050,H,6,0.000063,projetee
2050,H,60,0.005188,projetee
2050,H,61,0.005680,projetee
2050,H,62,0.006199,projetee
2050,H,63,0.006800,projetee
2050,H,64,0.007418,projetee
2050,H,65,0.008135,projetee
2050,H,66,0.008813,projetee
2050,H,67,0.009447,projetee
2050,H,68,0.010233,projetee
2050,H,69,0.011012,projetee
2050,H,7,0.000057,projetee
2050,H,70,0.011997,projetee
2050,H,71,0.013248,projetee
2050,H,72,0.014366,projetee
2050,H,73,0.015411,projetee
2050,H,74,0.016904,projetee
2050,H,75,0.018459,projetee
2050,H,76,0.019918,projetee
2050,H,77,0.021878,projetee
2050,H,78,0.024248,projetee
2050,H,79,0.026959,projetee
2050,H,8,0.000054,projetee
2050,H,80,0.030486,projetee
2050,H,81,0.033959,projetee
2050,H,82,0.037678,projetee
2050,H,83,0.042891,projetee
2050,H,84,0.048214,projetee
2050,H,85,0.054779,projetee
2050,H,86,0.063645,projetee
2050,H,87,0.071959,projetee
2050,H,88,0.080639,projetee
2050,H,89,0.092880,projetee
2050,H,9,0.000054,projetee
2050,H,90,0.106920,projetee
2050,H,91,0.122904,projetee
2050,H,92,0.141553,projetee
2050,H,93,0.162221,projetee
2050,H,94,0.188536,projetee
2050,H,95,0.216212,projetee
2050,H,96,0.240152,projetee
2050,H,97,0.270571,projetee
2050,H,98,0.298754,projetee
2050,H,99,0.320153,projetee
2051,F,0,0.001580,projetee
2051,F,1,0.000279,projetee
2051,F,10,0.000045,projetee
2051,F,100,0.289314,projetee
2051,F,101,0.307464,projetee
2051,F,102,0.325097,projetee
2051,F,103,0.342705,projetee
2051,F,104,0.360379,projetee
2051,F,105,0.378184,projetee
2051,F,106,0.396155,projetee
2051,F,107,0.414223,projetee
2051,F,108,0.432319,projetee
2051,F,109,0.451131,projetee
2051,F,11,0.000047,projetee
2051,F,110,0.470624,projetee
2051,F,111,0.490051,projetee
2051,F,112,0.509339,projetee
2051,F,113,0.528420,projetee
2051,F,114,0.537805,projetee
2051,F,115,0.537805,projetee
2051,F,116,0.537805,projetee
2051,F,117,0.537805,projetee
2051,F,118,0.537805,projetee
2051,F,119,0.537805,projetee
2051,F,12,0.000051,projetee
2051,F,120,0.537805,projetee
2051,F,13,0.000060,projetee
2051,F,14,0.000075,projetee
2051,F,15,0.000090,projetee
2051,F,16,0.000102,projetee
2051,F,17,0.000112,projetee
2051,F,18,0.000123,projetee
2051,F,19,0.000134,projetee
2051,F,2,0.000128,projetee
2051,F,20,0.000144,projetee
2051,F,21,0.000154,projetee
2051,F,22,0.000162,projetee
2051,F,23,0.000166,projetee
2051,F,24,0.000169,projetee
2051,F,25,0.000175,projetee
2051,F,26,0.000179,projetee
2051,F,27,0.000181,projetee
2051,F,28,0.000186,projetee
2051,F,29,0.000197,projetee
2051,F,3,0.000091,projetee
2051,F,30,0.000214,projetee
2051,F,31,0.000229,projetee
2051,F,32,0.000253,projetee
2051,F,33,0.000278,projetee
2051,F,34,0.000298,projetee
2051,F,35,0.000317,projetee
2051,F,36,0.000338,projetee
2051,F,37,0.000368,projetee
2051,F,38,0.000399,projetee
2051,F,39,0.000436,projetee
2051,F,4,0.000070,projetee
2051,F,40,0.000482,projetee
2051,F,41,0.000531,projetee
2051,F,42,0.000583,projetee
2051,F,43,0.000640,projetee
2051,F,44,0.000692,projetee
2051,F,45,0.000750,projetee
2051,F,46,0.000820,projetee
2051,F,47,0.000907,projetee
2051,F,48,0.001005,projetee
2051,F,49,0.001113,projetee
2051,F,5,0.000060,projetee
2051,F,50,0.001241,projetee
2051,F,51,0.001381,projetee
2051,F,52,0.001498,projetee
2051,F,53,0.001590,projetee
2051,F,54,0.001710,projetee
2051,F,55,0.001916,projetee
2051,F,56,0.002123,projetee
2051,F,57,0.002305,projetee
2051,F,58,0.002519,projetee
2051,F,59,0.002746,projetee
2051,F,6,0.000052,projetee
2051,F,60,0.002985,projetee
2051,F,61,0.003228,projetee
2051,F,62,0.003550,projetee
2051,F,63,0.003947,projetee
2051,F,64,0.004330,projetee
2051,F,65,0.004733,projetee
2051,F,66,0.005080,projetee
2051,F,67,0.005341,projetee
2051,F,68,0.005731,projetee
2051,F,69,0.006254,projetee
2051,F,7,0.000047,projetee
2051,F,70,0.006855,projetee
2051,F,71,0.007546,projetee
2051,F,72,0.008297,projetee
2051,F,73,0.009099,projetee
2051,F,74,0.009902,projetee
2051,F,75,0.010881,projetee
2051,F,76,0.012269,projetee
2051,F,77,0.013784,projetee
2051,F,78,0.015845,projetee
2051,F,79,0.018099,projetee
2051,F,8,0.000044,projetee
2051,F,80,0.020628,projetee
2051,F,81,0.024001,projetee
2051,F,82,0.027625,projetee
2051,F,83,0.032012,projetee
2051,F,84,0.037620,projetee
2051,F,85,0.043415,projetee
2051,F,86,0.049419,projetee
2051,F,87,0.056908,projetee
2051,F,88,0.065024,projetee
2051,F,89,0.074597,projetee
2051,F,9,0.000045,projetee
2051,F,90,0.086973,projetee
2051,F,91,0.101347,projetee
2051,F,92,0.116916,projetee
2051,F,93,0.134117,projetee
2051,F,94,0.156027,projetee
2051,F,95,0.179578,projetee
2051,F,96,0.199996,projetee
2051,F,97,0.225302,projetee
2051,F,98,0.248806,projetee
2051,F,99,0.268396,projetee
2051,H,0,0.001917,projetee
2051,H,1,0.000358,projetee
2051,H,10,0.000054,projetee
2051,H,100,0.340585,projetee
2051,H,101,0.357345,projetee
2051,H,102,0.372963,projetee
2051,H,103,0.388025,projetee
2051,H,104,0.402632,projetee
2051,H,105,0.416852,projetee
2051,H,106,0.430719,projetee
2051,H,107,0.444151,projetee
2051,H,108,0.457070,projetee
2051,H,109,0.470184,projetee
2051,H,11,0.000057,projetee
2051,H,110,0.483442,projetee
2051,H,111,0.499856,projetee
2051,H,112,0.519530,projetee
2051,H,113,0.538993,projetee
2051,H,114,0.548561,projetee
2051,H,115,0.548561,projetee
2051,H,116,0.548561,projetee
2051,H,117,0.548561,projetee
2051,H,118,0.548561,projetee
2051,H,119,0.548561,projetee
2051,H,12,0.000062,projetee
2051,H,120,0.548561,projetee
2051,H,13,0.000074,projetee
2051,H,14,0.000096,projetee
2051,H,15,0.000133,projetee
2051,H,16,0.000179,projetee
2051,H,17,0.000226,projetee
2051,H,18,0.000274,projetee
2051,H,19,0.000316,projetee
2051,H,2,0.000159,projetee
2051,H,20,0.000352,projetee
2051,H,21,0.000378,projetee
2051,H,22,0.000389,projetee
2051,H,23,0.000394,projetee
2051,H,24,0.000402,projetee
2051,H,25,0.000415,projetee
2051,H,26,0.000430,projetee
2051,H,27,0.000449,projetee
2051,H,28,0.000471,projetee
2051,H,29,0.000490,projetee
2051,H,3,0.000115,projetee
2051,H,30,0.000505,projetee
2051,H,31,0.000526,projetee
2051,H,32,0.000557,projetee
2051,H,33,0.000581,projetee
2051,H,34,0.000623,projetee
2051,H,35,0.000675,projetee
2051,H,36,0.000717,projetee
2051,H,37,0.000763,projetee
2051,H,38,0.000822,projetee
2051,H,39,0.000887,projetee
2051,H,4,0.000089,projetee
2051,H,40,0.000953,projetee
2051,H,41,0.001029,projetee
2051,H,42,0.001117,projetee
2051,H,43,0.001219,projetee
2051,H,44,0.001311,projetee
2051,H,45,0.001396,projetee
2051,H,46,0.001503,projetee
2051,H,47,0.001634,projetee
2051,H,48,0.001768,projetee
2051,H,49,0.001928,projetee
2051,H,5,0.000072,projetee
2051,H,50,0.002116,projetee
2051,H,51,0.002332,projetee
2051,H,52,0.002597,projetee
2051,H,53,0.002911,projetee
2051,H,54,0.003171,projetee
2051,H,55,0.003345,projetee
2051,H,56,0.003654,projetee
2051,H,57,0.004051,projetee
2051,H,58,0.004443,projetee
2051,H,59,0.004770,projetee
2051,H,6,0.000063,projetee
2051,H,60,0.005103,projetee
2051,H,61,0.005588,projetee
2051,H,62,0.006098,projetee
2051,H,63,0.006689,projetee
2051,H,64,0.007297,projetee
2051,H,65,0.008002,projetee
2051,H,66,0.008669,projetee
2051,H,67,0.009293,projetee
2051,H,68,0.010066,projetee
2051,H,69,0.010833,projetee
2051,H,7,0.000056,projetee
2051,H,70,0.011801,projetee
2051,H,71,0.013032,projetee
2051,H,72,0.014132,projetee
2051,H,73,0.015160,projetee
2051,H,74,0.016628,projetee
2051,H,75,0.018158,projetee
2051,H,76,0.019593,projetee
2051,H,77,0.021521,projetee
2051,H,78,0.023852,projetee
2051,H,79,0.026519,projetee
2051,H,8,0.000053,projetee
2051,H,80,0.029989,projetee
2051,H,81,0.033405,projetee
2051,H,82,0.037063,projetee
2051,H,83,0.042192,projetee
2051,H,84,0.047428,projetee
2051,H,85,0.053895,projetee
2051,H,86,0.062664,projetee
2051,H,87,0.070917,projetee
2051,H,88,0.079552,projetee
2051,H,89,0.091733,projetee
2051,H,9,0.000053,projetee
2051,H,90,0.105721,projetee
2051,H,91,0.121684,projetee
2051,H,92,0.140310,projetee
2051,H,93,0.160954,projetee
2051,H,94,0.187261,projetee
2051,H,95,0.215516,projetee
2051,H,96,0.240013,projetee
2051,H,97,0.270415,projetee
2051,H,98,0.298581,projetee
2051,H,99,0.319968,projetee
2052,F,0,0.001570,projetee
2052,F,1,0.000277,projetee
2052,F,10,0.000045,projetee
2052,F,100,0.289147,projetee
2052,F,101,0.307287,projetee
2052,F,102,0.324908,projetee
2052,F,103,0.342507,projetee
2052,F,104,0.360170,projetee
2052,F,105,0.377965,projetee
2052,F,106,0.395926,projetee
2052,F,107,0.413984,projetee
2052,F,108,0.432068,projetee
2052,F,109,0.450108,projetee
2052,F,11,0.000047,projetee
2052,F,110,0.468823,projetee
2052,F,111,0.488175,projetee
2052,F,112,0.507390,projetee
2052,F,113,0.526398,projetee
2052,F,114,0.535747,projetee
2052,F,115,0.535747,projetee
2052,F,116,0.535747,projetee
2052,F,117,0.535747,projetee
2052,F,118,0.535747,projetee
2052,F,119,0.535747,projetee
2052,F,12,0.000050,projetee
2052,F,120,0.535747,projetee
2052,F,13,0.000059,projetee
2052,F,14,0.000074,projetee
2052,F,15,0.000089,projetee
2052,F,16,0.000100,projetee
2052,F,17,0.000111,projetee
2052,F,18,0.000121,projetee
2052,F,19,0.000133,projetee
2052,F,2,0.000127,projetee
2052,F,20,0.000143,projetee
2052,F,21,0.000152,projetee
2052,F,22,0.000160,projetee
2052,F,23,0.000164,projetee
2052,F,24,0.000167,projetee
2052,F,25,0.000173,projetee
2052,F,26,0.000177,projetee
2052,F,27,0.000179,projetee
2052,F,28,0.000184,projetee
2052,F,29,0.000195,projetee
2052,F,3,0.000090,projetee
2052,F,30,0.000211,projetee
2052,F,31,0.000226,projetee
2052,F,32,0.000250,projetee
2052,F,33,0.000274,projetee
2052,F,34,0.000295,projetee
2052,F,35,0.000313,projetee
2052,F,36,0.000334,projetee
2052,F,37,0.000363,projetee
2052,F,38,0.000394,projetee
2052,F,39,0.000431,projetee
2052,F,4,0.000069,projetee
2052,F,40,0.000476,projetee
2052,F,41,0.000525,projetee
2052,F,42,0.000576,projetee
2052,F,43,0.000632,projetee
2052,F,44,0.000683,projetee
2052,F,45,0.000741,projetee
2052,F,46,0.000810,projetee
2052,F,47,0.000896,projetee
2052,F,48,0.000993,projetee
2052,F,49,0.001100,projetee
2052,F,5,0.000059,projetee
2052,F,50,0.001226,projetee
2052,F,51,0.001364,projetee
2052,F,52,0.001480,projetee
2052,F,53,0.001571,projetee
2052,F,54,0.001690,projetee
2052,F,55,0.001893,projetee
2052,F,56,0.002097,projetee
2052,F,57,0.002277,projetee
2052,F,58,0.002488,projetee
2052,F,59,0.002713,projetee
2052,F,6,0.000052,projetee
2052,F,60,0.002949,projetee
2052,F,61,0.003189,projetee
2052,F,62,0.003507,projetee
2052,F,63,0.003899,projetee
2052,F,64,0.004278,projetee
2052,F,65,0.004675,projetee
2052,F,66,0.005019,projetee
2052,F,67,0.005276,projetee
2052,F,68,0.005662,projetee
2052,F,69,0.006178,projetee
2052,F,7,0.000046,projetee
2052,F,70,0.006772,projetee
2052,F,71,0.007455,projetee
2052,F,72,0.008197,projetee
2052,F,73,0.008989,projetee
2052,F,74,0.009783,projetee
2052,F,75,0.010749,projetee
2052,F,76,0.012121,projetee
2052,F,77,0.013618,projetee
2052,F,78,0.015653,projetee
2052,F,79,0.017880,projetee
2052,F,8,0.000044,projetee
2052,F,80,0.020379,projetee
2052,F,81,0.023710,projetee
2052,F,82,0.027291,projetee
2052,F,83,0.031625,projetee
2052,F,84,0.037166,projetee
2052,F,85,0.042890,projetee
2052,F,86,0.048822,projetee
2052,F,87,0.056220,projetee
2052,F,88,0.064237,projetee
2052,F,89,0.073723,projetee
2052,F,9,0.000044,projetee
2052,F,90,0.086025,projetee
2052,F,91,0.100351,projetee
2052,F,92,0.115890,projetee
2052,F,93,0.133070,projetee
2052,F,94,0.154972,projetee
2052,F,95,0.178535,projetee
2052,F,96,0.199427,projetee
2052,F,97,0.225171,projetee
2052,F,98,0.248662,projetee
2052,F,99,0.268241,projetee
2052,H,0,0.001901,projetee
2052,H,1,0.000355,projetee
2052,H,10,0.000054,projetee
2052,H,100,0.340387,projetee
2052,H,101,0.357138,projetee
2052,H,102,0.372748,projetee
2052,H,103,0.387801,projetee
2052,H,104,0.402399,projetee
2052,H,105,0.416611,projetee
2052,H,106,0.430470,projetee
2052,H,107,0.443894,projetee
2052,H,108,0.456805,projetee
2052,H,109,0.469128,projetee
2052,H,11,0.000056,projetee
2052,H,110,0.481592,projetee
2052,H,111,0.497942,projetee
2052,H,112,0.517542,projetee
2052,H,113,0.536930,projetee
2052,H,114,0.546462,projetee
2052,H,115,0.546462,projetee
2052,H,116,0.546462,projetee
2052,H,117,0.546462,projetee
2052,H,118,0.546462,projetee
2052,H,119,0.546462,projetee
2052,H,12,0.000061,projetee
2052,H,120,0.546462,projetee
2052,H,13,0.000073,projetee
2052,H,14,0.000095,projetee
2052,H,15,0.000131,projetee
2052,H,16,0.000176,projetee
2052,H,17,0.000223,projetee
2052,H,18,0.000270,projetee
2052,H,19,0.000311,projetee
2052,H,2,0.000157,projetee
2052,H,20,0.000347,projetee
2052,H,21,0.000372,projetee
2052,H,22,0.000382,projetee
2052,H,23,0.000387,projetee
2052,H,24,0.000395,projetee
2052,H,25,0.000408,projetee
2052,H,26,0.000423,projetee
2052,H,27,0.000442,projetee
2052,H,28,0.000464,projetee
2052,H,29,0.000482,projetee
2052,H,3,0.000114,projetee
2052,H,30,0.000497,projetee
2052,H,31,0.000518,projetee
2052,H,32,0.000548,projetee
2052,H,33,0.000572,projetee
2052,H,34,0.000613,projetee
2052,H,35,0.000664,projetee
2052,H,36,0.000705,projetee
2052,H,37,0.000750,projetee
2052,H,38,0.000809,projetee
2052,H,39,0.000872,projetee
2052,H,4,0.000088,projetee
2052,H,40,0.000937,projetee
2052,H,41,0.001012,projetee
2052,H,42,0.001099,projetee
2052,H,43,0.001199,projetee
2052,H,44,0.001289,projetee
2052,H,45,0.001373,projetee
2052,H,46,0.001478,projetee
2052,H,47,0.001608,projetee
2052,H,48,0.001739,projetee
2052,H,49,0.001896,projetee
2052,H,5,0.000071,projetee
2052,H,50,0.002082,projetee
2052,H,51,0.002294,projetee
2052,H,52,0.002554,projetee
2052,H,53,0.002863,projetee
2052,H,54,0.003119,projetee
2052,H,55,0.003290,projetee
2052,H,56,0.003594,projetee
2052,H,57,0.003985,projetee
2052,H,58,0.004370,projetee
2052,H,59,0.004692,projetee
2052,H,6,0.000062,projetee
2052,H,60,0.005020,projetee
2052,H,61,0.005497,projetee
2052,H,62,0.005998,projetee
2052,H,63,0.006580,projetee
2052,H,64,0.007178,projetee
2052,H,65,0.007872,projetee
2052,H,66,0.008528,projetee
2052,H,67,0.009142,projetee
2052,H,68,0.009902,projetee
2052,H,69,0.010656,projetee
2052,H,7,0.000055,projetee
2052,H,70,0.011608,projetee
2052,H,71,0.012820,projetee
2052,H,72,0.013901,projetee
2052,H,73,0.014913,projetee
2052,H,74,0.016357,projetee
2052,H,75,0.017862,projetee
2052,H,76,0.019274,projetee
2052,H,77,0.021170,projetee
2052,H,78,0.023463,projetee
2052,H,79,0.026087,projetee
2052,H,8,0.000053,projetee
2052,H,80,0.029500,projetee
2052,H,81,0.032860,projetee
2052,H,82,0.036459,projetee
2052,H,83,0.041504,projetee
2052,H,84,0.046654,projetee
2052,H,85,0.053025,projetee
2052,H,86,0.061698,projetee
2052,H,87,0.069890,projetee
2052,H,88,0.078480,projetee
2052,H,89,0.090600,projetee
2052,H,9,0.000053,projetee
2052,H,90,0.104534,projetee
2052,H,91,0.120476,projetee
2052,H,92,0.139078,projetee
2052,H,93,0.159698,projetee
2052,H,94,0.185994,projetee
2052,H,95,0.214264,projetee
2052,H,96,0.239332,projetee
2052,H,97,0.270258,projetee
2052,H,98,0.298408,projetee
2052,H,99,0.319783,projetee
2053,F,0,0.001560,projetee
2053,F,1,0.000275,projetee
2053,F,10,0.000044,projetee
2053,F,100,0.288980,projetee
2053,F,101,0.307109,projetee
2053,F,102,0.324720,projetee
2053,F,103,0.342309,projetee
2053,F,104,0.359962,projetee
2053,F,105,0.377747,projetee
2053,F,106,0.395697,projetee
2053,F,107,0.413744,projetee
2053,F,108,0.431818,projetee
2053,F,109,0.449848,projetee
2053,F,11,0.000046,projetee
2053,F,110,0.467761,projetee
2053,F,111,0.486307,projetee
2053,F,112,0.505448,projetee
2053,F,113,0.524383,projetee
2053,F,114,0.533697,projetee
2053,F,115,0.533697,projetee
2053,F,116,0.533697,projetee
2053,F,117,0.533697,projetee
2053,F,118,0.533697,projetee
2053,F,119,0.533697,projetee
2053,F,12,0.000050,projetee
2053,F,120,0.533697,projetee
2053,F,13,0.000058,projetee
2053,F,14,0.000073,projetee
2053,F,15,0.000088,projetee
2053,F,16,0.000099,projetee
2053,F,17,0.000109,projetee
2053,F,18,0.000120,projetee
2053,F,19,0.000131,projetee
2053,F,2,0.000125,projetee
2053,F,20,0.000141,projetee
2053,F,21,0.000150,projetee
2053,F,22,0.000158,projetee
2053,F,23,0.000162,projetee
2053,F,24,0.000165,projetee
2053,F,25,0.000170,projetee
2053,F,26,0.000175,projetee
2053,F,27,0.000177,projetee
2053,F,28,0.000182,projetee
2053,F,29,0.000193,projetee
2053,F,3,0.000089,projetee
2053,F,30,0.000209,projetee
2053,F,31,0.000224,projetee
2053,F,32,0.000247,projetee
2053,F,33,0.000271,projetee
2053,F,34,0.000291,projetee
2053,F,35,0.000310,projetee
2053,F,36,0.000330,projetee
2053,F,37,0.000359,projetee
2053,F,38,0.000389,projetee
2053,F,39,0.000426,projetee
2053,F,4,0.000068,projetee
2053,F,40,0.000471,projetee
2053,F,41,0.000518,projetee
2053,F,42,0.000569,projetee
2053,F,43,0.000625,projetee
2053,F,44,0.000675,projetee
2053,F,45,0.000732,projetee
2053,F,46,0.000800,projetee
2053,F,47,0.000885,projetee
2053,F,48,0.000981,projetee
2053,F,49,0.001086,projetee
2053,F,5,0.000058,projetee
2053,F,50,0.001211,projetee
2053,F,51,0.001348,projetee
2053,F,52,0.001462,projetee
2053,F,53,0.001552,projetee
2053,F,54,0.001669,projetee
2053,F,55,0.001870,projetee
2053,F,56,0.002072,projetee
2053,F,57,0.002250,projetee
2053,F,58,0.002458,projetee
2053,F,59,0.002680,projetee
2053,F,6,0.000051,projetee
2053,F,60,0.002913,projetee
2053,F,61,0.003150,projetee
2053,F,62,0.003464,projetee
2053,F,63,0.003852,projetee
2053,F,64,0.004226,projetee
2053,F,65,0.004619,projetee
2053,F,66,0.004958,projetee
2053,F,67,0.005212,projetee
2053,F,68,0.005593,projetee
2053,F,69,0.006104,projetee
2053,F,7,0.000046,projetee
2053,F,70,0.006690,projetee
2053,F,71,0.007365,projetee
2053,F,72,0.008098,projetee
2053,F,73,0.008881,projetee
2053,F,74,0.009664,projetee
2053,F,75,0.010619,projetee
2053,F,76,0.011974,projetee
2053,F,77,0.013453,projetee
2053,F,78,0.015464,projetee
2053,F,79,0.017664,projetee
2053,F,8,0.000043,projetee
2053,F,80,0.020132,projetee
2053,F,81,0.023424,projetee
2053,F,82,0.026961,projetee
2053,F,83,0.031242,projetee
2053,F,84,0.036716,projetee
2053,F,85,0.042371,projetee
2053,F,86,0.048231,projetee
2053,F,87,0.055540,projetee
2053,F,88,0.063461,projetee
2053,F,89,0.072860,projetee
2053,F,9,0.000043,projetee
2053,F,90,0.085088,projetee
2053,F,91,0.099365,projetee
2053,F,92,0.114872,projetee
2053,F,93,0.132031,projetee
2053,F,94,0.153924,projetee
2053,F,95,0.177498,projetee
2053,F,96,0.198443,projetee
2053,F,97,0.224637,projetee
2053,F,98,0.248518,projetee
2053,F,99,0.268085,projetee
2053,H,0,0.001889,projetee
2053,H,1,0.000351,projetee
2053,H,10,0.000053,projetee
2053,H,100,0.340191,projetee
2053,H,101,0.356932,projetee
2053,H,102,0.372532,projetee
2053,H,103,0.387576,projetee
2053,H,104,0.402166,projetee
2053,H,105,0.416370,projetee
2053,H,106,0.430221,projetee
2053,H,107,0.443637,projetee
2053,H,108,0.456541,projetee
2053,H,109,0.468856,projetee
2053,H,11,0.000055,projetee
2053,H,110,0.480512,projetee
2053,H,111,0.496036,projetee
2053,H,112,0.515561,projetee
2053,H,113,0.534875,projetee
2053,H,114,0.544371,projetee
2053,H,115,0.544371,projetee
2053,H,116,0.544371,projetee
2053,H,117,0.544371,projetee
2053,H,118,0.544371,projetee
2053,H,119,0.544371,projetee
2053,H,12,0.000060,projetee
2053,H,120,0.544371,projetee
2053,H,13,0.000071,projetee
2053,H,14,0.000093,projetee
2053,H,15,0.000129,projetee
2053,H,16,0.000173,projetee
2053,H,17,0.000219,projetee
2053,H,18,0.000266,projetee
2053,H,19,0.000306,projetee
2053,H,2,0.000156,projetee
2053,H,20,0.000341,projetee
2053,H,21,0.000366,projetee
2053,H,22,0.000376,projetee
2053,H,23,0.000381,projetee
2053,H,24,0.000389,projetee
2053,H,25,0.000401,projetee
2053,H,26,0.000416,projetee
2053,H,27,0.000435,projetee
2053,H,28,0.000456,projetee
2053,H,29,0.000474,projetee
2053,H,3,0.000113,projetee
2053,H,30,0.000488,projetee
2053,H,31,0.000509,projetee
2053,H,32,0.000539,projetee
2053,H,33,0.000563,projetee
2053,H,34,0.000603,projetee
2053,H,35,0.000653,projetee
2053,H,36,0.000694,projetee
2053,H,37,0.000738,projetee
2053,H,38,0.000795,projetee
2053,H,39,0.000858,projetee
2053,H,4,0.000087,projetee
2053,H,40,0.000922,projetee
2053,H,41,0.000995,projetee
2053,H,42,0.001081,projetee
2053,H,43,0.001179,projetee
2053,H,44,0.001268,projetee
2053,H,45,0.001351,projetee
2053,H,46,0.001454,projetee
2053,H,47,0.001581,projetee
2053,H,48,0.001711,projetee
2053,H,49,0.001866,projetee
2053,H,5,0.000070,projetee
2053,H,50,0.002048,projetee
2053,H,51,0.002256,projetee
2053,H,52,0.002513,projetee
2053,H,53,0.002817,projetee
2053,H,54,0.003069,projetee
2053,H,55,0.003236,projetee
2053,H,56,0.003535,projetee
2053,H,57,0.003920,projetee
2053,H,58,0.004299,projetee
2053,H,59,0.004615,projetee
2053,H,6,0.000061,projetee
2053,H,60,0.004938,projetee
2053,H,61,0.005407,projetee
2053,H,62,0.005901,projetee
2053,H,63,0.006473,projetee
2053,H,64,0.007061,projetee
2053,H,65,0.007743,projetee
2053,H,66,0.008389,projetee
2053,H,67,0.008993,projetee
2053,H,68,0.009740,projetee
2053,H,69,0.010482,projetee
2053,H,7,0.000055,projetee
2053,H,70,0.011419,projetee
2053,H,71,0.012610,projetee
2053,H,72,0.013674,projetee
2053,H,73,0.014669,projetee
2053,H,74,0.016090,projetee
2053,H,75,0.017570,projetee
2053,H,76,0.018959,projetee
2053,H,77,0.020825,projetee
2053,H,78,0.023080,projetee
2053,H,79,0.025661,projetee
2053,H,8,0.000052,projetee
2053,H,80,0.029018,projetee
2053,H,81,0.032324,projetee
2053,H,82,0.035864,projetee
2053,H,83,0.040827,projetee
2053,H,84,0.045893,projetee
2053,H,85,0.052170,projetee
2053,H,86,0.060747,projetee
2053,H,87,0.068878,projetee
2053,H,88,0.077422,projetee
2053,H,89,0.089481,projetee
2053,H,9,0.000052,projetee
2053,H,90,0.103361,projetee
2053,H,91,0.119280,projetee
2053,H,92,0.137856,projetee
2053,H,93,0.158451,projetee
2053,H,94,0.184737,projetee
2053,H,95,0.213019,projetee
2053,H,96,0.238151,projetee
2053,H,97,0.269619,projetee
2053,H,98,0.298235,projetee
2053,H,99,0.319598,projetee
2054,F,0,0.001551,projetee
2054,F,1,0.000273,projetee
2054,F,10,0.000044,projetee
2054,F,100,0.288812,projetee
2054,F,101,0.306931,projetee
2054,F,102,0.324533,projetee
2054,F,103,0.342110,projetee
2054,F,104,0.359754,projetee
2054,F,105,0.377528,projetee
2054,F,106,0.395468,projetee
2054,F,107,0.413505,projetee
2054,F,108,0.431569,projetee
2054,F,109,0.449588,projetee
2054,F,11,0.000045,projetee
2054,F,110,0.467490,projetee
2054,F,111,0.485206,projetee
2054,F,112,0.503513,projetee
2054,F,113,0.522376,projetee
2054,F,114,0.531655,projetee
2054,F,115,0.531655,projetee
2054,F,116,0.531655,projetee
2054,F,117,0.531655,projetee
2054,F,118,0.531655,projetee
2054,F,119,0.531655,projetee
2054,F,12,0.000049,projetee
2054,F,120,0.531655,projetee
2054,F,13,0.000058,projetee
2054,F,14,0.000072,projetee
2054,F,15,0.000087,projetee
2054,F,16,0.000098,projetee
2054,F,17,0.000108,projetee
2054,F,18,0.000118,projetee
2054,F,19,0.000129,projetee
2054,F,2,0.000124,projetee
2054,F,20,0.000139,projetee
2054,F,21,0.000148,projetee
2054,F,22,0.000156,projetee
2054,F,23,0.000160,projetee
2054,F,24,0.000163,projetee
2054,F,25,0.000168,projetee
2054,F,26,0.000173,projetee
2054,F,27,0.000175,projetee
2054,F,28,0.000179,projetee
2054,F,29,0.000190,projetee
2054,F,3,0.000089,projetee
2054,F,30,0.000206,projetee
2054,F,31,0.000221,projetee
2054,F,32,0.000244,projetee
2054,F,33,0.000268,projetee
2054,F,34,0.000288,projetee
2054,F,35,0.000306,projetee
2054,F,36,0.000326,projetee
2054,F,37,0.000355,projetee
2054,F,38,0.000385,projetee
2054,F,39,0.000420,projetee
2054,F,4,0.000068,projetee
2054,F,40,0.000465,projetee
2054,F,41,0.000512,projetee
2054,F,42,0.000562,projetee
2054,F,43,0.000617,projetee
2054,F,44,0.000667,projetee
2054,F,45,0.000723,projetee
2054,F,46,0.000791,projetee
2054,F,47,0.000874,projetee
2054,F,48,0.000969,projetee
2054,F,49,0.001073,projetee
2054,F,5,0.000058,projetee
2054,F,50,0.001197,projetee
2054,F,51,0.001331,projetee
2054,F,52,0.001444,projetee
2054,F,53,0.001533,projetee
2054,F,54,0.001649,projetee
2054,F,55,0.001847,projetee
2054,F,56,0.002047,projetee
2054,F,57,0.002223,projetee
2054,F,58,0.002428,projetee
2054,F,59,0.002648,projetee
2054,F,6,0.000050,projetee
2054,F,60,0.002878,projetee
2054,F,61,0.003112,projetee
2054,F,62,0.003422,projetee
2054,F,63,0.003806,projetee
2054,F,64,0.004175,projetee
2054,F,65,0.004563,projetee
2054,F,66,0.004898,projetee
2054,F,67,0.005149,projetee
2054,F,68,0.005526,projetee
2054,F,69,0.006030,projetee
2054,F,7,0.000045,projetee
2054,F,70,0.006609,projetee
2054,F,71,0.007276,projetee
2054,F,72,0.008000,projetee
2054,F,73,0.008773,projetee
2054,F,74,0.009547,projetee
2054,F,75,0.010491,projetee
2054,F,76,0.011830,projetee
2054,F,77,0.013290,projetee
2054,F,78,0.015277,projetee
2054,F,79,0.017450,projetee
2054,F,8,0.000043,projetee
2054,F,80,0.019889,projetee
2054,F,81,0.023140,projetee
2054,F,82,0.026635,projetee
2054,F,83,0.030865,projetee
2054,F,84,0.036272,projetee
2054,F,85,0.041859,projetee
2054,F,86,0.047648,projetee
2054,F,87,0.054869,projetee
2054,F,88,0.062693,projetee
2054,F,89,0.072006,projetee
2054,F,9,0.000043,projetee
2054,F,90,0.084161,projetee
2054,F,91,0.098388,projetee
2054,F,92,0.113863,projetee
2054,F,93,0.131001,projetee
2054,F,94,0.152883,projetee
2054,F,95,0.176466,projetee
2054,F,96,0.197464,projetee
2054,F,97,0.223706,projetee
2054,F,98,0.247987,projetee
2054,F,99,0.267930,projetee
2054,H,0,0.001877,projetee
2054,H,1,0.000348,projetee
2054,H,10,0.000052,projetee
2054,H,100,0.339994,projetee
2054,H,101,0.356725,projetee
2054,H,102,0.372316,projetee
2054,H,103,0.387352,projetee
2054,H,104,0.401933,projetee
2054,H,105,0.416129,projetee
2054,H,106,0.429972,projetee
2054,H,107,0.443380,projetee
2054,H,108,0.456277,projetee
2054,H,109,0.468585,projetee
2054,H,11,0.000055,projetee
2054,H,110,0.480234,projetee
2054,H,111,0.494913,projetee
2054,H,112,0.513587,projetee
2054,H,113,0.532827,projetee
2054,H,114,0.542288,projetee
2054,H,115,0.542288,projetee
2054,H,116,0.542288,projetee
2054,H,117,0.542288,projetee
2054,H,118,0.542288,projetee
2054,H,119,0.542288,projetee
2054,H,12,0.000059,projetee
2054,H,120,0.542288,projetee
2054,H,13,0.000070,projetee
2054,H,14,0.000092,projetee
2054,H,15,0.000127,projetee
2054,H,16,0.000170,projetee
2054,H,17,0.000216,projetee
2054,H,18,0.000261,projetee
2054,H,19,0.000301,projetee
2054,H,2,0.000154,projetee
2054,H,20,0.000335,projetee
2054,H,21,0.000360,projetee
2054,H,22,0.000370,projetee
2054,H,23,0.000375,projetee
2054,H,24,0.000383,projetee
2054,H,25,0.000395,projetee
2054,H,26,0.000410,projetee
2054,H,27,0.000428,projetee
2054,H,28,0.000449,projetee
2054,H,29,0.000466,projetee
2054,H,3,0.000112,projetee
2054,H,30,0.000481,projetee
2054,H,31,0.000501,projetee
2054,H,32,0.000530,projetee
2054,H,33,0.000553,projetee
2054,H,34,0.000593,projetee
2054,H,35,0.000643,projetee
2054,H,36,0.000682,projetee
2054,H,37,0.000726,projetee
2054,H,38,0.000782,projetee
2054,H,39,0.000844,projetee
2054,H,4,0.000086,projetee
2054,H,40,0.000907,projetee
2054,H,41,0.000979,projetee
2054,H,42,0.001063,projetee
2054,H,43,0.001160,projetee
2054,H,44,0.001248,projetee
2054,H,45,0.001329,projetee
2054,H,46,0.001431,projetee
2054,H,47,0.001556,projetee
2054,H,48,0.001683,projetee
2054,H,49,0.001835,projetee
2054,H,5,0.000069,projetee
2054,H,50,0.002014,projetee
2054,H,51,0.002220,projetee
2054,H,52,0.002472,projetee
2054,H,53,0.002771,projetee
2054,H,54,0.003018,projetee
2054,H,55,0.003184,projetee
2054,H,56,0.003478,projetee
2054,H,57,0.003856,projetee
2054,H,58,0.004229,projetee
2054,H,59,0.004540,projetee
2054,H,6,0.000060,projetee
2054,H,60,0.004857,projetee
2054,H,61,0.005319,projetee
2054,H,62,0.005804,projetee
2054,H,63,0.006367,projetee
2054,H,64,0.006946,projetee
2054,H,65,0.007617,projetee
2054,H,66,0.008252,projetee
2054,H,67,0.008846,projetee
2054,H,68,0.009581,projetee
2054,H,69,0.010311,projetee
2054,H,7,0.000054,projetee
2054,H,70,0.011233,projetee
2054,H,71,0.012405,projetee
2054,H,72,0.013451,projetee
2054,H,73,0.014430,projetee
2054,H,74,0.015828,projetee
2054,H,75,0.017284,projetee
2054,H,76,0.018650,projetee
2054,H,77,0.020485,projetee
2054,H,78,0.022704,projetee
2054,H,79,0.025243,projetee
2054,H,8,0.000051,projetee
2054,H,80,0.028545,projetee
2054,H,81,0.031797,projetee
2054,H,82,0.035279,projetee
2054,H,83,0.040161,projetee
2054,H,84,0.045144,projetee
2054,H,85,0.051328,projetee
2054,H,86,0.059811,projetee
2054,H,87,0.067881,projetee
2054,H,88,0.076378,projetee
2054,H,89,0.088376,projetee
2054,H,9,0.000052,projetee
2054,H,90,0.102201,projetee
2054,H,91,0.118096,projetee
2054,H,92,0.136646,projetee
2054,H,93,0.157215,projetee
2054,H,94,0.183487,projetee
2054,H,95,0.211782,projetee
2054,H,96,0.236976,projetee
2054,H,97,0.268502,projetee
2054,H,98,0.297600,projetee
2054,H,99,0.319413,projetee
2055,F,0,0.001541,projetee
2055,F,1,0.000271,projetee
2055,F,10,0.000043,projetee
2055,F,100,0.288645,projetee
2055,F,101,0.306753,projetee
2055,F,102,0.324345,projetee
2055,F,103,0.341913,projetee
2055,F,104,0.359545,projetee
2055,F,105,0.377310,projetee
2055,F,106,0.395239,projetee
2055,F,107,0.413265,projetee
2055,F,108,0.431319,projetee
2055,F,109,0.449328,projetee
2055,F,11,0.000045,projetee
2055,F,110,0.467220,projetee
2055,F,111,0.484925,projetee
2055,F,112,0.502374,projetee
2055,F,113,0.520377,projetee
2055,F,114,0.529621,projetee
2055,F,115,0.529621,projetee
2055,F,116,0.529621,projetee
2055,F,117,0.529621,projetee
2055,F,118,0.529621,projetee
2055,F,119,0.529621,projetee
2055,F,12,0.000048,projetee
2055,F,120,0.529621,projetee
2055,F,13,0.000057,projetee
2055,F,14,0.000071,projetee
2055,F,15,0.000086,projetee
2055,F,16,0.000097,projetee
2055,F,17,0.000107,projetee
2055,F,18,0.000117,projetee
2055,F,19,0.000128,projetee
2055,F,2,0.000123,projetee
2055,F,20,0.000138,projetee
2055,F,21,0.000146,projetee
2055,F,22,0.000154,projetee
2055,F,23,0.000158,projetee
2055,F,24,0.000161,projetee
2055,F,25,0.000166,projetee
2055,F,26,0.000171,projetee
2055,F,27,0.000173,projetee
2055,F,28,0.000177,projetee
2055,F,29,0.000188,projetee
2055,F,3,0.000088,projetee
2055,F,30,0.000204,projetee
2055,F,31,0.000218,projetee
2055,F,32,0.000241,projetee
2055,F,33,0.000264,projetee
2055,F,34,0.000284,projetee
2055,F,35,0.000302,projetee
2055,F,36,0.000322,projetee
2055,F,37,0.000350,projetee
2055,F,38,0.000380,projetee
2055,F,39,0.000415,projetee
2055,F,4,0.000067,projetee
2055,F,40,0.000459,projetee
2055,F,41,0.000506,projetee
2055,F,42,0.000555,projetee
2055,F,43,0.000610,projetee
2055,F,44,0.000659,projetee
2055,F,45,0.000714,projetee
2055,F,46,0.000781,projetee
2055,F,47,0.000864,projetee
2055,F,48,0.000957,projetee
2055,F,49,0.001060,projetee
2055,F,5,0.000057,projetee
2055,F,50,0.001182,projetee
2055,F,51,0.001315,projetee
2055,F,52,0.001427,projetee
2055,F,53,0.001514,projetee
2055,F,54,0.001629,projetee
2055,F,55,0.001825,projetee
2055,F,56,0.002022,projetee
2055,F,57,0.002196,projetee
2055,F,58,0.002399,projetee
2055,F,59,0.002616,projetee
2055,F,6,0.000050,projetee
2055,F,60,0.002843,projetee
2055,F,61,0.003075,projetee
2055,F,62,0.003381,projetee
2055,F,63,0.003760,projetee
2055,F,64,0.004125,projetee
2055,F,65,0.004508,projetee
2055,F,66,0.004839,projetee
2055,F,67,0.005087,projetee
2055,F,68,0.005459,projetee
2055,F,69,0.005957,projetee
2055,F,7,0.000045,projetee
2055,F,70,0.006530,projetee
2055,F,71,0.007188,projetee
2055,F,72,0.007903,projetee
2055,F,73,0.008667,projetee
2055,F,74,0.009432,projetee
2055,F,75,0.010364,projetee
2055,F,76,0.011686,projetee
2055,F,77,0.013130,projetee
2055,F,78,0.015092,projetee
2055,F,79,0.017239,projetee
2055,F,8,0.000042,projetee
2055,F,80,0.019648,projetee
2055,F,81,0.022861,projetee
2055,F,82,0.026313,projetee
2055,F,83,0.030491,projetee
2055,F,84,0.035833,projetee
2055,F,85,0.041353,projetee
2055,F,86,0.047072,projetee
2055,F,87,0.054205,projetee
2055,F,88,0.061935,projetee
2055,F,89,0.071163,projetee
2055,F,9,0.000042,projetee
2055,F,90,0.083244,projetee
2055,F,91,0.097421,projetee
2055,F,92,0.112863,projetee
2055,F,93,0.129978,projetee
2055,F,94,0.151849,projetee
2055,F,95,0.175441,projetee
2055,F,96,0.196490,projetee
2055,F,97,0.222778,projetee
2055,F,98,0.247038,projetee
2055,F,99,0.267366,projetee
2055,H,0,0.001864,projetee
2055,H,1,0.000345,projetee
2055,H,10,0.000052,projetee
2055,H,100,0.339797,projetee
2055,H,101,0.356519,projetee
2055,H,102,0.372101,projetee
2055,H,103,0.387128,projetee
2055,H,104,0.401701,projetee
2055,H,105,0.415888,projetee
2055,H,106,0.429723,projetee
2055,H,107,0.443124,projetee
2055,H,108,0.456013,projetee
2055,H,109,0.468314,projetee
2055,H,11,0.000054,projetee
2055,H,110,0.479956,projetee
2055,H,111,0.494626,projetee
2055,H,112,0.512424,projetee
2055,H,113,0.530788,projetee
2055,H,114,0.540214,projetee
2055,H,115,0.540214,projetee
2055,H,116,0.540214,projetee
2055,H,117,0.540214,projetee
2055,H,118,0.540214,projetee
2055,H,119,0.540214,projetee
2055,H,12,0.000058,projetee
2055,H,120,0.540214,projetee
2055,H,13,0.000069,projetee
2055,H,14,0.000090,projetee
2055,H,15,0.000125,projetee
2055,H,16,0.000168,projetee
2055,H,17,0.000212,projetee
2055,H,18,0.000257,projetee
2055,H,19,0.000296,projetee
2055,H,2,0.000153,projetee
2055,H,20,0.000330,projetee
2055,H,21,0.000354,projetee
2055,H,22,0.000364,projetee
2055,H,23,0.000369,projetee
2055,H,24,0.000376,projetee
2055,H,25,0.000388,projetee
2055,H,26,0.000403,projetee
2055,H,27,0.000421,projetee
2055,H,28,0.000441,projetee
2055,H,29,0.000458,projetee
2055,H,3,0.000111,projetee
2055,H,30,0.000473,projetee
2055,H,31,0.000493,projetee
2055,H,32,0.000521,projetee
2055,H,33,0.000544,projetee
2055,H,34,0.000583,projetee
2055,H,35,0.000632,projetee
2055,H,36,0.000671,projetee
2055,H,37,0.000714,projetee
2055,H,38,0.000770,projetee
2055,H,39,0.000830,projetee
2055,H,4,0.000085,projetee
2055,H,40,0.000892,projetee
2055,H,41,0.000963,projetee
2055,H,42,0.001046,projetee
2055,H,43,0.001141,projetee
2055,H,44,0.001227,projetee
2055,H,45,0.001307,projetee
2055,H,46,0.001407,projetee
2055,H,47,0.001530,projetee
2055,H,48,0.001655,projetee
2055,H,49,0.001805,projetee
2055,H,5,0.000069,projetee
2055,H,50,0.001981,projetee
2055,H,51,0.002183,projetee
2055,H,52,0.002431,projetee
2055,H,53,0.002726,projetee
2055,H,54,0.002969,projetee
2055,H,55,0.003132,projetee
2055,H,56,0.003421,projetee
2055,H,57,0.003793,projetee
2055,H,58,0.004160,projetee
2055,H,59,0.004466,projetee
2055,H,6,0.000060,projetee
2055,H,60,0.004778,projetee
2055,H,61,0.005232,projetee
2055,H,62,0.005710,projetee
2055,H,63,0.006263,projetee
2055,H,64,0.006833,projetee
2055,H,65,0.007493,projetee
2055,H,66,0.008117,projetee
2055,H,67,0.008702,projetee
2055,H,68,0.009425,projetee
2055,H,69,0.010143,projetee
2055,H,7,0.000053,projetee
2055,H,70,0.011050,projetee
2055,H,71,0.012202,projetee
2055,H,72,0.013232,projetee
2055,H,73,0.014195,projetee
2055,H,74,0.015570,projetee
2055,H,75,0.017002,projetee
2055,H,76,0.018346,projetee
2055,H,77,0.020151,projetee
2055,H,78,0.022334,projetee
2055,H,79,0.024831,projetee
2055,H,8,0.000051,projetee
2055,H,80,0.028079,projetee
2055,H,81,0.031278,projetee
2055,H,82,0.034703,projetee
2055,H,83,0.039505,projetee
2055,H,84,0.044408,projetee
2055,H,85,0.050499,projetee
2055,H,86,0.058889,projetee
2055,H,87,0.066898,projetee
2055,H,88,0.075349,projetee
2055,H,89,0.087284,projetee
2055,H,9,0.000051,projetee
2055,H,90,0.101055,projetee
2055,H,91,0.116924,projetee
2055,H,92,0.135446,projetee
2055,H,93,0.155988,projetee
2055,H,94,0.182247,projetee
2055,H,95,0.210552,projetee
2055,H,96,0.235807,projetee
2055,H,97,0.267389,projetee
2055,H,98,0.296461,projetee
2055,H,99,0.318737,projetee
2056,F,0,0.001532,projetee
2056,F,1,0.000269,projetee
2056,F,10,0.000043,projetee
2056,F,100,0.288031,projetee
2056,F,101,0.306576,projetee
2056,F,102,0.324157,projetee
2056,F,103,0.341715,projetee
2056,F,104,0.359337,projetee
2056,F,105,0.377091,projetee
2056,F,106,0.395010,projetee
2056,F,107,0.413026,projetee
2056,F,108,0.431069,projetee
2056,F,109,0.449068,projetee
2056,F,11,0.000044,projetee
2056,F,110,0.466949,projetee
2056,F,111,0.484644,projetee
2056,F,112,0.502083,projetee
2056,F,113,0.519199,projetee
2056,F,114,0.527595,projetee
2056,F,115,0.527595,projetee
2056,F,116,0.527595,projetee
2056,F,117,0.527595,projetee
2056,F,118,0.527595,projetee
2056,F,119,0.527595,projetee
2056,F,12,0.000048,projetee
2056,F,120,0.527595,projetee
2056,F,13,0.000056,projetee
2056,F,14,0.000070,projetee
2056,F,15,0.000085,projetee
2056,F,16,0.000096,projetee
2056,F,17,0.000105,projetee
2056,F,18,0.000116,projetee
2056,F,19,0.000126,projetee
2056,F,2,0.000122,projetee
2056,F,20,0.000136,projetee
2056,F,21,0.000145,projetee
2056,F,22,0.000152,projetee
2056,F,23,0.000156,projetee
2056,F,24,0.000159,projetee
2056,F,25,0.000164,projetee
2056,F,26,0.000168,projetee
2056,F,27,0.000171,projetee
2056,F,28,0.000175,projetee
2056,F,29,0.000186,projetee
2056,F,3,0.000087,projetee
2056,F,30,0.000201,projetee
2056,F,31,0.000216,projetee
2056,F,32,0.000238,projetee
2056,F,33,0.000261,projetee
2056,F,34,0.000281,projetee
2056,F,35,0.000298,projetee
2056,F,36,0.000319,projetee
2056,F,37,0.000346,projetee
2056,F,38,0.000375,projetee
2056,F,39,0.000410,projetee
2056,F,4,0.000066,projetee
2056,F,40,0.000454,projetee
2056,F,41,0.000500,projetee
2056,F,42,0.000548,projetee
2056,F,43,0.000602,projetee
2056,F,44,0.000651,projetee
2056,F,45,0.000705,projetee
2056,F,46,0.000772,projetee
2056,F,47,0.000853,projetee
2056,F,48,0.000946,projetee
2056,F,49,0.001048,projetee
2056,F,5,0.000057,projetee
2056,F,50,0.001168,projetee
2056,F,51,0.001299,projetee
2056,F,52,0.001410,projetee
2056,F,53,0.001496,projetee
2056,F,54,0.001609,projetee
2056,F,55,0.001803,projetee
2056,F,56,0.001998,projetee
2056,F,57,0.002169,projetee
2056,F,58,0.002370,projetee
2056,F,59,0.002584,projetee
2056,F,6,0.000049,projetee
2056,F,60,0.002809,projetee
2056,F,61,0.003037,projetee
2056,F,62,0.003340,projetee
2056,F,63,0.003714,projetee
2056,F,64,0.004075,projetee
2056,F,65,0.004453,projetee
2056,F,66,0.004780,projetee
2056,F,67,0.005026,projetee
2056,F,68,0.005393,projetee
2056,F,69,0.005885,projetee
2056,F,7,0.000044,projetee
2056,F,70,0.006451,projetee
2056,F,71,0.007101,projetee
2056,F,72,0.007808,projetee
2056,F,73,0.008562,projetee
2056,F,74,0.009318,projetee
2056,F,75,0.010239,projetee
2056,F,76,0.011545,projetee
2056,F,77,0.012971,projetee
2056,F,78,0.014910,projetee
2056,F,79,0.017031,projetee
2056,F,8,0.000042,projetee
2056,F,80,0.019411,projetee
2056,F,81,0.022584,projetee
2056,F,82,0.025995,projetee
2056,F,83,0.030123,projetee
2056,F,84,0.035400,projetee
2056,F,85,0.040853,projetee
2056,F,86,0.046503,projetee
2056,F,87,0.053549,projetee
2056,F,88,0.061186,projetee
2056,F,89,0.070329,projetee
2056,F,9,0.000042,projetee
2056,F,90,0.082337,projetee
2056,F,91,0.096464,projetee
2056,F,92,0.111872,projetee
2056,F,93,0.128964,projetee
2056,F,94,0.150823,projetee
2056,F,95,0.174422,projetee
2056,F,96,0.195520,projetee
2056,F,97,0.221855,projetee
2056,F,98,0.246093,projetee
2056,F,99,0.266342,projetee
2056,H,0,0.001852,projetee
2056,H,1,0.000341,projetee
2056,H,10,0.000051,projetee
2056,H,100,0.339070,projetee
2056,H,101,0.356312,projetee
2056,H,102,0.371886,projetee
2056,H,103,0.386904,projetee
2056,H,104,0.401468,projetee
2056,H,105,0.415648,projetee
2056,H,106,0.429474,projetee
2056,H,107,0.442868,projetee
2056,H,108,0.455749,projetee
2056,H,109,0.468043,projetee
2056,H,11,0.000053,projetee
2056,H,110,0.479678,projetee
2056,H,111,0.494340,projetee
2056,H,112,0.512128,projetee
2056,H,113,0.529587,projetee
2056,H,114,0.538147,projetee
2056,H,115,0.538147,projetee
2056,H,116,0.538147,projetee
2056,H,117,0.538147,projetee
2056,H,118,0.538147,projetee
2056,H,119,0.538147,projetee
2056,H,12,0.000058,projetee
2056,H,120,0.538147,projetee
2056,H,13,0.000068,projetee
2056,H,14,0.000089,projetee
2056,H,15,0.000123,projetee
2056,H,16,0.000165,projetee
2056,H,17,0.000209,projetee
2056,H,18,0.000253,projetee
2056,H,19,0.000291,projetee
2056,H,2,0.000151,projetee
2056,H,20,0.000325,projetee
2056,H,21,0.000348,projetee
2056,H,22,0.000358,projetee
2056,H,23,0.000363,projetee
2056,H,24,0.000370,projetee
2056,H,25,0.000382,projetee
2056,H,26,0.000396,projetee
2056,H,27,0.000414,projetee
2056,H,28,0.000434,projetee
2056,H,29,0.000451,projetee
2056,H,3,0.000109,projetee
2056,H,30,0.000465,projetee
2056,H,31,0.000485,projetee
2056,H,32,0.000513,projetee
2056,H,33,0.000536,projetee
2056,H,34,0.000574,projetee
2056,H,35,0.000622,projetee
2056,H,36,0.000660,projetee
2056,H,37,0.000703,projetee
2056,H,38,0.000757,projetee
2056,H,39,0.000817,projetee
2056,H,4,0.000084,projetee
2056,H,40,0.000878,projetee
2056,H,41,0.000947,projetee
2056,H,42,0.001029,projetee
2056,H,43,0.001123,projetee
2056,H,44,0.001207,projetee
2056,H,45,0.001286,projetee
2056,H,46,0.001384,projetee
2056,H,47,0.001505,projetee
2056,H,48,0.001628,projetee
2056,H,49,0.001776,projetee
2056,H,5,0.000068,projetee
2056,H,50,0.001949,projetee
2056,H,51,0.002148,projetee
2056,H,52,0.002392,projetee
2056,H,53,0.002681,projetee
2056,H,54,0.002921,projetee
2056,H,55,0.003081,projetee
2056,H,56,0.003365,projetee
2056,H,57,0.003731,projetee
2056,H,58,0.004092,projetee
2056,H,59,0.004393,projetee
2056,H,6,0.000059,projetee
2056,H,60,0.004700,projetee
2056,H,61,0.005147,projetee
2056,H,62,0.005617,projetee
2056,H,63,0.006161,projetee
2056,H,64,0.006721,projetee
2056,H,65,0.007370,projetee
2056,H,66,0.007985,projetee
2056,H,67,0.008560,projetee
2056,H,68,0.009271,projetee
2056,H,69,0.009978,projetee
2056,H,7,0.000053,projetee
2056,H,70,0.010869,projetee
2056,H,71,0.012003,projetee
2056,H,72,0.013016,projetee
2056,H,73,0.013963,projetee
2056,H,74,0.015316,projetee
2056,H,75,0.016725,projetee
2056,H,76,0.018046,projetee
2056,H,77,0.019823,projetee
2056,H,78,0.021969,projetee
2056,H,79,0.024426,projetee
2056,H,8,0.000050,projetee
2056,H,80,0.027621,projetee
2056,H,81,0.030768,projetee
2056,H,82,0.034137,projetee
2056,H,83,0.038861,projetee
2056,H,84,0.043748,projetee
2056,H,85,0.049749,projetee
2056,H,86,0.057981,projetee
2056,H,87,0.065930,projetee
2056,H,88,0.074333,projetee
2056,H,89,0.086206,projetee
2056,H,9,0.000050,projetee
2056,H,90,0.099922,projetee
2056,H,91,0.115765,projetee
2056,H,92,0.134257,projetee
2056,H,93,0.154770,projetee
2056,H,94,0.181014,projetee
2056,H,95,0.209329,projetee
2056,H,96,0.234644,projetee
2056,H,97,0.266281,projetee
2056,H,98,0.295327,projetee
2056,H,99,0.317517,projetee
2057,F,0,0.001522,projetee
2057,F,1,0.000267,projetee
2057,F,10,0.000042,projetee
2057,F,100,0.286928,projetee
2057,F,101,0.305921,projetee
2057,F,102,0.323969,projetee
2057,F,103,0.341517,projetee
2057,F,104,0.359129,projetee
2057,F,105,0.376873,projetee
2057,F,106,0.394782,projetee
2057,F,107,0.412787,projetee
2057,F,108,0.430820,projetee
2057,F,109,0.448808,projetee
2057,F,11,0.000044,projetee
2057,F,110,0.466679,projetee
2057,F,111,0.484364,projetee
2057,F,112,0.501792,projetee
2057,F,113,0.518899,projetee
2057,F,114,0.527289,projetee
2057,F,115,0.527289,projetee
2057,F,116,0.527289,projetee
2057,F,117,0.527289,projetee
2057,F,118,0.527289,projetee
2057,F,119,0.527289,projetee
2057,F,12,0.000047,projetee
2057,F,120,0.527289,projetee
2057,F,13,0.000056,projetee
2057,F,14,0.000069,projetee
2057,F,15,0.000084,projetee
2057,F,16,0.000094,projetee
2057,F,17,0.000104,projetee
2057,F,18,0.000114,projetee
2057,F,19,0.000125,projetee
2057,F,2,0.000121,projetee
2057,F,20,0.000134,projetee
2057,F,21,0.000143,projetee
2057,F,22,0.000150,projetee
2057,F,23,0.000154,projetee
2057,F,24,0.000157,projetee
2057,F,25,0.000162,projetee
2057,F,26,0.000166,projetee
2057,F,27,0.000169,projetee
2057,F,28,0.000173,projetee
2057,F,29,0.000183,projetee
2057,F,3,0.000086,projetee
2057,F,30,0.000199,projetee
2057,F,31,0.000213,projetee
2057,F,32,0.000235,projetee
2057,F,33,0.000258,projetee
2057,F,34,0.000277,projetee
2057,F,35,0.000295,projetee
2057,F,36,0.000315,projetee
2057,F,37,0.000342,projetee
2057,F,38,0.000371,projetee
2057,F,39,0.000405,projetee
2057,F,4,0.000066,projetee
2057,F,40,0.000448,projetee
2057,F,41,0.000494,projetee
2057,F,42,0.000542,projetee
2057,F,43,0.000595,projetee
2057,F,44,0.000643,projetee
2057,F,45,0.000697,projetee
2057,F,46,0.000762,projetee
2057,F,47,0.000843,projetee
2057,F,48,0.000934,projetee
2057,F,49,0.001035,projetee
2057,F,5,0.000056,projetee
2057,F,50,0.001154,projetee
2057,F,51,0.001284,projetee
2057,F,52,0.001393,projetee
2057,F,53,0.001478,projetee
2057,F,54,0.001590,projetee
2057,F,55,0.001781,projetee
2057,F,56,0.001974,projetee
2057,F,57,0.002143,projetee
2057,F,58,0.002341,projetee
2057,F,59,0.002553,projetee
2057,F,6,0.000049,projetee
2057,F,60,0.002775,projetee
2057,F,61,0.003001,projetee
2057,F,62,0.003300,projetee
2057,F,63,0.003669,projetee
2057,F,64,0.004026,projetee
2057,F,65,0.004399,projetee
2057,F,66,0.004723,projetee
2057,F,67,0.004965,projetee
2057,F,68,0.005328,projetee
2057,F,69,0.005814,projetee
2057,F,7,0.000043,projetee
2057,F,70,0.006373,projetee
2057,F,71,0.007015,projetee
2057,F,72,0.007713,projetee
2057,F,73,0.008459,projetee
2057,F,74,0.009205,projetee
2057,F,75,0.010115,projetee
2057,F,76,0.011406,projetee
2057,F,77,0.012814,projetee
2057,F,78,0.014729,projetee
2057,F,79,0.016825,projetee
2057,F,8,0.000041,projetee
2057,F,80,0.019176,projetee
2057,F,81,0.022311,projetee
2057,F,82,0.025681,projetee
2057,F,83,0.029758,projetee
2057,F,84,0.034972,projetee
2057,F,85,0.040359,projetee
2057,F,86,0.045940,projetee
2057,F,87,0.052902,projetee
2057,F,88,0.060446,projetee
2057,F,89,0.069505,projetee
2057,F,9,0.000041,projetee
2057,F,90,0.081440,projetee
2057,F,91,0.095516,projetee
2057,F,92,0.110890,projetee
2057,F,93,0.127957,projetee
2057,F,94,0.149803,projetee
2057,F,95,0.173409,projetee
2057,F,96,0.194556,projetee
2057,F,97,0.220935,projetee
2057,F,98,0.245151,projetee
2057,F,99,0.265323,projetee
2057,H,0,0.001840,projetee
2057,H,1,0.000338,projetee
2057,H,10,0.000051,projetee
2057,H,100,0.337772,projetee
2057,H,101,0.355548,projetee
2057,H,102,0.371670,projetee
2057,H,103,0.386680,projetee
2057,H,104,0.401236,projetee
2057,H,105,0.415407,projetee
2057,H,106,0.429226,projetee
2057,H,107,0.442611,projetee
2057,H,108,0.455485,projetee
2057,H,109,0.467772,projetee
2057,H,11,0.000053,projetee
2057,H,110,0.479401,projetee
2057,H,111,0.494054,projetee
2057,H,112,0.511831,projetee
2057,H,113,0.529280,projetee
2057,H,114,0.537835,projetee
2057,H,115,0.537835,projetee
2057,H,116,0.537835,projetee
2057,H,117,0.537835,projetee
2057,H,118,0.537835,projetee
2057,H,119,0.537835,projetee
2057,H,12,0.000057,projetee
2057,H,120,0.537835,projetee
2057,H,13,0.000067,projetee
2057,H,14,0.000087,projetee
2057,H,15,0.000121,projetee
2057,H,16,0.000162,projetee
2057,H,17,0.000205,projetee
2057,H,18,0.000249,projetee
2057,H,19,0.000287,projetee
2057,H,2,0.000150,projetee
2057,H,20,0.000319,projetee
2057,H,21,0.000343,projetee
2057,H,22,0.000352,projetee
2057,H,23,0.000357,projetee
2057,H,24,0.000364,projetee
2057,H,25,0.000376,projetee
2057,H,26,0.000390,projetee
2057,H,27,0.000407,projetee
2057,H,28,0.000427,projetee
2057,H,29,0.000444,projetee
2057,H,3,0.000108,projetee
2057,H,30,0.000457,projetee
2057,H,31,0.000477,projetee
2057,H,32,0.000504,projetee
2057,H,33,0.000527,projetee
2057,H,34,0.000564,projetee
2057,H,35,0.000612,projetee
2057,H,36,0.000649,projetee
2057,H,37,0.000691,projetee
2057,H,38,0.000745,projetee
2057,H,39,0.000803,projetee
2057,H,4,0.000083,projetee
2057,H,40,0.000863,projetee
2057,H,41,0.000932,projetee
2057,H,42,0.001012,projetee
2057,H,43,0.001104,projetee
2057,H,44,0.001188,projetee
2057,H,45,0.001265,projetee
2057,H,46,0.001362,projetee
2057,H,47,0.001481,projetee
2057,H,48,0.001602,projetee
2057,H,49,0.001747,projetee
2057,H,5,0.000067,projetee
2057,H,50,0.001917,projetee
2057,H,51,0.002113,projetee
2057,H,52,0.002353,projetee
2057,H,53,0.002637,projetee
2057,H,54,0.002873,projetee
2057,H,55,0.003030,projetee
2057,H,56,0.003310,projetee
2057,H,57,0.003670,projetee
2057,H,58,0.004025,projetee
2057,H,59,0.004322,projetee
2057,H,6,0.000058,projetee
2057,H,60,0.004624,projetee
2057,H,61,0.005063,projetee
2057,H,62,0.005525,projetee
2057,H,63,0.006060,projetee
2057,H,64,0.006612,projetee
2057,H,65,0.007250,projetee
2057,H,66,0.007855,projetee
2057,H,67,0.008420,projetee
2057,H,68,0.009120,projetee
2057,H,69,0.009815,projetee
2057,H,7,0.000052,projetee
2057,H,70,0.010692,projetee
2057,H,71,0.011808,projetee
2057,H,72,0.012804,projetee
2057,H,73,0.013735,projetee
2057,H,74,0.015066,projetee
2057,H,75,0.016452,projetee
2057,H,76,0.017752,projetee
2057,H,77,0.019499,projetee
2057,H,78,0.021611,projetee
2057,H,79,0.024027,projetee
2057,H,8,0.000049,projetee
2057,H,80,0.027171,projetee
2057,H,81,0.030266,projetee
2057,H,82,0.033580,projetee
2057,H,83,0.038227,projetee
2057,H,84,0.043132,projetee
2057,H,85,0.049043,projetee
2057,H,86,0.057087,projetee
2057,H,87,0.064975,projetee
2057,H,88,0.073332,projetee
2057,H,89,0.085142,projetee
2057,H,9,0.000050,projetee
2057,H,90,0.098812,projetee
2057,H,91,0.114627,projetee
2057,H,92,0.133078,projetee
2057,H,93,0.153563,projetee
2057,H,94,0.179790,projetee
2057,H,95,0.208113,projetee
2057,H,96,0.233487,projetee
2057,H,97,0.265177,projetee
2057,H,98,0.294196,projetee
2057,H,99,0.316302,projetee
2058,F,0,0.001513,projetee
2058,F,1,0.000265,projetee
2058,F,10,0.000042,projetee
2058,F,100,0.285830,projetee
2058,F,101,0.304751,projetee
2058,F,102,0.323277,projetee
2058,F,103,0.341319,projetee
2058,F,104,0.358922,projetee
2058,F,105,0.376655,projetee
2058,F,106,0.394553,projetee
2058,F,107,0.412548,projetee
2058,F,108,0.430570,projetee
2058,F,109,0.448548,projetee
2058,F,11,0.000043,projetee
2058,F,110,0.466409,projetee
2058,F,111,0.484083,projetee
2058,F,112,0.501502,projetee
2058,F,113,0.518599,projetee
2058,F,114,0.526984,projetee
2058,F,115,0.526984,projetee
2058,F,116,0.526984,projetee
2058,F,117,0.526984,projetee
2058,F,118,0.526984,projetee
2058,F,119,0.526984,projetee
2058,F,12,0.000047,projetee
2058,F,120,0.526984,projetee
2058,F,13,0.000055,projetee
2058,F,14,0.000068,projetee
2058,F,15,0.000082,projetee
2058,F,16,0.000093,projetee
2058,F,17,0.000103,projetee
2058,F,18,0.000113,projetee
2058,F,19,0.000123,projetee
2058,F,2,0.000120,projetee
2058,F,20,0.000133,projetee
2058,F,21,0.000141,projetee
2058,F,22,0.000148,projetee
2058,F,23,0.000152,projetee
2058,F,24,0.000155,projetee
2058,F,25,0.000160,projetee
2058,F,26,0.000164,projetee
2058,F,27,0.000167,projetee
2058,F,28,0.000171,projetee
2058,F,29,0.000181,projetee
2058,F,3,0.000086,projetee
2058,F,30,0.000197,projetee
2058,F,31,0.000211,projetee
2058,F,32,0.000232,projetee
2058,F,33,0.000255,projetee
2058,F,34,0.000274,projetee
2058,F,35,0.000291,projetee
2058,F,36,0.000311,projetee
2058,F,37,0.000338,projetee
2058,F,38,0.000366,projetee
2058,F,39,0.000400,projetee
2058,F,4,0.000065,projetee
2058,F,40,0.000443,projetee
2058,F,41,0.000488,projetee
2058,F,42,0.000535,projetee
2058,F,43,0.000588,projetee
2058,F,44,0.000635,projetee
2058,F,45,0.000688,projetee
2058,F,46,0.000753,projetee
2058,F,47,0.000833,projetee
2058,F,48,0.000923,projetee
2058,F,49,0.001022,projetee
2058,F,5,0.000055,projetee
2058,F,50,0.001140,projetee
2058,F,51,0.001268,projetee
2058,F,52,0.001376,projetee
2058,F,53,0.001460,projetee
2058,F,54,0.001571,projetee
2058,F,55,0.001759,projetee
2058,F,56,0.001950,projetee
2058,F,57,0.002117,projetee
2058,F,58,0.002313,projetee
2058,F,59,0.002522,projetee
2058,F,6,0.000048,projetee
2058,F,60,0.002741,projetee
2058,F,61,0.002964,projetee
2058,F,62,0.003260,projetee
2058,F,63,0.003625,projetee
2058,F,64,0.003977,projetee
2058,F,65,0.004346,projetee
2058,F,66,0.004666,projetee
2058,F,67,0.004905,projetee
2058,F,68,0.005263,projetee
2058,F,69,0.005744,projetee
2058,F,7,0.000043,projetee
2058,F,70,0.006296,projetee
2058,F,71,0.006930,projetee
2058,F,72,0.007620,projetee
2058,F,73,0.008356,projetee
2058,F,74,0.009094,projetee
2058,F,75,0.009992,projetee
2058,F,76,0.011268,projetee
2058,F,77,0.012659,projetee
2058,F,78,0.014551,projetee
2058,F,79,0.016622,projetee
2058,F,8,0.000041,projetee
2058,F,80,0.018944,projetee
2058,F,81,0.022041,projetee
2058,F,82,0.025370,projetee
2058,F,83,0.029398,projetee
2058,F,84,0.034549,projetee
2058,F,85,0.039871,projetee
2058,F,86,0.045385,projetee
2058,F,87,0.052262,projetee
2058,F,88,0.059715,projetee
2058,F,89,0.068691,projetee
2058,F,9,0.000041,projetee
2058,F,90,0.080552,projetee
2058,F,91,0.094577,projetee
2058,F,92,0.109916,projetee
2058,F,93,0.126959,projetee
2058,F,94,0.148790,projetee
2058,F,95,0.172401,projetee
2058,F,96,0.193596,projetee
2058,F,97,0.220019,projetee
2058,F,98,0.244213,projetee
2058,F,99,0.264307,projetee
2058,H,0,0.001828,projetee
2058,H,1,0.000335,projetee
2058,H,10,0.000050,projetee
2058,H,100,0.336480,projetee
2058,H,101,0.354187,projetee
2058,H,102,0.370872,projetee
2058,H,103,0.386456,projetee
2058,H,104,0.401004,projetee
2058,H,105,0.415167,projetee
2058,H,106,0.428977,projetee
2058,H,107,0.442355,projetee
2058,H,108,0.455222,projetee
2058,H,109,0.467502,projetee
2058,H,11,0.000052,projetee
2058,H,110,0.479123,projetee
2058,H,111,0.493768,projetee
2058,H,112,0.511535,projetee
2058,H,113,0.528974,projetee
2058,H,114,0.537524,projetee
2058,H,115,0.537524,projetee
2058,H,116,0.537524,projetee
2058,H,117,0.537524,projetee
2058,H,118,0.537524,projetee
2058,H,119,0.537524,projetee
2058,H,12,0.000056,projetee
2058,H,120,0.537524,projetee
2058,H,13,0.000066,projetee
2058,H,14,0.000086,projetee
2058,H,15,0.000119,projetee
2058,H,16,0.000160,projetee
2058,H,17,0.000202,projetee
2058,H,18,0.000245,projetee
2058,H,19,0.000282,projetee
2058,H,2,0.000148,projetee
2058,H,20,0.000314,projetee
2058,H,21,0.000337,projetee
2058,H,22,0.000346,projetee
2058,H,23,0.000351,projetee
2058,H,24,0.000358,projetee
2058,H,25,0.000370,projetee
2058,H,26,0.000384,projetee
2058,H,27,0.000400,projetee
2058,H,28,0.000420,projetee
2058,H,29,0.000436,projetee
2058,H,3,0.000107,projetee
2058,H,30,0.000450,projetee
2058,H,31,0.000469,projetee
2058,H,32,0.000496,projetee
2058,H,33,0.000518,projetee
2058,H,34,0.000555,projetee
2058,H,35,0.000602,projetee
2058,H,36,0.000639,projetee
2058,H,37,0.000680,projetee
2058,H,38,0.000733,projetee
2058,H,39,0.000790,projetee
2058,H,4,0.000082,projetee
2058,H,40,0.000849,projetee
2058,H,41,0.000917,projetee
2058,H,42,0.000996,projetee
2058,H,43,0.001086,projetee
2058,H,44,0.001168,projetee
2058,H,45,0.001244,projetee
2058,H,46,0.001340,projetee
2058,H,47,0.001457,projetee
2058,H,48,0.001576,projetee
2058,H,49,0.001718,projetee
2058,H,5,0.000066,projetee
2058,H,50,0.001886,projetee
2058,H,51,0.002078,projetee
2058,H,52,0.002314,projetee
2058,H,53,0.002594,projetee
2058,H,54,0.002826,projetee
2058,H,55,0.002981,projetee
2058,H,56,0.003256,projetee
2058,H,57,0.003610,projetee
2058,H,58,0.003959,projetee
2058,H,59,0.004251,projetee
2058,H,6,0.000058,projetee
2058,H,60,0.004548,projetee
2058,H,61,0.004980,projetee
2058,H,62,0.005435,projetee
2058,H,63,0.005962,projetee
2058,H,64,0.006504,projetee
2058,H,65,0.007132,projetee
2058,H,66,0.007726,projetee
2058,H,67,0.008283,projetee
2058,H,68,0.008971,projetee
2058,H,69,0.009655,projetee
2058,H,7,0.000052,projetee
2058,H,70,0.010518,projetee
2058,H,71,0.011615,projetee
2058,H,72,0.012595,projetee
2058,H,73,0.013511,projetee
2058,H,74,0.014820,projetee
2058,H,75,0.016183,projetee
2058,H,76,0.017463,projetee
2058,H,77,0.019181,projetee
2058,H,78,0.021259,projetee
2058,H,79,0.023636,projetee
2058,H,8,0.000049,projetee
2058,H,80,0.026728,projetee
2058,H,81,0.029772,projetee
2058,H,82,0.033033,projetee
2058,H,83,0.037604,projetee
2058,H,84,0.042524,projetee
2058,H,85,0.048347,projetee
2058,H,86,0.056207,projetee
2058,H,87,0.064035,projetee
2058,H,88,0.072343,projetee
2058,H,89,0.084090,projetee
2058,H,9,0.000049,projetee
2058,H,90,0.097715,projetee
2058,H,91,0.113501,projetee
2058,H,92,0.131909,projetee
2058,H,93,0.152364,projetee
2058,H,94,0.178575,projetee
2058,H,95,0.206904,projetee
2058,H,96,0.232335,projetee
2058,H,97,0.264078,projetee
2058,H,98,0.293070,projetee
2058,H,99,0.315091,projetee
2059,F,0,0.001503,projetee
2059,F,1,0.000263,projetee
2059,F,10,0.000041,projetee
2059,F,100,0.284736,projetee
2059,F,101,0.303584,projetee
2059,F,102,0.322040,projetee
2059,F,103,0.340589,projetee
2059,F,104,0.358714,projetee
2059,F,105,0.376437,projetee
2059,F,106,0.394325,projetee
2059,F,107,0.412310,projetee
2059,F,108,0.430321,projetee
2059,F,109,0.448288,projetee
2059,F,11,0.000043,projetee
2059,F,110,0.466139,projetee
2059,F,111,0.483803,projetee
2059,F,112,0.501212,projetee
2059,F,113,0.518298,projetee
2059,F,114,0.526680,projetee
2059,F,115,0.526680,projetee
2059,F,116,0.526680,projetee
2059,F,117,0.526680,projetee
2059,F,118,0.526680,projetee
2059,F,119,0.526680,projetee
2059,F,12,0.000046,projetee
2059,F,120,0.526680,projetee
2059,F,13,0.000054,projetee
2059,F,14,0.000068,projetee
2059,F,15,0.000081,projetee
2059,F,16,0.000092,projetee
2059,F,17,0.000101,projetee
2059,F,18,0.000111,projetee
2059,F,19,0.000122,projetee
2059,F,2,0.000119,projetee
2059,F,20,0.000131,projetee
2059,F,21,0.000139,projetee
2059,F,22,0.000147,projetee
2059,F,23,0.000151,projetee
2059,F,24,0.000153,projetee
2059,F,25,0.000158,projetee
2059,F,26,0.000162,projetee
2059,F,27,0.000165,projetee
2059,F,28,0.000169,projetee
2059,F,29,0.000179,projetee
2059,F,3,0.000085,projetee
2059,F,30,0.000194,projetee
2059,F,31,0.000208,projetee
2059,F,32,0.000229,projetee
2059,F,33,0.000252,projetee
2059,F,34,0.000271,projetee
2059,F,35,0.000288,projetee
2059,F,36,0.000307,projetee
2059,F,37,0.000334,projetee
2059,F,38,0.000362,projetee
2059,F,39,0.000396,projetee
2059,F,4,0.000064,projetee
2059,F,40,0.000437,projetee
2059,F,41,0.000482,projetee
2059,F,42,0.000529,projetee
2059,F,43,0.000581,projetee
2059,F,44,0.000628,projetee
2059,F,45,0.000680,projetee
2059,F,46,0.000744,projetee
2059,F,47,0.000823,projetee
2059,F,48,0.000912,projetee
2059,F,49,0.001010,projetee
2059,F,5,0.000055,projetee
2059,F,50,0.001126,projetee
2059,F,51,0.001253,projetee
2059,F,52,0.001359,projetee
2059,F,53,0.001442,projetee
2059,F,54,0.001552,projetee
2059,F,55,0.001738,projetee
2059,F,56,0.001926,projetee
2059,F,57,0.002091,projetee
2059,F,58,0.002285,projetee
2059,F,59,0.002492,projetee
2059,F,6,0.000047,projetee
2059,F,60,0.002708,projetee
2059,F,61,0.002929,projetee
2059,F,62,0.003220,projetee
2059,F,63,0.003581,projetee
2059,F,64,0.003929,projetee
2059,F,65,0.004294,projetee
2059,F,66,0.004609,projetee
2059,F,67,0.004845,projetee
2059,F,68,0.005200,projetee
2059,F,69,0.005674,projetee
2059,F,7,0.000042,projetee
2059,F,70,0.006219,projetee
2059,F,71,0.006846,projetee
2059,F,72,0.007528,projetee
2059,F,73,0.008255,projetee
2059,F,74,0.008984,projetee
2059,F,75,0.009872,projetee
2059,F,76,0.011131,projetee
2059,F,77,0.012506,projetee
2059,F,78,0.014375,projetee
2059,F,79,0.016421,projetee
2059,F,8,0.000040,projetee
2059,F,80,0.018715,projetee
2059,F,81,0.021775,projetee
2059,F,82,0.025063,projetee
2059,F,83,0.029043,projetee
2059,F,84,0.034131,projetee
2059,F,85,0.039388,projetee
2059,F,86,0.044836,projetee
2059,F,87,0.051630,projetee
2059,F,88,0.058993,projetee
2059,F,89,0.067886,projetee
2059,F,9,0.000040,projetee
2059,F,90,0.079675,projetee
2059,F,91,0.093648,projetee
2059,F,92,0.108951,projetee
2059,F,93,0.125968,projetee
2059,F,94,0.147784,projetee
2059,F,95,0.171400,projetee
2059,F,96,0.192641,projetee
2059,F,97,0.219108,projetee
2059,F,98,0.243278,projetee
2059,F,99,0.263295,projetee
2059,H,0,0.001816,projetee
2059,H,1,0.000331,projetee
2059,H,10,0.000049,projetee
2059,H,100,0.335192,projetee
2059,H,101,0.352832,projetee
2059,H,102,0.369452,projetee
2059,H,103,0.385625,projetee
2059,H,104,0.400772,projetee
2059,H,105,0.414927,projetee
2059,H,106,0.428729,projetee
2059,H,107,0.442099,projetee
2059,H,108,0.454958,projetee
2059,H,109,0.467231,projetee
2059,H,11,0.000051,projetee
2059,H,110,0.478846,projetee
2059,H,111,0.493482,projetee
2059,H,112,0.511239,projetee
2059,H,113,0.528668,projetee
2059,H,114,0.537213,projetee
2059,H,115,0.537213,projetee
2059,H,116,0.537213,projetee
2059,H,117,0.537213,projetee
2059,H,118,0.537213,projetee
2059,H,119,0.537213,projetee
2059,H,12,0.000055,projetee
2059,H,120,0.537213,projetee
2059,H,13,0.000065,projetee
2059,H,14,0.000085,projetee
2059,H,15,0.000117,projetee
2059,H,16,0.000157,projetee
2059,H,17,0.000199,projetee
2059,H,18,0.000241,projetee
2059,H,19,0.000277,projetee
2059,H,2,0.000147,projetee
2059,H,20,0.000309,projetee
2059,H,21,0.000332,projetee
2059,H,22,0.000341,projetee
2059,H,23,0.000345,projetee
2059,H,24,0.000352,projetee
2059,H,25,0.000364,projetee
2059,H,26,0.000377,projetee
2059,H,27,0.000394,projetee
2059,H,28,0.000413,projetee
2059,H,29,0.000429,projetee
2059,H,3,0.000106,projetee
2059,H,30,0.000443,projetee
2059,H,31,0.000462,projetee
2059,H,32,0.000488,projetee
2059,H,33,0.000510,projetee
2059,H,34,0.000546,projetee
2059,H,35,0.000592,projetee
2059,H,36,0.000628,projetee
2059,H,37,0.000669,projetee
2059,H,38,0.000721,projetee
2059,H,39,0.000777,projetee
2059,H,4,0.000081,projetee
2059,H,40,0.000836,projetee
2059,H,41,0.000902,projetee
2059,H,42,0.000979,projetee
2059,H,43,0.001069,projetee
2059,H,44,0.001149,projetee
2059,H,45,0.001224,projetee
2059,H,46,0.001318,projetee
2059,H,47,0.001433,projetee
2059,H,48,0.001550,projetee
2059,H,49,0.001690,projetee
2059,H,5,0.000066,projetee
2059,H,50,0.001855,projetee
2059,H,51,0.002044,projetee
2059,H,52,0.002277,projetee
2059,H,53,0.002552,projetee
2059,H,54,0.002780,projetee
2059,H,55,0.002932,projetee
2059,H,56,0.003203,projetee
2059,H,57,0.003551,projetee
2059,H,58,0.003895,projetee
2059,H,59,0.004182,projetee
2059,H,6,0.000057,projetee
2059,H,60,0.004474,projetee
2059,H,61,0.004899,projetee
2059,H,62,0.005346,projetee
2059,H,63,0.005864,projetee
2059,H,64,0.006398,projetee
2059,H,65,0.007016,projetee
2059,H,66,0.007600,projetee
2059,H,67,0.008148,projetee
2059,H,68,0.008825,projetee
2059,H,69,0.009497,projetee
2059,H,7,0.000051,projetee
2059,H,70,0.010346,projetee
2059,H,71,0.011426,projetee
2059,H,72,0.012390,projetee
2059,H,73,0.013291,projetee
2059,H,74,0.014578,projetee
2059,H,75,0.015919,projetee
2059,H,76,0.017178,projetee
2059,H,77,0.018868,projetee
2059,H,78,0.020912,projetee
2059,H,79,0.023250,projetee
2059,H,8,0.000048,projetee
2059,H,80,0.026292,projetee
2059,H,81,0.029287,projetee
2059,H,82,0.032494,projetee
2059,H,83,0.036990,projetee
2059,H,84,0.041926,projetee
2059,H,85,0.047661,projetee
2059,H,86,0.055341,projetee
2059,H,87,0.063108,projetee
2059,H,88,0.071368,projetee
2059,H,89,0.083052,projetee
2059,H,9,0.000048,projetee
2059,H,90,0.096630,projetee
2059,H,91,0.112386,projetee
2059,H,92,0.130751,projetee
2059,H,93,0.151175,projetee
2059,H,94,0.177368,projetee
2059,H,95,0.205702,projetee
2059,H,96,0.231189,projetee
2059,H,97,0.262984,projetee
2059,H,98,0.291949,projetee
2059,H,99,0.313885,projetee
2060,F,0,0.001494,projetee
2060,F,1,0.000261,projetee
2060,F,10,0.000041,projetee
2060,F,100,0.283646,projetee
2060,F,101,0.302422,projetee
2060,F,102,0.320807,projetee
2060,F,103,0.339286,projetee
2060,F,104,0.357946,projetee
2060,F,105,0.376219,projetee
2060,F,106,0.394097,projetee
2060,F,107,0.412071,projetee
2060,F,108,0.430072,projetee
2060,F,109,0.448029,projetee
2060,F,11,0.000042,projetee
2060,F,110,0.465870,projetee
2060,F,111,0.483523,projetee
2060,F,112,0.500922,projetee
2060,F,113,0.517999,projetee
2060,F,114,0.526375,projetee
2060,F,115,0.526375,projetee
2060,F,116,0.526375,projetee
2060,F,117,0.526375,projetee
2060,F,118,0.526375,projetee
2060,F,119,0.526375,projetee
2060,F,12,0.000046,projetee
2060,F,120,0.526375,projetee
2060,F,13,0.000054,projetee
2060,F,14,0.000067,projetee
2060,F,15,0.000081,projetee
2060,F,16,0.000091,projetee
2060,F,17,0.000100,projetee
2060,F,18,0.000110,projetee
2060,F,19,0.000120,projetee
2060,F,2,0.000119,projetee
2060,F,20,0.000129,projetee
2060,F,21,0.000138,projetee
2060,F,22,0.000145,projetee
2060,F,23,0.000149,projetee
2060,F,24,0.000151,projetee
2060,F,25,0.000157,projetee
2060,F,26,0.000160,projetee
2060,F,27,0.000163,projetee
2060,F,28,0.000167,projetee
2060,F,29,0.000177,projetee
2060,F,3,0.000084,projetee
2060,F,30,0.000192,projetee
2060,F,31,0.000205,projetee
2060,F,32,0.000226,projetee
2060,F,33,0.000249,projetee
2060,F,34,0.000267,projetee
2060,F,35,0.000284,projetee
2060,F,36,0.000303,projetee
2060,F,37,0.000330,projetee
2060,F,38,0.000358,projetee
2060,F,39,0.000391,projetee
2060,F,4,0.000064,projetee
2060,F,40,0.000432,projetee
2060,F,41,0.000476,projetee
2060,F,42,0.000522,projetee
2060,F,43,0.000574,projetee
2060,F,44,0.000620,projetee
2060,F,45,0.000672,projetee
2060,F,46,0.000735,projetee
2060,F,47,0.000813,projetee
2060,F,48,0.000901,projetee
2060,F,49,0.000998,projetee
2060,F,5,0.000054,projetee
2060,F,50,0.001113,projetee
2060,F,51,0.001238,projetee
2060,F,52,0.001343,projetee
2060,F,53,0.001425,projetee
2060,F,54,0.001533,projetee
2060,F,55,0.001717,projetee
2060,F,56,0.001903,projetee
2060,F,57,0.002066,projetee
2060,F,58,0.002258,projetee
2060,F,59,0.002462,projetee
2060,F,6,0.000047,projetee
2060,F,60,0.002675,projetee
2060,F,61,0.002893,projetee
2060,F,62,0.003181,projetee
2060,F,63,0.003538,projetee
2060,F,64,0.003881,projetee
2060,F,65,0.004242,projetee
2060,F,66,0.004553,projetee
2060,F,67,0.004787,projetee
2060,F,68,0.005137,projetee
2060,F,69,0.005605,projetee
2060,F,7,0.000042,projetee
2060,F,70,0.006144,projetee
2060,F,71,0.006763,projetee
2060,F,72,0.007437,projetee
2060,F,73,0.008156,projetee
2060,F,74,0.008875,projetee
2060,F,75,0.009752,projetee
2060,F,76,0.010997,projetee
2060,F,77,0.012355,projetee
2060,F,78,0.014201,projetee
2060,F,79,0.016222,projetee
2060,F,8,0.000040,projetee
2060,F,80,0.018489,projetee
2060,F,81,0.021512,projetee
2060,F,82,0.024760,projetee
2060,F,83,0.028692,projetee
2060,F,84,0.033719,projetee
2060,F,85,0.038912,projetee
2060,F,86,0.044294,projetee
2060,F,87,0.051006,projetee
2060,F,88,0.058280,projetee
2060,F,89,0.067091,projetee
2060,F,9,0.000040,projetee
2060,F,90,0.078807,projetee
2060,F,91,0.092727,projetee
2060,F,92,0.107995,projetee
2060,F,93,0.124985,projetee
2060,F,94,0.146785,projetee
2060,F,95,0.170404,projetee
2060,F,96,0.191691,projetee
2060,F,97,0.218199,projetee
2060,F,98,0.242347,projetee
2060,F,99,0.262287,projetee
2060,H,0,0.001805,projetee
2060,H,1,0.000328,projetee
2060,H,10,0.000049,projetee
2060,H,100,0.333909,projetee
2060,H,101,0.351481,projetee
2060,H,102,0.368038,projetee
2060,H,103,0.384149,projetee
2060,H,104,0.399909,projetee
2060,H,105,0.414687,projetee
2060,H,106,0.428481,projetee
2060,H,107,0.441843,projetee
2060,H,108,0.454695,projetee
2060,H,109,0.466961,projetee
2060,H,11,0.000051,projetee
2060,H,110,0.478569,projetee
2060,H,111,0.493197,projetee
2060,H,112,0.510943,projetee
2060,H,113,0.528362,projetee
2060,H,114,0.536902,projetee
2060,H,115,0.536902,projetee
2060,H,116,0.536902,projetee
2060,H,117,0.536902,projetee
2060,H,118,0.536902,projetee
2060,H,119,0.536902,projetee
2060,H,12,0.000055,projetee
2060,H,120,0.536902,projetee
2060,H,13,0.000064,projetee
2060,H,14,0.000083,projetee
2060,H,15,0.000115,projetee
2060,H,16,0.000154,projetee
2060,H,17,0.000195,projetee
2060,H,18,0.000237,projetee
2060,H,19,0.000273,projetee
2060,H,2,0.000145,projetee
2060,H,20,0.000304,projetee
2060,H,21,0.000326,projetee
2060,H,22,0.000335,projetee
2060,H,23,0.000340,projetee
2060,H,24,0.000347,projetee
2060,H,25,0.000358,projetee
2060,H,26,0.000371,projetee
2060,H,27,0.000387,projetee
2060,H,28,0.000407,projetee
2060,H,29,0.000422,projetee
2060,H,3,0.000105,projetee
2060,H,30,0.000435,projetee
2060,H,31,0.000454,projetee
2060,H,32,0.000480,projetee
2060,H,33,0.000501,projetee
2060,H,34,0.000537,projetee
2060,H,35,0.000582,projetee
2060,H,36,0.000618,projetee
2060,H,37,0.000658,projetee
2060,H,38,0.000709,projetee
2060,H,39,0.000765,projetee
2060,H,4,0.000080,projetee
2060,H,40,0.000822,projetee
2060,H,41,0.000887,projetee
2060,H,42,0.000963,projetee
2060,H,43,0.001051,projetee
2060,H,44,0.001130,projetee
2060,H,45,0.001204,projetee
2060,H,46,0.001296,projetee
2060,H,47,0.001409,projetee
2060,H,48,0.001525,projetee
2060,H,49,0.001663,projetee
2060,H,5,0.000065,projetee
2060,H,50,0.001825,projetee
2060,H,51,0.002011,projetee
2060,H,52,0.002239,projetee
2060,H,53,0.002510,projetee
2060,H,54,0.002735,projetee
2060,H,55,0.002884,projetee
2060,H,56,0.003151,projetee
2060,H,57,0.003494,projetee
2060,H,58,0.003831,projetee
2060,H,59,0.004114,projetee
2060,H,6,0.000056,projetee
2060,H,60,0.004401,projetee
2060,H,61,0.004819,projetee
2060,H,62,0.005259,projetee
2060,H,63,0.005769,projetee
2060,H,64,0.006293,projetee
2060,H,65,0.006901,projetee
2060,H,66,0.007476,projetee
2060,H,67,0.008015,projetee
2060,H,68,0.008681,projetee
2060,H,69,0.009342,projetee
2060,H,7,0.000050,projetee
2060,H,70,0.010177,projetee
2060,H,71,0.011239,projetee
2060,H,72,0.012188,projetee
2060,H,73,0.013074,projetee
2060,H,74,0.014341,projetee
2060,H,75,0.015660,projetee
2060,H,76,0.016898,projetee
2060,H,77,0.018561,projetee
2060,H,78,0.020571,projetee
2060,H,79,0.022871,projetee
2060,H,8,0.000048,projetee
2060,H,80,0.025863,projetee
2060,H,81,0.028809,projetee
2060,H,82,0.031964,projetee
2060,H,83,0.036387,projetee
2060,H,84,0.041336,projetee
2060,H,85,0.046985,projetee
2060,H,86,0.054488,projetee
2060,H,87,0.062247,projetee
2060,H,88,0.070459,projetee
2060,H,89,0.082026,projetee
2060,H,9,0.000048,projetee
2060,H,90,0.095557,projetee
2060,H,91,0.111281,projetee
2060,H,92,0.129603,projetee
2060,H,93,0.149995,projetee
2060,H,94,0.176169,projetee
2060,H,95,0.204507,projetee
2060,H,96,0.230049,projetee
2060,H,97,0.261894,projetee
2060,H,98,0.290831,projetee
2060,H,99,0.312683,projetee
2061,F,0,0.001485,projetee
2061,F,1,0.000259,projetee
2061,F,10,0.000040,projetee
2061,F,100,0.282561,projetee
2061,F,101,0.301265,projetee
2061,F,102,0.319579,projetee
2061,F,103,0.337987,projetee
2061,F,104,0.356576,projetee
2061,F,105,0.375414,projetee
2061,F,106,0.393869,projetee
2061,F,107,0.411833,projetee
2061,F,108,0.429823,projetee
2061,F,109,0.447770,projetee
2061,F,11,0.000042,projetee
2061,F,110,0.465600,projetee
2061,F,111,0.483244,projetee
2061,F,112,0.500632,projetee
2061,F,113,0.517699,projetee
2061,F,114,0.526070,projetee
2061,F,115,0.526070,projetee
2061,F,116,0.526070,projetee
2061,F,117,0.526070,projetee
2061,F,118,0.526070,projetee
2061,F,119,0.526070,projetee
2061,F,12,0.000045,projetee
2061,F,120,0.526070,projetee
2061,F,13,0.000053,projetee
2061,F,14,0.000066,projetee
2061,F,15,0.000080,projetee
2061,F,16,0.000090,projetee
2061,F,17,0.000099,projetee
2061,F,18,0.000109,projetee
2061,F,19,0.000119,projetee
2061,F,2,0.000118,projetee
2061,F,20,0.000128,projetee
2061,F,21,0.000136,projetee
2061,F,22,0.000143,projetee
2061,F,23,0.000147,projetee
2061,F,24,0.000150,projetee
2061,F,25,0.000155,projetee
2061,F,26,0.000159,projetee
2061,F,27,0.000161,projetee
2061,F,28,0.000165,projetee
2061,F,29,0.000175,projetee
2061,F,3,0.000083,projetee
2061,F,30,0.000189,projetee
2061,F,31,0.000203,projetee
2061,F,32,0.000224,projetee
2061,F,33,0.000246,projetee
2061,F,34,0.000264,projetee
2061,F,35,0.000281,projetee
2061,F,36,0.000300,projetee
2061,F,37,0.000326,projetee
2061,F,38,0.000353,projetee
2061,F,39,0.000386,projetee
2061,F,4,0.000063,projetee
2061,F,40,0.000427,projetee
2061,F,41,0.000470,projetee
2061,F,42,0.000516,projetee
2061,F,43,0.000567,projetee
2061,F,44,0.000613,projetee
2061,F,45,0.000664,projetee
2061,F,46,0.000726,projetee
2061,F,47,0.000803,projetee
2061,F,48,0.000890,projetee
2061,F,49,0.000986,projetee
2061,F,5,0.000054,projetee
2061,F,50,0.001099,projetee
2061,F,51,0.001223,projetee
2061,F,52,0.001326,projetee
2061,F,53,0.001408,projetee
2061,F,54,0.001514,projetee
2061,F,55,0.001696,projetee
2061,F,56,0.001880,projetee
2061,F,57,0.002041,projetee
2061,F,58,0.002230,projetee
2061,F,59,0.002432,projetee
2061,F,6,0.000046,projetee
2061,F,60,0.002643,projetee
2061,F,61,0.002858,projetee
2061,F,62,0.003143,projetee
2061,F,63,0.003495,projetee
2061,F,64,0.003834,projetee
2061,F,65,0.004190,projetee
2061,F,66,0.004498,projetee
2061,F,67,0.004729,projetee
2061,F,68,0.005075,projetee
2061,F,69,0.005538,projetee
2061,F,7,0.000041,projetee
2061,F,70,0.006070,projetee
2061,F,71,0.006682,projetee
2061,F,72,0.007347,projetee
2061,F,73,0.008057,projetee
2061,F,74,0.008768,projetee
2061,F,75,0.009634,projetee
2061,F,76,0.010864,projetee
2061,F,77,0.012205,projetee
2061,F,78,0.014030,projetee
2061,F,79,0.016026,projetee
2061,F,8,0.000039,projetee
2061,F,80,0.018265,projetee
2061,F,81,0.021251,projetee
2061,F,82,0.024461,projetee
2061,F,83,0.028345,projetee
2061,F,84,0.033311,projetee
2061,F,85,0.038442,projetee
2061,F,86,0.043758,projetee
2061,F,87,0.050389,projetee
2061,F,88,0.057575,projetee
2061,F,89,0.066305,projetee
2061,F,9,0.000039,projetee
2061,F,90,0.077948,projetee
2061,F,91,0.091816,projetee
2061,F,92,0.107047,projetee
2061,F,93,0.124009,projetee
2061,F,94,0.145792,projetee
2061,F,95,0.169414,projetee
2061,F,96,0.190745,projetee
2061,F,97,0.217295,projetee
2061,F,98,0.241420,projetee
2061,F,99,0.261283,projetee
2061,H,0,0.001793,projetee
2061,H,1,0.000325,projetee
2061,H,10,0.000048,projetee
2061,H,100,0.332631,projetee
2061,H,101,0.350136,projetee
2061,H,102,0.366630,projetee
2061,H,103,0.382679,projetee
2061,H,104,0.398378,projetee
2061,H,105,0.413793,projetee
2061,H,106,0.428233,projetee
2061,H,107,0.441588,projetee
2061,H,108,0.454432,projetee
2061,H,109,0.466691,projetee
2061,H,11,0.000050,projetee
2061,H,110,0.478292,projetee
2061,H,111,0.492911,projetee
2061,H,112,0.510648,projetee
2061,H,113,0.528056,projetee
2061,H,114,0.536592,projetee
2061,H,115,0.536592,projetee
2061,H,116,0.536592,projetee
2061,H,117,0.536592,projetee
2061,H,118,0.536592,projetee
2061,H,119,0.536592,projetee
2061,H,12,0.000054,projetee
2061,H,120,0.536592,projetee
2061,H,13,0.000064,projetee
2061,H,14,0.000082,projetee
2061,H,15,0.000113,projetee
2061,H,16,0.000152,projetee
2061,H,17,0.000192,projetee
2061,H,18,0.000233,projetee
2061,H,19,0.000268,projetee
2061,H,2,0.000144,projetee
2061,H,20,0.000299,projetee
2061,H,21,0.000321,projetee
2061,H,22,0.000330,projetee
2061,H,23,0.000334,projetee
2061,H,24,0.000341,projetee
2061,H,25,0.000352,projetee
2061,H,26,0.000365,projetee
2061,H,27,0.000381,projetee
2061,H,28,0.000400,projetee
2061,H,29,0.000415,projetee
2061,H,3,0.000104,projetee
2061,H,30,0.000428,projetee
2061,H,31,0.000447,projetee
2061,H,32,0.000472,projetee
2061,H,33,0.000493,projetee
2061,H,34,0.000528,projetee
2061,H,35,0.000573,projetee
2061,H,36,0.000608,projetee
2061,H,37,0.000647,projetee
2061,H,38,0.000697,projetee
2061,H,39,0.000752,projetee
2061,H,4,0.000079,projetee
2061,H,40,0.000808,projetee
2061,H,41,0.000873,projetee
2061,H,42,0.000948,projetee
2061,H,43,0.001034,projetee
2061,H,44,0.001112,projetee
2061,H,45,0.001184,projetee
2061,H,46,0.001275,projetee
2061,H,47,0.001386,projetee
2061,H,48,0.001500,projetee
2061,H,49,0.001636,projetee
2061,H,5,0.000064,projetee
2061,H,50,0.001795,projetee
2061,H,51,0.001978,projetee
2061,H,52,0.002203,projetee
2061,H,53,0.002469,projetee
2061,H,54,0.002690,projetee
2061,H,55,0.002837,projetee
2061,H,56,0.003100,projetee
2061,H,57,0.003437,projetee
2061,H,58,0.003769,projetee
2061,H,59,0.004046,projetee
2061,H,6,0.000056,projetee
2061,H,60,0.004329,projetee
2061,H,61,0.004740,projetee
2061,H,62,0.005173,projetee
2061,H,63,0.005675,projetee
2061,H,64,0.006191,projetee
2061,H,65,0.006789,projetee
2061,H,66,0.007354,projetee
2061,H,67,0.007884,projetee
2061,H,68,0.008539,projetee
2061,H,69,0.009190,projetee
2061,H,7,0.000050,projetee
2061,H,70,0.010011,projetee
2061,H,71,0.011056,projetee
2061,H,72,0.011989,projetee
2061,H,73,0.012861,projetee
2061,H,74,0.014107,projetee
2061,H,75,0.015404,projetee
2061,H,76,0.016622,projetee
2061,H,77,0.018258,projetee
2061,H,78,0.020235,projetee
2061,H,79,0.022498,projetee
2061,H,8,0.000047,projetee
2061,H,80,0.025441,projetee
2061,H,81,0.028339,projetee
2061,H,82,0.031442,projetee
2061,H,83,0.035793,projetee
2061,H,84,0.040754,projetee
2061,H,85,0.046319,projetee
2061,H,86,0.053648,projetee
2061,H,87,0.061411,projetee
2061,H,88,0.069574,projetee
2061,H,89,0.081014,projetee
2061,H,9,0.000047,projetee
2061,H,90,0.094496,projetee
2061,H,91,0.110188,projetee
2061,H,92,0.128465,projetee
2061,H,93,0.148825,projetee
2061,H,94,0.174978,projetee
2061,H,95,0.203319,projetee
2061,H,96,0.228914,projetee
2061,H,97,0.260808,projetee
2061,H,98,0.289718,projetee
2061,H,99,0.311486,projetee
2062,F,0,0.001476,projetee
2062,F,1,0.000257,projetee
2062,F,10,0.000040,projetee
2062,F,100,0.281479,projetee
2062,F,101,0.300112,projetee
2062,F,102,0.318356,projetee
2062,F,103,0.336694,projetee
2062,F,104,0.355212,projetee
2062,F,105,0.373977,projetee
2062,F,106,0.393025,projetee
2062,F,107,0.411594,projetee
2062,F,108,0.429575,projetee
2062,F,109,0.447511,projetee
2062,F,11,0.000041,projetee
2062,F,110,0.465331,projetee
2062,F,111,0.482964,projetee
2062,F,112,0.500342,projetee
2062,F,113,0.517399,projetee
2062,F,114,0.525766,projetee
2062,F,115,0.525766,projetee
2062,F,116,0.525766,projetee
2062,F,117,0.525766,projetee
2062,F,118,0.525766,projetee
2062,F,119,0.525766,projetee
2062,F,12,0.000045,projetee
2062,F,120,0.525766,projetee
2062,F,13,0.000052,projetee
2062,F,14,0.000065,projetee
2062,F,15,0.000079,projetee
2062,F,16,0.000089,projetee
2062,F,17,0.000098,projetee
2062,F,18,0.000107,projetee
2062,F,19,0.000117,projetee
2062,F,2,0.000117,projetee
2062,F,20,0.000126,projetee
2062,F,21,0.000134,projetee
2062,F,22,0.000141,projetee
2062,F,23,0.000145,projetee
2062,F,24,0.000148,projetee
2062,F,25,0.000153,projetee
2062,F,26,0.000157,projetee
2062,F,27,0.000159,projetee
2062,F,28,0.000163,projetee
2062,F,29,0.000173,projetee
2062,F,3,0.000082,projetee
2062,F,30,0.000187,projetee
2062,F,31,0.000201,projetee
2062,F,32,0.000221,projetee
2062,F,33,0.000243,projetee
2062,F,34,0.000261,projetee
2062,F,35,0.000277,projetee
2062,F,36,0.000296,projetee
2062,F,37,0.000322,projetee
2062,F,38,0.000349,projetee
2062,F,39,0.000381,projetee
2062,F,4,0.000062,projetee
2062,F,40,0.000422,projetee
2062,F,41,0.000465,projetee
2062,F,42,0.000510,projetee
2062,F,43,0.000560,projetee
2062,F,44,0.000605,projetee
2062,F,45,0.000656,projetee
2062,F,46,0.000717,projetee
2062,F,47,0.000793,projetee
2062,F,48,0.000879,projetee
2062,F,49,0.000974,projetee
2062,F,5,0.000053,projetee
2062,F,50,0.001086,projetee
2062,F,51,0.001208,projetee
2062,F,52,0.001310,projetee
2062,F,53,0.001391,projetee
2062,F,54,0.001496,projetee
2062,F,55,0.001676,projetee
2062,F,56,0.001857,projetee
2062,F,57,0.002016,projetee
2062,F,58,0.002203,projetee
2062,F,59,0.002402,projetee
2062,F,6,0.000046,projetee
2062,F,60,0.002611,projetee
2062,F,61,0.002824,projetee
2062,F,62,0.003105,projetee
2062,F,63,0.003453,projetee
2062,F,64,0.003788,projetee
2062,F,65,0.004140,projetee
2062,F,66,0.004444,projetee
2062,F,67,0.004672,projetee
2062,F,68,0.005013,projetee
2062,F,69,0.005471,projetee
2062,F,7,0.000041,projetee
2062,F,70,0.005997,projetee
2062,F,71,0.006601,projetee
2062,F,72,0.007258,projetee
2062,F,73,0.007960,projetee
2062,F,74,0.008662,projetee
2062,F,75,0.009518,projetee
2062,F,76,0.010732,projetee
2062,F,77,0.012058,projetee
2062,F,78,0.013860,projetee
2062,F,79,0.015832,projetee
2062,F,8,0.000039,projetee
2062,F,80,0.018044,projetee
2062,F,81,0.020994,projetee
2062,F,82,0.024165,projetee
2062,F,83,0.028002,projetee
2062,F,84,0.032908,projetee
2062,F,85,0.037977,projetee
2062,F,86,0.043229,projetee
2062,F,87,0.049780,projetee
2062,F,88,0.056879,projetee
2062,F,89,0.065529,projetee
2062,F,9,0.000039,projetee
2062,F,90,0.077099,projetee
2062,F,91,0.090914,projetee
2062,F,92,0.106107,projetee
2062,F,93,0.123042,projetee
2062,F,94,0.144807,projetee
2062,F,95,0.168430,projetee
2062,F,96,0.189804,projetee
2062,F,97,0.216394,projetee
2062,F,98,0.240496,projetee
2062,F,99,0.260283,projetee
2062,H,0,0.001781,projetee
2062,H,1,0.000322,projetee
2062,H,10,0.000048,projetee
2062,H,100,0.331358,projetee
2062,H,101,0.348796,projetee
2062,H,102,0.365227,projetee
2062,H,103,0.381215,projetee
2062,H,104,0.396854,projetee
2062,H,105,0.412209,projetee
2062,H,106,0.427310,projetee
2062,H,107,0.441332,projetee
2062,H,108,0.454169,projetee
2062,H,109,0.466421,projetee
2062,H,11,0.000049,projetee
2062,H,110,0.478015,projetee
2062,H,111,0.492626,projetee
2062,H,112,0.510352,projetee
2062,H,113,0.527750,projetee
2062,H,114,0.536281,projetee
2062,H,115,0.536281,projetee
2062,H,116,0.536281,projetee
2062,H,117,0.536281,projetee
2062,H,118,0.536281,projetee
2062,H,119,0.536281,projetee
2062,H,12,0.000053,projetee
2062,H,120,0.536281,projetee
2062,H,13,0.000063,projetee
2062,H,14,0.000081,projetee
2062,H,15,0.000111,projetee
2062,H,16,0.000149,projetee
2062,H,17,0.000189,projetee
2062,H,18,0.000229,projetee
2062,H,19,0.000264,projetee
2062,H,2,0.000143,projetee
2062,H,20,0.000294,projetee
2062,H,21,0.000316,projetee
2062,H,22,0.000324,projetee
2062,H,23,0.000329,projetee
2062,H,24,0.000335,projetee
2062,H,25,0.000346,projetee
2062,H,26,0.000359,projetee
2062,H,27,0.000375,projetee
2062,H,28,0.000393,projetee
2062,H,29,0.000409,projetee
2062,H,3,0.000103,projetee
2062,H,30,0.000421,projetee
2062,H,31,0.000439,projetee
2062,H,32,0.000464,projetee
2062,H,33,0.000485,projetee
2062,H,34,0.000520,projetee
2062,H,35,0.000563,projetee
2062,H,36,0.000598,projetee
2062,H,37,0.000637,projetee
2062,H,38,0.000686,projetee
2062,H,39,0.000740,projetee
2062,H,4,0.000079,projetee
2062,H,40,0.000795,projetee
2062,H,41,0.000858,projetee
2062,H,42,0.000932,projetee
2062,H,43,0.001017,projetee
2062,H,44,0.001094,projetee
2062,H,45,0.001165,projetee
2062,H,46,0.001254,projetee
2062,H,47,0.001364,projetee
2062,H,48,0.001475,projetee
2062,H,49,0.001609,projetee
2062,H,5,0.000064,projetee
2062,H,50,0.001766,projetee
2062,H,51,0.001946,projetee
2062,H,52,0.002167,projetee
2062,H,53,0.002429,projetee
2062,H,54,0.002646,projetee
2062,H,55,0.002791,projetee
2062,H,56,0.003049,projetee
2062,H,57,0.003380,projetee
2062,H,58,0.003707,projetee
2062,H,59,0.003980,projetee
2062,H,6,0.000055,projetee
2062,H,60,0.004259,projetee
2062,H,61,0.004663,projetee
2062,H,62,0.005089,projetee
2062,H,63,0.005582,projetee
2062,H,64,0.006090,projetee
2062,H,65,0.006678,projetee
2062,H,66,0.007235,projetee
2062,H,67,0.007755,projetee
2062,H,68,0.008400,projetee
2062,H,69,0.009040,projetee
2062,H,7,0.000049,projetee
2062,H,70,0.009848,projetee
2062,H,71,0.010876,projetee
2062,H,72,0.011793,projetee
2062,H,73,0.012651,projetee
2062,H,74,0.013877,projetee
2062,H,75,0.015153,projetee
2062,H,76,0.016351,projetee
2062,H,77,0.017960,projetee
2062,H,78,0.019905,projetee
2062,H,79,0.022131,projetee
2062,H,8,0.000047,projetee
2062,H,80,0.025026,projetee
2062,H,81,0.027877,projetee
2062,H,82,0.030930,projetee
2062,H,83,0.035209,projetee
2062,H,84,0.040181,projetee
2062,H,85,0.045663,projetee
2062,H,86,0.052821,projetee
2062,H,87,0.060587,projetee
2062,H,88,0.068701,projetee
2062,H,89,0.080013,projetee
2062,H,9,0.000047,projetee
2062,H,90,0.093446,projetee
2062,H,91,0.109105,projetee
2062,H,92,0.127337,projetee
2062,H,93,0.147664,projetee
2062,H,94,0.173795,projetee
2062,H,95,0.202139,projetee
2062,H,96,0.227785,projetee
2062,H,97,0.259728,projetee
2062,H,98,0.288609,projetee
2062,H,99,0.310294,projetee
2063,F,0,0.001467,projetee
2063,F,1,0.000256,projetee
2063,F,10,0.000039,projetee
2063,F,100,0.280402,projetee
2063,F,101,0.298963,projetee
2063,F,102,0.317138,projetee
2063,F,103,0.335405,projetee
2063,F,104,0.353852,projetee
2063,F,105,0.372546,projetee
2063,F,106,0.391521,projetee
2063,F,107,0.410713,projetee
2063,F,108,0.429326,projetee
2063,F,109,0.447252,projetee
2063,F,11,0.000041,projetee
2063,F,110,0.465061,projetee
2063,F,111,0.482684,projetee
2063,F,112,0.500053,projetee
2063,F,113,0.517100,projetee
2063,F,114,0.525462,projetee
2063,F,115,0.525462,projetee
2063,F,116,0.525462,projetee
2063,F,117,0.525462,projetee
2063,F,118,0.525462,projetee
2063,F,119,0.525462,projetee
2063,F,12,0.000044,projetee
2063,F,120,0.525462,projetee
2063,F,13,0.000052,projetee
2063,F,14,0.000064,projetee
2063,F,15,0.000078,projetee
2063,F,16,0.000088,projetee
2063,F,17,0.000097,projetee
2063,F,18,0.000106,projetee
2063,F,19,0.000116,projetee
2063,F,2,0.000116,projetee
2063,F,20,0.000125,projetee
2063,F,21,0.000133,projetee
2063,F,22,0.000140,projetee
2063,F,23,0.000143,projetee
2063,F,24,0.000146,projetee
2063,F,25,0.000151,projetee
2063,F,26,0.000155,projetee
2063,F,27,0.000157,projetee
2063,F,28,0.000161,projetee
2063,F,29,0.000170,projetee
2063,F,3,0.000082,projetee
2063,F,30,0.000185,projetee
2063,F,31,0.000198,projetee
2063,F,32,0.000218,projetee
2063,F,33,0.000240,projetee
2063,F,34,0.000258,projetee
2063,F,35,0.000274,projetee
2063,F,36,0.000293,projetee
2063,F,37,0.000318,projetee
2063,F,38,0.000345,projetee
2063,F,39,0.000377,projetee
2063,F,4,0.000062,projetee
2063,F,40,0.000417,projetee
2063,F,41,0.000459,projetee
2063,F,42,0.000504,projetee
2063,F,43,0.000553,projetee
2063,F,44,0.000598,projetee
2063,F,45,0.000648,projetee
2063,F,46,0.000709,projetee
2063,F,47,0.000784,projetee
2063,F,48,0.000868,projetee
2063,F,49,0.000962,projetee
2063,F,5,0.000052,projetee
2063,F,50,0.001073,projetee
2063,F,51,0.001193,projetee
2063,F,52,0.001295,projetee
2063,F,53,0.001374,projetee
2063,F,54,0.001478,projetee
2063,F,55,0.001656,projetee
2063,F,56,0.001835,projetee
2063,F,57,0.001992,projetee
2063,F,58,0.002177,projetee
2063,F,59,0.002373,projetee
2063,F,6,0.000045,projetee
2063,F,60,0.002579,projetee
2063,F,61,0.002789,projetee
2063,F,62,0.003067,projetee
2063,F,63,0.003411,projetee
2063,F,64,0.003742,projetee
2063,F,65,0.004090,projetee
2063,F,66,0.004390,projetee
2063,F,67,0.004615,projetee
2063,F,68,0.004953,projetee
2063,F,69,0.005405,projetee
2063,F,7,0.000040,projetee
2063,F,70,0.005924,projetee
2063,F,71,0.006521,projetee
2063,F,72,0.007170,projetee
2063,F,73,0.007863,projetee
2063,F,74,0.008557,projetee
2063,F,75,0.009403,projetee
2063,F,76,0.010603,projetee
2063,F,77,0.011912,projetee
2063,F,78,0.013692,projetee
2063,F,79,0.015641,projetee
2063,F,8,0.000038,projetee
2063,F,80,0.017826,projetee
2063,F,81,0.020741,projetee
2063,F,82,0.023873,projetee
2063,F,83,0.027663,projetee
2063,F,84,0.032510,projetee
2063,F,85,0.037517,projetee
2063,F,86,0.042706,projetee
2063,F,87,0.049178,projetee
2063,F,88,0.056191,projetee
2063,F,89,0.064761,projetee
2063,F,9,0.000038,projetee
2063,F,90,0.076259,projetee
2063,F,91,0.090021,projetee
2063,F,92,0.105175,projetee
2063,F,93,0.122082,projetee
2063,F,94,0.143828,projetee
2063,F,95,0.167452,projetee
2063,F,96,0.188868,projetee
2063,F,97,0.215498,projetee
2063,F,98,0.239575,projetee
2063,F,99,0.259287,projetee
2063,H,0,0.001770,projetee
2063,H,1,0.000319,projetee
2063,H,10,0.000047,projetee
2063,H,100,0.330090,projetee
2063,H,101,0.347461,projetee
2063,H,102,0.363829,projetee
2063,H,103,0.379756,projetee
2063,H,104,0.395335,projetee
2063,H,105,0.410632,projetee
2063,H,106,0.425674,projetee
2063,H,107,0.440380,projetee
2063,H,108,0.453906,projetee
2063,H,109,0.466151,projetee
2063,H,11,0.000049,projetee
2063,H,110,0.477739,projetee
2063,H,111,0.492341,projetee
2063,H,112,0.510057,projetee
2063,H,113,0.527445,projetee
2063,H,114,0.535971,projetee
2063,H,115,0.535971,projetee
2063,H,116,0.535971,projetee
2063,H,117,0.535971,projetee
2063,H,118,0.535971,projetee
2063,H,119,0.535971,projetee
2063,H,12,0.000053,projetee
2063,H,120,0.535971,projetee
2063,H,13,0.000062,projetee
2063,H,14,0.000080,projetee
2063,H,15,0.000109,projetee
2063,H,16,0.000147,projetee
2063,H,17,0.000186,projetee
2063,H,18,0.000225,projetee
2063,H,19,0.000260,projetee
2063,H,2,0.000141,projetee
2063,H,20,0.000289,projetee
2063,H,21,0.000310,projetee
2063,H,22,0.000319,projetee
2063,H,23,0.000323,projetee
2063,H,24,0.000330,projetee
2063,H,25,0.000341,projetee
2063,H,26,0.000353,projetee
2063,H,27,0.000369,projetee
2063,H,28,0.000387,projetee
2063,H,29,0.000402,projetee
2063,H,3,0.000102,projetee
2063,H,30,0.000414,projetee
2063,H,31,0.000432,projetee
2063,H,32,0.000457,projetee
2063,H,33,0.000477,projetee
2063,H,34,0.000511,projetee
2063,H,35,0.000554,projetee
2063,H,36,0.000588,projetee
2063,H,37,0.000626,projetee
2063,H,38,0.000675,projetee
2063,H,39,0.000728,projetee
2063,H,4,0.000078,projetee
2063,H,40,0.000782,projetee
2063,H,41,0.000844,projetee
2063,H,42,0.000917,projetee
2063,H,43,0.001001,projetee
2063,H,44,0.001076,projetee
2063,H,45,0.001146,projetee
2063,H,46,0.001234,projetee
2063,H,47,0.001342,projetee
2063,H,48,0.001451,projetee
2063,H,49,0.001583,projetee
2063,H,5,0.000063,projetee
2063,H,50,0.001737,projetee
2063,H,51,0.001914,projetee
2063,H,52,0.002132,projetee
2063,H,53,0.002390,projetee
2063,H,54,0.002603,projetee
2063,H,55,0.002746,projetee
2063,H,56,0.002999,projetee
2063,H,57,0.003325,projetee
2063,H,58,0.003647,projetee
2063,H,59,0.003916,projetee
2063,H,6,0.000054,projetee
2063,H,60,0.004189,projetee
2063,H,61,0.004587,projetee
2063,H,62,0.005006,projetee
2063,H,63,0.005491,projetee
2063,H,64,0.005990,projetee
2063,H,65,0.006569,projetee
2063,H,66,0.007117,projetee
2063,H,67,0.007629,projetee
2063,H,68,0.008263,projetee
2063,H,69,0.008893,projetee
2063,H,7,0.000048,projetee
2063,H,70,0.009687,projetee
2063,H,71,0.010698,projetee
2063,H,72,0.011601,projetee
2063,H,73,0.012445,projetee
2063,H,74,0.013650,projetee
2063,H,75,0.014906,projetee
2063,H,76,0.016084,projetee
2063,H,77,0.017667,projetee
2063,H,78,0.019580,projetee
2063,H,79,0.021770,projetee
2063,H,8,0.000046,projetee
2063,H,80,0.024618,projetee
2063,H,81,0.027422,projetee
2063,H,82,0.030425,projetee
2063,H,83,0.034635,projetee
2063,H,84,0.039616,projetee
2063,H,85,0.045022,projetee
2063,H,86,0.052013,projetee
2063,H,87,0.059774,projetee
2063,H,88,0.067838,projetee
2063,H,89,0.079025,projetee
2063,H,9,0.000046,projetee
2063,H,90,0.092409,projetee
2063,H,91,0.108033,projetee
2063,H,92,0.126219,projetee
2063,H,93,0.146511,projetee
2063,H,94,0.172620,projetee
2063,H,95,0.200965,projetee
2063,H,96,0.226662,projetee
2063,H,97,0.258651,projetee
2063,H,98,0.287505,projetee
2063,H,99,0.309106,projetee
2064,F,0,0.001457,projetee
2064,F,1,0.000254,projetee
2064,F,10,0.000039,projetee
2064,F,100,0.279329,projetee
2064,F,101,0.297819,projetee
2064,F,102,0.315924,projetee
2064,F,103,0.334121,projetee
2064,F,104,0.352498,projetee
2064,F,105,0.371120,projetee
2064,F,106,0.390023,projetee
2064,F,107,0.409141,projetee
2064,F,108,0.428406,projetee
2064,F,109,0.446993,projetee
2064,F,11,0.000040,projetee
2064,F,110,0.464792,projetee
2064,F,111,0.482405,projetee
2064,F,112,0.499763,projetee
2064,F,113,0.516801,projetee
2064,F,114,0.525158,projetee
2064,F,115,0.525158,projetee
2064,F,116,0.525158,projetee
2064,F,117,0.525158,projetee
2064,F,118,0.525158,projetee
2064,F,119,0.525158,projetee
2064,F,12,0.000043,projetee
2064,F,120,0.525158,projetee
2064,F,13,0.000051,projetee
2064,F,14,0.000064,projetee
2064,F,15,0.000077,projetee
2064,F,16,0.000087,projetee
2064,F,17,0.000095,projetee
2064,F,18,0.000105,projetee
2064,F,19,0.000115,projetee
2064,F,2,0.000115,projetee
2064,F,20,0.000123,projetee
2064,F,21,0.000131,projetee
2064,F,22,0.000138,projetee
2064,F,23,0.000142,projetee
2064,F,24,0.000144,projetee
2064,F,25,0.000149,projetee
2064,F,26,0.000153,projetee
2064,F,27,0.000155,projetee
2064,F,28,0.000159,projetee
2064,F,29,0.000168,projetee
2064,F,3,0.000081,projetee
2064,F,30,0.000183,projetee
2064,F,31,0.000196,projetee
2064,F,32,0.000216,projetee
2064,F,33,0.000237,projetee
2064,F,34,0.000255,projetee
2064,F,35,0.000271,projetee
2064,F,36,0.000289,projetee
2064,F,37,0.000314,projetee
2064,F,38,0.000341,projetee
2064,F,39,0.000372,projetee
2064,F,4,0.000061,projetee
2064,F,40,0.000412,projetee
2064,F,41,0.000453,projetee
2064,F,42,0.000497,projetee
2064,F,43,0.000546,projetee
2064,F,44,0.000591,projetee
2064,F,45,0.000640,projetee
2064,F,46,0.000700,projetee
2064,F,47,0.000774,projetee
2064,F,48,0.000858,projetee
2064,F,49,0.000950,projetee
2064,F,5,0.000052,projetee
2064,F,50,0.001060,projetee
2064,F,51,0.001179,projetee
2064,F,52,0.001279,projetee
2064,F,53,0.001357,projetee
2064,F,54,0.001460,projetee
2064,F,55,0.001636,projetee
2064,F,56,0.001813,projetee
2064,F,57,0.001968,projetee
2064,F,58,0.002150,projetee
2064,F,59,0.002345,projetee
2064,F,6,0.000045,projetee
2064,F,60,0.002548,projetee
2064,F,61,0.002756,projetee
2064,F,62,0.003030,projetee
2064,F,63,0.003370,projetee
2064,F,64,0.003697,projetee
2064,F,65,0.004040,projetee
2064,F,66,0.004337,projetee
2064,F,67,0.004560,projetee
2064,F,68,0.004893,projetee
2064,F,69,0.005339,projetee
2064,F,7,0.000040,projetee
2064,F,70,0.005852,projetee
2064,F,71,0.006442,projetee
2064,F,72,0.007084,projetee
2064,F,73,0.007768,projetee
2064,F,74,0.008454,projetee
2064,F,75,0.009289,projetee
2064,F,76,0.010475,projetee
2064,F,77,0.011768,projetee
2064,F,78,0.013527,projetee
2064,F,79,0.015452,projetee
2064,F,8,0.000038,projetee
2064,F,80,0.017611,projetee
2064,F,81,0.020490,projetee
2064,F,82,0.023584,projetee
2064,F,83,0.027329,projetee
2064,F,84,0.032117,projetee
2064,F,85,0.037064,projetee
2064,F,86,0.042190,projetee
2064,F,87,0.048583,projetee
2064,F,88,0.055511,projetee
2064,F,89,0.064003,projetee
2064,F,9,0.000038,projetee
2064,F,90,0.075429,projetee
2064,F,91,0.089136,projetee
2064,F,92,0.104252,projetee
2064,F,93,0.121129,projetee
2064,F,94,0.142855,projetee
2064,F,95,0.166479,projetee
2064,F,96,0.187936,projetee
2064,F,97,0.214605,projetee
2064,F,98,0.238659,projetee
2064,F,99,0.258294,projetee
2064,H,0,0.001758,projetee
2064,H,1,0.000316,projetee
2064,H,10,0.000046,projetee
2064,H,100,0.328827,projetee
2064,H,101,0.346131,projetee
2064,H,102,0.362437,projetee
2064,H,103,0.378302,projetee
2064,H,104,0.393822,projetee
2064,H,105,0.409060,projetee
2064,H,106,0.424045,projetee
2064,H,107,0.438694,projetee
2064,H,108,0.452926,projetee
2064,H,109,0.465881,projetee
2064,H,11,0.000048,projetee
2064,H,110,0.477462,projetee
2064,H,111,0.492056,projetee
2064,H,112,0.509762,projetee
2064,H,113,0.527140,projetee
2064,H,114,0.535661,projetee
2064,H,115,0.535661,projetee
2064,H,116,0.535661,projetee
2064,H,117,0.535661,projetee
2064,H,118,0.535661,projetee
2064,H,119,0.535661,projetee
2064,H,12,0.000052,projetee
2064,H,120,0.535661,projetee
2064,H,13,0.000061,projetee
2064,H,14,0.000079,projetee
2064,H,15,0.000107,projetee
2064,H,16,0.000145,projetee
2064,H,17,0.000183,projetee
2064,H,18,0.000222,projetee
2064,H,19,0.000255,projetee
2064,H,2,0.000140,projetee
2064,H,20,0.000285,projetee
2064,H,21,0.000305,projetee
2064,H,22,0.000314,projetee
2064,H,23,0.000318,projetee
2064,H,24,0.000325,projetee
2064,H,25,0.000335,projetee
2064,H,26,0.000348,projetee
2064,H,27,0.000363,projetee
2064,H,28,0.000381,projetee
2064,H,29,0.000395,projetee
2064,H,3,0.000101,projetee
2064,H,30,0.000408,projetee
2064,H,31,0.000425,projetee
2064,H,32,0.000449,projetee
2064,H,33,0.000469,projetee
2064,H,34,0.000503,projetee
2064,H,35,0.000545,projetee
2064,H,36,0.000579,projetee
2064,H,37,0.000616,projetee
2064,H,38,0.000664,projetee
2064,H,39,0.000716,projetee
2064,H,4,0.000077,projetee
2064,H,40,0.000770,projetee
2064,H,41,0.000831,projetee
2064,H,42,0.000902,projetee
2064,H,43,0.000984,projetee
2064,H,44,0.001058,projetee
2064,H,45,0.001127,projetee
2064,H,46,0.001214,projetee
2064,H,47,0.001320,projetee
2064,H,48,0.001427,projetee
2064,H,49,0.001557,projetee
2064,H,5,0.000062,projetee
2064,H,50,0.001709,projetee
2064,H,51,0.001883,projetee
2064,H,52,0.002097,projetee
2064,H,53,0.002351,projetee
2064,H,54,0.002561,projetee
2064,H,55,0.002701,projetee
2064,H,56,0.002950,projetee
2064,H,57,0.003271,projetee
2064,H,58,0.003587,projetee
2064,H,59,0.003852,projetee
2064,H,6,0.000054,projetee
2064,H,60,0.004121,projetee
2064,H,61,0.004512,projetee
2064,H,62,0.004924,projetee
2064,H,63,0.005401,projetee
2064,H,64,0.005893,projetee
2064,H,65,0.006462,projetee
2064,H,66,0.007000,projetee
2064,H,67,0.007504,projetee
2064,H,68,0.008128,projetee
2064,H,69,0.008748,projetee
2064,H,7,0.000048,projetee
2064,H,70,0.009529,projetee
2064,H,71,0.010524,projetee
2064,H,72,0.011412,projetee
2064,H,73,0.012242,projetee
2064,H,74,0.013428,projetee
2064,H,75,0.014663,projetee
2064,H,76,0.015822,projetee
2064,H,77,0.017379,projetee
2064,H,78,0.019261,projetee
2064,H,79,0.021415,projetee
2064,H,8,0.000045,projetee
2064,H,80,0.024216,projetee
2064,H,81,0.026975,projetee
2064,H,82,0.029929,projetee
2064,H,83,0.034070,projetee
2064,H,84,0.039059,projetee
2064,H,85,0.044477,projetee
2064,H,86,0.051304,projetee
2064,H,87,0.058971,projetee
2064,H,88,0.066986,projetee
2064,H,89,0.078049,projetee
2064,H,9,0.000046,projetee
2064,H,90,0.091383,projetee
2064,H,91,0.106972,projetee
2064,H,92,0.125111,projetee
2064,H,93,0.145368,projetee
2064,H,94,0.171453,projetee
2064,H,95,0.199797,projetee
2064,H,96,0.225544,projetee
2064,H,97,0.257580,projetee
2064,H,98,0.286404,projetee
2064,H,99,0.307923,projetee
2065,F,0,0.001448,projetee
2065,F,1,0.000252,projetee
2065,F,10,0.000038,projetee
2065,F,100,0.278260,projetee
2065,F,101,0.296679,projetee
2065,F,102,0.314715,projetee
2065,F,103,0.332843,projetee
2065,F,104,0.351149,projetee
2065,F,105,0.369699,projetee
2065,F,106,0.388530,projetee
2065,F,107,0.407575,projetee
2065,F,108,0.426767,projetee
2065,F,109,0.446035,projetee
2065,F,11,0.000040,projetee
2065,F,110,0.464523,projetee
2065,F,111,0.482126,projetee
2065,F,112,0.499474,projetee
2065,F,113,0.516502,projetee
2065,F,114,0.524854,projetee
2065,F,115,0.524854,projetee
2065,F,116,0.524854,projetee
2065,F,117,0.524854,projetee
2065,F,118,0.524854,projetee
2065,F,119,0.524854,projetee
2065,F,12,0.000043,projetee
2065,F,120,0.524854,projetee
2065,F,13,0.000050,projetee
2065,F,14,0.000063,projetee
2065,F,15,0.000076,projetee
2065,F,16,0.000086,projetee
2065,F,17,0.000094,projetee
2065,F,18,0.000104,projetee
2065,F,19,0.000113,projetee
2065,F,2,0.000114,projetee
2065,F,20,0.000122,projetee
2065,F,21,0.000130,projetee
2065,F,22,0.000136,projetee
2065,F,23,0.000140,projetee
2065,F,24,0.000142,projetee
2065,F,25,0.000147,projetee
2065,F,26,0.000151,projetee
2065,F,27,0.000153,projetee
2065,F,28,0.000157,projetee
2065,F,29,0.000166,projetee
2065,F,3,0.000080,projetee
2065,F,30,0.000180,projetee
2065,F,31,0.000193,projetee
2065,F,32,0.000213,projetee
2065,F,33,0.000234,projetee
2065,F,34,0.000252,projetee
2065,F,35,0.000268,projetee
2065,F,36,0.000285,projetee
2065,F,37,0.000310,projetee
2065,F,38,0.000336,projetee
2065,F,39,0.000368,projetee
2065,F,4,0.000061,projetee
2065,F,40,0.000407,projetee
2065,F,41,0.000448,projetee
2065,F,42,0.000491,projetee
2065,F,43,0.000540,projetee
2065,F,44,0.000583,projetee
2065,F,45,0.000632,projetee
2065,F,46,0.000692,projetee
2065,F,47,0.000765,projetee
2065,F,48,0.000848,projetee
2065,F,49,0.000939,projetee
2065,F,5,0.000051,projetee
2065,F,50,0.001047,projetee
2065,F,51,0.001165,projetee
2065,F,52,0.001263,projetee
2065,F,53,0.001341,projetee
2065,F,54,0.001442,projetee
2065,F,55,0.001616,projetee
2065,F,56,0.001791,projetee
2065,F,57,0.001944,projetee
2065,F,58,0.002124,projetee
2065,F,59,0.002316,projetee
2065,F,6,0.000044,projetee
2065,F,60,0.002517,projetee
2065,F,61,0.002722,projetee
2065,F,62,0.002994,projetee
2065,F,63,0.003329,projetee
2065,F,64,0.003652,projetee
2065,F,65,0.003991,projetee
2065,F,66,0.004285,projetee
2065,F,67,0.004504,projetee
2065,F,68,0.004834,projetee
2065,F,69,0.005275,projetee
2065,F,7,0.000039,projetee
2065,F,70,0.005782,projetee
2065,F,71,0.006364,projetee
2065,F,72,0.006998,projetee
2065,F,73,0.007674,projetee
2065,F,74,0.008352,projetee
2065,F,75,0.009177,projetee
2065,F,76,0.010348,projetee
2065,F,77,0.011626,projetee
2065,F,78,0.013363,projetee
2065,F,79,0.015265,projetee
2065,F,8,0.000037,projetee
2065,F,80,0.017398,projetee
2065,F,81,0.020242,projetee
2065,F,82,0.023299,projetee
2065,F,83,0.026998,projetee
2065,F,84,0.031729,projetee
2065,F,85,0.036616,projetee
2065,F,86,0.041680,projetee
2065,F,87,0.047995,projetee
2065,F,88,0.054840,projetee
2065,F,89,0.063253,projetee
2065,F,9,0.000038,projetee
2065,F,90,0.074607,projetee
2065,F,91,0.088261,projetee
2065,F,92,0.103336,projetee
2065,F,93,0.120184,projetee
2065,F,94,0.141890,projetee
2065,F,95,0.165512,projetee
2065,F,96,0.187009,projetee
2065,F,97,0.213715,projetee
2065,F,98,0.237745,projetee
2065,F,99,0.257305,projetee
2065,H,0,0.001747,projetee
2065,H,1,0.000313,projetee
2065,H,10,0.000046,projetee
2065,H,100,0.327568,projetee
2065,H,101,0.344807,projetee
2065,H,102,0.361050,projetee
2065,H,103,0.376855,projetee
2065,H,104,0.392315,projetee
2065,H,105,0.407495,projetee
2065,H,106,0.422423,projetee
2065,H,107,0.437016,projetee
2065,H,108,0.451192,projetee
2065,H,109,0.464874,projetee
2065,H,11,0.000048,projetee
2065,H,110,0.477186,projetee
2065,H,111,0.491772,projetee
2065,H,112,0.509467,projetee
2065,H,113,0.526835,projetee
2065,H,114,0.535351,projetee
2065,H,115,0.535351,projetee
2065,H,116,0.535351,projetee
2065,H,117,0.535351,projetee
2065,H,118,0.535351,projetee
2065,H,119,0.535351,projetee
2065,H,12,0.000052,projetee
2065,H,120,0.535351,projetee
2065,H,13,0.000061,projetee
2065,H,14,0.000077,projetee
2065,H,15,0.000106,projetee
2065,H,16,0.000142,projetee
2065,H,17,0.000180,projetee
2065,H,18,0.000218,projetee
2065,H,19,0.000251,projetee
2065,H,2,0.000139,projetee
2065,H,20,0.000280,projetee
2065,H,21,0.000300,projetee
2065,H,22,0.000309,projetee
2065,H,23,0.000313,projetee
2065,H,24,0.000319,projetee
2065,H,25,0.000330,projetee
2065,H,26,0.000342,projetee
2065,H,27,0.000357,projetee
2065,H,28,0.000374,projetee
2065,H,29,0.000389,projetee
2065,H,3,0.000100,projetee
2065,H,30,0.000401,projetee
2065,H,31,0.000418,projetee
2065,H,32,0.000442,projetee
2065,H,33,0.000462,projetee
2065,H,34,0.000495,projetee
2065,H,35,0.000536,projetee
2065,H,36,0.000569,projetee
2065,H,37,0.000606,projetee
2065,H,38,0.000653,projetee
2065,H,39,0.000704,projetee
2065,H,4,0.000076,projetee
2065,H,40,0.000757,projetee
2065,H,41,0.000817,projetee
2065,H,42,0.000887,projetee
2065,H,43,0.000968,projetee
2065,H,44,0.001041,projetee
2065,H,45,0.001109,projetee
2065,H,46,0.001194,projetee
2065,H,47,0.001298,projetee
2065,H,48,0.001404,projetee
2065,H,49,0.001531,projetee
2065,H,5,0.000062,projetee
2065,H,50,0.001681,projetee
2065,H,51,0.001852,projetee
2065,H,52,0.002063,projetee
2065,H,53,0.002312,projetee
2065,H,54,0.002519,projetee
2065,H,55,0.002657,projetee
2065,H,56,0.002902,projetee
2065,H,57,0.003218,projetee
2065,H,58,0.003529,projetee
2065,H,59,0.003789,projetee
2065,H,6,0.000053,projetee
2065,H,60,0.004054,projetee
2065,H,61,0.004439,projetee
2065,H,62,0.004844,projetee
2065,H,63,0.005313,projetee
2065,H,64,0.005797,projetee
2065,H,65,0.006356,projetee
2065,H,66,0.006886,projetee
2065,H,67,0.007382,projetee
2065,H,68,0.007996,projetee
2065,H,69,0.008605,projetee
2065,H,7,0.000047,projetee
2065,H,70,0.009374,projetee
2065,H,71,0.010352,projetee
2065,H,72,0.011226,projetee
2065,H,73,0.012042,projetee
2065,H,74,0.013209,projetee
2065,H,75,0.014424,projetee
2065,H,76,0.015564,projetee
2065,H,77,0.017095,projetee
2065,H,78,0.018947,projetee
2065,H,79,0.021065,projetee
2065,H,8,0.000045,projetee
2065,H,80,0.023821,projetee
2065,H,81,0.026535,projetee
2065,H,82,0.029441,projetee
2065,H,83,0.033514,projetee
2065,H,84,0.038510,projetee
2065,H,85,0.043939,projetee
2065,H,86,0.050605,projetee
2065,H,87,0.058180,projetee
2065,H,88,0.066145,projetee
2065,H,89,0.077086,projetee
2065,H,9,0.000045,projetee
2065,H,90,0.090368,projetee
2065,H,91,0.105921,projetee
2065,H,92,0.124013,projetee
2065,H,93,0.144234,projetee
2065,H,94,0.170294,projetee
2065,H,95,0.198637,projetee
2065,H,96,0.224432,projetee
2065,H,97,0.256512,projetee
2065,H,98,0.285308,projetee
2065,H,99,0.306744,projetee
2066,F,0,0.001440,projetee
2066,F,1,0.000250,projetee
2066,F,10,0.000038,projetee
2066,F,100,0.277195,projetee
2066,F,101,0.295544,projetee
2066,F,102,0.313511,projetee
2066,F,103,0.331569,projetee
2066,F,104,0.349805,projetee
2066,F,105,0.368285,projetee
2066,F,106,0.387043,projetee
2066,F,107,0.406015,projetee
2066,F,108,0.425133,projetee
2066,F,109,0.444328,projetee
2066,F,11,0.000039,projetee
2066,F,110,0.463527,projetee
2066,F,111,0.481847,projetee
2066,F,112,0.499185,projetee
2066,F,113,0.516203,projetee
2066,F,114,0.524551,projetee
2066,F,115,0.524551,projetee
2066,F,116,0.524551,projetee
2066,F,117,0.524551,projetee
2066,F,118,0.524551,projetee
2066,F,119,0.524551,projetee
2066,F,12,0.000042,projetee
2066,F,120,0.524551,projetee
2066,F,13,0.000050,projetee
2066,F,14,0.000062,projetee
2066,F,15,0.000075,projetee
2066,F,16,0.000085,projetee
2066,F,17,0.000093,projetee
2066,F,18,0.000102,projetee
2066,F,19,0.000112,projetee
2066,F,2,0.000113,projetee
2066,F,20,0.000120,projetee
2066,F,21,0.000128,projetee
2066,F,22,0.000135,projetee
2066,F,23,0.000138,projetee
2066,F,24,0.000141,projetee
2066,F,25,0.000146,projetee
2066,F,26,0.000149,projetee
2066,F,27,0.000151,projetee
2066,F,28,0.000155,projetee
2066,F,29,0.000164,projetee
2066,F,3,0.000080,projetee
2066,F,30,0.000178,projetee
2066,F,31,0.000191,projetee
2066,F,32,0.000210,projetee
2066,F,33,0.000231,projetee
2066,F,34,0.000249,projetee
2066,F,35,0.000264,projetee
2066,F,36,0.000282,projetee
2066,F,37,0.000307,projetee
2066,F,38,0.000332,projetee
2066,F,39,0.000363,projetee
2066,F,4,0.000060,projetee
2066,F,40,0.000402,projetee
2066,F,41,0.000442,projetee
2066,F,42,0.000485,projetee
2066,F,43,0.000533,projetee
2066,F,44,0.000576,projetee
2066,F,45,0.000625,projetee
2066,F,46,0.000683,projetee
2066,F,47,0.000756,projetee
2066,F,48,0.000837,projetee
2066,F,49,0.000928,projetee
2066,F,5,0.000051,projetee
2066,F,50,0.001034,projetee
2066,F,51,0.001151,projetee
2066,F,52,0.001248,projetee
2066,F,53,0.001325,projetee
2066,F,54,0.001425,projetee
2066,F,55,0.001596,projetee
2066,F,56,0.001769,projetee
2066,F,57,0.001921,projetee
2066,F,58,0.002099,projetee
2066,F,59,0.002288,projetee
2066,F,6,0.000044,projetee
2066,F,60,0.002487,projetee
2066,F,61,0.002689,projetee
2066,F,62,0.002957,projetee
2066,F,63,0.003289,projetee
2066,F,64,0.003608,projetee
2066,F,65,0.003943,projetee
2066,F,66,0.004233,projetee
2066,F,67,0.004450,projetee
2066,F,68,0.004775,projetee
2066,F,69,0.005211,projetee
2066,F,7,0.000039,projetee
2066,F,70,0.005712,projetee
2066,F,71,0.006287,projetee
2066,F,72,0.006913,projetee
2066,F,73,0.007582,projetee
2066,F,74,0.008251,projetee
2066,F,75,0.009066,projetee
2066,F,76,0.010223,projetee
2066,F,77,0.011485,projetee
2066,F,78,0.013202,projetee
2066,F,79,0.015080,projetee
2066,F,8,0.000037,projetee
2066,F,80,0.017187,projetee
2066,F,81,0.019997,projetee
2066,F,82,0.023017,projetee
2066,F,83,0.026672,projetee
2066,F,84,0.031345,projetee
2066,F,85,0.036173,projetee
2066,F,86,0.041176,projetee
2066,F,87,0.047415,projetee
2066,F,88,0.054177,projetee
2066,F,89,0.062512,projetee
2066,F,9,0.000037,projetee
2066,F,90,0.073794,projetee
2066,F,91,0.087394,projetee
2066,F,92,0.102429,projetee
2066,F,93,0.119246,projetee
2066,F,94,0.140931,projetee
2066,F,95,0.164551,projetee
2066,F,96,0.186087,projetee
2066,F,97,0.212829,projetee
2066,F,98,0.236835,projetee
2066,F,99,0.256320,projetee
2066,H,0,0.001735,projetee
2066,H,1,0.000310,projetee
2066,H,10,0.000045,projetee
2066,H,100,0.326314,projetee
2066,H,101,0.343487,projetee
2066,H,102,0.359668,projetee
2066,H,103,0.375412,projetee
2066,H,104,0.390814,projetee
2066,H,105,0.405936,projetee
2066,H,106,0.420806,projetee
2066,H,107,0.435343,projetee
2066,H,108,0.449466,projetee
2066,H,109,0.463095,projetee
2066,H,11,0.000047,projetee
2066,H,110,0.476153,projetee
2066,H,111,0.491487,projetee
2066,H,112,0.509172,projetee
2066,H,113,0.526530,projetee
2066,H,114,0.535042,projetee
2066,H,115,0.535042,projetee
2066,H,116,0.535042,projetee
2066,H,117,0.535042,projetee
2066,H,118,0.535042,projetee
2066,H,119,0.535042,projetee
2066,H,12,0.000051,projetee
2066,H,120,0.535042,projetee
2066,H,13,0.000060,projetee
2066,H,14,0.000076,projetee
2066,H,15,0.000104,projetee
2066,H,16,0.000140,projetee
2066,H,17,0.000177,projetee
2066,H,18,0.000214,projetee
2066,H,19,0.000247,projetee
2066,H,2,0.000137,projetee
2066,H,20,0.000275,projetee
2066,H,21,0.000295,projetee
2066,H,22,0.000304,projetee
2066,H,23,0.000308,projetee
2066,H,24,0.000314,projetee
2066,H,25,0.000324,projetee
2066,H,26,0.000336,projetee
2066,H,27,0.000351,projetee
2066,H,28,0.000368,projetee
2066,H,29,0.000383,projetee
2066,H,3,0.000098,projetee
2066,H,30,0.000394,projetee
2066,H,31,0.000411,projetee
2066,H,32,0.000435,projetee
2066,H,33,0.000454,projetee
2066,H,34,0.000487,projetee
2066,H,35,0.000528,projetee
2066,H,36,0.000560,projetee
2066,H,37,0.000596,projetee
2066,H,38,0.000642,projetee
2066,H,39,0.000693,projetee
2066,H,4,0.000075,projetee
2066,H,40,0.000745,projetee
2066,H,41,0.000804,projetee
2066,H,42,0.000873,projetee
2066,H,43,0.000952,projetee
2066,H,44,0.001024,projetee
2066,H,45,0.001091,projetee
2066,H,46,0.001174,projetee
2066,H,47,0.001277,projetee
2066,H,48,0.001381,projetee
2066,H,49,0.001506,projetee
2066,H,5,0.000061,projetee
2066,H,50,0.001653,projetee
2066,H,51,0.001822,projetee
2066,H,52,0.002029,projetee
2066,H,53,0.002274,projetee
2066,H,54,0.002478,projetee
2066,H,55,0.002613,projetee
2066,H,56,0.002855,projetee
2066,H,57,0.003165,projetee
2066,H,58,0.003471,projetee
2066,H,59,0.003727,projetee
2066,H,6,0.000052,projetee
2066,H,60,0.003988,projetee
2066,H,61,0.004366,projetee
2066,H,62,0.004765,projetee
2066,H,63,0.005227,projetee
2066,H,64,0.005702,projetee
2066,H,65,0.006253,projetee
2066,H,66,0.006774,projetee
2066,H,67,0.007262,projetee
2066,H,68,0.007865,projetee
2066,H,69,0.008465,projetee
2066,H,7,0.000047,projetee
2066,H,70,0.009221,projetee
2066,H,71,0.010183,projetee
2066,H,72,0.011042,projetee
2066,H,73,0.011846,projetee
2066,H,74,0.012993,projetee
2066,H,75,0.014188,projetee
2066,H,76,0.015310,projetee
2066,H,77,0.016817,projetee
2066,H,78,0.018638,projetee
2066,H,79,0.020722,projetee
2066,H,8,0.000044,projetee
2066,H,80,0.023433,projetee
2066,H,81,0.026102,projetee
2066,H,82,0.028960,projetee
2066,H,83,0.032968,projetee
2066,H,84,0.037969,projetee
2066,H,85,0.043408,projetee
2066,H,86,0.049916,projetee
2066,H,87,0.057400,projetee
2066,H,88,0.065315,projetee
2066,H,89,0.076134,projetee
2066,H,9,0.000045,projetee
2066,H,90,0.089365,projetee
2066,H,91,0.104880,projetee
2066,H,92,0.122924,projetee
2066,H,93,0.143109,projetee
2066,H,94,0.169143,projetee
2066,H,95,0.197484,projetee
2066,H,96,0.223325,projetee
2066,H,97,0.255449,projetee
2066,H,98,0.284216,projetee
2066,H,99,0.305570,projetee
2067,F,0,0.001431,projetee
2067,F,1,0.000248,projetee
2067,F,10,0.000037,projetee
2067,F,100,0.276134,projetee
2067,F,101,0.294413,projetee
2067,F,102,0.312311,projetee
2067,F,103,0.330300,projetee
2067,F,104,0.348466,projetee
2067,F,105,0.366875,projetee
2067,F,106,0.385561,projetee
2067,F,107,0.404461,projetee
2067,F,108,0.423506,projetee
2067,F,109,0.442627,projetee
2067,F,11,0.000039,projetee
2067,F,110,0.461753,projetee
2067,F,111,0.480813,projetee
2067,F,112,0.498896,projetee
2067,F,113,0.515904,projetee
2067,F,114,0.524247,projetee
2067,F,115,0.524247,projetee
2067,F,116,0.524247,projetee
2067,F,117,0.524247,projetee
2067,F,118,0.524247,projetee
2067,F,119,0.524247,projetee
2067,F,12,0.000042,projetee
2067,F,120,0.524247,projetee
2067,F,13,0.000049,projetee
2067,F,14,0.000061,projetee
2067,F,15,0.000074,projetee
2067,F,16,0.000084,projetee
2067,F,17,0.000092,projetee
2067,F,18,0.000101,projetee
2067,F,19,0.000111,projetee
2067,F,2,0.000112,projetee
2067,F,20,0.000119,projetee
2067,F,21,0.000127,projetee
2067,F,22,0.000133,projetee
2067,F,23,0.000137,projetee
2067,F,24,0.000139,projetee
2067,F,25,0.000144,projetee
2067,F,26,0.000147,projetee
2067,F,27,0.000149,projetee
2067,F,28,0.000153,projetee
2067,F,29,0.000162,projetee
2067,F,3,0.000079,projetee
2067,F,30,0.000176,projetee
2067,F,31,0.000189,projetee
2067,F,32,0.000208,projetee
2067,F,33,0.000228,projetee
2067,F,34,0.000246,projetee
2067,F,35,0.000261,projetee
2067,F,36,0.000279,projetee
2067,F,37,0.000303,projetee
2067,F,38,0.000328,projetee
2067,F,39,0.000359,projetee
2067,F,4,0.000059,projetee
2067,F,40,0.000397,projetee
2067,F,41,0.000437,projetee
2067,F,42,0.000480,projetee
2067,F,43,0.000527,projetee
2067,F,44,0.000569,projetee
2067,F,45,0.000617,projetee
2067,F,46,0.000675,projetee
2067,F,47,0.000747,projetee
2067,F,48,0.000827,projetee
2067,F,49,0.000916,projetee
2067,F,5,0.000050,projetee
2067,F,50,0.001022,projetee
2067,F,51,0.001137,projetee
2067,F,52,0.001233,projetee
2067,F,53,0.001309,projetee
2067,F,54,0.001408,projetee
2067,F,55,0.001577,projetee
2067,F,56,0.001748,projetee
2067,F,57,0.001897,projetee
2067,F,58,0.002073,projetee
2067,F,59,0.002261,projetee
2067,F,6,0.000043,projetee
2067,F,60,0.002457,projetee
2067,F,61,0.002657,projetee
2067,F,62,0.002922,projetee
2067,F,63,0.003249,projetee
2067,F,64,0.003564,projetee
2067,F,65,0.003895,projetee
2067,F,66,0.004182,projetee
2067,F,67,0.004396,projetee
2067,F,68,0.004717,projetee
2067,F,69,0.005148,projetee
2067,F,7,0.000038,projetee
2067,F,70,0.005643,projetee
2067,F,71,0.006211,projetee
2067,F,72,0.006830,projetee
2067,F,73,0.007490,projetee
2067,F,74,0.008151,projetee
2067,F,75,0.008956,projetee
2067,F,76,0.010099,projetee
2067,F,77,0.011346,projetee
2067,F,78,0.013042,projetee
2067,F,79,0.014898,projetee
2067,F,8,0.000036,projetee
2067,F,80,0.016980,projetee
2067,F,81,0.019755,projetee
2067,F,82,0.022739,projetee
2067,F,83,0.026349,projetee
2067,F,84,0.030966,projetee
2067,F,85,0.035735,projetee
2067,F,86,0.040678,projetee
2067,F,87,0.046842,projetee
2067,F,88,0.053522,projetee
2067,F,89,0.061780,projetee
2067,F,9,0.000037,projetee
2067,F,90,0.072990,projetee
2067,F,91,0.086535,projetee
2067,F,92,0.101530,projetee
2067,F,93,0.118316,projetee
2067,F,94,0.139978,projetee
2067,F,95,0.163596,projetee
2067,F,96,0.185169,projetee
2067,F,97,0.211948,projetee
2067,F,98,0.235929,projetee
2067,F,99,0.255339,projetee
2067,H,0,0.001724,projetee
2067,H,1,0.000307,projetee
2067,H,10,0.000045,projetee
2067,H,100,0.325066,projetee
2067,H,101,0.342173,projetee
2067,H,102,0.358292,projetee
2067,H,103,0.373976,projetee
2067,H,104,0.389318,projetee
2067,H,105,0.404382,projetee
2067,H,106,0.419196,projetee
2067,H,107,0.433677,projetee
2067,H,108,0.447746,projetee
2067,H,109,0.461322,projetee
2067,H,11,0.000047,projetee
2067,H,110,0.474331,projetee
2067,H,111,0.490433,projetee
2067,H,112,0.508877,projetee
2067,H,113,0.526225,projetee
2067,H,114,0.534732,projetee
2067,H,115,0.534732,projetee
2067,H,116,0.534732,projetee
2067,H,117,0.534732,projetee
2067,H,118,0.534732,projetee
2067,H,119,0.534732,projetee
2067,H,12,0.000050,projetee
2067,H,120,0.534732,projetee
2067,H,13,0.000059,projetee
2067,H,14,0.000075,projetee
2067,H,15,0.000102,projetee
2067,H,16,0.000138,projetee
2067,H,17,0.000174,projetee
2067,H,18,0.000211,projetee
2067,H,19,0.000243,projetee
2067,H,2,0.000136,projetee
2067,H,20,0.000271,projetee
2067,H,21,0.000291,projetee
2067,H,22,0.000299,projetee
2067,H,23,0.000303,projetee
2067,H,24,0.000309,projetee
2067,H,25,0.000319,projetee
2067,H,26,0.000331,projetee
2067,H,27,0.000345,projetee
2067,H,28,0.000362,projetee
2067,H,29,0.000376,projetee
2067,H,3,0.000097,projetee
2067,H,30,0.000388,projetee
2067,H,31,0.000405,projetee
2067,H,32,0.000428,projetee
2067,H,33,0.000447,projetee
2067,H,34,0.000479,projetee
2067,H,35,0.000519,projetee
2067,H,36,0.000551,projetee
2067,H,37,0.000586,projetee
2067,H,38,0.000632,projetee
2067,H,39,0.000681,projetee
2067,H,4,0.000074,projetee
2067,H,40,0.000733,projetee
2067,H,41,0.000791,projetee
2067,H,42,0.000859,projetee
2067,H,43,0.000937,projetee
2067,H,44,0.001007,projetee
2067,H,45,0.001073,projetee
2067,H,46,0.001155,projetee
2067,H,47,0.001256,projetee
2067,H,48,0.001359,projetee
2067,H,49,0.001482,projetee
2067,H,5,0.000060,projetee
2067,H,50,0.001627,projetee
2067,H,51,0.001792,projetee
2067,H,52,0.001996,projetee
2067,H,53,0.002237,projetee
2067,H,54,0.002438,projetee
2067,H,55,0.002571,projetee
2067,H,56,0.002808,projetee
2067,H,57,0.003114,projetee
2067,H,58,0.003415,projetee
2067,H,59,0.003666,projetee
2067,H,6,0.000052,projetee
2067,H,60,0.003922,projetee
2067,H,61,0.004295,projetee
2067,H,62,0.004687,projetee
2067,H,63,0.005141,projetee
2067,H,64,0.005609,projetee
2067,H,65,0.006151,projetee
2067,H,66,0.006663,projetee
2067,H,67,0.007143,projetee
2067,H,68,0.007737,projetee
2067,H,69,0.008326,projetee
2067,H,7,0.000046,projetee
2067,H,70,0.009071,projetee
2067,H,71,0.010017,projetee
2067,H,72,0.010862,projetee
2067,H,73,0.011653,projetee
2067,H,74,0.012781,projetee
2067,H,75,0.013957,projetee
2067,H,76,0.015060,projetee
2067,H,77,0.016542,projetee
2067,H,78,0.018334,projetee
2067,H,79,0.020384,projetee
2067,H,8,0.000044,projetee
2067,H,80,0.023050,projetee
2067,H,81,0.025676,projetee
2067,H,82,0.028488,projetee
2067,H,83,0.032430,projetee
2067,H,84,0.037436,projetee
2067,H,85,0.042883,projetee
2067,H,86,0.049236,projetee
2067,H,87,0.056630,projetee
2067,H,88,0.064495,projetee
2067,H,89,0.075194,projetee
2067,H,9,0.000044,projetee
2067,H,90,0.088373,projetee
2067,H,91,0.103850,projetee
2067,H,92,0.121845,projetee
2067,H,93,0.141992,projetee
2067,H,94,0.168000,projetee
2067,H,95,0.196337,projetee
2067,H,96,0.222224,projetee
2067,H,97,0.254391,projetee
2067,H,98,0.283128,projetee
2067,H,99,0.304400,projetee
2068,F,0,0.001422,projetee
2068,F,1,0.000247,projetee
2068,F,10,0.000037,projetee
2068,F,100,0.275077,projetee
2068,F,101,0.293286,projetee
2068,F,102,0.311115,projetee
2068,F,103,0.329036,projetee
2068,F,104,0.347132,projetee
2068,F,105,0.365471,projetee
2068,F,106,0.384086,projetee
2068,F,107,0.402913,projetee
2068,F,108,0.421885,projetee
2068,F,109,0.440933,projetee
2068,F,11,0.000038,projetee
2068,F,110,0.459986,projetee
2068,F,111,0.478973,projetee
2068,F,112,0.497826,projetee
2068,F,113,0.515605,projetee
2068,F,114,0.523944,projetee
2068,F,115,0.523944,projetee
2068,F,116,0.523944,projetee
2068,F,117,0.523944,projetee
2068,F,118,0.523944,projetee
2068,F,119,0.523944,projetee
2068,F,12,0.000041,projetee
2068,F,120,0.523944,projetee
2068,F,13,0.000049,projetee
2068,F,14,0.000061,projetee
2068,F,15,0.000073,projetee
2068,F,16,0.000083,projetee
2068,F,17,0.000091,projetee
2068,F,18,0.000100,projetee
2068,F,19,0.000109,projetee
2068,F,2,0.000111,projetee
2068,F,20,0.000117,projetee
2068,F,21,0.000125,projetee
2068,F,22,0.000131,projetee
2068,F,23,0.000135,projetee
2068,F,24,0.000137,projetee
2068,F,25,0.000142,projetee
2068,F,26,0.000146,projetee
2068,F,27,0.000148,projetee
2068,F,28,0.000151,projetee
2068,F,29,0.000160,projetee
2068,F,3,0.000078,projetee
2068,F,30,0.000174,projetee
2068,F,31,0.000186,projetee
2068,F,32,0.000205,projetee
2068,F,33,0.000226,projetee
2068,F,34,0.000243,projetee
2068,F,35,0.000258,projetee
2068,F,36,0.000275,projetee
2068,F,37,0.000299,projetee
2068,F,38,0.000324,projetee
2068,F,39,0.000355,projetee
2068,F,4,0.000059,projetee
2068,F,40,0.000392,projetee
2068,F,41,0.000432,projetee
2068,F,42,0.000474,projetee
2068,F,43,0.000520,projetee
2068,F,44,0.000563,projetee
2068,F,45,0.000610,projetee
2068,F,46,0.000667,projetee
2068,F,47,0.000738,projetee
2068,F,48,0.000817,projetee
2068,F,49,0.000905,projetee
2068,F,5,0.000050,projetee
2068,F,50,0.001009,projetee
2068,F,51,0.001123,projetee
2068,F,52,0.001218,projetee
2068,F,53,0.001293,projetee
2068,F,54,0.001391,projetee
2068,F,55,0.001558,projetee
2068,F,56,0.001726,projetee
2068,F,57,0.001874,projetee
2068,F,58,0.002048,projetee
2068,F,59,0.002233,projetee
2068,F,6,0.000043,projetee
2068,F,60,0.002427,projetee
2068,F,61,0.002625,projetee
2068,F,62,0.002886,projetee
2068,F,63,0.003210,projetee
2068,F,64,0.003521,projetee
2068,F,65,0.003848,projetee
2068,F,66,0.004131,projetee
2068,F,67,0.004343,projetee
2068,F,68,0.004660,projetee
2068,F,69,0.005086,projetee
2068,F,7,0.000038,projetee
2068,F,70,0.005574,projetee
2068,F,71,0.006136,projetee
2068,F,72,0.006747,projetee
2068,F,73,0.007399,projetee
2068,F,74,0.008052,projetee
2068,F,75,0.008848,projetee
2068,F,76,0.009977,projetee
2068,F,77,0.011209,projetee
2068,F,78,0.012884,projetee
2068,F,79,0.014718,projetee
2068,F,8,0.000036,projetee
2068,F,80,0.016774,projetee
2068,F,81,0.019517,projetee
2068,F,82,0.022464,projetee
2068,F,83,0.026031,projetee
2068,F,84,0.030591,projetee
2068,F,85,0.035303,projetee
2068,F,86,0.040186,projetee
2068,F,87,0.046275,projetee
2068,F,88,0.052875,projetee
2068,F,89,0.061056,projetee
2068,F,9,0.000036,projetee
2068,F,90,0.072195,projetee
2068,F,91,0.085685,projetee
2068,F,92,0.100639,projetee
2068,F,93,0.117393,projetee
2068,F,94,0.139032,projetee
2068,F,95,0.162646,projetee
2068,F,96,0.184256,projetee
2068,F,97,0.211069,projetee
2068,F,98,0.235026,projetee
2068,F,99,0.254362,projetee
2068,H,0,0.001713,projetee
2068,H,1,0.000304,projetee
2068,H,10,0.000044,projetee
2068,H,100,0.323822,projetee
2068,H,101,0.340863,projetee
2068,H,102,0.356920,projetee
2068,H,103,0.372545,projetee
2068,H,104,0.387828,projetee
2068,H,105,0.402835,projetee
2068,H,106,0.417591,projetee
2068,H,107,0.432018,projetee
2068,H,108,0.446032,projetee
2068,H,109,0.459557,projetee
2068,H,11,0.000046,projetee
2068,H,110,0.472516,projetee
2068,H,111,0.488556,projetee
2068,H,112,0.507786,projetee
2068,H,113,0.525921,projetee
2068,H,114,0.534423,projetee
2068,H,115,0.534423,projetee
2068,H,116,0.534423,projetee
2068,H,117,0.534423,projetee
2068,H,118,0.534423,projetee
2068,H,119,0.534423,projetee
2068,H,12,0.000050,projetee
2068,H,120,0.534423,projetee
2068,H,13,0.000058,projetee
2068,H,14,0.000074,projetee
2068,H,15,0.000101,projetee
2068,H,16,0.000135,projetee
2068,H,17,0.000171,projetee
2068,H,18,0.000207,projetee
2068,H,19,0.000239,projetee
2068,H,2,0.000135,projetee
2068,H,20,0.000266,projetee
2068,H,21,0.000286,projetee
2068,H,22,0.000294,projetee
2068,H,23,0.000298,projetee
2068,H,24,0.000304,projetee
2068,H,25,0.000314,projetee
2068,H,26,0.000325,projetee
2068,H,27,0.000340,projetee
2068,H,28,0.000356,projetee
2068,H,29,0.000370,projetee
2068,H,3,0.000096,projetee
2068,H,30,0.000382,projetee
2068,H,31,0.000398,projetee
2068,H,32,0.000421,projetee
2068,H,33,0.000440,projetee
2068,H,34,0.000471,projetee
2068,H,35,0.000510,projetee
2068,H,36,0.000542,projetee
2068,H,37,0.000577,projetee
2068,H,38,0.000622,projetee
2068,H,39,0.000670,projetee
2068,H,4,0.000073,projetee
2068,H,40,0.000721,projetee
2068,H,41,0.000778,projetee
2068,H,42,0.000845,projetee
2068,H,43,0.000922,projetee
2068,H,44,0.000991,projetee
2068,H,45,0.001056,projetee
2068,H,46,0.001136,projetee
2068,H,47,0.001236,projetee
2068,H,48,0.001337,projetee
2068,H,49,0.001458,projetee
2068,H,5,0.000060,projetee
2068,H,50,0.001600,projetee
2068,H,51,0.001763,projetee
2068,H,52,0.001963,projetee
2068,H,53,0.002201,projetee
2068,H,54,0.002398,projetee
2068,H,55,0.002529,projetee
2068,H,56,0.002763,projetee
2068,H,57,0.003063,projetee
2068,H,58,0.003359,projetee
2068,H,59,0.003606,projetee
2068,H,6,0.000051,projetee
2068,H,60,0.003859,projetee
2068,H,61,0.004225,projetee
2068,H,62,0.004611,projetee
2068,H,63,0.005058,projetee
2068,H,64,0.005518,projetee
2068,H,65,0.006050,projetee
2068,H,66,0.006555,projetee
2068,H,67,0.007027,projetee
2068,H,68,0.007611,projetee
2068,H,69,0.008191,projetee
2068,H,7,0.000046,projetee
2068,H,70,0.008923,projetee
2068,H,71,0.009854,projetee
2068,H,72,0.010685,projetee
2068,H,73,0.011463,projetee
2068,H,74,0.012573,projetee
2068,H,75,0.013729,projetee
2068,H,76,0.014815,projetee
2068,H,77,0.016272,projetee
2068,H,78,0.018035,projetee
2068,H,79,0.020051,projetee
2068,H,8,0.000043,projetee
2068,H,80,0.022675,projetee
2068,H,81,0.025258,projetee
2068,H,82,0.028023,projetee
2068,H,83,0.031901,projetee
2068,H,84,0.036910,projetee
2068,H,85,0.042365,projetee
2068,H,86,0.048565,projetee
2068,H,87,0.055870,projetee
2068,H,88,0.063685,projetee
2068,H,89,0.074266,projetee
2068,H,9,0.000043,projetee
2068,H,90,0.087392,projetee
2068,H,91,0.102830,projetee
2068,H,92,0.120775,projetee
2068,H,93,0.140884,projetee
2068,H,94,0.166864,projetee
2068,H,95,0.195197,projetee
2068,H,96,0.221128,projetee
2068,H,97,0.253337,projetee
2068,H,98,0.282045,projetee
2068,H,99,0.303235,projetee
2069,F,0,0.001413,projetee
2069,F,1,0.000245,projetee
2069,F,10,0.000036,projetee
2069,F,100,0.274024,projetee
2069,F,101,0.292163,projetee
2069,F,102,0.309925,projetee
2069,F,103,0.327776,projetee
2069,F,104,0.345804,projetee
2069,F,105,0.364072,projetee
2069,F,106,0.382616,projetee
2069,F,107,0.401371,projetee
2069,F,108,0.420270,projetee
2069,F,109,0.439245,projetee
2069,F,11,0.000038,projetee
2069,F,110,0.458225,projetee
2069,F,111,0.477140,projetee
2069,F,112,0.495920,projetee
2069,F,113,0.514498,projetee
2069,F,114,0.523641,projetee
2069,F,115,0.523641,projetee
2069,F,116,0.523641,projetee
2069,F,117,0.523641,projetee
2069,F,118,0.523641,projetee
2069,F,119,0.523641,projetee
2069,F,12,0.000041,projetee
2069,F,120,0.523641,projetee
2069,F,13,0.000048,projetee
2069,F,14,0.000060,projetee
2069,F,15,0.000072,projetee
2069,F,16,0.000082,projetee
2069,F,17,0.000090,projetee
2069,F,18,0.000099,projetee
2069,F,19,0.000108,projetee
2069,F,2,0.000110,projetee
2069,F,20,0.000116,projetee
2069,F,21,0.000124,projetee
2069,F,22,0.000130,projetee
2069,F,23,0.000133,projetee
2069,F,24,0.000136,projetee
2069,F,25,0.000140,projetee
2069,F,26,0.000144,projetee
2069,F,27,0.000146,projetee
2069,F,28,0.000149,projetee
2069,F,29,0.000158,projetee
2069,F,3,0.000077,projetee
2069,F,30,0.000172,projetee
2069,F,31,0.000184,projetee
2069,F,32,0.000203,projetee
2069,F,33,0.000223,projetee
2069,F,34,0.000240,projetee
2069,F,35,0.000255,projetee
2069,F,36,0.000272,projetee
2069,F,37,0.000296,projetee
2069,F,38,0.000320,projetee
2069,F,39,0.000350,projetee
2069,F,4,0.000058,projetee
2069,F,40,0.000387,projetee
2069,F,41,0.000427,projetee
2069,F,42,0.000468,projetee
2069,F,43,0.000514,projetee
2069,F,44,0.000556,projetee
2069,F,45,0.000602,projetee
2069,F,46,0.000659,projetee
2069,F,47,0.000729,projetee
2069,F,48,0.000807,projetee
2069,F,49,0.000894,projetee
2069,F,5,0.000049,projetee
2069,F,50,0.000997,projetee
2069,F,51,0.001109,projetee
2069,F,52,0.001203,projetee
2069,F,53,0.001277,projetee
2069,F,54,0.001374,projetee
2069,F,55,0.001539,projetee
2069,F,56,0.001706,projetee
2069,F,57,0.001852,projetee
2069,F,58,0.002023,projetee
2069,F,59,0.002206,projetee
2069,F,6,0.000042,projetee
2069,F,60,0.002398,projetee
2069,F,61,0.002593,projetee
2069,F,62,0.002851,projetee
2069,F,63,0.003171,projetee
2069,F,64,0.003479,projetee
2069,F,65,0.003802,projetee
2069,F,66,0.004081,projetee
2069,F,67,0.004290,projetee
2069,F,68,0.004604,projetee
2069,F,69,0.005024,projetee
2069,F,7,0.000038,projetee
2069,F,70,0.005507,projetee
2069,F,71,0.006062,projetee
2069,F,72,0.006666,projetee
2069,F,73,0.007310,projetee
2069,F,74,0.007955,projetee
2069,F,75,0.008741,projetee
2069,F,76,0.009856,projetee
2069,F,77,0.011073,projetee
2069,F,78,0.012729,projetee
2069,F,79,0.014540,projetee
2069,F,8,0.000036,projetee
2069,F,80,0.016571,projetee
2069,F,81,0.019281,projetee
2069,F,82,0.022193,projetee
2069,F,83,0.025716,projetee
2069,F,84,0.030221,projetee
2069,F,85,0.034876,projetee
2069,F,86,0.039700,projetee
2069,F,87,0.045716,projetee
2069,F,88,0.052235,projetee
2069,F,89,0.060341,projetee
2069,F,9,0.000036,projetee
2069,F,90,0.071409,projetee
2069,F,91,0.084843,projetee
2069,F,92,0.099755,projetee
2069,F,93,0.116477,projetee
2069,F,94,0.138092,projetee
2069,F,95,0.161701,projetee
2069,F,96,0.183348,projetee
2069,F,97,0.210195,projetee
2069,F,98,0.234127,projetee
2069,F,99,0.253388,projetee
2069,H,0,0.001702,projetee
2069,H,1,0.000301,projetee
2069,H,10,0.000044,projetee
2069,H,100,0.322582,projetee
2069,H,101,0.339559,projetee
2069,H,102,0.355555,projetee
2069,H,103,0.371119,projetee
2069,H,104,0.386344,projetee
2069,H,105,0.401293,projetee
2069,H,106,0.415993,projetee
2069,H,107,0.430364,projetee
2069,H,108,0.444325,projetee
2069,H,109,0.457798,projetee
2069,H,11,0.000045,projetee
2069,H,110,0.470708,projetee
2069,H,111,0.486686,projetee
2069,H,112,0.505842,projetee
2069,H,113,0.524792,projetee
2069,H,114,0.534114,projetee
2069,H,115,0.534114,projetee
2069,H,116,0.534114,projetee
2069,H,117,0.534114,projetee
2069,H,118,0.534114,projetee
2069,H,119,0.534114,projetee
2069,H,12,0.000049,projetee
2069,H,120,0.534114,projetee
2069,H,13,0.000058,projetee
2069,H,14,0.000073,projetee
2069,H,15,0.000099,projetee
2069,H,16,0.000133,projetee
2069,H,17,0.000168,projetee
2069,H,18,0.000204,projetee
2069,H,19,0.000235,projetee
2069,H,2,0.000133,projetee
2069,H,20,0.000262,projetee
2069,H,21,0.000281,projetee
2069,H,22,0.000289,projetee
2069,H,23,0.000293,projetee
2069,H,24,0.000299,projetee
2069,H,25,0.000309,projetee
2069,H,26,0.000320,projetee
2069,H,27,0.000334,projetee
2069,H,28,0.000351,projetee
2069,H,29,0.000364,projetee
2069,H,3,0.000095,projetee
2069,H,30,0.000375,projetee
2069,H,31,0.000392,projetee
2069,H,32,0.000414,projetee
2069,H,33,0.000432,projetee
2069,H,34,0.000463,projetee
2069,H,35,0.000502,projetee
2069,H,36,0.000533,projetee
2069,H,37,0.000567,projetee
2069,H,38,0.000611,projetee
2069,H,39,0.000659,projetee
2069,H,4,0.000072,projetee
2069,H,40,0.000709,projetee
2069,H,41,0.000765,projetee
2069,H,42,0.000831,projetee
2069,H,43,0.000907,projetee
2069,H,44,0.000975,projetee
2069,H,45,0.001038,projetee
2069,H,46,0.001118,projetee
2069,H,47,0.001216,projetee
2069,H,48,0.001315,projetee
2069,H,49,0.001434,projetee
2069,H,5,0.000059,projetee
2069,H,50,0.001574,projetee
2069,H,51,0.001734,projetee
2069,H,52,0.001931,projetee
2069,H,53,0.002165,projetee
2069,H,54,0.002359,projetee
2069,H,55,0.002488,projetee
2069,H,56,0.002718,projetee
2069,H,57,0.003013,projetee
2069,H,58,0.003304,projetee
2069,H,59,0.003548,projetee
2069,H,6,0.000051,projetee
2069,H,60,0.003796,projetee
2069,H,61,0.004156,projetee
2069,H,62,0.004535,projetee
2069,H,63,0.004975,projetee
2069,H,64,0.005428,projetee
2069,H,65,0.005952,projetee
2069,H,66,0.006448,projetee
2069,H,67,0.006912,projetee
2069,H,68,0.007487,projetee
2069,H,69,0.008057,projetee
2069,H,7,0.000045,projetee
2069,H,70,0.008777,projetee
2069,H,71,0.009693,projetee
2069,H,72,0.010511,projetee
2069,H,73,0.011276,projetee
2069,H,74,0.012368,projetee
2069,H,75,0.013505,projetee
2069,H,76,0.014573,projetee
2069,H,77,0.016007,projetee
2069,H,78,0.017741,projetee
2069,H,79,0.019724,projetee
2069,H,8,0.000043,projetee
2069,H,80,0.022305,projetee
2069,H,81,0.024846,projetee
2069,H,82,0.027566,projetee
2069,H,83,0.031381,projetee
2069,H,84,0.036392,projetee
2069,H,85,0.041852,projetee
2069,H,86,0.047904,projetee
2069,H,87,0.055121,projetee
2069,H,88,0.062886,projetee
2069,H,89,0.073349,projetee
2069,H,9,0.000043,projetee
2069,H,90,0.086422,projetee
2069,H,91,0.101820,projetee
2069,H,92,0.119715,projetee
2069,H,93,0.139785,projetee
2069,H,94,0.165737,projetee
2069,H,95,0.194063,projetee
2069,H,96,0.220038,projetee
2069,H,97,0.252287,projetee
2069,H,98,0.280965,projetee
2069,H,99,0.302074,projetee
2070,F,0,0.001404,projetee
2070,F,1,0.000243,projetee
2070,F,10,0.000036,projetee
2070,F,100,0.272975,projetee
2070,F,101,0.291045,projetee
2070,F,102,0.308739,projetee
2070,F,103,0.326522,projetee
2070,F,104,0.344480,projetee
2070,F,105,0.362679,projetee
2070,F,106,0.381151,projetee
2070,F,107,0.399835,projetee
2070,F,108,0.418662,projetee
2070,F,109,0.437564,projetee
2070,F,11,0.000037,projetee
2070,F,110,0.456471,projetee
2070,F,111,0.475314,projetee
2070,F,112,0.494022,projetee
2070,F,113,0.512529,projetee
2070,F,114,0.521637,projetee
2070,F,115,0.521637,projetee
2070,F,116,0.521637,projetee
2070,F,117,0.521637,projetee
2070,F,118,0.521637,projetee
2070,F,119,0.521637,projetee
2070,F,12,0.000040,projetee
2070,F,120,0.521637,projetee
2070,F,13,0.000047,projetee
2070,F,14,0.000059,projetee
2070,F,15,0.000071,projetee
2070,F,16,0.000081,projetee
2070,F,17,0.000089,projetee
2070,F,18,0.000098,projetee
2070,F,19,0.000107,projetee
2070,F,2,0.000109,projetee
2070,F,20,0.000115,projetee
2070,F,21,0.000122,projetee
2070,F,22,0.000128,projetee
2070,F,23,0.000132,projetee
2070,F,24,0.000134,projetee
2070,F,25,0.000139,projetee
2070,F,26,0.000142,projetee
2070,F,27,0.000144,projetee
2070,F,28,0.000148,projetee
2070,F,29,0.000157,projetee
2070,F,3,0.000077,projetee
2070,F,30,0.000170,projetee
2070,F,31,0.000182,projetee
2070,F,32,0.000200,projetee
2070,F,33,0.000220,projetee
2070,F,34,0.000237,projetee
2070,F,35,0.000252,projetee
2070,F,36,0.000269,projetee
2070,F,37,0.000292,projetee
2070,F,38,0.000317,projetee
2070,F,39,0.000346,projetee
2070,F,4,0.000058,projetee
2070,F,40,0.000383,projetee
2070,F,41,0.000421,projetee
2070,F,42,0.000462,projetee
2070,F,43,0.000508,projetee
2070,F,44,0.000549,projetee
2070,F,45,0.000595,projetee
2070,F,46,0.000651,projetee
2070,F,47,0.000720,projetee
2070,F,48,0.000798,projetee
2070,F,49,0.000883,projetee
2070,F,5,0.000049,projetee
2070,F,50,0.000985,projetee
2070,F,51,0.001096,projetee
2070,F,52,0.001189,projetee
2070,F,53,0.001262,projetee
2070,F,54,0.001357,projetee
2070,F,55,0.001520,projetee
2070,F,56,0.001685,projetee
2070,F,57,0.001829,projetee
2070,F,58,0.001999,projetee
2070,F,59,0.002180,projetee
2070,F,6,0.000042,projetee
2070,F,60,0.002369,projetee
2070,F,61,0.002562,projetee
2070,F,62,0.002817,projetee
2070,F,63,0.003133,projetee
2070,F,64,0.003437,projetee
2070,F,65,0.003756,projetee
2070,F,66,0.004032,projetee
2070,F,67,0.004239,projetee
2070,F,68,0.004548,projetee
2070,F,69,0.004963,projetee
2070,F,7,0.000037,projetee
2070,F,70,0.005440,projetee
2070,F,71,0.005989,projetee
2070,F,72,0.006585,projetee
2070,F,73,0.007221,projetee
2070,F,74,0.007859,projetee
2070,F,75,0.008635,projetee
2070,F,76,0.009737,projetee
2070,F,77,0.010940,projetee
2070,F,78,0.012575,projetee
2070,F,79,0.014364,projetee
2070,F,8,0.000035,projetee
2070,F,80,0.016371,projetee
2070,F,81,0.019047,projetee
2070,F,82,0.021924,projetee
2070,F,83,0.025405,projetee
2070,F,84,0.029856,projetee
2070,F,85,0.034455,projetee
2070,F,86,0.039220,projetee
2070,F,87,0.045163,projetee
2070,F,88,0.051603,projetee
2070,F,89,0.059634,projetee
2070,F,9,0.000035,projetee
2070,F,90,0.070631,projetee
2070,F,91,0.084010,projetee
2070,F,92,0.098880,projetee
2070,F,93,0.115568,projetee
2070,F,94,0.137159,projetee
2070,F,95,0.160762,projetee
2070,F,96,0.182443,projetee
2070,F,97,0.209324,projetee
2070,F,98,0.233231,projetee
2070,F,99,0.252418,projetee
2070,H,0,0.001691,projetee
2070,H,1,0.000298,projetee
2070,H,10,0.000043,projetee
2070,H,100,0.321348,projetee
2070,H,101,0.338259,projetee
2070,H,102,0.354194,projetee
2070,H,103,0.369699,projetee
2070,H,104,0.384865,projetee
2070,H,105,0.399757,projetee
2070,H,106,0.414401,projetee
2070,H,107,0.428717,projetee
2070,H,108,0.442625,projetee
2070,H,109,0.456047,projetee
2070,H,11,0.000045,projetee
2070,H,110,0.468906,projetee
2070,H,111,0.484823,projetee
2070,H,112,0.503906,projetee
2070,H,113,0.522783,projetee
2070,H,114,0.532070,projetee
2070,H,115,0.532070,projetee
2070,H,116,0.532070,projetee
2070,H,117,0.532070,projetee
2070,H,118,0.532070,projetee
2070,H,119,0.532070,projetee
2070,H,12,0.000048,projetee
2070,H,120,0.532070,projetee
2070,H,13,0.000057,projetee
2070,H,14,0.000072,projetee
2070,H,15,0.000097,projetee
2070,H,16,0.000131,projetee
2070,H,17,0.000166,projetee
2070,H,18,0.000201,projetee
2070,H,19,0.000231,projetee
2070,H,2,0.000132,projetee
2070,H,20,0.000258,projetee
2070,H,21,0.000277,projetee
2070,H,22,0.000284,projetee
2070,H,23,0.000288,projetee
2070,H,24,0.000294,projetee
2070,H,25,0.000304,projetee
2070,H,26,0.000315,projetee
2070,H,27,0.000329,projetee
2070,H,28,0.000345,projetee
2070,H,29,0.000358,projetee
2070,H,3,0.000094,projetee
2070,H,30,0.000369,projetee
2070,H,31,0.000385,projetee
2070,H,32,0.000407,projetee
2070,H,33,0.000425,projetee
2070,H,34,0.000456,projetee
2070,H,35,0.000494,projetee
2070,H,36,0.000524,projetee
2070,H,37,0.000558,projetee
2070,H,38,0.000601,projetee
2070,H,39,0.000649,projetee
2070,H,4,0.000071,projetee
2070,H,40,0.000697,projetee
2070,H,41,0.000753,projetee
2070,H,42,0.000817,projetee
2070,H,43,0.000892,projetee
2070,H,44,0.000959,projetee
2070,H,45,0.001021,projetee
2070,H,46,0.001100,projetee
2070,H,47,0.001196,projetee
2070,H,48,0.001293,projetee
2070,H,49,0.001411,projetee
2070,H,5,0.000058,projetee
2070,H,50,0.001548,projetee
2070,H,51,0.001706,projetee
2070,H,52,0.001900,projetee
2070,H,53,0.002130,projetee
2070,H,54,0.002320,projetee
2070,H,55,0.002447,projetee
2070,H,56,0.002673,projetee
2070,H,57,0.002964,projetee
2070,H,58,0.003250,projetee
2070,H,59,0.003490,projetee
2070,H,6,0.000050,projetee
2070,H,60,0.003734,projetee
2070,H,61,0.004088,projetee
2070,H,62,0.004462,projetee
2070,H,63,0.004894,projetee
2070,H,64,0.005339,projetee
2070,H,65,0.005855,projetee
2070,H,66,0.006343,projetee
2070,H,67,0.006799,projetee
2070,H,68,0.007365,projetee
2070,H,69,0.007926,projetee
2070,H,7,0.000045,projetee
2070,H,70,0.008634,projetee
2070,H,71,0.009535,projetee
2070,H,72,0.010339,projetee
2070,H,73,0.011092,projetee
2070,H,74,0.012166,projetee
2070,H,75,0.013285,projetee
2070,H,76,0.014335,projetee
2070,H,77,0.015746,projetee
2070,H,78,0.017451,projetee
2070,H,79,0.019403,projetee
2070,H,8,0.000042,projetee
2070,H,80,0.021941,projetee
2070,H,81,0.024440,projetee
2070,H,82,0.027117,projetee
2070,H,83,0.030869,projetee
2070,H,84,0.035881,projetee
2070,H,85,0.041346,projetee
2070,H,86,0.047251,projetee
2070,H,87,0.054382,projetee
2070,H,88,0.062096,projetee
2070,H,89,0.072443,projetee
2070,H,9,0.000042,projetee
2070,H,90,0.085463,projetee
2070,H,91,0.100819,projetee
2070,H,92,0.118664,projetee
2070,H,93,0.138695,projetee
2070,H,94,0.164617,projetee
2070,H,95,0.192936,projetee
2070,H,96,0.218953,projetee
2070,H,97,0.251242,projetee
2070,H,98,0.279890,projetee
2070,H,99,0.300918,projetee
2071,F,0,0.001397,projetee
2071,F,1,0.000242,projetee
2071,F,10,0.000036,projetee
2071,F,100,0.271931,projetee
2071,F,101,0.289931,projetee
2071,F,102,0.307557,projetee
2071,F,103,0.325272,projetee
2071,F,104,0.343162,projetee
2071,F,105,0.361291,projetee
2071,F,106,0.379693,projetee
2071,F,107,0.398304,projetee
2071,F,108,0.417060,projetee
2071,F,109,0.435889,projetee
2071,F,11,0.000037,projetee
2071,F,110,0.454724,projetee
2071,F,111,0.473494,projetee
2071,F,112,0.492131,projetee
2071,F,113,0.510567,projetee
2071,F,114,0.519641,projetee
2071,F,115,0.519641,projetee
2071,F,116,0.519641,projetee
2071,F,117,0.519641,projetee
2071,F,118,0.519641,projetee
2071,F,119,0.519641,projetee
2071,F,12,0.000040,projetee
2071,F,120,0.519641,projetee
2071,F,13,0.000047,projetee
2071,F,14,0.000059,projetee
2071,F,15,0.000071,projetee
2071,F,16,0.000080,projetee
2071,F,17,0.000088,projetee
2071,F,18,0.000097,projetee
2071,F,19,0.000106,projetee
2071,F,2,0.000108,projetee
2071,F,20,0.000114,projetee
2071,F,21,0.000121,projetee
2071,F,22,0.000127,projetee
2071,F,23,0.000130,projetee
2071,F,24,0.000133,projetee
2071,F,25,0.000137,projetee
2071,F,26,0.000141,projetee
2071,F,27,0.000143,projetee
2071,F,28,0.000146,projetee
2071,F,29,0.000155,projetee
2071,F,3,0.000076,projetee
2071,F,30,0.000168,projetee
2071,F,31,0.000180,projetee
2071,F,32,0.000199,projetee
2071,F,33,0.000218,projetee
2071,F,34,0.000234,projetee
2071,F,35,0.000249,projetee
2071,F,36,0.000266,projetee
2071,F,37,0.000289,projetee
2071,F,38,0.000314,projetee
2071,F,39,0.000343,projetee
2071,F,4,0.000057,projetee
2071,F,40,0.000379,projetee
2071,F,41,0.000417,projetee
2071,F,42,0.000458,projetee
2071,F,43,0.000503,projetee
2071,F,44,0.000544,projetee
2071,F,45,0.000589,projetee
2071,F,46,0.000645,projetee
2071,F,47,0.000713,projetee
2071,F,48,0.000790,projetee
2071,F,49,0.000875,projetee
2071,F,5,0.000048,projetee
2071,F,50,0.000976,projetee
2071,F,51,0.001085,projetee
2071,F,52,0.001177,projetee
2071,F,53,0.001249,projetee
2071,F,54,0.001344,projetee
2071,F,55,0.001506,projetee
2071,F,56,0.001669,projetee
2071,F,57,0.001812,projetee
2071,F,58,0.001980,projetee
2071,F,59,0.002158,projetee
2071,F,6,0.000041,projetee
2071,F,60,0.002346,projetee
2071,F,61,0.002537,projetee
2071,F,62,0.002790,projetee
2071,F,63,0.003102,projetee
2071,F,64,0.003403,projetee
2071,F,65,0.003719,projetee
2071,F,66,0.003993,projetee
2071,F,67,0.004197,projetee
2071,F,68,0.004504,projetee
2071,F,69,0.004915,projetee
2071,F,7,0.000037,projetee
2071,F,70,0.005388,projetee
2071,F,71,0.005931,projetee
2071,F,72,0.006521,projetee
2071,F,73,0.007151,projetee
2071,F,74,0.007783,projetee
2071,F,75,0.008552,projetee
2071,F,76,0.009643,projetee
2071,F,77,0.010834,projetee
2071,F,78,0.012453,projetee
2071,F,79,0.014225,projetee
2071,F,8,0.000035,projetee
2071,F,80,0.016212,projetee
2071,F,81,0.018863,projetee
2071,F,82,0.021712,projetee
2071,F,83,0.025159,projetee
2071,F,84,0.029566,projetee
2071,F,85,0.034121,projetee
2071,F,86,0.038839,projetee
2071,F,87,0.044725,projetee
2071,F,88,0.051103,projetee
2071,F,89,0.059056,projetee
2071,F,9,0.000035,projetee
2071,F,90,0.069946,projetee
2071,F,91,0.083214,projetee
2071,F,92,0.098012,projetee
2071,F,93,0.114667,projetee
2071,F,94,0.136232,projetee
2071,F,95,0.159828,projetee
2071,F,96,0.181544,projetee
2071,F,97,0.208456,projetee
2071,F,98,0.232338,projetee
2071,F,99,0.251452,projetee
2071,H,0,0.001682,projetee
2071,H,1,0.000295,projetee
2071,H,10,0.000043,projetee
2071,H,100,0.320118,projetee
2071,H,101,0.336965,projetee
2071,H,102,0.352838,projetee
2071,H,103,0.368284,projetee
2071,H,104,0.383393,projetee
2071,H,105,0.398227,projetee
2071,H,106,0.412816,projetee
2071,H,107,0.427077,projetee
2071,H,108,0.440931,projetee
2071,H,109,0.454301,projetee
2071,H,11,0.000044,projetee
2071,H,110,0.467112,projetee
2071,H,111,0.482968,projetee
2071,H,112,0.501977,projetee
2071,H,113,0.520782,projetee
2071,H,114,0.530034,projetee
2071,H,115,0.530034,projetee
2071,H,116,0.530034,projetee
2071,H,117,0.530034,projetee
2071,H,118,0.530034,projetee
2071,H,119,0.530034,projetee
2071,H,12,0.000048,projetee
2071,H,120,0.530034,projetee
2071,H,13,0.000056,projetee
2071,H,14,0.000071,projetee
2071,H,15,0.000096,projetee
2071,H,16,0.000129,projetee
2071,H,17,0.000163,projetee
2071,H,18,0.000198,projetee
2071,H,19,0.000228,projetee
2071,H,2,0.000131,projetee
2071,H,20,0.000254,projetee
2071,H,21,0.000272,projetee
2071,H,22,0.000280,projetee
2071,H,23,0.000284,projetee
2071,H,24,0.000290,projetee
2071,H,25,0.000299,projetee
2071,H,26,0.000310,projetee
2071,H,27,0.000324,projetee
2071,H,28,0.000340,projetee
2071,H,29,0.000353,projetee
2071,H,3,0.000094,projetee
2071,H,30,0.000364,projetee
2071,H,31,0.000379,projetee
2071,H,32,0.000401,projetee
2071,H,33,0.000419,projetee
2071,H,34,0.000449,projetee
2071,H,35,0.000486,projetee
2071,H,36,0.000516,projetee
2071,H,37,0.000550,projetee
2071,H,38,0.000592,projetee
2071,H,39,0.000639,projetee
2071,H,4,0.000071,projetee
2071,H,40,0.000687,projetee
2071,H,41,0.000741,projetee
2071,H,42,0.000805,projetee
2071,H,43,0.000878,projetee
2071,H,44,0.000944,projetee
2071,H,45,0.001006,projetee
2071,H,46,0.001083,projetee
2071,H,47,0.001178,projetee
2071,H,48,0.001274,projetee
2071,H,49,0.001389,projetee
2071,H,5,0.000058,projetee
2071,H,50,0.001525,projetee
2071,H,51,0.001680,projetee
2071,H,52,0.001871,projetee
2071,H,53,0.002097,projetee
2071,H,54,0.002285,projetee
2071,H,55,0.002410,projetee
2071,H,56,0.002633,projetee
2071,H,57,0.002919,projetee
2071,H,58,0.003201,projetee
2071,H,59,0.003437,projetee
2071,H,6,0.000050,projetee
2071,H,60,0.003677,projetee
2071,H,61,0.004026,projetee
2071,H,62,0.004394,projetee
2071,H,63,0.004820,projetee
2071,H,64,0.005258,projetee
2071,H,65,0.005766,projetee
2071,H,66,0.006246,projetee
2071,H,67,0.006696,projetee
2071,H,68,0.007253,projetee
2071,H,69,0.007805,projetee
2071,H,7,0.000044,projetee
2071,H,70,0.008503,projetee
2071,H,71,0.009390,projetee
2071,H,72,0.010182,projetee
2071,H,73,0.010923,projetee
2071,H,74,0.011981,projetee
2071,H,75,0.013083,projetee
2071,H,76,0.014117,projetee
2071,H,77,0.015506,projetee
2071,H,78,0.017186,projetee
2071,H,79,0.019107,projetee
2071,H,8,0.000042,projetee
2071,H,80,0.021607,projetee
2071,H,81,0.024069,projetee
2071,H,82,0.026704,projetee
2071,H,83,0.030437,projetee
2071,H,84,0.035481,projetee
2071,H,85,0.040945,projetee
2071,H,86,0.046660,projetee
2071,H,87,0.053723,projetee
2071,H,88,0.061386,projetee
2071,H,89,0.071549,projetee
2071,H,9,0.000042,projetee
2071,H,90,0.084550,projetee
2071,H,91,0.099864,projetee
2071,H,92,0.117623,projetee
2071,H,93,0.137613,projetee
2071,H,94,0.163504,projetee
2071,H,95,0.191816,projetee
2071,H,96,0.217874,projetee
2071,H,97,0.250201,projetee
2071,H,98,0.278819,projetee
2071,H,99,0.299766,projetee
2072,F,0,0.001390,projetee
2072,F,1,0.000240,projetee
2072,F,10,0.000035,projetee
2072,F,100,0.270890,projetee
2072,F,101,0.288822,projetee
2072,F,102,0.306380,projetee
2072,F,103,0.324027,projetee
2072,F,104,0.341849,projetee
2072,F,105,0.359908,projetee
2072,F,106,0.378239,projetee
2072,F,107,0.396780,projetee
2072,F,108,0.415463,projetee
2072,F,109,0.434221,projetee
2072,F,11,0.000037,projetee
2072,F,110,0.452984,projetee
2072,F,111,0.471682,projetee
2072,F,112,0.490248,projetee
2072,F,113,0.508613,projetee
2072,F,114,0.517653,projetee
2072,F,115,0.517653,projetee
2072,F,116,0.517653,projetee
2072,F,117,0.517653,projetee
2072,F,118,0.517653,projetee
2072,F,119,0.517653,projetee
2072,F,12,0.000040,projetee
2072,F,120,0.517653,projetee
2072,F,13,0.000047,projetee
2072,F,14,0.000058,projetee
2072,F,15,0.000070,projetee
2072,F,16,0.000079,projetee
2072,F,17,0.000087,projetee
2072,F,18,0.000096,projetee
2072,F,19,0.000105,projetee
2072,F,2,0.000108,projetee
2072,F,20,0.000112,projetee
2072,F,21,0.000120,projetee
2072,F,22,0.000126,projetee
2072,F,23,0.000129,projetee
2072,F,24,0.000131,projetee
2072,F,25,0.000136,projetee
2072,F,26,0.000139,projetee
2072,F,27,0.000141,projetee
2072,F,28,0.000145,projetee
2072,F,29,0.000154,projetee
2072,F,3,0.000076,projetee
2072,F,30,0.000167,projetee
2072,F,31,0.000178,projetee
2072,F,32,0.000197,projetee
2072,F,33,0.000216,projetee
2072,F,34,0.000232,projetee
2072,F,35,0.000247,projetee
2072,F,36,0.000263,projetee
2072,F,37,0.000286,projetee
2072,F,38,0.000311,projetee
2072,F,39,0.000339,projetee
2072,F,4,0.000057,projetee
2072,F,40,0.000375,projetee
2072,F,41,0.000413,projetee
2072,F,42,0.000453,projetee
2072,F,43,0.000498,projetee
2072,F,44,0.000538,projetee
2072,F,45,0.000583,projetee
2072,F,46,0.000638,projetee
2072,F,47,0.000706,projetee
2072,F,48,0.000782,projetee
2072,F,49,0.000866,projetee
2072,F,5,0.000048,projetee
2072,F,50,0.000966,projetee
2072,F,51,0.001075,projetee
2072,F,52,0.001166,projetee
2072,F,53,0.001237,projetee
2072,F,54,0.001331,projetee
2072,F,55,0.001491,projetee
2072,F,56,0.001652,projetee
2072,F,57,0.001794,projetee
2072,F,58,0.001960,projetee
2072,F,59,0.002138,projetee
2072,F,6,0.000041,projetee
2072,F,60,0.002323,projetee
2072,F,61,0.002512,projetee
2072,F,62,0.002763,projetee
2072,F,63,0.003072,projetee
2072,F,64,0.003370,projetee
2072,F,65,0.003683,projetee
2072,F,66,0.003954,projetee
2072,F,67,0.004157,projetee
2072,F,68,0.004461,projetee
2072,F,69,0.004868,projetee
2072,F,7,0.000036,projetee
2072,F,70,0.005335,projetee
2072,F,71,0.005873,projetee
2072,F,72,0.006458,projetee
2072,F,73,0.007082,projetee
2072,F,74,0.007707,projetee
2072,F,75,0.008469,projetee
2072,F,76,0.009549,projetee
2072,F,77,0.010728,projetee
2072,F,78,0.012332,projetee
2072,F,79,0.014087,projetee
2072,F,8,0.000034,projetee
2072,F,80,0.016055,projetee
2072,F,81,0.018680,projetee
2072,F,82,0.021501,projetee
2072,F,83,0.024915,projetee
2072,F,84,0.029280,projetee
2072,F,85,0.033790,projetee
2072,F,86,0.038463,projetee
2072,F,87,0.044291,projetee
2072,F,88,0.050608,projetee
2072,F,89,0.058483,projetee
2072,F,9,0.000035,projetee
2072,F,90,0.069268,projetee
2072,F,91,0.082426,projetee
2072,F,92,0.097151,projetee
2072,F,93,0.113772,projetee
2072,F,94,0.135311,projetee
2072,F,95,0.158900,projetee
2072,F,96,0.180649,projetee
2072,F,97,0.207593,projetee
2072,F,98,0.231449,projetee
2072,F,99,0.250489,projetee
2072,H,0,0.001673,projetee
2072,H,1,0.000293,projetee
2072,H,10,0.000042,projetee
2072,H,100,0.318893,projetee
2072,H,101,0.335675,projetee
2072,H,102,0.351488,projetee
2072,H,103,0.366874,projetee
2072,H,104,0.381925,projetee
2072,H,105,0.396703,projetee
2072,H,106,0.411236,projetee
2072,H,107,0.425442,projetee
2072,H,108,0.439244,projetee
2072,H,109,0.452563,projetee
2072,H,11,0.000044,projetee
2072,H,110,0.465324,projetee
2072,H,111,0.481119,projetee
2072,H,112,0.500056,projetee
2072,H,113,0.518789,projetee
2072,H,114,0.528006,projetee
2072,H,115,0.528006,projetee
2072,H,116,0.528006,projetee
2072,H,117,0.528006,projetee
2072,H,118,0.528006,projetee
2072,H,119,0.528006,projetee
2072,H,12,0.000048,projetee
2072,H,120,0.528006,projetee
2072,H,13,0.000056,projetee
2072,H,14,0.000070,projetee
2072,H,15,0.000094,projetee
2072,H,16,0.000127,projetee
2072,H,17,0.000161,projetee
2072,H,18,0.000195,projetee
2072,H,19,0.000224,projetee
2072,H,2,0.000130,projetee
2072,H,20,0.000250,projetee
2072,H,21,0.000268,projetee
2072,H,22,0.000276,projetee
2072,H,23,0.000279,projetee
2072,H,24,0.000285,projetee
2072,H,25,0.000294,projetee
2072,H,26,0.000305,projetee
2072,H,27,0.000319,projetee
2072,H,28,0.000335,projetee
2072,H,29,0.000347,projetee
2072,H,3,0.000093,projetee
2072,H,30,0.000358,projetee
2072,H,31,0.000374,projetee
2072,H,32,0.000395,projetee
2072,H,33,0.000413,projetee
2072,H,34,0.000442,projetee
2072,H,35,0.000479,projetee
2072,H,36,0.000509,projetee
2072,H,37,0.000541,projetee
2072,H,38,0.000583,projetee
2072,H,39,0.000629,projetee
2072,H,4,0.000070,projetee
2072,H,40,0.000676,projetee
2072,H,41,0.000730,projetee
2072,H,42,0.000793,projetee
2072,H,43,0.000865,projetee
2072,H,44,0.000930,projetee
2072,H,45,0.000991,projetee
2072,H,46,0.001066,projetee
2072,H,47,0.001160,projetee
2072,H,48,0.001254,projetee
2072,H,49,0.001368,projetee
2072,H,5,0.000057,projetee
2072,H,50,0.001501,projetee
2072,H,51,0.001655,projetee
2072,H,52,0.001842,projetee
2072,H,53,0.002065,projetee
2072,H,54,0.002250,projetee
2072,H,55,0.002373,projetee
2072,H,56,0.002592,projetee
2072,H,57,0.002874,projetee
2072,H,58,0.003152,projetee
2072,H,59,0.003384,projetee
2072,H,6,0.000049,projetee
2072,H,60,0.003621,projetee
2072,H,61,0.003965,projetee
2072,H,62,0.004327,projetee
2072,H,63,0.004746,projetee
2072,H,64,0.005178,projetee
2072,H,65,0.005678,projetee
2072,H,66,0.006151,projetee
2072,H,67,0.006594,projetee
2072,H,68,0.007142,projetee
2072,H,69,0.007686,projetee
2072,H,7,0.000044,projetee
2072,H,70,0.008373,projetee
2072,H,71,0.009247,projetee
2072,H,72,0.010027,projetee
2072,H,73,0.010757,projetee
2072,H,74,0.011799,projetee
2072,H,75,0.012884,projetee
2072,H,76,0.013902,projetee
2072,H,77,0.015270,projetee
2072,H,78,0.016924,projetee
2072,H,79,0.018817,projetee
2072,H,8,0.000041,projetee
2072,H,80,0.021278,projetee
2072,H,81,0.023702,projetee
2072,H,82,0.026298,projetee
2072,H,83,0.030064,projetee
2072,H,84,0.035136,projetee
2072,H,85,0.040548,projetee
2072,H,86,0.046156,projetee
2072,H,87,0.053151,projetee
2072,H,88,0.060730,projetee
2072,H,89,0.070711,projetee
2072,H,9,0.000042,projetee
2072,H,90,0.083647,projetee
2072,H,91,0.098919,projetee
2072,H,92,0.116590,projetee
2072,H,93,0.136539,projetee
2072,H,94,0.162399,projetee
2072,H,95,0.190702,projetee
2072,H,96,0.216799,projetee
2072,H,97,0.249164,projetee
2072,H,98,0.277752,projetee
2072,H,99,0.298618,projetee
2073,F,0,0.001384,projetee
2073,F,1,0.000239,projetee
2073,F,10,0.000035,projetee
2073,F,100,0.269853,projetee
2073,F,101,0.287716,projetee
2073,F,102,0.305207,projetee
2073,F,103,0.322787,projetee
2073,F,104,0.340540,projetee
2073,F,105,0.358530,projetee
2073,F,106,0.376792,projetee
2073,F,107,0.395261,projetee
2073,F,108,0.413873,projetee
2073,F,109,0.432559,projetee
2073,F,11,0.000036,projetee
2073,F,110,0.451250,projetee
2073,F,111,0.469877,projetee
2073,F,112,0.488371,projetee
2073,F,113,0.506667,projetee
2073,F,114,0.515672,projetee
2073,F,115,0.515672,projetee
2073,F,116,0.515672,projetee
2073,F,117,0.515672,projetee
2073,F,118,0.515672,projetee
2073,F,119,0.515672,projetee
2073,F,12,0.000039,projetee
2073,F,120,0.515672,projetee
2073,F,13,0.000046,projetee
2073,F,14,0.000057,projetee
2073,F,15,0.000069,projetee
2073,F,16,0.000078,projetee
2073,F,17,0.000086,projetee
2073,F,18,0.000095,projetee
2073,F,19,0.000104,projetee
2073,F,2,0.000107,projetee
2073,F,20,0.000111,projetee
2073,F,21,0.000118,projetee
2073,F,22,0.000125,projetee
2073,F,23,0.000128,projetee
2073,F,24,0.000130,projetee
2073,F,25,0.000135,projetee
2073,F,26,0.000138,projetee
2073,F,27,0.000140,projetee
2073,F,28,0.000143,projetee
2073,F,29,0.000152,projetee
2073,F,3,0.000075,projetee
2073,F,30,0.000165,projetee
2073,F,31,0.000177,projetee
2073,F,32,0.000195,projetee
2073,F,33,0.000214,projetee
2073,F,34,0.000230,projetee
2073,F,35,0.000244,projetee
2073,F,36,0.000261,projetee
2073,F,37,0.000284,projetee
2073,F,38,0.000307,projetee
2073,F,39,0.000336,projetee
2073,F,4,0.000056,projetee
2073,F,40,0.000372,projetee
2073,F,41,0.000409,projetee
2073,F,42,0.000449,projetee
2073,F,43,0.000493,projetee
2073,F,44,0.000533,projetee
2073,F,45,0.000578,projetee
2073,F,46,0.000632,projetee
2073,F,47,0.000699,projetee
2073,F,48,0.000775,projetee
2073,F,49,0.000858,projetee
2073,F,5,0.000047,projetee
2073,F,50,0.000957,projetee
2073,F,51,0.001064,projetee
2073,F,52,0.001155,projetee
2073,F,53,0.001225,projetee
2073,F,54,0.001318,projetee
2073,F,55,0.001477,projetee
2073,F,56,0.001636,projetee
2073,F,57,0.001777,projetee
2073,F,58,0.001941,projetee
2073,F,59,0.002117,projetee
2073,F,6,0.000041,projetee
2073,F,60,0.002300,projetee
2073,F,61,0.002488,projetee
2073,F,62,0.002736,projetee
2073,F,63,0.003042,projetee
2073,F,64,0.003338,projetee
2073,F,65,0.003648,projetee
2073,F,66,0.003916,projetee
2073,F,67,0.004116,projetee
2073,F,68,0.004417,projetee
2073,F,69,0.004820,projetee
2073,F,7,0.000036,projetee
2073,F,70,0.005284,projetee
2073,F,71,0.005816,projetee
2073,F,72,0.006395,projetee
2073,F,73,0.007013,projetee
2073,F,74,0.007632,projetee
2073,F,75,0.008386,projetee
2073,F,76,0.009457,projetee
2073,F,77,0.010624,projetee
2073,F,78,0.012212,projetee
2073,F,79,0.013950,projetee
2073,F,8,0.000034,projetee
2073,F,80,0.015899,projetee
2073,F,81,0.018499,projetee
2073,F,82,0.021293,projetee
2073,F,83,0.024673,projetee
2073,F,84,0.028996,projetee
2073,F,85,0.033462,projetee
2073,F,86,0.038090,projetee
2073,F,87,0.043862,projetee
2073,F,88,0.050117,projetee
2073,F,89,0.057916,projetee
2073,F,9,0.000034,projetee
2073,F,90,0.068596,projetee
2073,F,91,0.081645,projetee
2073,F,92,0.096299,projetee
2073,F,93,0.112885,projetee
2073,F,94,0.134397,projetee
2073,F,95,0.157978,projetee
2073,F,96,0.179758,projetee
2073,F,97,0.206732,projetee
2073,F,98,0.230563,projetee
2073,F,99,0.249531,projetee
2073,H,0,0.001664,projetee
2073,H,1,0.000290,projetee
2073,H,10,0.000042,projetee
2073,H,100,0.317672,projetee
2073,H,101,0.334391,projetee
2073,H,102,0.350143,projetee
2073,H,103,0.365470,projetee
2073,H,104,0.380464,projetee
2073,H,105,0.395185,projetee
2073,H,106,0.409662,projetee
2073,H,107,0.423814,projetee
2073,H,108,0.437563,projetee
2073,H,109,0.450831,projetee
2073,H,11,0.000044,projetee
2073,H,110,0.463544,projetee
2073,H,111,0.479278,projetee
2073,H,112,0.498142,projetee
2073,H,113,0.516803,projetee
2073,H,114,0.525986,projetee
2073,H,115,0.525986,projetee
2073,H,116,0.525986,projetee
2073,H,117,0.525986,projetee
2073,H,118,0.525986,projetee
2073,H,119,0.525986,projetee
2073,H,12,0.000047,projetee
2073,H,120,0.525986,projetee
2073,H,13,0.000055,projetee
2073,H,14,0.000069,projetee
2073,H,15,0.000093,projetee
2073,H,16,0.000125,projetee
2073,H,17,0.000158,projetee
2073,H,18,0.000192,projetee
2073,H,19,0.000221,projetee
2073,H,2,0.000129,projetee
2073,H,20,0.000246,projetee
2073,H,21,0.000264,projetee
2073,H,22,0.000272,projetee
2073,H,23,0.000275,projetee
2073,H,24,0.000281,projetee
2073,H,25,0.000290,projetee
2073,H,26,0.000301,projetee
2073,H,27,0.000314,projetee
2073,H,28,0.000329,projetee
2073,H,29,0.000342,projetee
2073,H,3,0.000092,projetee
2073,H,30,0.000353,projetee
2073,H,31,0.000368,projetee
2073,H,32,0.000389,projetee
2073,H,33,0.000406,projetee
2073,H,34,0.000435,projetee
2073,H,35,0.000472,projetee
2073,H,36,0.000501,projetee
2073,H,37,0.000533,projetee
2073,H,38,0.000574,projetee
2073,H,39,0.000620,projetee
2073,H,4,0.000069,projetee
2073,H,40,0.000666,projetee
2073,H,41,0.000719,projetee
2073,H,42,0.000781,projetee
2073,H,43,0.000852,projetee
2073,H,44,0.000916,projetee
2073,H,45,0.000976,projetee
2073,H,46,0.001050,projetee
2073,H,47,0.001142,projetee
2073,H,48,0.001235,projetee
2073,H,49,0.001347,projetee
2073,H,5,0.000057,projetee
2073,H,50,0.001479,projetee
2073,H,51,0.001629,projetee
2073,H,52,0.001814,projetee
2073,H,53,0.002034,projetee
2073,H,54,0.002216,projetee
2073,H,55,0.002337,projetee
2073,H,56,0.002553,projetee
2073,H,57,0.002831,projetee
2073,H,58,0.003104,projetee
2073,H,59,0.003333,projetee
2073,H,6,0.000049,projetee
2073,H,60,0.003566,projetee
2073,H,61,0.003904,projetee
2073,H,62,0.004261,projetee
2073,H,63,0.004674,projetee
2073,H,64,0.005099,projetee
2073,H,65,0.005591,projetee
2073,H,66,0.006058,projetee
2073,H,67,0.006494,projetee
2073,H,68,0.007034,projetee
2073,H,69,0.007569,projetee
2073,H,7,0.000043,projetee
2073,H,70,0.008246,projetee
2073,H,71,0.009106,projetee
2073,H,72,0.009875,projetee
2073,H,73,0.010593,projetee
2073,H,74,0.011619,projetee
2073,H,75,0.012688,projetee
2073,H,76,0.013691,projetee
2073,H,77,0.015038,projetee
2073,H,78,0.016667,projetee
2073,H,79,0.018530,projetee
2073,H,8,0.000041,projetee
2073,H,80,0.020954,projetee
2073,H,81,0.023342,projetee
2073,H,82,0.025897,projetee
2073,H,83,0.029696,projetee
2073,H,84,0.034796,projetee
2073,H,85,0.040155,projetee
2073,H,86,0.045709,projetee
2073,H,87,0.052635,projetee
2073,H,88,0.060141,projetee
2073,H,89,0.069943,projetee
2073,H,9,0.000041,projetee
2073,H,90,0.082754,projetee
2073,H,91,0.097982,projetee
2073,H,92,0.115567,projetee
2073,H,93,0.135474,projetee
2073,H,94,0.161302,projetee
2073,H,95,0.189595,projetee
2073,H,96,0.215731,projetee
2073,H,97,0.248132,projetee
2073,H,98,0.276689,projetee
2073,H,99,0.297475,projetee
2074,F,0,0.001377,projetee
2074,F,1,0.000238,projetee
2074,F,10,0.000035,projetee
2074,F,100,0.268820,projetee
2074,F,101,0.286615,projetee
2074,F,102,0.304039,projetee
2074,F,103,0.321552,projetee
2074,F,104,0.339237,projetee
2074,F,105,0.357158,projetee
2074,F,106,0.375350,projetee
2074,F,107,0.393749,projetee
2074,F,108,0.412289,projetee
2074,F,109,0.430904,projetee
2074,F,11,0.000036,projetee
2074,F,110,0.449523,projetee
2074,F,111,0.468078,projetee
2074,F,112,0.486502,projetee
2074,F,113,0.504727,projetee
2074,F,114,0.513699,projetee
2074,F,115,0.513699,projetee
2074,F,116,0.513699,projetee
2074,F,117,0.513699,projetee
2074,F,118,0.513699,projetee
2074,F,119,0.513699,projetee
2074,F,12,0.000039,projetee
2074,F,120,0.513699,projetee
2074,F,13,0.000046,projetee
2074,F,14,0.000057,projetee
2074,F,15,0.000069,projetee
2074,F,16,0.000078,projetee
2074,F,17,0.000085,projetee
2074,F,18,0.000094,projetee
2074,F,19,0.000102,projetee
2074,F,2,0.000106,projetee
2074,F,20,0.000110,projetee
2074,F,21,0.000117,projetee
2074,F,22,0.000123,projetee
2074,F,23,0.000127,projetee
2074,F,24,0.000129,projetee
2074,F,25,0.000133,projetee
2074,F,26,0.000137,projetee
2074,F,27,0.000139,projetee
2074,F,28,0.000142,projetee
2074,F,29,0.000151,projetee
2074,F,3,0.000075,projetee
2074,F,30,0.000163,projetee
2074,F,31,0.000175,projetee
2074,F,32,0.000193,projetee
2074,F,33,0.000212,projetee
2074,F,34,0.000228,projetee
2074,F,35,0.000242,projetee
2074,F,36,0.000258,projetee
2074,F,37,0.000281,projetee
2074,F,38,0.000305,projetee
2074,F,39,0.000333,projetee
2074,F,4,0.000056,projetee
2074,F,40,0.000368,projetee
2074,F,41,0.000405,projetee
2074,F,42,0.000445,projetee
2074,F,43,0.000489,projetee
2074,F,44,0.000528,projetee
2074,F,45,0.000572,projetee
2074,F,46,0.000626,projetee
2074,F,47,0.000692,projetee
2074,F,48,0.000767,projetee
2074,F,49,0.000850,projetee
2074,F,5,0.000047,projetee
2074,F,50,0.000947,projetee
2074,F,51,0.001054,projetee
2074,F,52,0.001143,projetee
2074,F,53,0.001213,projetee
2074,F,54,0.001305,projetee
2074,F,55,0.001462,projetee
2074,F,56,0.001621,projetee
2074,F,57,0.001759,projetee
2074,F,58,0.001923,projetee
2074,F,59,0.002096,projetee
2074,F,6,0.000040,projetee
2074,F,60,0.002278,projetee
2074,F,61,0.002464,projetee
2074,F,62,0.002709,projetee
2074,F,63,0.003013,projetee
2074,F,64,0.003305,projetee
2074,F,65,0.003612,projetee
2074,F,66,0.003878,projetee
2074,F,67,0.004077,projetee
2074,F,68,0.004374,projetee
2074,F,69,0.004774,projetee
2074,F,7,0.000036,projetee
2074,F,70,0.005232,projetee
2074,F,71,0.005760,projetee
2074,F,72,0.006333,projetee
2074,F,73,0.006945,projetee
2074,F,74,0.007558,projetee
2074,F,75,0.008305,projetee
2074,F,76,0.009365,projetee
2074,F,77,0.010521,projetee
2074,F,78,0.012094,projetee
2074,F,79,0.013815,projetee
2074,F,8,0.000034,projetee
2074,F,80,0.015745,projetee
2074,F,81,0.018319,projetee
2074,F,82,0.021086,projetee
2074,F,83,0.024434,projetee
2074,F,84,0.028715,projetee
2074,F,85,0.033138,projetee
2074,F,86,0.037721,projetee
2074,F,87,0.043436,projetee
2074,F,88,0.049631,projetee
2074,F,89,0.057354,projetee
2074,F,9,0.000034,projetee
2074,F,90,0.067931,projetee
2074,F,91,0.080872,projetee
2074,F,92,0.095453,projetee
2074,F,93,0.112004,projetee
2074,F,94,0.133489,projetee
2074,F,95,0.157060,projetee
2074,F,96,0.178872,projetee
2074,F,97,0.205876,projetee
2074,F,98,0.229681,projetee
2074,F,99,0.248575,projetee
2074,H,0,0.001655,projetee
2074,H,1,0.000288,projetee
2074,H,10,0.000042,projetee
2074,H,100,0.316456,projetee
2074,H,101,0.333111,projetee
2074,H,102,0.348803,projetee
2074,H,103,0.364072,projetee
2074,H,104,0.379008,projetee
2074,H,105,0.393673,projetee
2074,H,106,0.408094,projetee
2074,H,107,0.422192,projetee
2074,H,108,0.435889,projetee
2074,H,109,0.449106,projetee
2074,H,11,0.000043,projetee
2074,H,110,0.461770,projetee
2074,H,111,0.477443,projetee
2074,H,112,0.496235,projetee
2074,H,113,0.514825,projetee
2074,H,114,0.523973,projetee
2074,H,115,0.523973,projetee
2074,H,116,0.523973,projetee
2074,H,117,0.523973,projetee
2074,H,118,0.523973,projetee
2074,H,119,0.523973,projetee
2074,H,12,0.000047,projetee
2074,H,120,0.523973,projetee
2074,H,13,0.000055,projetee
2074,H,14,0.000068,projetee
2074,H,15,0.000092,projetee
2074,H,16,0.000123,projetee
2074,H,17,0.000156,projetee
2074,H,18,0.000189,projetee
2074,H,19,0.000218,projetee
2074,H,2,0.000128,projetee
2074,H,20,0.000242,projetee
2074,H,21,0.000260,projetee
2074,H,22,0.000267,projetee
2074,H,23,0.000271,projetee
2074,H,24,0.000277,projetee
2074,H,25,0.000285,projetee
2074,H,26,0.000296,projetee
2074,H,27,0.000309,projetee
2074,H,28,0.000324,projetee
2074,H,29,0.000337,projetee
2074,H,3,0.000091,projetee
2074,H,30,0.000347,projetee
2074,H,31,0.000362,projetee
2074,H,32,0.000383,projetee
2074,H,33,0.000400,projetee
2074,H,34,0.000429,projetee
2074,H,35,0.000465,projetee
2074,H,36,0.000493,projetee
2074,H,37,0.000525,projetee
2074,H,38,0.000566,projetee
2074,H,39,0.000610,projetee
2074,H,4,0.000069,projetee
2074,H,40,0.000656,projetee
2074,H,41,0.000708,projetee
2074,H,42,0.000769,projetee
2074,H,43,0.000839,projetee
2074,H,44,0.000902,projetee
2074,H,45,0.000961,projetee
2074,H,46,0.001034,projetee
2074,H,47,0.001125,projetee
2074,H,48,0.001216,projetee
2074,H,49,0.001327,projetee
2074,H,5,0.000056,projetee
2074,H,50,0.001456,projetee
2074,H,51,0.001605,projetee
2074,H,52,0.001787,projetee
2074,H,53,0.002003,projetee
2074,H,54,0.002182,projetee
2074,H,55,0.002301,projetee
2074,H,56,0.002514,projetee
2074,H,57,0.002787,projetee
2074,H,58,0.003057,projetee
2074,H,59,0.003282,projetee
2074,H,6,0.000048,projetee
2074,H,60,0.003512,projetee
2074,H,61,0.003845,projetee
2074,H,62,0.004196,projetee
2074,H,63,0.004603,projetee
2074,H,64,0.005021,projetee
2074,H,65,0.005506,projetee
2074,H,66,0.005965,projetee
2074,H,67,0.006395,projetee
2074,H,68,0.006926,projetee
2074,H,69,0.007454,projetee
2074,H,7,0.000043,projetee
2074,H,70,0.008120,projetee
2074,H,71,0.008968,projetee
2074,H,72,0.009724,projetee
2074,H,73,0.010432,projetee
2074,H,74,0.011442,projetee
2074,H,75,0.012495,projetee
2074,H,76,0.013482,projetee
2074,H,77,0.014809,projetee
2074,H,78,0.016413,projetee
2074,H,79,0.018248,projetee
2074,H,8,0.000041,projetee
2074,H,80,0.020636,projetee
2074,H,81,0.022986,projetee
2074,H,82,0.025503,projetee
2074,H,83,0.029332,projetee
2074,H,84,0.034458,projetee
2074,H,85,0.039766,projetee
2074,H,86,0.045265,projetee
2074,H,87,0.052125,projetee
2074,H,88,0.059558,projetee
2074,H,89,0.069182,projetee
2074,H,9,0.000041,projetee
2074,H,90,0.081871,projetee
2074,H,91,0.097054,projetee
2074,H,92,0.114552,projetee
2074,H,93,0.134417,projetee
2074,H,94,0.160212,projetee
2074,H,95,0.188494,projetee
2074,H,96,0.214667,projetee
2074,H,97,0.247104,projetee
2074,H,98,0.275630,projetee
2074,H,99,0.296337,projetee
2075,F,0,0.001370,projetee
2075,F,1,0.000236,projetee
2075,F,10,0.000034,projetee
2075,F,100,0.267791,projetee
2075,F,101,0.285518,projetee
2075,F,102,0.302876,projetee
2075,F,103,0.320321,projetee
2075,F,104,0.337939,projetee
2075,F,105,0.355791,projetee
2075,F,106,0.373913,projetee
2075,F,107,0.392242,projetee
2075,F,108,0.410711,projetee
2075,F,109,0.429254,projetee
2075,F,11,0.000036,projetee
2075,F,110,0.447803,projetee
2075,F,111,0.466287,projetee
2075,F,112,0.484640,projetee
2075,F,113,0.502796,projetee
2075,F,114,0.511734,projetee
2075,F,115,0.511734,projetee
2075,F,116,0.511734,projetee
2075,F,117,0.511734,projetee
2075,F,118,0.511734,projetee
2075,F,119,0.511734,projetee
2075,F,12,0.000038,projetee
2075,F,120,0.511734,projetee
2075,F,13,0.000045,projetee
2075,F,14,0.000056,projetee
2075,F,15,0.000068,projetee
2075,F,16,0.000077,projetee
2075,F,17,0.000085,projetee
2075,F,18,0.000093,projetee
2075,F,19,0.000102,projetee
2075,F,2,0.000106,projetee
2075,F,20,0.000109,projetee
2075,F,21,0.000116,projetee
2075,F,22,0.000122,projetee
2075,F,23,0.000125,projetee
2075,F,24,0.000128,projetee
2075,F,25,0.000132,projetee
2075,F,26,0.000135,projetee
2075,F,27,0.000137,projetee
2075,F,28,0.000141,projetee
2075,F,29,0.000149,projetee
2075,F,3,0.000074,projetee
2075,F,30,0.000162,projetee
2075,F,31,0.000173,projetee
2075,F,32,0.000191,projetee
2075,F,33,0.000210,projetee
2075,F,34,0.000225,projetee
2075,F,35,0.000240,projetee
2075,F,36,0.000256,projetee
2075,F,37,0.000278,projetee
2075,F,38,0.000302,projetee
2075,F,39,0.000330,projetee
2075,F,4,0.000055,projetee
2075,F,40,0.000365,projetee
2075,F,41,0.000401,projetee
2075,F,42,0.000440,projetee
2075,F,43,0.000484,projetee
2075,F,44,0.000523,projetee
2075,F,45,0.000567,projetee
2075,F,46,0.000620,projetee
2075,F,47,0.000686,projetee
2075,F,48,0.000760,projetee
2075,F,49,0.000841,projetee
2075,F,5,0.000047,projetee
2075,F,50,0.000938,projetee
2075,F,51,0.001044,projetee
2075,F,52,0.001132,projetee
2075,F,53,0.001202,projetee
2075,F,54,0.001293,projetee
2075,F,55,0.001448,projetee
2075,F,56,0.001605,projetee
2075,F,57,0.001742,projetee
2075,F,58,0.001904,projetee
2075,F,59,0.002076,projetee
2075,F,6,0.000040,projetee
2075,F,60,0.002256,projetee
2075,F,61,0.002440,projetee
2075,F,62,0.002683,projetee
2075,F,63,0.002984,projetee
2075,F,64,0.003273,projetee
2075,F,65,0.003577,projetee
2075,F,66,0.003840,projetee
2075,F,67,0.004037,projetee
2075,F,68,0.004332,projetee
2075,F,69,0.004727,projetee
2075,F,7,0.000035,projetee
2075,F,70,0.005182,projetee
2075,F,71,0.005704,projetee
2075,F,72,0.006272,projetee
2075,F,73,0.006878,projetee
2075,F,74,0.007485,projetee
2075,F,75,0.008225,projetee
2075,F,76,0.009274,projetee
2075,F,77,0.010419,projetee
2075,F,78,0.011977,projetee
2075,F,79,0.013681,projetee
2075,F,8,0.000033,projetee
2075,F,80,0.015593,projetee
2075,F,81,0.018142,projetee
2075,F,82,0.020882,projetee
2075,F,83,0.024197,projetee
2075,F,84,0.028436,projetee
2075,F,85,0.032816,projetee
2075,F,86,0.037355,projetee
2075,F,87,0.043015,projetee
2075,F,88,0.049150,projetee
2075,F,89,0.056798,projetee
2075,F,9,0.000034,projetee
2075,F,90,0.067272,projetee
2075,F,91,0.080106,projetee
2075,F,92,0.094616,projetee
2075,F,93,0.111130,projetee
2075,F,94,0.132587,projetee
2075,F,95,0.156149,projetee
2075,F,96,0.177990,projetee
2075,F,97,0.205023,projetee
2075,F,98,0.228802,projetee
2075,F,99,0.247624,projetee
2075,H,0,0.001646,projetee
2075,H,1,0.000285,projetee
2075,H,10,0.000041,projetee
2075,H,100,0.315245,projetee
2075,H,101,0.331836,projetee
2075,H,102,0.347468,projetee
2075,H,103,0.362679,projetee
2075,H,104,0.377557,projetee
2075,H,105,0.392166,projetee
2075,H,106,0.406533,projetee
2075,H,107,0.420577,projetee
2075,H,108,0.434221,projetee
2075,H,109,0.447387,projetee
2075,H,11,0.000043,projetee
2075,H,110,0.460003,projetee
2075,H,111,0.475616,projetee
2075,H,112,0.494336,projetee
2075,H,113,0.512855,projetee
2075,H,114,0.521969,projetee
2075,H,115,0.521969,projetee
2075,H,116,0.521969,projetee
2075,H,117,0.521969,projetee
2075,H,118,0.521969,projetee
2075,H,119,0.521969,projetee
2075,H,12,0.000046,projetee
2075,H,120,0.521969,projetee
2075,H,13,0.000054,projetee
2075,H,14,0.000068,projetee
2075,H,15,0.000090,projetee
2075,H,16,0.000121,projetee
2075,H,17,0.000153,projetee
2075,H,18,0.000186,projetee
2075,H,19,0.000214,projetee
2075,H,2,0.000127,projetee
2075,H,20,0.000239,projetee
2075,H,21,0.000256,projetee
2075,H,22,0.000263,projetee
2075,H,23,0.000267,projetee
2075,H,24,0.000272,projetee
2075,H,25,0.000281,projetee
2075,H,26,0.000292,projetee
2075,H,27,0.000304,projetee
2075,H,28,0.000319,projetee
2075,H,29,0.000332,projetee
2075,H,3,0.000090,projetee
2075,H,30,0.000342,projetee
2075,H,31,0.000357,projetee
2075,H,32,0.000377,projetee
2075,H,33,0.000394,projetee
2075,H,34,0.000422,projetee
2075,H,35,0.000458,projetee
2075,H,36,0.000486,projetee
2075,H,37,0.000517,projetee
2075,H,38,0.000557,projetee
2075,H,39,0.000601,projetee
2075,H,4,0.000068,projetee
2075,H,40,0.000646,projetee
2075,H,41,0.000697,projetee
2075,H,42,0.000757,projetee
2075,H,43,0.000826,projetee
2075,H,44,0.000888,projetee
2075,H,45,0.000946,projetee
2075,H,46,0.001018,projetee
2075,H,47,0.001107,projetee
2075,H,48,0.001198,projetee
2075,H,49,0.001306,projetee
2075,H,5,0.000056,projetee
2075,H,50,0.001434,projetee
2075,H,51,0.001580,projetee
2075,H,52,0.001760,projetee
2075,H,53,0.001973,projetee
2075,H,54,0.002149,projetee
2075,H,55,0.002266,projetee
2075,H,56,0.002476,projetee
2075,H,57,0.002745,projetee
2075,H,58,0.003011,projetee
2075,H,59,0.003232,projetee
2075,H,6,0.000048,projetee
2075,H,60,0.003458,projetee
2075,H,61,0.003787,projetee
2075,H,62,0.004132,projetee
2075,H,63,0.004533,projetee
2075,H,64,0.004945,projetee
2075,H,65,0.005423,projetee
2075,H,66,0.005875,projetee
2075,H,67,0.006298,projetee
2075,H,68,0.006821,projetee
2075,H,69,0.007341,projetee
2075,H,7,0.000042,projetee
2075,H,70,0.007997,projetee
2075,H,71,0.008831,projetee
2075,H,72,0.009576,projetee
2075,H,73,0.010273,projetee
2075,H,74,0.011268,projetee
2075,H,75,0.012305,projetee
2075,H,76,0.013277,projetee
2075,H,77,0.014584,projetee
2075,H,78,0.016163,projetee
2075,H,79,0.017971,projetee
2075,H,8,0.000040,projetee
2075,H,80,0.020322,projetee
2075,H,81,0.022637,projetee
2075,H,82,0.025179,projetee
2075,H,83,0.029037,projetee
2075,H,84,0.034124,projetee
2075,H,85,0.039380,projetee
2075,H,86,0.044827,projetee
2075,H,87,0.051619,projetee
2075,H,88,0.058981,projetee
2075,H,89,0.068431,projetee
2075,H,9,0.000040,projetee
2075,H,90,0.080997,projetee
2075,H,91,0.096135,projetee
2075,H,92,0.113547,projetee
2075,H,93,0.133369,projetee
2075,H,94,0.159129,projetee
2075,H,95,0.187400,projetee
2075,H,96,0.213609,projetee
2075,H,97,0.246080,projetee
2075,H,98,0.274575,projetee
2075,H,99,0.295202,projetee
2076,F,0,0.001363,projetee
2076,F,1,0.000235,projetee
2076,F,10,0.000034,projetee
2076,F,100,0.266767,projetee
2076,F,101,0.284426,projetee
2076,F,102,0.301717,projetee
2076,F,103,0.319095,projetee
2076,F,104,0.336645,projetee
2076,F,105,0.354430,projetee
2076,F,106,0.372482,projetee
2076,F,107,0.390740,projetee
2076,F,108,0.409139,projetee
2076,F,109,0.427612,projetee
2076,F,11,0.000035,projetee
2076,F,110,0.446089,projetee
2076,F,111,0.464502,projetee
2076,F,112,0.482785,projetee
2076,F,113,0.500871,projetee
2076,F,114,0.509776,projetee
2076,F,115,0.509776,projetee
2076,F,116,0.509776,projetee
2076,F,117,0.509776,projetee
2076,F,118,0.509776,projetee
2076,F,119,0.509776,projetee
2076,F,12,0.000038,projetee
2076,F,120,0.509776,projetee
2076,F,13,0.000045,projetee
2076,F,14,0.000056,projetee
2076,F,15,0.000067,projetee
2076,F,16,0.000076,projetee
2076,F,17,0.000084,projetee
2076,F,18,0.000092,projetee
2076,F,19,0.000101,projetee
2076,F,2,0.000105,projetee
2076,F,20,0.000108,projetee
2076,F,21,0.000115,projetee
2076,F,22,0.000121,projetee
2076,F,23,0.000124,projetee
2076,F,24,0.000126,projetee
2076,F,25,0.000131,projetee
2076,F,26,0.000134,projetee
2076,F,27,0.000136,projetee
2076,F,28,0.000139,projetee
2076,F,29,0.000148,projetee
2076,F,3,0.000073,projetee
2076,F,30,0.000160,projetee
2076,F,31,0.000172,projetee
2076,F,32,0.000189,projetee
2076,F,33,0.000208,projetee
2076,F,34,0.000223,projetee
2076,F,35,0.000237,projetee
2076,F,36,0.000253,projetee
2076,F,37,0.000275,projetee
2076,F,38,0.000299,projetee
2076,F,39,0.000326,projetee
2076,F,4,0.000055,projetee
2076,F,40,0.000361,projetee
2076,F,41,0.000398,projetee
2076,F,42,0.000436,projetee
2076,F,43,0.000479,projetee
2076,F,44,0.000518,projetee
2076,F,45,0.000561,projetee
2076,F,46,0.000614,projetee
2076,F,47,0.000679,projetee
2076,F,48,0.000752,projetee
2076,F,49,0.000833,projetee
2076,F,5,0.000046,projetee
2076,F,50,0.000929,projetee
2076,F,51,0.001034,projetee
2076,F,52,0.001121,projetee
2076,F,53,0.001190,projetee
2076,F,54,0.001280,projetee
2076,F,55,0.001434,projetee
2076,F,56,0.001589,projetee
2076,F,57,0.001726,projetee
2076,F,58,0.001885,projetee
2076,F,59,0.002056,projetee
2076,F,6,0.000039,projetee
2076,F,60,0.002234,projetee
2076,F,61,0.002416,projetee
2076,F,62,0.002657,projetee
2076,F,63,0.002955,projetee
2076,F,64,0.003242,projetee
2076,F,65,0.003543,projetee
2076,F,66,0.003803,projetee
2076,F,67,0.003998,projetee
2076,F,68,0.004290,projetee
2076,F,69,0.004682,projetee
2076,F,7,0.000035,projetee
2076,F,70,0.005132,projetee
2076,F,71,0.005649,projetee
2076,F,72,0.006211,projetee
2076,F,73,0.006811,projetee
2076,F,74,0.007413,projetee
2076,F,75,0.008145,projetee
2076,F,76,0.009184,projetee
2076,F,77,0.010318,projetee
2076,F,78,0.011861,projetee
2076,F,79,0.013548,projetee
2076,F,8,0.000033,projetee
2076,F,80,0.015441,projetee
2076,F,81,0.017966,projetee
2076,F,82,0.020679,projetee
2076,F,83,0.023962,projetee
2076,F,84,0.028161,projetee
2076,F,85,0.032498,projetee
2076,F,86,0.036993,projetee
2076,F,87,0.042598,projetee
2076,F,88,0.048673,projetee
2076,F,89,0.056247,projetee
2076,F,9,0.000033,projetee
2076,F,90,0.066619,projetee
2076,F,91,0.079348,projetee
2076,F,92,0.093785,projetee
2076,F,93,0.110263,projetee
2076,F,94,0.131691,projetee
2076,F,95,0.155242,projetee
2076,F,96,0.177112,projetee
2076,F,97,0.204173,projetee
2076,F,98,0.227926,projetee
2076,F,99,0.246676,projetee
2076,H,0,0.001637,projetee
2076,H,1,0.000283,projetee
2076,H,10,0.000041,projetee
2076,H,100,0.314039,projetee
2076,H,101,0.330566,projetee
2076,H,102,0.346138,projetee
2076,H,103,0.361291,projetee
2076,H,104,0.376113,projetee
2076,H,105,0.390666,projetee
2076,H,106,0.404977,projetee
2076,H,107,0.418967,projetee
2076,H,108,0.432559,projetee
2076,H,109,0.445675,projetee
2076,H,11,0.000042,projetee
2076,H,110,0.458243,projetee
2076,H,111,0.473795,projetee
2076,H,112,0.492444,projetee
2076,H,113,0.510892,projetee
2076,H,114,0.519971,projetee
2076,H,115,0.519971,projetee
2076,H,116,0.519971,projetee
2076,H,117,0.519971,projetee
2076,H,118,0.519971,projetee
2076,H,119,0.519971,projetee
2076,H,12,0.000046,projetee
2076,H,120,0.519971,projetee
2076,H,13,0.000054,projetee
2076,H,14,0.000067,projetee
2076,H,15,0.000089,projetee
2076,H,16,0.000119,projetee
2076,H,17,0.000151,projetee
2076,H,18,0.000183,projetee
2076,H,19,0.000211,projetee
2076,H,2,0.000126,projetee
2076,H,20,0.000235,projetee
2076,H,21,0.000252,projetee
2076,H,22,0.000259,projetee
2076,H,23,0.000263,projetee
2076,H,24,0.000268,projetee
2076,H,25,0.000277,projetee
2076,H,26,0.000287,projetee
2076,H,27,0.000300,projetee
2076,H,28,0.000315,projetee
2076,H,29,0.000327,projetee
2076,H,3,0.000089,projetee
2076,H,30,0.000337,projetee
2076,H,31,0.000351,projetee
2076,H,32,0.000371,projetee
2076,H,33,0.000388,projetee
2076,H,34,0.000416,projetee
2076,H,35,0.000451,projetee
2076,H,36,0.000478,projetee
2076,H,37,0.000509,projetee
2076,H,38,0.000549,projetee
2076,H,39,0.000592,projetee
2076,H,4,0.000067,projetee
2076,H,40,0.000636,projetee
2076,H,41,0.000686,projetee
2076,H,42,0.000746,projetee
2076,H,43,0.000813,projetee
2076,H,44,0.000875,projetee
2076,H,45,0.000932,projetee
2076,H,46,0.001003,projetee
2076,H,47,0.001091,projetee
2076,H,48,0.001180,projetee
2076,H,49,0.001287,projetee
2076,H,5,0.000055,projetee
2076,H,50,0.001412,projetee
2076,H,51,0.001556,projetee
2076,H,52,0.001733,projetee
2076,H,53,0.001943,projetee
2076,H,54,0.002116,projetee
2076,H,55,0.002232,projetee
2076,H,56,0.002438,projetee
2076,H,57,0.002703,projetee
2076,H,58,0.002965,projetee
2076,H,59,0.003183,projetee
2076,H,6,0.000047,projetee
2076,H,60,0.003406,projetee
2076,H,61,0.003729,projetee
2076,H,62,0.004069,projetee
2076,H,63,0.004464,projetee
2076,H,64,0.004870,projetee
2076,H,65,0.005340,projetee
2076,H,66,0.005785,projetee
2076,H,67,0.006202,projetee
2076,H,68,0.006717,projetee
2076,H,69,0.007229,projetee
2076,H,7,0.000042,projetee
2076,H,70,0.007875,projetee
2076,H,71,0.008697,projetee
2076,H,72,0.009431,projetee
2076,H,73,0.010117,projetee
2076,H,74,0.011097,projetee
2076,H,75,0.012117,projetee
2076,H,76,0.013075,projetee
2076,H,77,0.014362,projetee
2076,H,78,0.015917,projetee
2076,H,79,0.017697,projetee
2076,H,8,0.000040,projetee
2076,H,80,0.020012,projetee
2076,H,81,0.022292,projetee
2076,H,82,0.024870,projetee
2076,H,83,0.028755,projetee
2076,H,84,0.033793,projetee
2076,H,85,0.038998,projetee
2076,H,86,0.044392,projetee
2076,H,87,0.051119,projetee
2076,H,88,0.058409,projetee
2076,H,89,0.067687,projetee
2076,H,9,0.000040,projetee
2076,H,90,0.080132,projetee
2076,H,91,0.095224,projetee
2076,H,92,0.112550,projetee
2076,H,93,0.132329,projetee
2076,H,94,0.158054,projetee
2076,H,95,0.186312,projetee
2076,H,96,0.212556,projetee
2076,H,97,0.245061,projetee
2076,H,98,0.273524,projetee
2076,H,99,0.294072,projetee
2077,F,0,0.001356,projetee
2077,F,1,0.000234,projetee
2077,F,10,0.000034,projetee
2077,F,100,0.265746,projetee
2077,F,101,0.283337,projetee
2077,F,102,0.300562,projetee
2077,F,103,0.317874,projetee
2077,F,104,0.335357,projetee
2077,F,105,0.353073,projetee
2077,F,106,0.371057,projetee
2077,F,107,0.389245,projetee
2077,F,108,0.407573,projetee
2077,F,109,0.425975,projetee
2077,F,11,0.000035,projetee
2077,F,110,0.444381,projetee
2077,F,111,0.462725,projetee
2077,F,112,0.480937,projetee
2077,F,113,0.498954,projetee
2077,F,114,0.507825,projetee
2077,F,115,0.507825,projetee
2077,F,116,0.507825,projetee
2077,F,117,0.507825,projetee
2077,F,118,0.507825,projetee
2077,F,119,0.507825,projetee
2077,F,12,0.000038,projetee
2077,F,120,0.507825,projetee
2077,F,13,0.000044,projetee
2077,F,14,0.000055,projetee
2077,F,15,0.000067,projetee
2077,F,16,0.000075,projetee
2077,F,17,0.000083,projetee
2077,F,18,0.000091,projetee
2077,F,19,0.000100,projetee
2077,F,2,0.000104,projetee
2077,F,20,0.000107,projetee
2077,F,21,0.000114,projetee
2077,F,22,0.000120,projetee
2077,F,23,0.000123,projetee
2077,F,24,0.000125,projetee
2077,F,25,0.000129,projetee
2077,F,26,0.000133,projetee
2077,F,27,0.000135,projetee
2077,F,28,0.000138,projetee
2077,F,29,0.000146,projetee
2077,F,3,0.000073,projetee
2077,F,30,0.000159,projetee
2077,F,31,0.000170,projetee
2077,F,32,0.000187,projetee
2077,F,33,0.000206,projetee
2077,F,34,0.000221,projetee
2077,F,35,0.000235,projetee
2077,F,36,0.000251,projetee
2077,F,37,0.000273,projetee
2077,F,38,0.000296,projetee
2077,F,39,0.000323,projetee
2077,F,4,0.000054,projetee
2077,F,40,0.000357,projetee
2077,F,41,0.000394,projetee
2077,F,42,0.000432,projetee
2077,F,43,0.000474,projetee
2077,F,44,0.000513,projetee
2077,F,45,0.000556,projetee
2077,F,46,0.000608,projetee
2077,F,47,0.000672,projetee
2077,F,48,0.000745,projetee
2077,F,49,0.000825,projetee
2077,F,5,0.000046,projetee
2077,F,50,0.000920,projetee
2077,F,51,0.001024,projetee
2077,F,52,0.001111,projetee
2077,F,53,0.001179,projetee
2077,F,54,0.001268,projetee
2077,F,55,0.001420,projetee
2077,F,56,0.001574,projetee
2077,F,57,0.001709,projetee
2077,F,58,0.001867,projetee
2077,F,59,0.002036,projetee
2077,F,6,0.000039,projetee
2077,F,60,0.002213,projetee
2077,F,61,0.002393,projetee
2077,F,62,0.002631,projetee
2077,F,63,0.002926,projetee
2077,F,64,0.003210,projetee
2077,F,65,0.003508,projetee
2077,F,66,0.003766,projetee
2077,F,67,0.003959,projetee
2077,F,68,0.004248,projetee
2077,F,69,0.004636,projetee
2077,F,7,0.000035,projetee
2077,F,70,0.005082,projetee
2077,F,71,0.005594,projetee
2077,F,72,0.006151,projetee
2077,F,73,0.006745,projetee
2077,F,74,0.007341,projetee
2077,F,75,0.008066,projetee
2077,F,76,0.009095,projetee
2077,F,77,0.010218,projetee
2077,F,78,0.011746,projetee
2077,F,79,0.013417,projetee
2077,F,8,0.000033,projetee
2077,F,80,0.015292,projetee
2077,F,81,0.017792,projetee
2077,F,82,0.020479,projetee
2077,F,83,0.023730,projetee
2077,F,84,0.027887,projetee
2077,F,85,0.032183,projetee
2077,F,86,0.036634,projetee
2077,F,87,0.042185,projetee
2077,F,88,0.048201,projetee
2077,F,89,0.055702,projetee
2077,F,9,0.000033,projetee
2077,F,90,0.065973,projetee
2077,F,91,0.078596,projetee
2077,F,92,0.092962,projetee
2077,F,93,0.109403,projetee
2077,F,94,0.130801,projetee
2077,F,95,0.154341,projetee
2077,F,96,0.176239,projetee
2077,F,97,0.203328,projetee
2077,F,98,0.227054,projetee
2077,F,99,0.245732,projetee
2077,H,0,0.001628,projetee
2077,H,1,0.000281,projetee
2077,H,10,0.000040,projetee
2077,H,100,0.312837,projetee
2077,H,101,0.329301,projetee
2077,H,102,0.344814,projetee
2077,H,103,0.359908,projetee
2077,H,104,0.374673,projetee
2077,H,105,0.389171,projetee
2077,H,106,0.403427,projetee
2077,H,107,0.417364,projetee
2077,H,108,0.430904,projetee
2077,H,109,0.443970,projetee
2077,H,11,0.000042,projetee
2077,H,110,0.456489,projetee
2077,H,111,0.471982,projetee
2077,H,112,0.490559,projetee
2077,H,113,0.508937,projetee
2077,H,114,0.517982,projetee
2077,H,115,0.517982,projetee
2077,H,116,0.517982,projetee
2077,H,117,0.517982,projetee
2077,H,118,0.517982,projetee
2077,H,119,0.517982,projetee
2077,H,12,0.000045,projetee
2077,H,120,0.517982,projetee
2077,H,13,0.000053,projetee
2077,H,14,0.000066,projetee
2077,H,15,0.000088,projetee
2077,H,16,0.000118,projetee
2077,H,17,0.000149,projetee
2077,H,18,0.000180,projetee
2077,H,19,0.000208,projetee
2077,H,2,0.000125,projetee
2077,H,20,0.000232,projetee
2077,H,21,0.000248,projetee
2077,H,22,0.000255,projetee
2077,H,23,0.000259,projetee
2077,H,24,0.000264,projetee
2077,H,25,0.000273,projetee
2077,H,26,0.000283,projetee
2077,H,27,0.000295,projetee
2077,H,28,0.000310,projetee
2077,H,29,0.000322,projetee
2077,H,3,0.000089,projetee
2077,H,30,0.000332,projetee
2077,H,31,0.000346,projetee
2077,H,32,0.000366,projetee
2077,H,33,0.000382,projetee
2077,H,34,0.000409,projetee
2077,H,35,0.000444,projetee
2077,H,36,0.000471,projetee
2077,H,37,0.000501,projetee
2077,H,38,0.000540,projetee
2077,H,39,0.000583,projetee
2077,H,4,0.000066,projetee
2077,H,40,0.000626,projetee
2077,H,41,0.000676,projetee
2077,H,42,0.000734,projetee
2077,H,43,0.000801,projetee
2077,H,44,0.000861,projetee
2077,H,45,0.000917,projetee
2077,H,46,0.000988,projetee
2077,H,47,0.001074,projetee
2077,H,48,0.001162,projetee
2077,H,49,0.001267,projetee
2077,H,5,0.000055,projetee
2077,H,50,0.001391,projetee
2077,H,51,0.001532,projetee
2077,H,52,0.001706,projetee
2077,H,53,0.001913,projetee
2077,H,54,0.002084,projetee
2077,H,55,0.002198,projetee
2077,H,56,0.002401,projetee
2077,H,57,0.002662,projetee
2077,H,58,0.002920,projetee
2077,H,59,0.003135,projetee
2077,H,6,0.000047,projetee
2077,H,60,0.003354,projetee
2077,H,61,0.003672,projetee
2077,H,62,0.004007,projetee
2077,H,63,0.004396,projetee
2077,H,64,0.004796,projetee
2077,H,65,0.005259,projetee
2077,H,66,0.005697,projetee
2077,H,67,0.006107,projetee
2077,H,68,0.006615,projetee
2077,H,69,0.007119,projetee
2077,H,7,0.000042,projetee
2077,H,70,0.007755,projetee
2077,H,71,0.008565,projetee
2077,H,72,0.009287,projetee
2077,H,73,0.009963,projetee
2077,H,74,0.010928,projetee
2077,H,75,0.011933,projetee
2077,H,76,0.012876,projetee
2077,H,77,0.014143,projetee
2077,H,78,0.015675,projetee
2077,H,79,0.017428,projetee
2077,H,8,0.000039,projetee
2077,H,80,0.019708,projetee
2077,H,81,0.021963,projetee
2077,H,82,0.024575,projetee
2077,H,83,0.028477,projetee
2077,H,84,0.033466,projetee
2077,H,85,0.038620,projetee
2077,H,86,0.043961,projetee
2077,H,87,0.050623,projetee
2077,H,88,0.057842,projetee
2077,H,89,0.066951,projetee
2077,H,9,0.000040,projetee
2077,H,90,0.079277,projetee
2077,H,91,0.094322,projetee
2077,H,92,0.111563,projetee
2077,H,93,0.131297,projetee
2077,H,94,0.156986,projetee
2077,H,95,0.185231,projetee
2077,H,96,0.211508,projetee
2077,H,97,0.244046,projetee
2077,H,98,0.272477,projetee
2077,H,99,0.292947,projetee
2078,F,0,0.001350,projetee
2078,F,1,0.000232,projetee
2078,F,10,0.000033,projetee
2078,F,100,0.264729,projetee
2078,F,101,0.282253,projetee
2078,F,102,0.299412,projetee
2078,F,103,0.316658,projetee
2078,F,104,0.334073,projetee
2078,F,105,0.351722,projetee
2078,F,106,0.369636,projetee
2078,F,107,0.387755,projetee
2078,F,108,0.406014,projetee
2078,F,109,0.424345,projetee
2078,F,11,0.000035,projetee
2078,F,110,0.442681,projetee
2078,F,111,0.460954,projetee
2078,F,112,0.479097,projetee
2078,F,113,0.497045,projetee
2078,F,114,0.505882,projetee
2078,F,115,0.505882,projetee
2078,F,116,0.505882,projetee
2078,F,117,0.505882,projetee
2078,F,118,0.505882,projetee
2078,F,119,0.505882,projetee
2078,F,12,0.000037,projetee
2078,F,120,0.505882,projetee
2078,F,13,0.000044,projetee
2078,F,14,0.000055,projetee
2078,F,15,0.000066,projetee
2078,F,16,0.000075,projetee
2078,F,17,0.000082,projetee
2078,F,18,0.000090,projetee
2078,F,19,0.000099,projetee
2078,F,2,0.000104,projetee
2078,F,20,0.000106,projetee
2078,F,21,0.000113,projetee
2078,F,22,0.000119,projetee
2078,F,23,0.000122,projetee
2078,F,24,0.000124,projetee
2078,F,25,0.000128,projetee
2078,F,26,0.000131,projetee
2078,F,27,0.000133,projetee
2078,F,28,0.000137,projetee
2078,F,29,0.000145,projetee
2078,F,3,0.000072,projetee
2078,F,30,0.000157,projetee
2078,F,31,0.000168,projetee
2078,F,32,0.000185,projetee
2078,F,33,0.000204,projetee
2078,F,34,0.000219,projetee
2078,F,35,0.000233,projetee
2078,F,36,0.000248,projetee
2078,F,37,0.000270,projetee
2078,F,38,0.000293,projetee
2078,F,39,0.000320,projetee
2078,F,4,0.000054,projetee
2078,F,40,0.000354,projetee
2078,F,41,0.000390,projetee
2078,F,42,0.000428,projetee
2078,F,43,0.000470,projetee
2078,F,44,0.000508,projetee
2078,F,45,0.000550,projetee
2078,F,46,0.000602,projetee
2078,F,47,0.000666,projetee
2078,F,48,0.000738,projetee
2078,F,49,0.000817,projetee
2078,F,5,0.000045,projetee
2078,F,50,0.000911,projetee
2078,F,51,0.001014,projetee
2078,F,52,0.001100,projetee
2078,F,53,0.001167,projetee
2078,F,54,0.001255,projetee
2078,F,55,0.001406,projetee
2078,F,56,0.001559,projetee
2078,F,57,0.001692,projetee
2078,F,58,0.001849,projetee
2078,F,59,0.002016,projetee
2078,F,6,0.000039,projetee
2078,F,60,0.002191,projetee
2078,F,61,0.002370,projetee
2078,F,62,0.002606,projetee
2078,F,63,0.002898,projetee
2078,F,64,0.003179,projetee
2078,F,65,0.003474,projetee
2078,F,66,0.003729,projetee
2078,F,67,0.003921,projetee
2078,F,68,0.004207,projetee
2078,F,69,0.004591,projetee
2078,F,7,0.000034,projetee
2078,F,70,0.005032,projetee
2078,F,71,0.005540,projetee
2078,F,72,0.006091,projetee
2078,F,73,0.006680,projetee
2078,F,74,0.007269,projetee
2078,F,75,0.007988,projetee
2078,F,76,0.009007,projetee
2078,F,77,0.010119,projetee
2078,F,78,0.011632,projetee
2078,F,79,0.013287,projetee
2078,F,8,0.000033,projetee
2078,F,80,0.015143,projetee
2078,F,81,0.017619,projetee
2078,F,82,0.020280,projetee
2078,F,83,0.023500,projetee
2078,F,84,0.027617,projetee
2078,F,85,0.031871,projetee
2078,F,86,0.036279,projetee
2078,F,87,0.041776,projetee
2078,F,88,0.047734,projetee
2078,F,89,0.055162,projetee
2078,F,9,0.000033,projetee
2078,F,90,0.065333,projetee
2078,F,91,0.077852,projetee
2078,F,92,0.092146,projetee
2078,F,93,0.108550,projetee
2078,F,94,0.129917,projetee
2078,F,95,0.153445,projetee
2078,F,96,0.175370,projetee
2078,F,97,0.202485,projetee
2078,F,98,0.226185,projetee
2078,F,99,0.244791,projetee
2078,H,0,0.001620,projetee
2078,H,1,0.000279,projetee
2078,H,10,0.000040,projetee
2078,H,100,0.311640,projetee
2078,H,101,0.328041,projetee
2078,H,102,0.343494,projetee
2078,H,103,0.358531,projetee
2078,H,104,0.373239,projetee
2078,H,105,0.387681,projetee
2078,H,106,0.401883,projetee
2078,H,107,0.415767,projetee
2078,H,108,0.429255,projetee
2078,H,109,0.442271,projetee
2078,H,11,0.000042,projetee
2078,H,110,0.454742,projetee
2078,H,111,0.470176,projetee
2078,H,112,0.488682,projetee
2078,H,113,0.506989,projetee
2078,H,114,0.516000,projetee
2078,H,115,0.516000,projetee
2078,H,116,0.516000,projetee
2078,H,117,0.516000,projetee
2078,H,118,0.516000,projetee
2078,H,119,0.516000,projetee
2078,H,12,0.000045,projetee
2078,H,120,0.516000,projetee
2078,H,13,0.000053,projetee
2078,H,14,0.000066,projetee
2078,H,15,0.000087,projetee
2078,H,16,0.000116,projetee
2078,H,17,0.000147,projetee
2078,H,18,0.000178,projetee
2078,H,19,0.000205,projetee
2078,H,2,0.000124,projetee
2078,H,20,0.000228,projetee
2078,H,21,0.000245,projetee
2078,H,22,0.000252,projetee
2078,H,23,0.000255,projetee
2078,H,24,0.000260,projetee
2078,H,25,0.000269,projetee
2078,H,26,0.000279,projetee
2078,H,27,0.000291,projetee
2078,H,28,0.000305,projetee
2078,H,29,0.000317,projetee
2078,H,3,0.000088,projetee
2078,H,30,0.000327,projetee
2078,H,31,0.000341,projetee
2078,H,32,0.000360,projetee
2078,H,33,0.000376,projetee
2078,H,34,0.000403,projetee
2078,H,35,0.000437,projetee
2078,H,36,0.000464,projetee
2078,H,37,0.000494,projetee
2078,H,38,0.000532,projetee
2078,H,39,0.000574,projetee
2078,H,4,0.000066,projetee
2078,H,40,0.000617,projetee
2078,H,41,0.000666,projetee
2078,H,42,0.000723,projetee
2078,H,43,0.000789,projetee
2078,H,44,0.000848,projetee
2078,H,45,0.000904,projetee
2078,H,46,0.000973,projetee
2078,H,47,0.001058,projetee
2078,H,48,0.001144,projetee
2078,H,49,0.001248,projetee
2078,H,5,0.000054,projetee
2078,H,50,0.001369,projetee
2078,H,51,0.001509,projetee
2078,H,52,0.001681,projetee
2078,H,53,0.001884,projetee
2078,H,54,0.002052,projetee
2078,H,55,0.002165,projetee
2078,H,56,0.002365,projetee
2078,H,57,0.002622,projetee
2078,H,58,0.002875,projetee
2078,H,59,0.003087,projetee
2078,H,6,0.000046,projetee
2078,H,60,0.003303,projetee
2078,H,61,0.003616,projetee
2078,H,62,0.003946,projetee
2078,H,63,0.004329,projetee
2078,H,64,0.004723,projetee
2078,H,65,0.005179,projetee
2078,H,66,0.005611,projetee
2078,H,67,0.006014,projetee
2078,H,68,0.006514,projetee
2078,H,69,0.007011,projetee
2078,H,7,0.000041,projetee
2078,H,70,0.007637,projetee
2078,H,71,0.008434,projetee
2078,H,72,0.009146,projetee
2078,H,73,0.009811,projetee
2078,H,74,0.010762,projetee
2078,H,75,0.011751,projetee
2078,H,76,0.012680,projetee
2078,H,77,0.013928,projetee
2078,H,78,0.015437,projetee
2078,H,79,0.017163,projetee
2078,H,8,0.000039,projetee
2078,H,80,0.019408,projetee
2078,H,81,0.021692,projetee
2078,H,82,0.024336,projetee
2078,H,83,0.028200,projetee
2078,H,84,0.033141,projetee
2078,H,85,0.038246,projetee
2078,H,86,0.043535,projetee
2078,H,87,0.050132,projetee
2078,H,88,0.057282,projetee
2078,H,89,0.066224,projetee
2078,H,9,0.000039,projetee
2078,H,90,0.078431,projetee
2078,H,91,0.093429,projetee
2078,H,92,0.110583,projetee
2078,H,93,0.130273,projetee
2078,H,94,0.155926,projetee
2078,H,95,0.184155,projetee
2078,H,96,0.210466,projetee
2078,H,97,0.243035,projetee
2078,H,98,0.271434,projetee
2078,H,99,0.291825,projetee
2079,F,0,0.001343,projetee
2079,F,1,0.000231,projetee
2079,F,10,0.000033,projetee
2079,F,100,0.263715,projetee
2079,F,101,0.281173,projetee
2079,F,102,0.298266,projetee
2079,F,103,0.315446,projetee
2079,F,104,0.332795,projetee
2079,F,105,0.350376,projetee
2079,F,106,0.368222,projetee
2079,F,107,0.386271,projetee
2079,F,108,0.404460,projetee
2079,F,109,0.422720,projetee
2079,F,11,0.000034,projetee
2079,F,110,0.440986,projetee
2079,F,111,0.459189,projetee
2079,F,112,0.477263,projetee
2079,F,113,0.495142,projetee
2079,F,114,0.503947,projetee
2079,F,115,0.503947,projetee
2079,F,116,0.503947,projetee
2079,F,117,0.503947,projetee
2079,F,118,0.503947,projetee
2079,F,119,0.503947,projetee
2079,F,12,0.000037,projetee
2079,F,120,0.503947,projetee
2079,F,13,0.000043,projetee
2079,F,14,0.000054,projetee
2079,F,15,0.000065,projetee
2079,F,16,0.000074,projetee
2079,F,17,0.000081,projetee
2079,F,18,0.000089,projetee
2079,F,19,0.000098,projetee
2079,F,2,0.000103,projetee
2079,F,20,0.000105,projetee
2079,F,21,0.000112,projetee
2079,F,22,0.000118,projetee
2079,F,23,0.000121,projetee
2079,F,24,0.000123,projetee
2079,F,25,0.000127,projetee
2079,F,26,0.000130,projetee
2079,F,27,0.000132,projetee
2079,F,28,0.000135,projetee
2079,F,29,0.000143,projetee
2079,F,3,0.000072,projetee
2079,F,30,0.000156,projetee
2079,F,31,0.000167,projetee
2079,F,32,0.000184,projetee
2079,F,33,0.000202,projetee
2079,F,34,0.000217,projetee
2079,F,35,0.000231,projetee
2079,F,36,0.000246,projetee
2079,F,37,0.000267,projetee
2079,F,38,0.000290,projetee
2079,F,39,0.000317,projetee
2079,F,4,0.000054,projetee
2079,F,40,0.000351,projetee
2079,F,41,0.000386,projetee
2079,F,42,0.000424,projetee
2079,F,43,0.000465,projetee
2079,F,44,0.000503,projetee
2079,F,45,0.000545,projetee
2079,F,46,0.000596,projetee
2079,F,47,0.000659,projetee
2079,F,48,0.000731,projetee
2079,F,49,0.000809,projetee
2079,F,5,0.000045,projetee
2079,F,50,0.000902,projetee
2079,F,51,0.001004,projetee
2079,F,52,0.001089,projetee
2079,F,53,0.001156,projetee
2079,F,54,0.001243,projetee
2079,F,55,0.001393,projetee
2079,F,56,0.001543,projetee
2079,F,57,0.001676,projetee
2079,F,58,0.001831,projetee
2079,F,59,0.001997,projetee
2079,F,6,0.000038,projetee
2079,F,60,0.002170,projetee
2079,F,61,0.002347,projetee
2079,F,62,0.002581,projetee
2079,F,63,0.002870,projetee
2079,F,64,0.003148,projetee
2079,F,65,0.003441,projetee
2079,F,66,0.003693,projetee
2079,F,67,0.003883,projetee
2079,F,68,0.004166,projetee
2079,F,69,0.004547,projetee
2079,F,7,0.000034,projetee
2079,F,70,0.004984,projetee
2079,F,71,0.005486,projetee
2079,F,72,0.006032,projetee
2079,F,73,0.006615,projetee
2079,F,74,0.007199,projetee
2079,F,75,0.007910,projetee
2079,F,76,0.008920,projetee
2079,F,77,0.010021,projetee
2079,F,78,0.011519,projetee
2079,F,79,0.013158,projetee
2079,F,8,0.000032,projetee
2079,F,80,0.014997,projetee
2079,F,81,0.017448,projetee
2079,F,82,0.020084,projetee
2079,F,83,0.023272,projetee
2079,F,84,0.027349,projetee
2079,F,85,0.031562,projetee
2079,F,86,0.035927,projetee
2079,F,87,0.041371,projetee
2079,F,88,0.047271,projetee
2079,F,89,0.054627,projetee
2079,F,9,0.000032,projetee
2079,F,90,0.064700,projetee
2079,F,91,0.077114,projetee
2079,F,92,0.091337,projetee
2079,F,93,0.107703,projetee
2079,F,94,0.129040,projetee
2079,F,95,0.152554,projetee
2079,F,96,0.174506,projetee
2079,F,97,0.201646,projetee
2079,F,98,0.225319,projetee
2079,F,99,0.243854,projetee
2079,H,0,0.001612,projetee
2079,H,1,0.000277,projetee
2079,H,10,0.000040,projetee
2079,H,100,0.310447,projetee
2079,H,101,0.326785,projetee
2079,H,102,0.342180,projetee
2079,H,103,0.357159,projetee
2079,H,104,0.371811,projetee
2079,H,105,0.386198,projetee
2079,H,106,0.400345,projetee
2079,H,107,0.414176,projetee
2079,H,108,0.427612,projetee
2079,H,109,0.440578,projetee
2079,H,11,0.000041,projetee
2079,H,110,0.453002,projetee
2079,H,111,0.468376,projetee
2079,H,112,0.486811,projetee
2079,H,113,0.505048,projetee
2079,H,114,0.514026,projetee
2079,H,115,0.514026,projetee
2079,H,116,0.514026,projetee
2079,H,117,0.514026,projetee
2079,H,118,0.514026,projetee
2079,H,119,0.514026,projetee
2079,H,12,0.000044,projetee
2079,H,120,0.514026,projetee
2079,H,13,0.000052,projetee
2079,H,14,0.000065,projetee
2079,H,15,0.000086,projetee
2079,H,16,0.000114,projetee
2079,H,17,0.000144,projetee
2079,H,18,0.000175,projetee
2079,H,19,0.000202,projetee
2079,H,2,0.000124,projetee
2079,H,20,0.000225,projetee
2079,H,21,0.000241,projetee
2079,H,22,0.000248,projetee
2079,H,23,0.000251,projetee
2079,H,24,0.000256,projetee
2079,H,25,0.000264,projetee
2079,H,26,0.000274,projetee
2079,H,27,0.000286,projetee
2079,H,28,0.000300,projetee
2079,H,29,0.000312,projetee
2079,H,3,0.000087,projetee
2079,H,30,0.000322,projetee
2079,H,31,0.000336,projetee
2079,H,32,0.000355,projetee
2079,H,33,0.000371,projetee
2079,H,34,0.000397,projetee
2079,H,35,0.000430,projetee
2079,H,36,0.000457,projetee
2079,H,37,0.000486,projetee
2079,H,38,0.000524,projetee
2079,H,39,0.000565,projetee
2079,H,4,0.000065,projetee
2079,H,40,0.000607,projetee
2079,H,41,0.000656,projetee
2079,H,42,0.000712,projetee
2079,H,43,0.000777,projetee
2079,H,44,0.000835,projetee
2079,H,45,0.000890,projetee
2079,H,46,0.000958,projetee
2079,H,47,0.001042,projetee
2079,H,48,0.001127,projetee
2079,H,49,0.001229,projetee
2079,H,5,0.000054,projetee
2079,H,50,0.001349,projetee
2079,H,51,0.001486,projetee
2079,H,52,0.001655,projetee
2079,H,53,0.001855,projetee
2079,H,54,0.002021,projetee
2079,H,55,0.002132,projetee
2079,H,56,0.002329,projetee
2079,H,57,0.002582,projetee
2079,H,58,0.002831,projetee
2079,H,59,0.003040,projetee
2079,H,6,0.000046,projetee
2079,H,60,0.003252,projetee
2079,H,61,0.003561,projetee
2079,H,62,0.003886,projetee
2079,H,63,0.004263,projetee
2079,H,64,0.004651,projetee
2079,H,65,0.005100,projetee
2079,H,66,0.005525,projetee
2079,H,67,0.005923,projetee
2079,H,68,0.006415,projetee
2079,H,69,0.006904,projetee
2079,H,7,0.000041,projetee
2079,H,70,0.007521,projetee
2079,H,71,0.008306,projetee
2079,H,72,0.009007,projetee
2079,H,73,0.009662,projetee
2079,H,74,0.010598,projetee
2079,H,75,0.011573,projetee
2079,H,76,0.012487,projetee
2079,H,77,0.013716,projetee
2079,H,78,0.015202,projetee
2079,H,79,0.016902,projetee
2079,H,8,0.000039,projetee
2079,H,80,0.019113,projetee
2079,H,81,0.021424,projetee
2079,H,82,0.024100,projetee
2079,H,83,0.027927,projetee
2079,H,84,0.032820,projetee
2079,H,85,0.037875,projetee
2079,H,86,0.043113,projetee
2079,H,87,0.049646,projetee
2079,H,88,0.056726,projetee
2079,H,89,0.065555,projetee
2079,H,9,0.000039,projetee
2079,H,90,0.077644,projetee
2079,H,91,0.092544,projetee
2079,H,92,0.109613,projetee
2079,H,93,0.129257,projetee
2079,H,94,0.154872,projetee
2079,H,95,0.183086,projetee
2079,H,96,0.209428,projetee
2079,H,97,0.242028,projetee
2079,H,98,0.270395,projetee
2079,H,99,0.290708,projetee
2080,F,0,0.001336,projetee
2080,F,1,0.000230,projetee
2080,F,10,0.000033,projetee
2080,F,100,0.262706,projetee
2080,F,101,0.280096,projetee
2080,F,102,0.297124,projetee
2080,F,103,0.314239,projetee
2080,F,104,0.331521,projetee
2080,F,105,0.349035,projetee
2080,F,106,0.366813,projetee
2080,F,107,0.384793,projetee
2080,F,108,0.402912,projetee
2080,F,109,0.421103,projetee
2080,F,11,0.000034,projetee
2080,F,110,0.439298,projetee
2080,F,111,0.457432,projetee
2080,F,112,0.475436,projetee
2080,F,113,0.493247,projetee
2080,F,114,0.502019,projetee
2080,F,115,0.502019,projetee
2080,F,116,0.502019,projetee
2080,F,117,0.502019,projetee
2080,F,118,0.502019,projetee
2080,F,119,0.502019,projetee
2080,F,12,0.000037,projetee
2080,F,120,0.502019,projetee
2080,F,13,0.000043,projetee
2080,F,14,0.000054,projetee
2080,F,15,0.000065,projetee
2080,F,16,0.000073,projetee
2080,F,17,0.000081,projetee
2080,F,18,0.000088,projetee
2080,F,19,0.000097,projetee
2080,F,2,0.000102,projetee
2080,F,20,0.000104,projetee
2080,F,21,0.000111,projetee
2080,F,22,0.000116,projetee
2080,F,23,0.000119,projetee
2080,F,24,0.000122,projetee
2080,F,25,0.000126,projetee
2080,F,26,0.000129,projetee
2080,F,27,0.000131,projetee
2080,F,28,0.000134,projetee
2080,F,29,0.000142,projetee
2080,F,3,0.000071,projetee
2080,F,30,0.000154,projetee
2080,F,31,0.000165,projetee
2080,F,32,0.000182,projetee
2080,F,33,0.000200,projetee
2080,F,34,0.000215,projetee
2080,F,35,0.000228,projetee
2080,F,36,0.000244,projetee
2080,F,37,0.000265,projetee
2080,F,38,0.000287,projetee
2080,F,39,0.000314,projetee
2080,F,4,0.000053,projetee
2080,F,40,0.000347,projetee
2080,F,41,0.000382,projetee
2080,F,42,0.000419,projetee
2080,F,43,0.000461,projetee
2080,F,44,0.000498,projetee
2080,F,45,0.000540,projetee
2080,F,46,0.000590,projetee
2080,F,47,0.000653,projetee
2080,F,48,0.000724,projetee
2080,F,49,0.000801,projetee
2080,F,5,0.000045,projetee
2080,F,50,0.000894,projetee
2080,F,51,0.000994,projetee
2080,F,52,0.001079,projetee
2080,F,53,0.001145,projetee
2080,F,54,0.001231,projetee
2080,F,55,0.001379,projetee
2080,F,56,0.001529,projetee
2080,F,57,0.001660,projetee
2080,F,58,0.001813,projetee
2080,F,59,0.001977,projetee
2080,F,6,0.000038,projetee
2080,F,60,0.002149,projetee
2080,F,61,0.002324,projetee
2080,F,62,0.002556,projetee
2080,F,63,0.002842,projetee
2080,F,64,0.003118,projetee
2080,F,65,0.003407,projetee
2080,F,66,0.003658,projetee
2080,F,67,0.003845,projetee
2080,F,68,0.004126,projetee
2080,F,69,0.004503,projetee
2080,F,7,0.000034,projetee
2080,F,70,0.004935,projetee
2080,F,71,0.005433,projetee
2080,F,72,0.005974,projetee
2080,F,73,0.006551,projetee
2080,F,74,0.007129,projetee
2080,F,75,0.007834,projetee
2080,F,76,0.008833,projetee
2080,F,77,0.009924,projetee
2080,F,78,0.011407,projetee
2080,F,79,0.013030,projetee
2080,F,8,0.000032,projetee
2080,F,80,0.014851,projetee
2080,F,81,0.017279,projetee
2080,F,82,0.019889,projetee
2080,F,83,0.023046,projetee
2080,F,84,0.027084,projetee
2080,F,85,0.031256,projetee
2080,F,86,0.035578,projetee
2080,F,87,0.040970,projetee
2080,F,88,0.046812,projetee
2080,F,89,0.054097,projetee
2080,F,9,0.000032,projetee
2080,F,90,0.064072,projetee
2080,F,91,0.076384,projetee
2080,F,92,0.090536,projetee
2080,F,93,0.106863,projetee
2080,F,94,0.128168,projetee
2080,F,95,0.151668,projetee
2080,F,96,0.173646,projetee
2080,F,97,0.200811,projetee
2080,F,98,0.224457,projetee
2080,F,99,0.242921,projetee
2080,H,0,0.001604,projetee
2080,H,1,0.000275,projetee
2080,H,10,0.000039,projetee
2080,H,100,0.309259,projetee
2080,H,101,0.325535,projetee
2080,H,102,0.340870,projetee
2080,H,103,0.355792,projetee
2080,H,104,0.370388,projetee
2080,H,105,0.384720,projetee
2080,H,106,0.398813,projetee
2080,H,107,0.412591,projetee
2080,H,108,0.425976,projetee
2080,H,109,0.438892,projetee
2080,H,11,0.000041,projetee
2080,H,110,0.451269,projetee
2080,H,111,0.466583,projetee
2080,H,112,0.484948,projetee
2080,H,113,0.503115,projetee
2080,H,114,0.512059,projetee
2080,H,115,0.512059,projetee
2080,H,116,0.512059,projetee
2080,H,117,0.512059,projetee
2080,H,118,0.512059,projetee
2080,H,119,0.512059,projetee
2080,H,12,0.000044,projetee
2080,H,120,0.512059,projetee
2080,H,13,0.000052,projetee
2080,H,14,0.000064,projetee
2080,H,15,0.000085,projetee
2080,H,16,0.000112,projetee
2080,H,17,0.000142,projetee
2080,H,18,0.000172,projetee
2080,H,19,0.000199,projetee
2080,H,2,0.000123,projetee
2080,H,20,0.000221,projetee
2080,H,21,0.000237,projetee
2080,H,22,0.000244,projetee
2080,H,23,0.000247,projetee
2080,H,24,0.000252,projetee
2080,H,25,0.000260,projetee
2080,H,26,0.000270,projetee
2080,H,27,0.000282,projetee
2080,H,28,0.000296,projetee
2080,H,29,0.000307,projetee
2080,H,3,0.000086,projetee
2080,H,30,0.000317,projetee
2080,H,31,0.000330,projetee
2080,H,32,0.000349,projetee
2080,H,33,0.000365,projetee
2080,H,34,0.000391,projetee
2080,H,35,0.000424,projetee
2080,H,36,0.000450,projetee
2080,H,37,0.000479,projetee
2080,H,38,0.000516,projetee
2080,H,39,0.000556,projetee
2080,H,4,0.000064,projetee
2080,H,40,0.000598,projetee
2080,H,41,0.000646,projetee
2080,H,42,0.000701,projetee
2080,H,43,0.000765,projetee
2080,H,44,0.000823,projetee
2080,H,45,0.000876,projetee
2080,H,46,0.000943,projetee
2080,H,47,0.001026,projetee
2080,H,48,0.001110,projetee
2080,H,49,0.001210,projetee
2080,H,5,0.000054,projetee
2080,H,50,0.001328,projetee
2080,H,51,0.001464,projetee
2080,H,52,0.001630,projetee
2080,H,53,0.001827,projetee
2080,H,54,0.001990,projetee
2080,H,55,0.002099,projetee
2080,H,56,0.002293,projetee
2080,H,57,0.002542,projetee
2080,H,58,0.002788,projetee
2080,H,59,0.002994,projetee
2080,H,6,0.000046,projetee
2080,H,60,0.003203,projetee
2080,H,61,0.003507,projetee
2080,H,62,0.003827,projetee
2080,H,63,0.004198,projetee
2080,H,64,0.004580,projetee
2080,H,65,0.005022,projetee
2080,H,66,0.005441,projetee
2080,H,67,0.005833,projetee
2080,H,68,0.006318,projetee
2080,H,69,0.006799,projetee
2080,H,7,0.000040,projetee
2080,H,70,0.007407,projetee
2080,H,71,0.008179,projetee
2080,H,72,0.008870,projetee
2080,H,73,0.009515,projetee
2080,H,74,0.010437,projetee
2080,H,75,0.011397,projetee
2080,H,76,0.012297,projetee
2080,H,77,0.013508,projetee
2080,H,78,0.014970,projetee
2080,H,79,0.016644,projetee
2080,H,8,0.000038,projetee
2080,H,80,0.018822,projetee
2080,H,81,0.021161,projetee
2080,H,82,0.023867,projetee
2080,H,83,0.027656,projetee
2080,H,84,0.032502,projetee
2080,H,85,0.037508,projetee
2080,H,86,0.042695,projetee
2080,H,87,0.049165,projetee
2080,H,88,0.056176,projetee
2080,H,89,0.064919,projetee
2080,H,9,0.000038,projetee
2080,H,90,0.076891,projetee
2080,H,91,0.091668,projetee
2080,H,92,0.108651,projetee
2080,H,93,0.128249,projetee
2080,H,94,0.153826,projetee
2080,H,95,0.182023,projetee
2080,H,96,0.208396,projetee
2080,H,97,0.241026,projetee
2080,H,98,0.269360,projetee
2080,H,99,0.289595,projetee
2081,F,0,0.001330,projetee
2081,F,1,0.000228,projetee
2081,F,10,0.000032,projetee
2081,F,100,0.261701,projetee
2081,F,101,0.279025,projetee
2081,F,102,0.295987,projetee
2081,F,103,0.313036,projetee
2081,F,104,0.330252,projetee
2081,F,105,0.347699,projetee
2081,F,106,0.365409,projetee
2081,F,107,0.383320,projetee
2081,F,108,0.401370,projetee
2081,F,109,0.419491,projetee
2081,F,11,0.000034,projetee
2081,F,110,0.437617,projetee
2081,F,111,0.455681,projetee
2081,F,112,0.473617,projetee
2081,F,113,0.491359,projetee
2081,F,114,0.500098,projetee
2081,F,115,0.500098,projetee
2081,F,116,0.500098,projetee
2081,F,117,0.500098,projetee
2081,F,118,0.500098,projetee
2081,F,119,0.500098,projetee
2081,F,12,0.000036,projetee
2081,F,120,0.500098,projetee
2081,F,13,0.000043,projetee
2081,F,14,0.000053,projetee
2081,F,15,0.000064,projetee
2081,F,16,0.000072,projetee
2081,F,17,0.000080,projetee
2081,F,18,0.000088,projetee
2081,F,19,0.000096,projetee
2081,F,2,0.000102,projetee
2081,F,20,0.000103,projetee
2081,F,21,0.000110,projetee
2081,F,22,0.000115,projetee
2081,F,23,0.000118,projetee
2081,F,24,0.000120,projetee
2081,F,25,0.000125,projetee
2081,F,26,0.000128,projetee
2081,F,27,0.000129,projetee
2081,F,28,0.000133,projetee
2081,F,29,0.000141,projetee
2081,F,3,0.000071,projetee
2081,F,30,0.000153,projetee
2081,F,31,0.000163,projetee
2081,F,32,0.000180,projetee
2081,F,33,0.000198,projetee
2081,F,34,0.000213,projetee
2081,F,35,0.000226,projetee
2081,F,36,0.000241,projetee
2081,F,37,0.000262,projetee
2081,F,38,0.000284,projetee
2081,F,39,0.000311,projetee
2081,F,4,0.000053,projetee
2081,F,40,0.000344,projetee
2081,F,41,0.000379,projetee
2081,F,42,0.000415,projetee
2081,F,43,0.000456,projetee
2081,F,44,0.000493,projetee
2081,F,45,0.000534,projetee
2081,F,46,0.000585,projetee
2081,F,47,0.000647,projetee
2081,F,48,0.000716,projetee
2081,F,49,0.000794,projetee
2081,F,5,0.000044,projetee
2081,F,50,0.000885,projetee
2081,F,51,0.000985,projetee
2081,F,52,0.001068,projetee
2081,F,53,0.001133,projetee
2081,F,54,0.001219,projetee
2081,F,55,0.001366,projetee
2081,F,56,0.001514,projetee
2081,F,57,0.001643,projetee
2081,F,58,0.001796,projetee
2081,F,59,0.001958,projetee
2081,F,6,0.000038,projetee
2081,F,60,0.002128,projetee
2081,F,61,0.002301,projetee
2081,F,62,0.002531,projetee
2081,F,63,0.002814,projetee
2081,F,64,0.003087,projetee
2081,F,65,0.003374,projetee
2081,F,66,0.003622,projetee
2081,F,67,0.003808,projetee
2081,F,68,0.004086,projetee
2081,F,69,0.004459,projetee
2081,F,7,0.000033,projetee
2081,F,70,0.004888,projetee
2081,F,71,0.005380,projetee
2081,F,72,0.005916,projetee
2081,F,73,0.006488,projetee
2081,F,74,0.007060,projetee
2081,F,75,0.007758,projetee
2081,F,76,0.008748,projetee
2081,F,77,0.009828,projetee
2081,F,78,0.011297,projetee
2081,F,79,0.012904,projetee
2081,F,8,0.000032,projetee
2081,F,80,0.014707,projetee
2081,F,81,0.017112,projetee
2081,F,82,0.019696,projetee
2081,F,83,0.022823,projetee
2081,F,84,0.026821,projetee
2081,F,85,0.030953,projetee
2081,F,86,0.035234,projetee
2081,F,87,0.040572,projetee
2081,F,88,0.046359,projetee
2081,F,89,0.053572,projetee
2081,F,9,0.000032,projetee
2081,F,90,0.063451,projetee
2081,F,91,0.075661,projetee
2081,F,92,0.089741,projetee
2081,F,93,0.106030,projetee
2081,F,94,0.127302,projetee
2081,F,95,0.150788,projetee
2081,F,96,0.172790,projetee
2081,F,97,0.199979,projetee
2081,F,98,0.223598,projetee
2081,F,99,0.241991,projetee
2081,H,0,0.001596,projetee
2081,H,1,0.000274,projetee
2081,H,10,0.000039,projetee
2081,H,100,0.308075,projetee
2081,H,101,0.324289,projetee
2081,H,102,0.339566,projetee
2081,H,103,0.354430,projetee
2081,H,104,0.368971,projetee
2081,H,105,0.383248,projetee
2081,H,106,0.397287,projetee
2081,H,107,0.411012,projetee
2081,H,108,0.424346,projetee
2081,H,109,0.437213,projetee
2081,H,11,0.000040,projetee
2081,H,110,0.449542,projetee
2081,H,111,0.464798,projetee
2081,H,112,0.483092,projetee
2081,H,113,0.501190,projetee
2081,H,114,0.510100,projetee
2081,H,115,0.510100,projetee
2081,H,116,0.510100,projetee
2081,H,117,0.510100,projetee
2081,H,118,0.510100,projetee
2081,H,119,0.510100,projetee
2081,H,12,0.000044,projetee
2081,H,120,0.510100,projetee
2081,H,13,0.000051,projetee
2081,H,14,0.000064,projetee
2081,H,15,0.000084,projetee
2081,H,16,0.000111,projetee
2081,H,17,0.000140,projetee
2081,H,18,0.000170,projetee
2081,H,19,0.000196,projetee
2081,H,2,0.000122,projetee
2081,H,20,0.000218,projetee
2081,H,21,0.000234,projetee
2081,H,22,0.000240,projetee
2081,H,23,0.000243,projetee
2081,H,24,0.000248,projetee
2081,H,25,0.000256,projetee
2081,H,26,0.000266,projetee
2081,H,27,0.000278,projetee
2081,H,28,0.000291,projetee
2081,H,29,0.000303,projetee
2081,H,3,0.000085,projetee
2081,H,30,0.000312,projetee
2081,H,31,0.000325,projetee
2081,H,32,0.000344,projetee
2081,H,33,0.000359,projetee
2081,H,34,0.000385,projetee
2081,H,35,0.000417,projetee
2081,H,36,0.000443,projetee
2081,H,37,0.000471,projetee
2081,H,38,0.000508,projetee
2081,H,39,0.000548,projetee
2081,H,4,0.000064,projetee
2081,H,40,0.000589,projetee
2081,H,41,0.000636,projetee
2081,H,42,0.000691,projetee
2081,H,43,0.000753,projetee
2081,H,44,0.000810,projetee
2081,H,45,0.000863,projetee
2081,H,46,0.000929,projetee
2081,H,47,0.001010,projetee
2081,H,48,0.001093,projetee
2081,H,49,0.001192,projetee
2081,H,5,0.000053,projetee
2081,H,50,0.001308,projetee
2081,H,51,0.001441,projetee
2081,H,52,0.001605,projetee
2081,H,53,0.001799,projetee
2081,H,54,0.001960,projetee
2081,H,55,0.002067,projetee
2081,H,56,0.002258,projetee
2081,H,57,0.002504,projetee
2081,H,58,0.002746,projetee
2081,H,59,0.002948,projetee
2081,H,6,0.000045,projetee
2081,H,60,0.003154,projetee
2081,H,61,0.003454,projetee
2081,H,62,0.003769,projetee
2081,H,63,0.004134,projetee
2081,H,64,0.004510,projetee
2081,H,65,0.004946,projetee
2081,H,66,0.005358,projetee
2081,H,67,0.005744,projetee
2081,H,68,0.006222,projetee
2081,H,69,0.006696,projetee
2081,H,7,0.000040,projetee
2081,H,70,0.007294,projetee
2081,H,71,0.008055,projetee
2081,H,72,0.008735,projetee
2081,H,73,0.009370,projetee
2081,H,74,0.010278,projetee
2081,H,75,0.011223,projetee
2081,H,76,0.012110,projetee
2081,H,77,0.013302,projetee
2081,H,78,0.014743,projetee
2081,H,79,0.016391,projetee
2081,H,8,0.000038,projetee
2081,H,80,0.018535,projetee
2081,H,81,0.020900,projetee
2081,H,82,0.023635,projetee
2081,H,83,0.027388,projetee
2081,H,84,0.032186,projetee
2081,H,85,0.037144,projetee
2081,H,86,0.042281,projetee
2081,H,87,0.048688,projetee
2081,H,88,0.055631,projetee
2081,H,89,0.064290,projetee
2081,H,9,0.000038,projetee
2081,H,90,0.076145,projetee
2081,H,91,0.090799,projetee
2081,H,92,0.107697,projetee
2081,H,93,0.127248,projetee
2081,H,94,0.152787,projetee
2081,H,95,0.180967,projetee
2081,H,96,0.207369,projetee
2081,H,97,0.240027,projetee
2081,H,98,0.268330,projetee
2081,H,99,0.288487,projetee
2082,F,0,0.001323,projetee
2082,F,1,0.000227,projetee
2082,F,10,0.000032,projetee
2082,F,100,0.260699,projetee
2082,F,101,0.277957,projetee
2082,F,102,0.294854,projetee
2082,F,103,0.311838,projetee
2082,F,104,0.328989,projetee
2082,F,105,0.346368,projetee
2082,F,106,0.364010,projetee
2082,F,107,0.381853,projetee
2082,F,108,0.399833,projetee
2082,F,109,0.417885,projetee
2082,F,11,0.000033,projetee
2082,F,110,0.435942,projetee
2082,F,111,0.453937,projetee
2082,F,112,0.471804,projetee
2082,F,113,0.489479,projetee
2082,F,114,0.498184,projetee
2082,F,115,0.498184,projetee
2082,F,116,0.498184,projetee
2082,F,117,0.498184,projetee
2082,F,118,0.498184,projetee
2082,F,119,0.498184,projetee
2082,F,12,0.000036,projetee
2082,F,120,0.498184,projetee
2082,F,13,0.000042,projetee
2082,F,14,0.000053,projetee
2082,F,15,0.000063,projetee
2082,F,16,0.000072,projetee
2082,F,17,0.000079,projetee
2082,F,18,0.000087,projetee
2082,F,19,0.000095,projetee
2082,F,2,0.000101,projetee
2082,F,20,0.000102,projetee
2082,F,21,0.000109,projetee
2082,F,22,0.000114,projetee
2082,F,23,0.000117,projetee
2082,F,24,0.000119,projetee
2082,F,25,0.000123,projetee
2082,F,26,0.000126,projetee
2082,F,27,0.000128,projetee
2082,F,28,0.000131,projetee
2082,F,29,0.000139,projetee
2082,F,3,0.000070,projetee
2082,F,30,0.000151,projetee
2082,F,31,0.000162,projetee
2082,F,32,0.000178,projetee
2082,F,33,0.000196,projetee
2082,F,34,0.000211,projetee
2082,F,35,0.000224,projetee
2082,F,36,0.000239,projetee
2082,F,37,0.000260,projetee
2082,F,38,0.000282,projetee
2082,F,39,0.000308,projetee
2082,F,4,0.000052,projetee
2082,F,40,0.000340,projetee
2082,F,41,0.000375,projetee
2082,F,42,0.000411,projetee
2082,F,43,0.000452,projetee
2082,F,44,0.000488,projetee
2082,F,45,0.000529,projetee
2082,F,46,0.000579,projetee
2082,F,47,0.000640,projetee
2082,F,48,0.000710,projetee
2082,F,49,0.000786,projetee
2082,F,5,0.000044,projetee
2082,F,50,0.000876,projetee
2082,F,51,0.000975,projetee
2082,F,52,0.001058,projetee
2082,F,53,0.001122,projetee
2082,F,54,0.001208,projetee
2082,F,55,0.001353,projetee
2082,F,56,0.001499,projetee
2082,F,57,0.001628,projetee
2082,F,58,0.001778,projetee
2082,F,59,0.001939,projetee
2082,F,6,0.000037,projetee
2082,F,60,0.002107,projetee
2082,F,61,0.002279,projetee
2082,F,62,0.002506,projetee
2082,F,63,0.002787,projetee
2082,F,64,0.003058,projetee
2082,F,65,0.003341,projetee
2082,F,66,0.003587,projetee
2082,F,67,0.003771,projetee
2082,F,68,0.004046,projetee
2082,F,69,0.004416,projetee
2082,F,7,0.000033,projetee
2082,F,70,0.004840,projetee
2082,F,71,0.005328,projetee
2082,F,72,0.005859,projetee
2082,F,73,0.006425,projetee
2082,F,74,0.006992,projetee
2082,F,75,0.007682,projetee
2082,F,76,0.008663,projetee
2082,F,77,0.009732,projetee
2082,F,78,0.011187,projetee
2082,F,79,0.012779,projetee
2082,F,8,0.000031,projetee
2082,F,80,0.014565,projetee
2082,F,81,0.016946,projetee
2082,F,82,0.019505,projetee
2082,F,83,0.022602,projetee
2082,F,84,0.026561,projetee
2082,F,85,0.030653,projetee
2082,F,86,0.034892,projetee
2082,F,87,0.040179,projetee
2082,F,88,0.045909,projetee
2082,F,89,0.053053,projetee
2082,F,9,0.000031,projetee
2082,F,90,0.062836,projetee
2082,F,91,0.074944,projetee
2082,F,92,0.088954,projetee
2082,F,93,0.105203,projetee
2082,F,94,0.126442,projetee
2082,F,95,0.149912,projetee
2082,F,96,0.171938,projetee
2082,F,97,0.199151,projetee
2082,F,98,0.222742,projetee
2082,F,99,0.241065,projetee
2082,H,0,0.001588,projetee
2082,H,1,0.000272,projetee
2082,H,10,0.000038,projetee
2082,H,100,0.306896,projetee
2082,H,101,0.323048,projetee
2082,H,102,0.338266,projetee
2082,H,103,0.353074,projetee
2082,H,104,0.367559,projetee
2082,H,105,0.381781,projetee
2082,H,106,0.395767,projetee
2082,H,107,0.409439,projetee
2082,H,108,0.422722,projetee
2082,H,109,0.435540,projetee
2082,H,11,0.000040,projetee
2082,H,110,0.447822,projetee
2082,H,111,0.463019,projetee
2082,H,112,0.481243,projetee
2082,H,113,0.499271,projetee
2082,H,114,0.508148,projetee
2082,H,115,0.508148,projetee
2082,H,116,0.508148,projetee
2082,H,117,0.508148,projetee
2082,H,118,0.508148,projetee
2082,H,119,0.508148,projetee
2082,H,12,0.000043,projetee
2082,H,120,0.508148,projetee
2082,H,13,0.000051,projetee
2082,H,14,0.000063,projetee
2082,H,15,0.000082,projetee
2082,H,16,0.000109,projetee
2082,H,17,0.000138,projetee
2082,H,18,0.000167,projetee
2082,H,19,0.000193,projetee
2082,H,2,0.000121,projetee
2082,H,20,0.000214,projetee
2082,H,21,0.000230,projetee
2082,H,22,0.000237,projetee
2082,H,23,0.000240,projetee
2082,H,24,0.000245,projetee
2082,H,25,0.000253,projetee
2082,H,26,0.000262,projetee
2082,H,27,0.000273,projetee
2082,H,28,0.000287,projetee
2082,H,29,0.000298,projetee
2082,H,3,0.000085,projetee
2082,H,30,0.000307,projetee
2082,H,31,0.000320,projetee
2082,H,32,0.000339,projetee
2082,H,33,0.000354,projetee
2082,H,34,0.000379,projetee
2082,H,35,0.000411,projetee
2082,H,36,0.000436,projetee
2082,H,37,0.000464,projetee
2082,H,38,0.000500,projetee
2082,H,39,0.000540,projetee
2082,H,4,0.000063,projetee
2082,H,40,0.000580,projetee
2082,H,41,0.000626,projetee
2082,H,42,0.000680,projetee
2082,H,43,0.000742,projetee
2082,H,44,0.000798,projetee
2082,H,45,0.000850,projetee
2082,H,46,0.000915,projetee
2082,H,47,0.000995,projetee
2082,H,48,0.001076,projetee
2082,H,49,0.001174,projetee
2082,H,5,0.000053,projetee
2082,H,50,0.001288,projetee
2082,H,51,0.001419,projetee
2082,H,52,0.001581,projetee
2082,H,53,0.001772,projetee
2082,H,54,0.001930,projetee
2082,H,55,0.002036,projetee
2082,H,56,0.002224,projetee
2082,H,57,0.002466,projetee
2082,H,58,0.002704,projetee
2082,H,59,0.002903,projetee
2082,H,6,0.000045,projetee
2082,H,60,0.003106,projetee
2082,H,61,0.003401,projetee
2082,H,62,0.003712,projetee
2082,H,63,0.004071,projetee
2082,H,64,0.004442,projetee
2082,H,65,0.004871,projetee
2082,H,66,0.005277,projetee
2082,H,67,0.005657,projetee
2082,H,68,0.006127,projetee
2082,H,69,0.006594,projetee
2082,H,7,0.000040,projetee
2082,H,70,0.007183,projetee
2082,H,71,0.007932,projetee
2082,H,72,0.008602,projetee
2082,H,73,0.009228,projetee
2082,H,74,0.010121,projetee
2082,H,75,0.011052,projetee
2082,H,76,0.011926,projetee
2082,H,77,0.013100,projetee
2082,H,78,0.014518,projetee
2082,H,79,0.016142,projetee
2082,H,8,0.000038,projetee
2082,H,80,0.018253,projetee
2082,H,81,0.020643,projetee
2082,H,82,0.023406,projetee
2082,H,83,0.027122,projetee
2082,H,84,0.031874,projetee
2082,H,85,0.036784,projetee
2082,H,86,0.041871,projetee
2082,H,87,0.048216,projetee
2082,H,88,0.055092,projetee
2082,H,89,0.063666,projetee
2082,H,9,0.000038,projetee
2082,H,90,0.075407,projetee
2082,H,91,0.089940,projetee
2082,H,92,0.106752,projetee
2082,H,93,0.126256,projetee
2082,H,94,0.151755,projetee
2082,H,95,0.179916,projetee
2082,H,96,0.206347,projetee
2082,H,97,0.239033,projetee
2082,H,98,0.267303,projetee
2082,H,99,0.287383,projetee
2083,F,0,0.001317,projetee
2083,F,1,0.000226,projetee
2083,F,10,0.000032,projetee
2083,F,100,0.259701,projetee
2083,F,101,0.276893,projetee
2083,F,102,0.293726,projetee
2083,F,103,0.310644,projetee
2083,F,104,0.327730,projetee
2083,F,105,0.345043,projetee
2083,F,106,0.362617,projetee
2083,F,107,0.380392,projetee
2083,F,108,0.398303,projetee
2083,F,109,0.416286,projetee
2083,F,11,0.000033,projetee
2083,F,110,0.434274,projetee
2083,F,111,0.452200,projetee
2083,F,112,0.469998,projetee
2083,F,113,0.487605,projetee
2083,F,114,0.496278,projetee
2083,F,115,0.496278,projetee
2083,F,116,0.496278,projetee
2083,F,117,0.496278,projetee
2083,F,118,0.496278,projetee
2083,F,119,0.496278,projetee
2083,F,12,0.000036,projetee
2083,F,120,0.496278,projetee
2083,F,13,0.000042,projetee
2083,F,14,0.000052,projetee
2083,F,15,0.000063,projetee
2083,F,16,0.000071,projetee
2083,F,17,0.000078,projetee
2083,F,18,0.000086,projetee
2083,F,19,0.000094,projetee
2083,F,2,0.000100,projetee
2083,F,20,0.000101,projetee
2083,F,21,0.000107,projetee
2083,F,22,0.000113,projetee
2083,F,23,0.000116,projetee
2083,F,24,0.000118,projetee
2083,F,25,0.000122,projetee
2083,F,26,0.000125,projetee
2083,F,27,0.000127,projetee
2083,F,28,0.000130,projetee
2083,F,29,0.000138,projetee
2083,F,3,0.000070,projetee
2083,F,30,0.000150,projetee
2083,F,31,0.000160,projetee
2083,F,32,0.000177,projetee
2083,F,33,0.000194,projetee
2083,F,34,0.000209,projetee
2083,F,35,0.000222,projetee
2083,F,36,0.000237,projetee
2083,F,37,0.000257,projetee
2083,F,38,0.000279,projetee
2083,F,39,0.000305,projetee
2083,F,4,0.000052,projetee
2083,F,40,0.000337,projetee
2083,F,41,0.000371,projetee
2083,F,42,0.000407,projetee
2083,F,43,0.000448,projetee
2083,F,44,0.000484,projetee
2083,F,45,0.000524,projetee
2083,F,46,0.000573,projetee
2083,F,47,0.000634,projetee
2083,F,48,0.000703,projetee
2083,F,49,0.000778,projetee
2083,F,5,0.000043,projetee
2083,F,50,0.000868,projetee
2083,F,51,0.000966,projetee
2083,F,52,0.001047,projetee
2083,F,53,0.001112,projetee
2083,F,54,0.001196,projetee
2083,F,55,0.001340,projetee
2083,F,56,0.001484,projetee
2083,F,57,0.001612,projetee
2083,F,58,0.001761,projetee
2083,F,59,0.001920,projetee
2083,F,6,0.000037,projetee
2083,F,60,0.002087,projetee
2083,F,61,0.002257,projetee
2083,F,62,0.002482,projetee
2083,F,63,0.002760,projetee
2083,F,64,0.003028,projetee
2083,F,65,0.003309,projetee
2083,F,66,0.003552,projetee
2083,F,67,0.003734,projetee
2083,F,68,0.004007,projetee
2083,F,69,0.004373,projetee
2083,F,7,0.000033,projetee
2083,F,70,0.004793,projetee
2083,F,71,0.005276,projetee
2083,F,72,0.005802,projetee
2083,F,73,0.006362,projetee
2083,F,74,0.006924,projetee
2083,F,75,0.007608,projetee
2083,F,76,0.008579,projetee
2083,F,77,0.009638,projetee
2083,F,78,0.011079,projetee
2083,F,79,0.012655,projetee
2083,F,8,0.000031,projetee
2083,F,80,0.014423,projetee
2083,F,81,0.016781,projetee
2083,F,82,0.019316,projetee
2083,F,83,0.022383,projetee
2083,F,84,0.026304,projetee
2083,F,85,0.030356,projetee
2083,F,86,0.034554,projetee
2083,F,87,0.039789,projetee
2083,F,88,0.045464,projetee
2083,F,89,0.052538,projetee
2083,F,9,0.000031,projetee
2083,F,90,0.062226,projetee
2083,F,91,0.074235,projetee
2083,F,92,0.088173,projetee
2083,F,93,0.104383,projetee
2083,F,94,0.125588,projetee
2083,F,95,0.149042,projetee
2083,F,96,0.171091,projetee
2083,F,97,0.198326,projetee
2083,F,98,0.221890,projetee
2083,F,99,0.240142,projetee
2083,H,0,0.001580,projetee
2083,H,1,0.000271,projetee
2083,H,10,0.000038,projetee
2083,H,100,0.305722,projetee
2083,H,101,0.321812,projetee
2083,H,102,0.336972,projetee
2083,H,103,0.351723,projetee
2083,H,104,0.366152,projetee
2083,H,105,0.380320,projetee
2083,H,106,0.394252,projetee
2083,H,107,0.407872,projetee
2083,H,108,0.421104,projetee
2083,H,109,0.433873,projetee
2083,H,11,0.000040,projetee
2083,H,110,0.446108,projetee
2083,H,111,0.461246,projetee
2083,H,112,0.479401,projetee
2083,H,113,0.497360,projetee
2083,H,114,0.506204,projetee
2083,H,115,0.506204,projetee
2083,H,116,0.506204,projetee
2083,H,117,0.506204,projetee
2083,H,118,0.506204,projetee
2083,H,119,0.506204,projetee
2083,H,12,0.000043,projetee
2083,H,120,0.506204,projetee
2083,H,13,0.000050,projetee
2083,H,14,0.000063,projetee
2083,H,15,0.000081,projetee
2083,H,16,0.000107,projetee
2083,H,17,0.000136,projetee
2083,H,18,0.000164,projetee
2083,H,19,0.000190,projetee
2083,H,2,0.000120,projetee
2083,H,20,0.000211,projetee
2083,H,21,0.000227,projetee
2083,H,22,0.000233,projetee
2083,H,23,0.000236,projetee
2083,H,24,0.000241,projetee
2083,H,25,0.000249,projetee
2083,H,26,0.000258,projetee
2083,H,27,0.000269,projetee
2083,H,28,0.000283,projetee
2083,H,29,0.000293,projetee
2083,H,3,0.000084,projetee
2083,H,30,0.000303,projetee
2083,H,31,0.000316,projetee
2083,H,32,0.000334,projetee
2083,H,33,0.000349,projetee
2083,H,34,0.000373,projetee
2083,H,35,0.000405,projetee
2083,H,36,0.000430,projetee
2083,H,37,0.000457,projetee
2083,H,38,0.000493,projetee
2083,H,39,0.000531,projetee
2083,H,4,0.000062,projetee
2083,H,40,0.000571,projetee
2083,H,41,0.000617,projetee
2083,H,42,0.000670,projetee
2083,H,43,0.000731,projetee
2083,H,44,0.000786,projetee
2083,H,45,0.000837,projetee
2083,H,46,0.000901,projetee
2083,H,47,0.000980,projetee
2083,H,48,0.001060,projetee
2083,H,49,0.001156,projetee
2083,H,5,0.000052,projetee
2083,H,50,0.001268,projetee
2083,H,51,0.001398,projetee
2083,H,52,0.001556,projetee
2083,H,53,0.001745,projetee
2083,H,54,0.001901,projetee
2083,H,55,0.002005,projetee
2083,H,56,0.002190,projetee
2083,H,57,0.002428,projetee
2083,H,58,0.002663,projetee
2083,H,59,0.002859,projetee
2083,H,6,0.000044,projetee
2083,H,60,0.003059,projetee
2083,H,61,0.003349,projetee
2083,H,62,0.003655,projetee
2083,H,63,0.004010,projetee
2083,H,64,0.004374,projetee
2083,H,65,0.004797,projetee
2083,H,66,0.005196,projetee
2083,H,67,0.005571,projetee
2083,H,68,0.006034,projetee
2083,H,69,0.006493,projetee
2083,H,7,0.000039,projetee
2083,H,70,0.007074,projetee
2083,H,71,0.007812,projetee
2083,H,72,0.008471,projetee
2083,H,73,0.009087,projetee
2083,H,74,0.009967,projetee
2083,H,75,0.010884,projetee
2083,H,76,0.011745,projetee
2083,H,77,0.012900,projetee
2083,H,78,0.014297,projetee
2083,H,79,0.015896,projetee
2083,H,8,0.000037,projetee
2083,H,80,0.017976,projetee
2083,H,81,0.020389,projetee
2083,H,82,0.023179,projetee
2083,H,83,0.026859,projetee
2083,H,84,0.031565,projetee
2083,H,85,0.036427,projetee
2083,H,86,0.041465,projetee
2083,H,87,0.047748,projetee
2083,H,88,0.054558,projetee
2083,H,89,0.063049,projetee
2083,H,9,0.000037,projetee
2083,H,90,0.074675,projetee
2083,H,91,0.089088,projetee
2083,H,92,0.105815,projetee
2083,H,93,0.125271,projetee
2083,H,94,0.150730,projetee
2083,H,95,0.178872,projetee
2083,H,96,0.205330,projetee
2083,H,97,0.238043,projetee
2083,H,98,0.266280,projetee
2083,H,99,0.286283,projetee
2084,F,0,0.001310,projetee
2084,F,1,0.000224,projetee
2084,F,10,0.000031,projetee
2084,F,100,0.258707,projetee
2084,F,101,0.275833,projetee
2084,F,102,0.292602,projetee
2084,F,103,0.309456,projetee
2084,F,104,0.326475,projetee
2084,F,105,0.343722,projetee
2084,F,106,0.361229,projetee
2084,F,107,0.378936,projetee
2084,F,108,0.396779,projetee
2084,F,109,0.414693,projetee
2084,F,11,0.000033,projetee
2084,F,110,0.432612,projetee
2084,F,111,0.450469,projetee
2084,F,112,0.468199,projetee
2084,F,113,0.485739,projetee
2084,F,114,0.494380,projetee
2084,F,115,0.494380,projetee
2084,F,116,0.494380,projetee
2084,F,117,0.494380,projetee
2084,F,118,0.494380,projetee
2084,F,119,0.494380,projetee
2084,F,12,0.000035,projetee
2084,F,120,0.494380,projetee
2084,F,13,0.000041,projetee
2084,F,14,0.000052,projetee
2084,F,15,0.000062,projetee
2084,F,16,0.000070,projetee
2084,F,17,0.000077,projetee
2084,F,18,0.000085,projetee
2084,F,19,0.000093,projetee
2084,F,2,0.000100,projetee
2084,F,20,0.000100,projetee
2084,F,21,0.000106,projetee
2084,F,22,0.000112,projetee
2084,F,23,0.000115,projetee
2084,F,24,0.000117,projetee
2084,F,25,0.000121,projetee
2084,F,26,0.000124,projetee
2084,F,27,0.000126,projetee
2084,F,28,0.000129,projetee
2084,F,29,0.000137,projetee
2084,F,3,0.000069,projetee
2084,F,30,0.000148,projetee
2084,F,31,0.000159,projetee
2084,F,32,0.000175,projetee
2084,F,33,0.000192,projetee
2084,F,34,0.000207,projetee
2084,F,35,0.000220,projetee
2084,F,36,0.000234,projetee
2084,F,37,0.000255,projetee
2084,F,38,0.000276,projetee
2084,F,39,0.000302,projetee
2084,F,4,0.000051,projetee
2084,F,40,0.000334,projetee
2084,F,41,0.000368,projetee
2084,F,42,0.000403,projetee
2084,F,43,0.000443,projetee
2084,F,44,0.000479,projetee
2084,F,45,0.000519,projetee
2084,F,46,0.000568,projetee
2084,F,47,0.000628,projetee
2084,F,48,0.000696,projetee
2084,F,49,0.000771,projetee
2084,F,5,0.000043,projetee
2084,F,50,0.000859,projetee
2084,F,51,0.000956,projetee
2084,F,52,0.001037,projetee
2084,F,53,0.001101,projetee
2084,F,54,0.001184,projetee
2084,F,55,0.001327,projetee
2084,F,56,0.001470,projetee
2084,F,57,0.001596,projetee
2084,F,58,0.001744,projetee
2084,F,59,0.001902,projetee
2084,F,6,0.000037,projetee
2084,F,60,0.002067,projetee
2084,F,61,0.002235,projetee
2084,F,62,0.002458,projetee
2084,F,63,0.002733,projetee
2084,F,64,0.002999,projetee
2084,F,65,0.003277,projetee
2084,F,66,0.003518,projetee
2084,F,67,0.003698,projetee
2084,F,68,0.003968,projetee
2084,F,69,0.004331,projetee
2084,F,7,0.000032,projetee
2084,F,70,0.004747,projetee
2084,F,71,0.005225,projetee
2084,F,72,0.005745,projetee
2084,F,73,0.006301,projetee
2084,F,74,0.006857,projetee
2084,F,75,0.007534,projetee
2084,F,76,0.008496,projetee
2084,F,77,0.009545,projetee
2084,F,78,0.010971,projetee
2084,F,79,0.012532,projetee
2084,F,8,0.000031,projetee
2084,F,80,0.014283,projetee
2084,F,81,0.016619,projetee
2084,F,82,0.019129,projetee
2084,F,83,0.022166,projetee
2084,F,84,0.026049,projetee
2084,F,85,0.030061,projetee
2084,F,86,0.034218,projetee
2084,F,87,0.039403,projetee
2084,F,88,0.045023,projetee
2084,F,89,0.052029,projetee
2084,F,9,0.000031,projetee
2084,F,90,0.061623,projetee
2084,F,91,0.073532,projetee
2084,F,92,0.087399,projetee
2084,F,93,0.103569,projetee
2084,F,94,0.124739,projetee
2084,F,95,0.148177,projetee
2084,F,96,0.170247,projetee
2084,F,97,0.197504,projetee
2084,F,98,0.221041,projetee
2084,F,99,0.239223,projetee
2084,H,0,0.001572,projetee
2084,H,1,0.000269,projetee
2084,H,10,0.000038,projetee
2084,H,100,0.304552,projetee
2084,H,101,0.320580,projetee
2084,H,102,0.335682,projetee
2084,H,103,0.350377,projetee
2084,H,104,0.364751,projetee
2084,H,105,0.378865,projetee
2084,H,106,0.392744,projetee
2084,H,107,0.406312,projetee
2084,H,108,0.419493,projetee
2084,H,109,0.432213,projetee
2084,H,11,0.000039,projetee
2084,H,110,0.444401,projetee
2084,H,111,0.459481,projetee
2084,H,112,0.477566,projetee
2084,H,113,0.495457,projetee
2084,H,114,0.504267,projetee
2084,H,115,0.504267,projetee
2084,H,116,0.504267,projetee
2084,H,117,0.504267,projetee
2084,H,118,0.504267,projetee
2084,H,119,0.504267,projetee
2084,H,12,0.000042,projetee
2084,H,120,0.504267,projetee
2084,H,13,0.000050,projetee
2084,H,14,0.000062,projetee
2084,H,15,0.000080,projetee
2084,H,16,0.000106,projetee
2084,H,17,0.000134,projetee
2084,H,18,0.000162,projetee
2084,H,19,0.000187,projetee
2084,H,2,0.000120,projetee
2084,H,20,0.000208,projetee
2084,H,21,0.000223,projetee
2084,H,22,0.000229,projetee
2084,H,23,0.000232,projetee
2084,H,24,0.000237,projetee
2084,H,25,0.000245,projetee
2084,H,26,0.000254,projetee
2084,H,27,0.000265,projetee
2084,H,28,0.000278,projetee
2084,H,29,0.000289,projetee
2084,H,3,0.000083,projetee
2084,H,30,0.000298,projetee
2084,H,31,0.000311,projetee
2084,H,32,0.000329,projetee
2084,H,33,0.000343,projetee
2084,H,34,0.000368,projetee
2084,H,35,0.000399,projetee
2084,H,36,0.000423,projetee
2084,H,37,0.000450,projetee
2084,H,38,0.000485,projetee
2084,H,39,0.000523,projetee
2084,H,4,0.000062,projetee
2084,H,40,0.000563,projetee
2084,H,41,0.000607,projetee
2084,H,42,0.000659,projetee
2084,H,43,0.000720,projetee
2084,H,44,0.000774,projetee
2084,H,45,0.000824,projetee
2084,H,46,0.000887,projetee
2084,H,47,0.000965,projetee
2084,H,48,0.001044,projetee
2084,H,49,0.001138,projetee
2084,H,5,0.000052,projetee
2084,H,50,0.001249,projetee
2084,H,51,0.001376,projetee
2084,H,52,0.001533,projetee
2084,H,53,0.001718,projetee
2084,H,54,0.001872,projetee
2084,H,55,0.001974,projetee
2084,H,56,0.002157,projetee
2084,H,57,0.002391,projetee
2084,H,58,0.002622,projetee
2084,H,59,0.002816,projetee
2084,H,6,0.000044,projetee
2084,H,60,0.003012,projetee
2084,H,61,0.003298,projetee
2084,H,62,0.003600,projetee
2084,H,63,0.003949,projetee
2084,H,64,0.004308,projetee
2084,H,65,0.004724,projetee
2084,H,66,0.005117,projetee
2084,H,67,0.005486,projetee
2084,H,68,0.005942,projetee
2084,H,69,0.006395,projetee
2084,H,7,0.000039,projetee
2084,H,70,0.006966,projetee
2084,H,71,0.007693,projetee
2084,H,72,0.008342,projetee
2084,H,73,0.008949,projetee
2084,H,74,0.009816,projetee
2084,H,75,0.010719,projetee
2084,H,76,0.011566,projetee
2084,H,77,0.012704,projetee
2084,H,78,0.014080,projetee
2084,H,79,0.015654,projetee
2084,H,8,0.000037,projetee
2084,H,80,0.017702,projetee
2084,H,81,0.020138,projetee
2084,H,82,0.022954,projetee
2084,H,83,0.026599,projetee
2084,H,84,0.031259,projetee
2084,H,85,0.036074,projetee
2084,H,86,0.041063,projetee
2084,H,87,0.047285,projetee
2084,H,88,0.054029,projetee
2084,H,89,0.062437,projetee
2084,H,9,0.000037,projetee
2084,H,90,0.073951,projetee
2084,H,91,0.088244,projetee
2084,H,92,0.104887,projetee
2084,H,93,0.124295,projetee
2084,H,94,0.149712,projetee
2084,H,95,0.177834,projetee
2084,H,96,0.204318,projetee
2084,H,97,0.237057,projetee
2084,H,98,0.265260,projetee
2084,H,99,0.285187,projetee
2085,F,0,0.001304,projetee
2085,F,1,0.000223,projetee
2085,F,10,0.000031,projetee
2085,F,100,0.257717,projetee
2085,F,101,0.274778,projetee
2085,F,102,0.291482,projetee
2085,F,103,0.308271,projetee
2085,F,104,0.325226,projetee
2085,F,105,0.342407,projetee
2085,F,106,0.359847,projetee
2085,F,107,0.377486,projetee
2085,F,108,0.395260,projetee
2085,F,109,0.413106,projetee
2085,F,11,0.000032,projetee
2085,F,110,0.430956,projetee
2085,F,111,0.448745,projetee
2085,F,112,0.466407,projetee
2085,F,113,0.483880,projetee
2085,F,114,0.492488,projetee
2085,F,115,0.492488,projetee
2085,F,116,0.492488,projetee
2085,F,117,0.492488,projetee
2085,F,118,0.492488,projetee
2085,F,119,0.492488,projetee
2085,F,12,0.000035,projetee
2085,F,120,0.492488,projetee
2085,F,13,0.000041,projetee
2085,F,14,0.000051,projetee
2085,F,15,0.000062,projetee
2085,F,16,0.000070,projetee
2085,F,17,0.000077,projetee
2085,F,18,0.000084,projetee
2085,F,19,0.000092,projetee
2085,F,2,0.000099,projetee
2085,F,20,0.000099,projetee
2085,F,21,0.000105,projetee
2085,F,22,0.000111,projetee
2085,F,23,0.000114,projetee
2085,F,24,0.000116,projetee
2085,F,25,0.000120,projetee
2085,F,26,0.000123,projetee
2085,F,27,0.000124,projetee
2085,F,28,0.000128,projetee
2085,F,29,0.000135,projetee
2085,F,3,0.000069,projetee
2085,F,30,0.000147,projetee
2085,F,31,0.000157,projetee
2085,F,32,0.000173,projetee
2085,F,33,0.000190,projetee
2085,F,34,0.000205,projetee
2085,F,35,0.000218,projetee
2085,F,36,0.000232,projetee
2085,F,37,0.000252,projetee
2085,F,38,0.000274,projetee
2085,F,39,0.000299,projetee
2085,F,4,0.000051,projetee
2085,F,40,0.000331,projetee
2085,F,41,0.000364,projetee
2085,F,42,0.000400,projetee
2085,F,43,0.000439,projetee
2085,F,44,0.000474,projetee
2085,F,45,0.000514,projetee
2085,F,46,0.000562,projetee
2085,F,47,0.000622,projetee
2085,F,48,0.000689,projetee
2085,F,49,0.000763,projetee
2085,F,5,0.000043,projetee
2085,F,50,0.000851,projetee
2085,F,51,0.000947,projetee
2085,F,52,0.001027,projetee
2085,F,53,0.001090,projetee
2085,F,54,0.001173,projetee
2085,F,55,0.001314,projetee
2085,F,56,0.001456,projetee
2085,F,57,0.001581,projetee
2085,F,58,0.001727,projetee
2085,F,59,0.001883,projetee
2085,F,6,0.000036,projetee
2085,F,60,0.002047,projetee
2085,F,61,0.002213,projetee
2085,F,62,0.002434,projetee
2085,F,63,0.002707,projetee
2085,F,64,0.002969,projetee
2085,F,65,0.003245,projetee
2085,F,66,0.003484,projetee
2085,F,67,0.003662,projetee
2085,F,68,0.003930,projetee
2085,F,69,0.004289,projetee
2085,F,7,0.000032,projetee
2085,F,70,0.004701,projetee
2085,F,71,0.005174,projetee
2085,F,72,0.005690,projetee
2085,F,73,0.006240,projetee
2085,F,74,0.006790,projetee
2085,F,75,0.007461,projetee
2085,F,76,0.008413,projetee
2085,F,77,0.009452,projetee
2085,F,78,0.010865,projetee
2085,F,79,0.012411,projetee
2085,F,8,0.000030,projetee
2085,F,80,0.014145,projetee
2085,F,81,0.016457,projetee
2085,F,82,0.018943,projetee
2085,F,83,0.021951,projetee
2085,F,84,0.025796,projetee
2085,F,85,0.029770,projetee
2085,F,86,0.033887,projetee
2085,F,87,0.039021,projetee
2085,F,88,0.044586,projetee
2085,F,89,0.051524,projetee
2085,F,9,0.000031,projetee
2085,F,90,0.061025,projetee
2085,F,91,0.072835,projetee
2085,F,92,0.086632,projetee
2085,F,93,0.102761,projetee
2085,F,94,0.123897,projetee
2085,F,95,0.147317,projetee
2085,F,96,0.169408,projetee
2085,F,97,0.196686,projetee
2085,F,98,0.220195,projetee
2085,F,99,0.238307,projetee
2085,H,0,0.001564,projetee
2085,H,1,0.000268,projetee
2085,H,10,0.000037,projetee
2085,H,100,0.303386,projetee
2085,H,101,0.319353,projetee
2085,H,102,0.334398,projetee
2085,H,103,0.349036,projetee
2085,H,104,0.363355,projetee
2085,H,105,0.377415,projetee
2085,H,106,0.391241,projetee
2085,H,107,0.404757,projetee
2085,H,108,0.417887,projetee
2085,H,109,0.430559,projetee
2085,H,11,0.000039,projetee
2085,H,110,0.442700,projetee
2085,H,111,0.457723,projetee
2085,H,112,0.475738,projetee
2085,H,113,0.493561,projetee
2085,H,114,0.502338,projetee
2085,H,115,0.502338,projetee
2085,H,116,0.502338,projetee
2085,H,117,0.502338,projetee
2085,H,118,0.502338,projetee
2085,H,119,0.502338,projetee
2085,H,12,0.000042,projetee
2085,H,120,0.502338,projetee
2085,H,13,0.000049,projetee
2085,H,14,0.000061,projetee
2085,H,15,0.000079,projetee
2085,H,16,0.000104,projetee
2085,H,17,0.000132,projetee
2085,H,18,0.000160,projetee
2085,H,19,0.000184,projetee
2085,H,2,0.000119,projetee
2085,H,20,0.000205,projetee
2085,H,21,0.000220,projetee
2085,H,22,0.000226,projetee
2085,H,23,0.000229,projetee
2085,H,24,0.000234,projetee
2085,H,25,0.000241,projetee
2085,H,26,0.000250,projetee
2085,H,27,0.000261,projetee
2085,H,28,0.000274,projetee
2085,H,29,0.000285,projetee
2085,H,3,0.000083,projetee
2085,H,30,0.000293,projetee
2085,H,31,0.000306,projetee
2085,H,32,0.000324,projetee
2085,H,33,0.000338,projetee
2085,H,34,0.000362,projetee
2085,H,35,0.000392,projetee
2085,H,36,0.000417,projetee
2085,H,37,0.000443,projetee
2085,H,38,0.000478,projetee
2085,H,39,0.000515,projetee
2085,H,4,0.000061,projetee
2085,H,40,0.000554,projetee
2085,H,41,0.000598,projetee
2085,H,42,0.000649,projetee
2085,H,43,0.000709,projetee
2085,H,44,0.000762,projetee
2085,H,45,0.000812,projetee
2085,H,46,0.000874,projetee
2085,H,47,0.000950,projetee
2085,H,48,0.001028,projetee
2085,H,49,0.001121,projetee
2085,H,5,0.000051,projetee
2085,H,50,0.001230,projetee
2085,H,51,0.001356,projetee
2085,H,52,0.001509,projetee
2085,H,53,0.001692,projetee
2085,H,54,0.001843,projetee
2085,H,55,0.001944,projetee
2085,H,56,0.002124,projetee
2085,H,57,0.002355,projetee
2085,H,58,0.002583,projetee
2085,H,59,0.002773,projetee
2085,H,6,0.000044,projetee
2085,H,60,0.002967,projetee
2085,H,61,0.003248,projetee
2085,H,62,0.003545,projetee
2085,H,63,0.003888,projetee
2085,H,64,0.004242,projetee
2085,H,65,0.004652,projetee
2085,H,66,0.005040,projetee
2085,H,67,0.005402,projetee
2085,H,68,0.005851,projetee
2085,H,69,0.006297,projetee
2085,H,7,0.000038,projetee
2085,H,70,0.006860,projetee
2085,H,71,0.007576,projetee
2085,H,72,0.008215,projetee
2085,H,73,0.008813,projetee
2085,H,74,0.009666,projetee
2085,H,75,0.010556,projetee
2085,H,76,0.011390,projetee
2085,H,77,0.012511,projetee
2085,H,78,0.013866,projetee
2085,H,79,0.015416,projetee
2085,H,8,0.000036,projetee
2085,H,80,0.017433,projetee
2085,H,81,0.019891,projetee
2085,H,82,0.022732,projetee
2085,H,83,0.026341,projetee
2085,H,84,0.030956,projetee
2085,H,85,0.035724,projetee
2085,H,86,0.040665,projetee
2085,H,87,0.046827,projetee
2085,H,88,0.053505,projetee
2085,H,89,0.061832,projetee
2085,H,9,0.000037,projetee
2085,H,90,0.073234,projetee
2085,H,91,0.087408,projetee
2085,H,92,0.103966,projetee
2085,H,93,0.123325,projetee
2085,H,94,0.148700,projetee
2085,H,95,0.176802,projetee
2085,H,96,0.203312,projetee
2085,H,97,0.236075,projetee
2085,H,98,0.264245,projetee
2085,H,99,0.284095,projetee
2086,F,0,0.001297,projetee
2086,F,1,0.000222,projetee
2086,F,10,0.000031,projetee
2086,F,100,0.256731,projetee
2086,F,101,0.273726,projetee
2086,F,102,0.290366,projetee
2086,F,103,0.307092,projetee
2086,F,104,0.323981,projetee
2086,F,105,0.341096,projetee
2086,F,106,0.358470,projetee
2086,F,107,0.376041,projetee
2086,F,108,0.393748,projetee
2086,F,109,0.411525,projetee
2086,F,11,0.000032,projetee
2086,F,110,0.429307,projetee
2086,F,111,0.447028,projetee
2086,F,112,0.464622,projetee
2086,F,113,0.482028,projetee
2086,F,114,0.490604,projetee
2086,F,115,0.490604,projetee
2086,F,116,0.490604,projetee
2086,F,117,0.490604,projetee
2086,F,118,0.490604,projetee
2086,F,119,0.490604,projetee
2086,F,12,0.000035,projetee
2086,F,120,0.490604,projetee
2086,F,13,0.000041,projetee
2086,F,14,0.000051,projetee
2086,F,15,0.000061,projetee
2086,F,16,0.000069,projetee
2086,F,17,0.000076,projetee
2086,F,18,0.000083,projetee
2086,F,19,0.000091,projetee
2086,F,2,0.000098,projetee
2086,F,20,0.000098,projetee
2086,F,21,0.000104,projetee
2086,F,22,0.000110,projetee
2086,F,23,0.000113,projetee
2086,F,24,0.000115,projetee
2086,F,25,0.000119,projetee
2086,F,26,0.000122,projetee
2086,F,27,0.000123,projetee
2086,F,28,0.000126,projetee
2086,F,29,0.000134,projetee
2086,F,3,0.000068,projetee
2086,F,30,0.000145,projetee
2086,F,31,0.000156,projetee
2086,F,32,0.000172,projetee
2086,F,33,0.000188,projetee
2086,F,34,0.000203,projetee
2086,F,35,0.000215,projetee
2086,F,36,0.000230,projetee
2086,F,37,0.000250,projetee
2086,F,38,0.000271,projetee
2086,F,39,0.000296,projetee
2086,F,4,0.000051,projetee
2086,F,40,0.000327,projetee
2086,F,41,0.000361,projetee
2086,F,42,0.000396,projetee
2086,F,43,0.000435,projetee
2086,F,44,0.000470,projetee
2086,F,45,0.000509,projetee
2086,F,46,0.000557,projetee
2086,F,47,0.000616,projetee
2086,F,48,0.000682,projetee
2086,F,49,0.000756,projetee
2086,F,5,0.000042,projetee
2086,F,50,0.000843,projetee
2086,F,51,0.000938,projetee
2086,F,52,0.001017,projetee
2086,F,53,0.001080,projetee
2086,F,54,0.001161,projetee
2086,F,55,0.001301,projetee
2086,F,56,0.001442,projetee
2086,F,57,0.001565,projetee
2086,F,58,0.001710,projetee
2086,F,59,0.001865,projetee
2086,F,6,0.000036,projetee
2086,F,60,0.002027,projetee
2086,F,61,0.002192,projetee
2086,F,62,0.002410,projetee
2086,F,63,0.002680,projetee
2086,F,64,0.002941,projetee
2086,F,65,0.003214,projetee
2086,F,66,0.003450,projetee
2086,F,67,0.003627,projetee
2086,F,68,0.003892,projetee
2086,F,69,0.004247,projetee
2086,F,7,0.000032,projetee
2086,F,70,0.004655,projetee
2086,F,71,0.005124,projetee
2086,F,72,0.005635,projetee
2086,F,73,0.006179,projetee
2086,F,74,0.006724,projetee
2086,F,75,0.007389,projetee
2086,F,76,0.008332,projetee
2086,F,77,0.009360,projetee
2086,F,78,0.010760,projetee
2086,F,79,0.012290,projetee
2086,F,8,0.000030,projetee
2086,F,80,0.014008,projetee
2086,F,81,0.016298,projetee
2086,F,82,0.018759,projetee
2086,F,83,0.021738,projetee
2086,F,84,0.025546,projetee
2086,F,85,0.029481,projetee
2086,F,86,0.033558,projetee
2086,F,87,0.038643,projetee
2086,F,88,0.044154,projetee
2086,F,89,0.051025,projetee
2086,F,9,0.000030,projetee
2086,F,90,0.060433,projetee
2086,F,91,0.072145,projetee
2086,F,92,0.085872,projetee
2086,F,93,0.101960,projetee
2086,F,94,0.123060,projetee
2086,F,95,0.146462,projetee
2086,F,96,0.168574,projetee
2086,F,97,0.195871,projetee
2086,F,98,0.219352,projetee
2086,F,99,0.237395,projetee
2086,H,0,0.001557,projetee
2086,H,1,0.000266,projetee
2086,H,10,0.000037,projetee
2086,H,100,0.302225,projetee
2086,H,101,0.318131,projetee
2086,H,102,0.333118,projetee
2086,H,103,0.347700,projetee
2086,H,104,0.361965,projetee
2086,H,105,0.375971,projetee
2086,H,106,0.389743,projetee
2086,H,107,0.403208,projetee
2086,H,108,0.416288,projetee
2086,H,109,0.428911,projetee
2086,H,11,0.000038,projetee
2086,H,110,0.441006,projetee
2086,H,111,0.455971,projetee
2086,H,112,0.473918,projetee
2086,H,113,0.491672,projetee
2086,H,114,0.500416,projetee
2086,H,115,0.500416,projetee
2086,H,116,0.500416,projetee
2086,H,117,0.500416,projetee
2086,H,118,0.500416,projetee
2086,H,119,0.500416,projetee
2086,H,12,0.000041,projetee
2086,H,120,0.500416,projetee
2086,H,13,0.000049,projetee
2086,H,14,0.000061,projetee
2086,H,15,0.000078,projetee
2086,H,16,0.000102,projetee
2086,H,17,0.000130,projetee
2086,H,18,0.000157,projetee
2086,H,19,0.000181,projetee
2086,H,2,0.000118,projetee
2086,H,20,0.000202,projetee
2086,H,21,0.000216,projetee
2086,H,22,0.000223,projetee
2086,H,23,0.000225,projetee
2086,H,24,0.000230,projetee
2086,H,25,0.000238,projetee
2086,H,26,0.000246,projetee
2086,H,27,0.000257,projetee
2086,H,28,0.000270,projetee
2086,H,29,0.000280,projetee
2086,H,3,0.000082,projetee
2086,H,30,0.000289,projetee
2086,H,31,0.000301,projetee
2086,H,32,0.000319,projetee
2086,H,33,0.000333,projetee
2086,H,34,0.000357,projetee
2086,H,35,0.000387,projetee
2086,H,36,0.000410,projetee
2086,H,37,0.000437,projetee
2086,H,38,0.000471,projetee
2086,H,39,0.000508,projetee
2086,H,4,0.000061,projetee
2086,H,40,0.000546,projetee
2086,H,41,0.000589,projetee
2086,H,42,0.000640,projetee
2086,H,43,0.000698,projetee
2086,H,44,0.000750,projetee
2086,H,45,0.000799,projetee
2086,H,46,0.000860,projetee
2086,H,47,0.000936,projetee
2086,H,48,0.001012,projetee
2086,H,49,0.001104,projetee
2086,H,5,0.000051,projetee
2086,H,50,0.001211,projetee
2086,H,51,0.001335,projetee
2086,H,52,0.001487,projetee
2086,H,53,0.001666,projetee
2086,H,54,0.001815,projetee
2086,H,55,0.001915,projetee
2086,H,56,0.002092,projetee
2086,H,57,0.002319,projetee
2086,H,58,0.002543,projetee
2086,H,59,0.002731,projetee
2086,H,6,0.000043,projetee
2086,H,60,0.002921,projetee
2086,H,61,0.003199,projetee
2086,H,62,0.003491,projetee
2086,H,63,0.003829,projetee
2086,H,64,0.004177,projetee
2086,H,65,0.004581,projetee
2086,H,66,0.004963,projetee
2086,H,67,0.005320,projetee
2086,H,68,0.005762,projetee
2086,H,69,0.006201,projetee
2086,H,7,0.000038,projetee
2086,H,70,0.006756,projetee
2086,H,71,0.007461,projetee
2086,H,72,0.008090,projetee
2086,H,73,0.008679,projetee
2086,H,74,0.009519,projetee
2086,H,75,0.010395,projetee
2086,H,76,0.011217,projetee
2086,H,77,0.012320,projetee
2086,H,78,0.013655,projetee
2086,H,79,0.015181,projetee
2086,H,8,0.000036,projetee
2086,H,80,0.017167,projetee
2086,H,81,0.019647,projetee
2086,H,82,0.022511,projetee
2086,H,83,0.026086,projetee
2086,H,84,0.030656,projetee
2086,H,85,0.035378,projetee
2086,H,86,0.040270,projetee
2086,H,87,0.046373,projetee
2086,H,88,0.052986,projetee
2086,H,89,0.061232,projetee
2086,H,9,0.000036,projetee
2086,H,90,0.072524,projetee
2086,H,91,0.086581,projetee
2086,H,92,0.103054,projetee
2086,H,93,0.122364,projetee
2086,H,94,0.147696,projetee
2086,H,95,0.175776,projetee
2086,H,96,0.202310,projetee
2086,H,97,0.235098,projetee
2086,H,98,0.263234,projetee
2086,H,99,0.283008,projetee
2087,F,0,0.001291,projetee
2087,F,1,0.000220,projetee
2087,F,10,0.000030,projetee
2087,F,100,0.255748,projetee
2087,F,101,0.272678,projetee
2087,F,102,0.289255,projetee
2087,F,103,0.305916,projetee
2087,F,104,0.322741,projetee
2087,F,105,0.339791,projetee
2087,F,106,0.357098,projetee
2087,F,107,0.374602,projetee
2087,F,108,0.392241,projetee
2087,F,109,0.409950,projetee
2087,F,11,0.000032,projetee
2087,F,110,0.427664,projetee
2087,F,111,0.445317,projetee
2087,F,112,0.462844,projetee
2087,F,113,0.480183,projetee
2087,F,114,0.488726,projetee
2087,F,115,0.488726,projetee
2087,F,116,0.488726,projetee
2087,F,117,0.488726,projetee
2087,F,118,0.488726,projetee
2087,F,119,0.488726,projetee
2087,F,12,0.000034,projetee
2087,F,120,0.488726,projetee
2087,F,13,0.000040,projetee
2087,F,14,0.000050,projetee
2087,F,15,0.000060,projetee
2087,F,16,0.000068,projetee
2087,F,17,0.000075,projetee
2087,F,18,0.000083,projetee
2087,F,19,0.000090,projetee
2087,F,2,0.000098,projetee
2087,F,20,0.000097,projetee
2087,F,21,0.000103,projetee
2087,F,22,0.000109,projetee
2087,F,23,0.000112,projetee
2087,F,24,0.000114,projetee
2087,F,25,0.000117,projetee
2087,F,26,0.000120,projetee
2087,F,27,0.000122,projetee
2087,F,28,0.000125,projetee
2087,F,29,0.000133,projetee
2087,F,3,0.000068,projetee
2087,F,30,0.000144,projetee
2087,F,31,0.000154,projetee
2087,F,32,0.000170,projetee
2087,F,33,0.000187,projetee
2087,F,34,0.000201,projetee
2087,F,35,0.000213,projetee
2087,F,36,0.000228,projetee
2087,F,37,0.000247,projetee
2087,F,38,0.000268,projetee
2087,F,39,0.000293,projetee
2087,F,4,0.000050,projetee
2087,F,40,0.000324,projetee
2087,F,41,0.000357,projetee
2087,F,42,0.000392,projetee
2087,F,43,0.000430,projetee
2087,F,44,0.000465,projetee
2087,F,45,0.000504,projetee
2087,F,46,0.000551,projetee
2087,F,47,0.000610,projetee
2087,F,48,0.000676,projetee
2087,F,49,0.000749,projetee
2087,F,5,0.000042,projetee
2087,F,50,0.000835,projetee
2087,F,51,0.000929,projetee
2087,F,52,0.001007,projetee
2087,F,53,0.001069,projetee
2087,F,54,0.001150,projetee
2087,F,55,0.001288,projetee
2087,F,56,0.001428,projetee
2087,F,57,0.001550,projetee
2087,F,58,0.001694,projetee
2087,F,59,0.001847,projetee
2087,F,6,0.000036,projetee
2087,F,60,0.002007,projetee
2087,F,61,0.002171,projetee
2087,F,62,0.002387,projetee
2087,F,63,0.002654,projetee
2087,F,64,0.002912,projetee
2087,F,65,0.003183,projetee
2087,F,66,0.003416,projetee
2087,F,67,0.003592,projetee
2087,F,68,0.003854,projetee
2087,F,69,0.004206,projetee
2087,F,7,0.000031,projetee
2087,F,70,0.004610,projetee
2087,F,71,0.005075,projetee
2087,F,72,0.005580,projetee
2087,F,73,0.006119,projetee
2087,F,74,0.006659,projetee
2087,F,75,0.007317,projetee
2087,F,76,0.008251,projetee
2087,F,77,0.009270,projetee
2087,F,78,0.010655,projetee
2087,F,79,0.012171,projetee
2087,F,8,0.000030,projetee
2087,F,80,0.013872,projetee
2087,F,81,0.016140,projetee
2087,F,82,0.018577,projetee
2087,F,83,0.021527,projetee
2087,F,84,0.025298,projetee
2087,F,85,0.029195,projetee
2087,F,86,0.033233,projetee
2087,F,87,0.038268,projetee
2087,F,88,0.043726,projetee
2087,F,89,0.050530,projetee
2087,F,9,0.000030,projetee
2087,F,90,0.059847,projetee
2087,F,91,0.071462,projetee
2087,F,92,0.085119,projetee
2087,F,93,0.101165,projetee
2087,F,94,0.122229,projetee
2087,F,95,0.145612,projetee
2087,F,96,0.167743,projetee
2087,F,97,0.195060,projetee
2087,F,98,0.218513,projetee
2087,F,99,0.236486,projetee
2087,H,0,0.001549,projetee
2087,H,1,0.000265,projetee
2087,H,10,0.000037,projetee
2087,H,100,0.301069,projetee
2087,H,101,0.316914,projetee
2087,H,102,0.331843,projetee
2087,H,103,0.346370,projetee
2087,H,104,0.360580,projetee
2087,H,105,0.374532,projetee
2087,H,106,0.388252,projetee
2087,H,107,0.401665,projetee
2087,H,108,0.414695,projetee
2087,H,109,0.427270,projetee
2087,H,11,0.000038,projetee
2087,H,110,0.439319,projetee
2087,H,111,0.454226,projetee
2087,H,112,0.472104,projetee
2087,H,113,0.489790,projetee
2087,H,114,0.498501,projetee
2087,H,115,0.498501,projetee
2087,H,116,0.498501,projetee
2087,H,117,0.498501,projetee
2087,H,118,0.498501,projetee
2087,H,119,0.498501,projetee
2087,H,12,0.000041,projetee
2087,H,120,0.498501,projetee
2087,H,13,0.000048,projetee
2087,H,14,0.000060,projetee
2087,H,15,0.000077,projetee
2087,H,16,0.000101,projetee
2087,H,17,0.000128,projetee
2087,H,18,0.000155,projetee
2087,H,19,0.000178,projetee
2087,H,2,0.000117,projetee
2087,H,20,0.000199,projetee
2087,H,21,0.000213,projetee
2087,H,22,0.000219,projetee
2087,H,23,0.000222,projetee
2087,H,24,0.000227,projetee
2087,H,25,0.000234,projetee
2087,H,26,0.000243,projetee
2087,H,27,0.000253,projetee
2087,H,28,0.000266,projetee
2087,H,29,0.000276,projetee
2087,H,3,0.000081,projetee
2087,H,30,0.000285,projetee
2087,H,31,0.000297,projetee
2087,H,32,0.000314,projetee
2087,H,33,0.000328,projetee
2087,H,34,0.000351,projetee
2087,H,35,0.000381,projetee
2087,H,36,0.000404,projetee
2087,H,37,0.000430,projetee
2087,H,38,0.000463,projetee
2087,H,39,0.000500,projetee
2087,H,4,0.000060,projetee
2087,H,40,0.000537,projetee
2087,H,41,0.000580,projetee
2087,H,42,0.000630,projetee
2087,H,43,0.000687,projetee
2087,H,44,0.000739,projetee
2087,H,45,0.000787,projetee
2087,H,46,0.000847,projetee
2087,H,47,0.000921,projetee
2087,H,48,0.000997,projetee
2087,H,49,0.001087,projetee
2087,H,5,0.000050,projetee
2087,H,50,0.001193,projetee
2087,H,51,0.001315,projetee
2087,H,52,0.001464,projetee
2087,H,53,0.001641,projetee
2087,H,54,0.001788,projetee
2087,H,55,0.001886,projetee
2087,H,56,0.002060,projetee
2087,H,57,0.002284,projetee
2087,H,58,0.002505,projetee
2087,H,59,0.002689,projetee
2087,H,6,0.000043,projetee
2087,H,60,0.002877,projetee
2087,H,61,0.003150,projetee
2087,H,62,0.003438,projetee
2087,H,63,0.003771,projetee
2087,H,64,0.004114,projetee
2087,H,65,0.004511,projetee
2087,H,66,0.004887,projetee
2087,H,67,0.005239,projetee
2087,H,68,0.005675,projetee
2087,H,69,0.006107,projetee
2087,H,7,0.000038,projetee
2087,H,70,0.006653,projetee
2087,H,71,0.007347,projetee
2087,H,72,0.007967,projetee
2087,H,73,0.008547,projetee
2087,H,74,0.009374,projetee
2087,H,75,0.010237,projetee
2087,H,76,0.011046,projetee
2087,H,77,0.012133,projetee
2087,H,78,0.013447,projetee
2087,H,79,0.014950,projetee
2087,H,8,0.000036,projetee
2087,H,80,0.016906,projetee
2087,H,81,0.019406,projetee
2087,H,82,0.022293,projetee
2087,H,83,0.025833,projetee
2087,H,84,0.030359,projetee
2087,H,85,0.035035,projetee
2087,H,86,0.039880,projetee
2087,H,87,0.045923,projetee
2087,H,88,0.052472,projetee
2087,H,89,0.060638,projetee
2087,H,9,0.000036,projetee
2087,H,90,0.071820,projetee
2087,H,91,0.085761,projetee
2087,H,92,0.102150,projetee
2087,H,93,0.121410,projetee
2087,H,94,0.146698,projetee
2087,H,95,0.174756,projetee
2087,H,96,0.201313,projetee
2087,H,97,0.234124,projetee
2087,H,98,0.262226,projetee
2087,H,99,0.281925,projetee
2088,F,0,0.001284,projetee
2088,F,1,0.000219,projetee
2088,F,10,0.000030,projetee
2088,F,100,0.254770,projetee
2088,F,101,0.271635,projetee
2088,F,102,0.288148,projetee
2088,F,103,0.304746,projetee
2088,F,104,0.321506,projetee
2088,F,105,0.338491,projetee
2088,F,106,0.355731,projetee
2088,F,107,0.373168,projetee
2088,F,108,0.390739,projetee
2088,F,109,0.408381,projetee
2088,F,11,0.000031,projetee
2088,F,110,0.426027,projetee
2088,F,111,0.443612,projetee
2088,F,112,0.461073,projetee
2088,F,113,0.478345,projetee
2088,F,114,0.486857,projetee
2088,F,115,0.486857,projetee
2088,F,116,0.486857,projetee
2088,F,117,0.486857,projetee
2088,F,118,0.486857,projetee
2088,F,119,0.486857,projetee
2088,F,12,0.000034,projetee
2088,F,120,0.486857,projetee
2088,F,13,0.000040,projetee
2088,F,14,0.000050,projetee
2088,F,15,0.000060,projetee
2088,F,16,0.000068,projetee
2088,F,17,0.000074,projetee
2088,F,18,0.000082,projetee
2088,F,19,0.000089,projetee
2088,F,2,0.000097,projetee
2088,F,20,0.000096,projetee
2088,F,21,0.000102,projetee
2088,F,22,0.000108,projetee
2088,F,23,0.000111,projetee
2088,F,24,0.000112,projetee
2088,F,25,0.000116,projetee
2088,F,26,0.000119,projetee
2088,F,27,0.000121,projetee
2088,F,28,0.000124,projetee
2088,F,29,0.000131,projetee
2088,F,3,0.000067,projetee
2088,F,30,0.000143,projetee
2088,F,31,0.000153,projetee
2088,F,32,0.000168,projetee
2088,F,33,0.000185,projetee
2088,F,34,0.000199,projetee
2088,F,35,0.000211,projetee
2088,F,36,0.000225,projetee
2088,F,37,0.000245,projetee
2088,F,38,0.000266,projetee
2088,F,39,0.000290,projetee
2088,F,4,0.000050,projetee
2088,F,40,0.000321,projetee
2088,F,41,0.000354,projetee
2088,F,42,0.000388,projetee
2088,F,43,0.000426,projetee
2088,F,44,0.000461,projetee
2088,F,45,0.000499,projetee
2088,F,46,0.000546,projetee
2088,F,47,0.000604,projetee
2088,F,48,0.000669,projetee
2088,F,49,0.000741,projetee
2088,F,5,0.000042,projetee
2088,F,50,0.000827,projetee
2088,F,51,0.000920,projetee
2088,F,52,0.000998,projetee
2088,F,53,0.001059,projetee
2088,F,54,0.001139,projetee
2088,F,55,0.001276,projetee
2088,F,56,0.001414,projetee
2088,F,57,0.001535,projetee
2088,F,58,0.001677,projetee
2088,F,59,0.001829,projetee
2088,F,6,0.000035,projetee
2088,F,60,0.001988,projetee
2088,F,61,0.002150,projetee
2088,F,62,0.002364,projetee
2088,F,63,0.002629,projetee
2088,F,64,0.002884,projetee
2088,F,65,0.003152,projetee
2088,F,66,0.003383,projetee
2088,F,67,0.003557,projetee
2088,F,68,0.003817,projetee
2088,F,69,0.004165,projetee
2088,F,7,0.000031,projetee
2088,F,70,0.004565,projetee
2088,F,71,0.005025,projetee
2088,F,72,0.005526,projetee
2088,F,73,0.006060,projetee
2088,F,74,0.006595,projetee
2088,F,75,0.007246,projetee
2088,F,76,0.008171,projetee
2088,F,77,0.009180,projetee
2088,F,78,0.010552,projetee
2088,F,79,0.012053,projetee
2088,F,8,0.000030,projetee
2088,F,80,0.013738,projetee
2088,F,81,0.015983,projetee
2088,F,82,0.018397,projetee
2088,F,83,0.021318,projetee
2088,F,84,0.025053,projetee
2088,F,85,0.028912,projetee
2088,F,86,0.032910,projetee
2088,F,87,0.037897,projetee
2088,F,88,0.043302,projetee
2088,F,89,0.050040,projetee
2088,F,9,0.000030,projetee
2088,F,90,0.059267,projetee
2088,F,91,0.070786,projetee
2088,F,92,0.084372,projetee
2088,F,93,0.100376,projetee
2088,F,94,0.121403,projetee
2088,F,95,0.144767,projetee
2088,F,96,0.166916,projetee
2088,F,97,0.194252,projetee
2088,F,98,0.217677,projetee
2088,F,99,0.235581,projetee
2088,H,0,0.001541,projetee
2088,H,1,0.000263,projetee
2088,H,10,0.000036,projetee
2088,H,100,0.299916,projetee
2088,H,101,0.315701,projetee
2088,H,102,0.330573,projetee
2088,H,103,0.345044,projetee
2088,H,104,0.359200,projetee
2088,H,105,0.373099,projetee
2088,H,106,0.386766,projetee
2088,H,107,0.400128,projetee
2088,H,108,0.413108,projetee
2088,H,109,0.425635,projetee
2088,H,11,0.000038,projetee
2088,H,110,0.437637,projetee
2088,H,111,0.452487,projetee
2088,H,112,0.470297,projetee
2088,H,113,0.487915,projetee
2088,H,114,0.496594,projetee
2088,H,115,0.496594,projetee
2088,H,116,0.496594,projetee
2088,H,117,0.496594,projetee
2088,H,118,0.496594,projetee
2088,H,119,0.496594,projetee
2088,H,12,0.000041,projetee
2088,H,120,0.496594,projetee
2088,H,13,0.000048,projetee
2088,H,14,0.000060,projetee
2088,H,15,0.000076,projetee
2088,H,16,0.000099,projetee
2088,H,17,0.000126,projetee
2088,H,18,0.000152,projetee
2088,H,19,0.000176,projetee
2088,H,2,0.000116,projetee
2088,H,20,0.000196,projetee
2088,H,21,0.000210,projetee
2088,H,22,0.000216,projetee
2088,H,23,0.000219,projetee
2088,H,24,0.000223,projetee
2088,H,25,0.000230,projetee
2088,H,26,0.000239,projetee
2088,H,27,0.000249,projetee
2088,H,28,0.000262,projetee
2088,H,29,0.000272,projetee
2088,H,3,0.000081,projetee
2088,H,30,0.000280,projetee
2088,H,31,0.000292,projetee
2088,H,32,0.000309,projetee
2088,H,33,0.000323,projetee
2088,H,34,0.000346,projetee
2088,H,35,0.000375,projetee
2088,H,36,0.000398,projetee
2088,H,37,0.000423,projetee
2088,H,38,0.000456,projetee
2088,H,39,0.000492,projetee
2088,H,4,0.000060,projetee
2088,H,40,0.000529,projetee
2088,H,41,0.000571,projetee
2088,H,42,0.000620,projetee
2088,H,43,0.000677,projetee
2088,H,44,0.000728,projetee
2088,H,45,0.000775,projetee
2088,H,46,0.000834,projetee
2088,H,47,0.000907,projetee
2088,H,48,0.000981,projetee
2088,H,49,0.001070,projetee
2088,H,5,0.000050,projetee
2088,H,50,0.001175,projetee
2088,H,51,0.001295,projetee
2088,H,52,0.001442,projetee
2088,H,53,0.001616,projetee
2088,H,54,0.001761,projetee
2088,H,55,0.001857,projetee
2088,H,56,0.002028,projetee
2088,H,57,0.002249,projetee
2088,H,58,0.002466,projetee
2088,H,59,0.002648,projetee
2088,H,6,0.000042,projetee
2088,H,60,0.002833,projetee
2088,H,61,0.003102,projetee
2088,H,62,0.003385,projetee
2088,H,63,0.003714,projetee
2088,H,64,0.004051,projetee
2088,H,65,0.004443,projetee
2088,H,66,0.004813,projetee
2088,H,67,0.005159,projetee
2088,H,68,0.005588,projetee
2088,H,69,0.006014,projetee
2088,H,7,0.000037,projetee
2088,H,70,0.006552,projetee
2088,H,71,0.007235,projetee
2088,H,72,0.007846,projetee
2088,H,73,0.008417,projetee
2088,H,74,0.009232,projetee
2088,H,75,0.010081,projetee
2088,H,76,0.010878,projetee
2088,H,77,0.011948,projetee
2088,H,78,0.013242,projetee
2088,H,79,0.014723,projetee
2088,H,8,0.000035,projetee
2088,H,80,0.016661,projetee
2088,H,81,0.019180,projetee
2088,H,82,0.022077,projetee
2088,H,83,0.025582,projetee
2088,H,84,0.030064,projetee
2088,H,85,0.034695,projetee
2088,H,86,0.039493,projetee
2088,H,87,0.045478,projetee
2088,H,88,0.051963,projetee
2088,H,89,0.060050,projetee
2088,H,9,0.000036,projetee
2088,H,90,0.071124,projetee
2088,H,91,0.084948,projetee
2088,H,92,0.101254,projetee
2088,H,93,0.120463,projetee
2088,H,94,0.145708,projetee
2088,H,95,0.173741,projetee
2088,H,96,0.200321,projetee
2088,H,97,0.233154,projetee
2088,H,98,0.261223,projetee
2088,H,99,0.280845,projetee
2089,F,0,0.001278,projetee
2089,F,1,0.000218,projetee
2089,F,10,0.000030,projetee
2089,F,100,0.253795,projetee
2089,F,101,0.270595,projetee
2089,F,102,0.287046,projetee
2089,F,103,0.303579,projetee
2089,F,104,0.320276,projetee
2089,F,105,0.337195,projetee
2089,F,106,0.354370,projetee
2089,F,107,0.371740,projetee
2089,F,108,0.389244,projetee
2089,F,109,0.406818,projetee
2089,F,11,0.000031,projetee
2089,F,110,0.424396,projetee
2089,F,111,0.441915,projetee
2089,F,112,0.459308,projetee
2089,F,113,0.476515,projetee
2089,F,114,0.484994,projetee
2089,F,115,0.484994,projetee
2089,F,116,0.484994,projetee
2089,F,117,0.484994,projetee
2089,F,118,0.484994,projetee
2089,F,119,0.484994,projetee
2089,F,12,0.000034,projetee
2089,F,120,0.484994,projetee
2089,F,13,0.000039,projetee
2089,F,14,0.000049,projetee
2089,F,15,0.000059,projetee
2089,F,16,0.000067,projetee
2089,F,17,0.000074,projetee
2089,F,18,0.000081,projetee
2089,F,19,0.000089,projetee
2089,F,2,0.000096,projetee
2089,F,20,0.000095,projetee
2089,F,21,0.000101,projetee
2089,F,22,0.000107,projetee
2089,F,23,0.000109,projetee
2089,F,24,0.000111,projetee
2089,F,25,0.000115,projetee
2089,F,26,0.000118,projetee
2089,F,27,0.000120,projetee
2089,F,28,0.000123,projetee
2089,F,29,0.000130,projetee
2089,F,3,0.000067,projetee
2089,F,30,0.000141,projetee
2089,F,31,0.000151,projetee
2089,F,32,0.000167,projetee
2089,F,33,0.000183,projetee
2089,F,34,0.000197,projetee
2089,F,35,0.000209,projetee
2089,F,36,0.000223,projetee
2089,F,37,0.000243,projetee
2089,F,38,0.000263,projetee
2089,F,39,0.000288,projetee
2089,F,4,0.000049,projetee
2089,F,40,0.000318,projetee
2089,F,41,0.000350,projetee
2089,F,42,0.000384,projetee
2089,F,43,0.000422,projetee
2089,F,44,0.000456,projetee
2089,F,45,0.000494,projetee
2089,F,46,0.000541,projetee
2089,F,47,0.000598,projetee
2089,F,48,0.000663,projetee
2089,F,49,0.000734,projetee
2089,F,5,0.000041,projetee
2089,F,50,0.000819,projetee
2089,F,51,0.000911,projetee
2089,F,52,0.000988,projetee
2089,F,53,0.001048,projetee
2089,F,54,0.001128,projetee
2089,F,55,0.001264,projetee
2089,F,56,0.001400,projetee
2089,F,57,0.001520,projetee
2089,F,58,0.001661,projetee
2089,F,59,0.001811,projetee
2089,F,6,0.000035,projetee
2089,F,60,0.001968,projetee
2089,F,61,0.002129,projetee
2089,F,62,0.002341,projetee
2089,F,63,0.002603,projetee
2089,F,64,0.002856,projetee
2089,F,65,0.003121,projetee
2089,F,66,0.003350,projetee
2089,F,67,0.003522,projetee
2089,F,68,0.003780,projetee
2089,F,69,0.004125,projetee
2089,F,7,0.000031,projetee
2089,F,70,0.004521,projetee
2089,F,71,0.004977,projetee
2089,F,72,0.005472,projetee
2089,F,73,0.006001,projetee
2089,F,74,0.006531,projetee
2089,F,75,0.007176,projetee
2089,F,76,0.008092,projetee
2089,F,77,0.009091,projetee
2089,F,78,0.010450,projetee
2089,F,79,0.011936,projetee
2089,F,8,0.000029,projetee
2089,F,80,0.013604,projetee
2089,F,81,0.015828,projetee
2089,F,82,0.018219,projetee
2089,F,83,0.021112,projetee
2089,F,84,0.024810,projetee
2089,F,85,0.028632,projetee
2089,F,86,0.032591,projetee
2089,F,87,0.037530,projetee
2089,F,88,0.042882,projetee
2089,F,89,0.049555,projetee
2089,F,9,0.000029,projetee
2089,F,90,0.058692,projetee
2089,F,91,0.070115,projetee
2089,F,92,0.083631,projetee
2089,F,93,0.099593,projetee
2089,F,94,0.120583,projetee
2089,F,95,0.143927,projetee
2089,F,96,0.166094,projetee
2089,F,97,0.193448,projetee
2089,F,98,0.216844,projetee
2089,F,99,0.234679,projetee
2089,H,0,0.001534,projetee
2089,H,1,0.000262,projetee
2089,H,10,0.000036,projetee
2089,H,100,0.298769,projetee
2089,H,101,0.314493,projetee
2089,H,102,0.329308,projetee
2089,H,103,0.343724,projetee
2089,H,104,0.357825,projetee
2089,H,105,0.371671,projetee
2089,H,106,0.385286,projetee
2089,H,107,0.398597,projetee
2089,H,108,0.411527,projetee
2089,H,109,0.424006,projetee
2089,H,11,0.000037,projetee
2089,H,110,0.435963,projetee
2089,H,111,0.450755,projetee
2089,H,112,0.468497,projetee
2089,H,113,0.486048,projetee
2089,H,114,0.494694,projetee
2089,H,115,0.494694,projetee
2089,H,116,0.494694,projetee
2089,H,117,0.494694,projetee
2089,H,118,0.494694,projetee
2089,H,119,0.494694,projetee
2089,H,12,0.000040,projetee
2089,H,120,0.494694,projetee
2089,H,13,0.000047,projetee
2089,H,14,0.000059,projetee
2089,H,15,0.000075,projetee
2089,H,16,0.000098,projetee
2089,H,17,0.000124,projetee
2089,H,18,0.000150,projetee
2089,H,19,0.000173,projetee
2089,H,2,0.000116,projetee
2089,H,20,0.000193,projetee
2089,H,21,0.000207,projetee
2089,H,22,0.000213,projetee
2089,H,23,0.000215,projetee
2089,H,24,0.000220,projetee
2089,H,25,0.000227,projetee
2089,H,26,0.000235,projetee
2089,H,27,0.000246,projetee
2089,H,28,0.000258,projetee
2089,H,29,0.000268,projetee
2089,H,3,0.000080,projetee
2089,H,30,0.000276,projetee
2089,H,31,0.000288,projetee
2089,H,32,0.000304,projetee
2089,H,33,0.000318,projetee
2089,H,34,0.000341,projetee
2089,H,35,0.000369,projetee
2089,H,36,0.000392,projetee
2089,H,37,0.000417,projetee
2089,H,38,0.000449,projetee
2089,H,39,0.000485,projetee
2089,H,4,0.000059,projetee
2089,H,40,0.000521,projetee
2089,H,41,0.000562,projetee
2089,H,42,0.000611,projetee
2089,H,43,0.000666,projetee
2089,H,44,0.000717,projetee
2089,H,45,0.000763,projetee
2089,H,46,0.000822,projetee
2089,H,47,0.000894,projetee
2089,H,48,0.000966,projetee
2089,H,49,0.001054,projetee
2089,H,5,0.000050,projetee
2089,H,50,0.001157,projetee
2089,H,51,0.001275,projetee
2089,H,52,0.001420,projetee
2089,H,53,0.001591,projetee
2089,H,54,0.001734,projetee
2089,H,55,0.001829,projetee
2089,H,56,0.001998,projetee
2089,H,57,0.002215,projetee
2089,H,58,0.002429,projetee
2089,H,59,0.002608,projetee
2089,H,6,0.000042,projetee
2089,H,60,0.002790,projetee
2089,H,61,0.003055,projetee
2089,H,62,0.003334,projetee
2089,H,63,0.003657,projetee
2089,H,64,0.003990,projetee
2089,H,65,0.004375,projetee
2089,H,66,0.004740,projetee
2089,H,67,0.005081,projetee
2089,H,68,0.005503,projetee
2089,H,69,0.005923,projetee
2089,H,7,0.000037,projetee
2089,H,70,0.006452,projetee
2089,H,71,0.007125,projetee
2089,H,72,0.007726,projetee
2089,H,73,0.008288,projetee
2089,H,74,0.009091,projetee
2089,H,75,0.009928,projetee
2089,H,76,0.010712,projetee
2089,H,77,0.011766,projetee
2089,H,78,0.013041,projetee
2089,H,79,0.014499,projetee
2089,H,8,0.000035,projetee
2089,H,80,0.016457,projetee
2089,H,81,0.018994,projetee
2089,H,82,0.021863,projetee
2089,H,83,0.025334,projetee
2089,H,84,0.029773,projetee
2089,H,85,0.034359,projetee
2089,H,86,0.039110,projetee
2089,H,87,0.045037,projetee
2089,H,88,0.051459,projetee
2089,H,89,0.059468,projetee
2089,H,9,0.000035,projetee
2089,H,90,0.070434,projetee
2089,H,91,0.084144,projetee
2089,H,92,0.100365,projetee
2089,H,93,0.119524,projetee
2089,H,94,0.144724,projetee
2089,H,95,0.172733,projetee
2089,H,96,0.199334,projetee
2089,H,97,0.232189,projetee
2089,H,98,0.260223,projetee
2089,H,99,0.279770,projetee
2090,F,0,0.001272,projetee
2090,F,1,0.000217,projetee
2090,F,10,0.000030,projetee
2090,F,100,0.252823,projetee
2090,F,101,0.269560,projetee
2090,F,102,0.285947,projetee
2090,F,103,0.302417,projetee
2090,F,104,0.319050,projetee
2090,F,105,0.335905,projetee
2090,F,106,0.353013,projetee
2090,F,107,0.370317,projetee
2090,F,108,0.387754,projetee
2090,F,109,0.405261,projetee
2090,F,11,0.000031,projetee
2090,F,110,0.422772,projetee
2090,F,111,0.440223,projetee
2090,F,112,0.457550,projetee
2090,F,113,0.474691,projetee
2090,F,114,0.483138,projetee
2090,F,115,0.483138,projetee
2090,F,116,0.483138,projetee
2090,F,117,0.483138,projetee
2090,F,118,0.483138,projetee
2090,F,119,0.483138,projetee
2090,F,12,0.000033,projetee
2090,F,120,0.483138,projetee
2090,F,13,0.000039,projetee
2090,F,14,0.000049,projetee
2090,F,15,0.000059,projetee
2090,F,16,0.000066,projetee
2090,F,17,0.000073,projetee
2090,F,18,0.000080,projetee
2090,F,19,0.000088,projetee
2090,F,2,0.000096,projetee
2090,F,20,0.000094,projetee
2090,F,21,0.000100,projetee
2090,F,22,0.000106,projetee
2090,F,23,0.000108,projetee
2090,F,24,0.000110,projetee
2090,F,25,0.000114,projetee
2090,F,26,0.000117,projetee
2090,F,27,0.000119,projetee
2090,F,28,0.000122,projetee
2090,F,29,0.000129,projetee
2090,F,3,0.000066,projetee
2090,F,30,0.000140,projetee
2090,F,31,0.000150,projetee
2090,F,32,0.000165,projetee
2090,F,33,0.000181,projetee
2090,F,34,0.000195,projetee
2090,F,35,0.000207,projetee
2090,F,36,0.000221,projetee
2090,F,37,0.000240,projetee
2090,F,38,0.000261,projetee
2090,F,39,0.000285,projetee
2090,F,4,0.000049,projetee
2090,F,40,0.000315,projetee
2090,F,41,0.000347,projetee
2090,F,42,0.000381,projetee
2090,F,43,0.000418,projetee
2090,F,44,0.000452,projetee
2090,F,45,0.000490,projetee
2090,F,46,0.000536,projetee
2090,F,47,0.000592,projetee
2090,F,48,0.000656,projetee
2090,F,49,0.000727,projetee
2090,F,5,0.000041,projetee
2090,F,50,0.000811,projetee
2090,F,51,0.000902,projetee
2090,F,52,0.000978,projetee
2090,F,53,0.001038,projetee
2090,F,54,0.001117,projetee
2090,F,55,0.001251,projetee
2090,F,56,0.001387,projetee
2090,F,57,0.001506,projetee
2090,F,58,0.001645,projetee
2090,F,59,0.001794,projetee
2090,F,6,0.000035,projetee
2090,F,60,0.001949,projetee
2090,F,61,0.002108,projetee
2090,F,62,0.002318,projetee
2090,F,63,0.002578,projetee
2090,F,64,0.002828,projetee
2090,F,65,0.003091,projetee
2090,F,66,0.003318,projetee
2090,F,67,0.003488,projetee
2090,F,68,0.003743,projetee
2090,F,69,0.004085,projetee
2090,F,7,0.000031,projetee
2090,F,70,0.004477,projetee
2090,F,71,0.004928,projetee
2090,F,72,0.005419,projetee
2090,F,73,0.005943,projetee
2090,F,74,0.006467,projetee
2090,F,75,0.007106,projetee
2090,F,76,0.008013,projetee
2090,F,77,0.009003,projetee
2090,F,78,0.010348,projetee
2090,F,79,0.011821,projetee
2090,F,8,0.000029,projetee
2090,F,80,0.013472,projetee
2090,F,81,0.015675,projetee
2090,F,82,0.018042,projetee
2090,F,83,0.020907,projetee
2090,F,84,0.024570,projetee
2090,F,85,0.028354,projetee
2090,F,86,0.032275,projetee
2090,F,87,0.037166,projetee
2090,F,88,0.042466,projetee
2090,F,89,0.049074,projetee
2090,F,9,0.000029,projetee
2090,F,90,0.058123,projetee
2090,F,91,0.069451,projetee
2090,F,92,0.082898,projetee
2090,F,93,0.098817,projetee
2090,F,94,0.119769,projetee
2090,F,95,0.143091,projetee
2090,F,96,0.165275,projetee
2090,F,97,0.192647,projetee
2090,F,98,0.216014,projetee
2090,F,99,0.233781,projetee
2090,H,0,0.001526,projetee
2090,H,1,0.000260,projetee
2090,H,10,0.000036,projetee
2090,H,100,0.297625,projetee
2090,H,101,0.313289,projetee
2090,H,102,0.328048,projetee
2090,H,103,0.342408,projetee
2090,H,104,0.356456,projetee
2090,H,105,0.370248,projetee
2090,H,106,0.383812,projetee
2090,H,107,0.397071,projetee
2090,H,108,0.409953,projetee
2090,H,109,0.422384,projetee
2090,H,11,0.000037,projetee
2090,H,110,0.434295,projetee
2090,H,111,0.449030,projetee
2090,H,112,0.466704,projetee
2090,H,113,0.484188,projetee
2090,H,114,0.492801,projetee
2090,H,115,0.492801,projetee
2090,H,116,0.492801,projetee
2090,H,117,0.492801,projetee
2090,H,118,0.492801,projetee
2090,H,119,0.492801,projetee
2090,H,12,0.000040,projetee
2090,H,120,0.492801,projetee
2090,H,13,0.000047,projetee
2090,H,14,0.000058,projetee
2090,H,15,0.000074,projetee
2090,H,16,0.000096,projetee
2090,H,17,0.000122,projetee
2090,H,18,0.000148,projetee
2090,H,19,0.000170,projetee
2090,H,2,0.000115,projetee
2090,H,20,0.000190,projetee
2090,H,21,0.000204,projetee
2090,H,22,0.000209,projetee
2090,H,23,0.000212,projetee
2090,H,24,0.000216,projetee
2090,H,25,0.000223,projetee
2090,H,26,0.000232,projetee
2090,H,27,0.000242,projetee
2090,H,28,0.000254,projetee
2090,H,29,0.000264,projetee
2090,H,3,0.000080,projetee
2090,H,30,0.000272,projetee
2090,H,31,0.000283,projetee
2090,H,32,0.000300,projetee
2090,H,33,0.000313,projetee
2090,H,34,0.000335,projetee
2090,H,35,0.000364,projetee
2090,H,36,0.000386,projetee
2090,H,37,0.000411,projetee
2090,H,38,0.000443,projetee
2090,H,39,0.000477,projetee
2090,H,4,0.000059,projetee
2090,H,40,0.000513,projetee
2090,H,41,0.000554,projetee
2090,H,42,0.000601,projetee
2090,H,43,0.000656,projetee
2090,H,44,0.000706,projetee
2090,H,45,0.000752,projetee
2090,H,46,0.000809,projetee
2090,H,47,0.000880,projetee
2090,H,48,0.000952,projetee
2090,H,49,0.001038,projetee
2090,H,5,0.000049,projetee
2090,H,50,0.001139,projetee
2090,H,51,0.001255,projetee
2090,H,52,0.001398,projetee
2090,H,53,0.001567,projetee
2090,H,54,0.001707,projetee
2090,H,55,0.001801,projetee
2090,H,56,0.001967,projetee
2090,H,57,0.002181,projetee
2090,H,58,0.002392,projetee
2090,H,59,0.002568,projetee
2090,H,6,0.000042,projetee
2090,H,60,0.002748,projetee
2090,H,61,0.003009,projetee
2090,H,62,0.003283,projetee
2090,H,63,0.003601,projetee
2090,H,64,0.003929,projetee
2090,H,65,0.004308,projetee
2090,H,66,0.004668,projetee
2090,H,67,0.005004,projetee
2090,H,68,0.005420,projetee
2090,H,69,0.005833,projetee
2090,H,7,0.000037,projetee
2090,H,70,0.006354,projetee
2090,H,71,0.007017,projetee
2090,H,72,0.007609,projetee
2090,H,73,0.008162,projetee
2090,H,74,0.008953,projetee
2090,H,75,0.009777,projetee
2090,H,76,0.010549,projetee
2090,H,77,0.011587,projetee
2090,H,78,0.012842,projetee
2090,H,79,0.014278,projetee
2090,H,8,0.000035,projetee
2090,H,80,0.016255,projetee
2090,H,81,0.018810,projetee
2090,H,82,0.021651,projetee
2090,H,83,0.025089,projetee
2090,H,84,0.029484,projetee
2090,H,85,0.034025,projetee
2090,H,86,0.038731,projetee
2090,H,87,0.044600,projetee
2090,H,88,0.050960,projetee
2090,H,89,0.058891,projetee
2090,H,9,0.000035,projetee
2090,H,90,0.069751,projetee
2090,H,91,0.083347,projetee
2090,H,92,0.099484,projetee
2090,H,93,0.118592,projetee
2090,H,94,0.143746,projetee
2090,H,95,0.171787,projetee
2090,H,96,0.198407,projetee
2090,H,97,0.231227,projetee
2090,H,98,0.259227,projetee
2090,H,99,0.278700,projetee
2091,F,0,0.001265,projetee
2091,F,1,0.000215,projetee
2091,F,10,0.000029,projetee
2091,F,100,0.251856,projetee
2091,F,101,0.268528,projetee
2091,F,102,0.284853,projetee
2091,F,103,0.301260,projetee
2091,F,104,0.317829,projetee
2091,F,105,0.334619,projetee
2091,F,106,0.351662,projetee
2091,F,107,0.368900,projetee
2091,F,108,0.386270,projetee
2091,F,109,0.403710,projetee
2091,F,11,0.000030,projetee
2091,F,110,0.421154,projetee
2091,F,111,0.438538,projetee
2091,F,112,0.455799,projetee
2091,F,113,0.472874,projetee
2091,F,114,0.481290,projetee
2091,F,115,0.481290,projetee
2091,F,116,0.481290,projetee
2091,F,117,0.481290,projetee
2091,F,118,0.481290,projetee
2091,F,119,0.481290,projetee
2091,F,12,0.000033,projetee
2091,F,120,0.481290,projetee
2091,F,13,0.000039,projetee
2091,F,14,0.000048,projetee
2091,F,15,0.000058,projetee
2091,F,16,0.000066,projetee
2091,F,17,0.000072,projetee
2091,F,18,0.000079,projetee
2091,F,19,0.000087,projetee
2091,F,2,0.000095,projetee
2091,F,20,0.000093,projetee
2091,F,21,0.000099,projetee
2091,F,22,0.000105,projetee
2091,F,23,0.000107,projetee
2091,F,24,0.000109,projetee
2091,F,25,0.000113,projetee
2091,F,26,0.000116,projetee
2091,F,27,0.000117,projetee
2091,F,28,0.000120,projetee
2091,F,29,0.000128,projetee
2091,F,3,0.000066,projetee
2091,F,30,0.000138,projetee
2091,F,31,0.000148,projetee
2091,F,32,0.000163,projetee
2091,F,33,0.000180,projetee
2091,F,34,0.000193,projetee
2091,F,35,0.000205,projetee
2091,F,36,0.000219,projetee
2091,F,37,0.000238,projetee
2091,F,38,0.000258,projetee
2091,F,39,0.000282,projetee
2091,F,4,0.000049,projetee
2091,F,40,0.000312,projetee
2091,F,41,0.000343,projetee
2091,F,42,0.000377,projetee
2091,F,43,0.000414,projetee
2091,F,44,0.000447,projetee
2091,F,45,0.000485,projetee
2091,F,46,0.000530,projetee
2091,F,47,0.000587,projetee
2091,F,48,0.000650,projetee
2091,F,49,0.000720,projetee
2091,F,5,0.000041,projetee
2091,F,50,0.000803,projetee
2091,F,51,0.000893,projetee
2091,F,52,0.000969,projetee
2091,F,53,0.001028,projetee
2091,F,54,0.001106,projetee
2091,F,55,0.001239,projetee
2091,F,56,0.001373,projetee
2091,F,57,0.001491,projetee
2091,F,58,0.001629,projetee
2091,F,59,0.001776,projetee
2091,F,6,0.000034,projetee
2091,F,60,0.001930,projetee
2091,F,61,0.002088,projetee
2091,F,62,0.002296,projetee
2091,F,63,0.002553,projetee
2091,F,64,0.002801,projetee
2091,F,65,0.003061,projetee
2091,F,66,0.003286,projetee
2091,F,67,0.003454,projetee
2091,F,68,0.003707,projetee
2091,F,69,0.004045,projetee
2091,F,7,0.000030,projetee
2091,F,70,0.004434,projetee
2091,F,71,0.004881,projetee
2091,F,72,0.005367,projetee
2091,F,73,0.005885,projetee
2091,F,74,0.006405,projetee
2091,F,75,0.007037,projetee
2091,F,76,0.007936,projetee
2091,F,77,0.008915,projetee
2091,F,78,0.010248,projetee
2091,F,79,0.011706,projetee
2091,F,8,0.000029,projetee
2091,F,80,0.013342,projetee
2091,F,81,0.015523,projetee
2091,F,82,0.017867,projetee
2091,F,83,0.020704,projetee
2091,F,84,0.024331,projetee
2091,F,85,0.028079,projetee
2091,F,86,0.031962,projetee
2091,F,87,0.036805,projetee
2091,F,88,0.042055,projetee
2091,F,89,0.048598,projetee
2091,F,9,0.000029,projetee
2091,F,90,0.057559,projetee
2091,F,91,0.068794,projetee
2091,F,92,0.082170,projetee
2091,F,93,0.098046,projetee
2091,F,94,0.118960,projetee
2091,F,95,0.142261,projetee
2091,F,96,0.164461,projetee
2091,F,97,0.191849,projetee
2091,F,98,0.215187,projetee
2091,F,99,0.232886,projetee
2091,H,0,0.001519,projetee
2091,H,1,0.000259,projetee
2091,H,10,0.000035,projetee
2091,H,100,0.296486,projetee
2091,H,101,0.312090,projetee
2091,H,102,0.326793,projetee
2091,H,103,0.341098,projetee
2091,H,104,0.355092,projetee
2091,H,105,0.368832,projetee
2091,H,106,0.382343,projetee
2091,H,107,0.395552,projetee
2091,H,108,0.408384,projetee
2091,H,109,0.420767,projetee
2091,H,11,0.000037,projetee
2091,H,110,0.432633,projetee
2091,H,111,0.447312,projetee
2091,H,112,0.464918,projetee
2091,H,113,0.482334,projetee
2091,H,114,0.490915,projetee
2091,H,115,0.490915,projetee
2091,H,116,0.490915,projetee
2091,H,117,0.490915,projetee
2091,H,118,0.490915,projetee
2091,H,119,0.490915,projetee
2091,H,12,0.000040,projetee
2091,H,120,0.490915,projetee
2091,H,13,0.000046,projetee
2091,H,14,0.000058,projetee
2091,H,15,0.000073,projetee
2091,H,16,0.000095,projetee
2091,H,17,0.000120,projetee
2091,H,18,0.000145,projetee
2091,H,19,0.000168,projetee
2091,H,2,0.000114,projetee
2091,H,20,0.000187,projetee
2091,H,21,0.000200,projetee
2091,H,22,0.000206,projetee
2091,H,23,0.000209,projetee
2091,H,24,0.000213,projetee
2091,H,25,0.000220,projetee
2091,H,26,0.000228,projetee
2091,H,27,0.000238,projetee
2091,H,28,0.000250,projetee
2091,H,29,0.000260,projetee
2091,H,3,0.000079,projetee
2091,H,30,0.000268,projetee
2091,H,31,0.000279,projetee
2091,H,32,0.000295,projetee
2091,H,33,0.000308,projetee
2091,H,34,0.000330,projetee
2091,H,35,0.000358,projetee
2091,H,36,0.000380,projetee
2091,H,37,0.000404,projetee
2091,H,38,0.000436,projetee
2091,H,39,0.000470,projetee
2091,H,4,0.000058,projetee
2091,H,40,0.000505,projetee
2091,H,41,0.000545,projetee
2091,H,42,0.000592,projetee
2091,H,43,0.000646,projetee
2091,H,44,0.000695,projetee
2091,H,45,0.000740,projetee
2091,H,46,0.000797,projetee
2091,H,47,0.000867,projetee
2091,H,48,0.000937,projetee
2091,H,49,0.001022,projetee
2091,H,5,0.000049,projetee
2091,H,50,0.001122,projetee
2091,H,51,0.001236,projetee
2091,H,52,0.001377,projetee
2091,H,53,0.001543,projetee
2091,H,54,0.001681,projetee
2091,H,55,0.001773,projetee
2091,H,56,0.001937,projetee
2091,H,57,0.002148,projetee
2091,H,58,0.002356,projetee
2091,H,59,0.002529,projetee
2091,H,6,0.000041,projetee
2091,H,60,0.002706,projetee
2091,H,61,0.002963,projetee
2091,H,62,0.003233,projetee
2091,H,63,0.003547,projetee
2091,H,64,0.003869,projetee
2091,H,65,0.004243,projetee
2091,H,66,0.004597,projetee
2091,H,67,0.004928,projetee
2091,H,68,0.005337,projetee
2091,H,69,0.005744,projetee
2091,H,7,0.000036,projetee
2091,H,70,0.006257,projetee
2091,H,71,0.006910,projetee
2091,H,72,0.007493,projetee
2091,H,73,0.008038,projetee
2091,H,74,0.008817,projetee
2091,H,75,0.009628,projetee
2091,H,76,0.010389,projetee
2091,H,77,0.011411,projetee
2091,H,78,0.012679,projetee
2091,H,79,0.014093,projetee
2091,H,8,0.000034,projetee
2091,H,80,0.016056,projetee
2091,H,81,0.018628,projetee
2091,H,82,0.021441,projetee
2091,H,83,0.024845,projetee
2091,H,84,0.029198,projetee
2091,H,85,0.033695,projetee
2091,H,86,0.038355,projetee
2091,H,87,0.044167,projetee
2091,H,88,0.050466,projetee
2091,H,89,0.058320,projetee
2091,H,9,0.000035,projetee
2091,H,90,0.069074,projetee
2091,H,91,0.082558,projetee
2091,H,92,0.098612,projetee
2091,H,93,0.117667,projetee
2091,H,94,0.142776,projetee
2091,H,95,0.170862,projetee
2091,H,96,0.197499,projetee
2091,H,97,0.230270,projetee
2091,H,98,0.258235,projetee
2091,H,99,0.277633,projetee
2092,F,0,0.001259,projetee
2092,F,1,0.000214,projetee
2092,F,10,0.000029,projetee
2092,F,100,0.250892,projetee
2092,F,101,0.267500,projetee
2092,F,102,0.283763,projetee
2092,F,103,0.300107,projetee
2092,F,104,0.316613,projetee
2092,F,105,0.333339,projetee
2092,F,106,0.350317,projetee
2092,F,107,0.367488,projetee
2092,F,108,0.384792,projetee
2092,F,109,0.402165,projetee
2092,F,11,0.000030,projetee
2092,F,110,0.419542,projetee
2092,F,111,0.436860,projetee
2092,F,112,0.454055,projetee
2092,F,113,0.471065,projetee
2092,F,114,0.479448,projetee
2092,F,115,0.479448,projetee
2092,F,116,0.479448,projetee
2092,F,117,0.479448,projetee
2092,F,118,0.479448,projetee
2092,F,119,0.479448,projetee
2092,F,12,0.000033,projetee
2092,F,120,0.479448,projetee
2092,F,13,0.000038,projetee
2092,F,14,0.000048,projetee
2092,F,15,0.000058,projetee
2092,F,16,0.000065,projetee
2092,F,17,0.000072,projetee
2092,F,18,0.000079,projetee
2092,F,19,0.000086,projetee
2092,F,2,0.000095,projetee
2092,F,20,0.000093,projetee
2092,F,21,0.000098,projetee
2092,F,22,0.000104,projetee
2092,F,23,0.000106,projetee
2092,F,24,0.000108,projetee
2092,F,25,0.000112,projetee
2092,F,26,0.000115,projetee
2092,F,27,0.000116,projetee
2092,F,28,0.000119,projetee
2092,F,29,0.000126,projetee
2092,F,3,0.000065,projetee
2092,F,30,0.000137,projetee
2092,F,31,0.000147,projetee
2092,F,32,0.000162,projetee
2092,F,33,0.000178,projetee
2092,F,34,0.000191,projetee
2092,F,35,0.000203,projetee
2092,F,36,0.000217,projetee
2092,F,37,0.000236,projetee
2092,F,38,0.000256,projetee
2092,F,39,0.000279,projetee
2092,F,4,0.000048,projetee
2092,F,40,0.000309,projetee
2092,F,41,0.000340,projetee
2092,F,42,0.000373,projetee
2092,F,43,0.000410,projetee
2092,F,44,0.000443,projetee
2092,F,45,0.000480,projetee
2092,F,46,0.000525,projetee
2092,F,47,0.000581,projetee
2092,F,48,0.000644,projetee
2092,F,49,0.000713,projetee
2092,F,5,0.000040,projetee
2092,F,50,0.000795,projetee
2092,F,51,0.000884,projetee
2092,F,52,0.000960,projetee
2092,F,53,0.001018,projetee
2092,F,54,0.001095,projetee
2092,F,55,0.001227,projetee
2092,F,56,0.001360,projetee
2092,F,57,0.001476,projetee
2092,F,58,0.001613,projetee
2092,F,59,0.001759,projetee
2092,F,6,0.000034,projetee
2092,F,60,0.001912,projetee
2092,F,61,0.002068,projetee
2092,F,62,0.002274,projetee
2092,F,63,0.002528,projetee
2092,F,64,0.002774,projetee
2092,F,65,0.003031,projetee
2092,F,66,0.003254,projetee
2092,F,67,0.003421,projetee
2092,F,68,0.003671,projetee
2092,F,69,0.004006,projetee
2092,F,7,0.000030,projetee
2092,F,70,0.004391,projetee
2092,F,71,0.004833,projetee
2092,F,72,0.005315,projetee
2092,F,73,0.005828,projetee
2092,F,74,0.006343,projetee
2092,F,75,0.006969,projetee
2092,F,76,0.007859,projetee
2092,F,77,0.008829,projetee
2092,F,78,0.010149,projetee
2092,F,79,0.011593,projetee
2092,F,8,0.000028,projetee
2092,F,80,0.013212,projetee
2092,F,81,0.015372,projetee
2092,F,82,0.017694,projetee
2092,F,83,0.020503,projetee
2092,F,84,0.024095,projetee
2092,F,85,0.027807,projetee
2092,F,86,0.031652,projetee
2092,F,87,0.036448,projetee
2092,F,88,0.041647,projetee
2092,F,89,0.048127,projetee
2092,F,9,0.000029,projetee
2092,F,90,0.057001,projetee
2092,F,91,0.068142,projetee
2092,F,92,0.081449,projetee
2092,F,93,0.097282,projetee
2092,F,94,0.118157,projetee
2092,F,95,0.141435,projetee
2092,F,96,0.163651,projetee
2092,F,97,0.191054,projetee
2092,F,98,0.214364,projetee
2092,F,99,0.231995,projetee
2092,H,0,0.001511,projetee
2092,H,1,0.000257,projetee
2092,H,10,0.000035,projetee
2092,H,100,0.295352,projetee
2092,H,101,0.310896,projetee
2092,H,102,0.325542,projetee
2092,H,103,0.339793,projetee
2092,H,104,0.353733,projetee
2092,H,105,0.367420,projetee
2092,H,106,0.380880,projetee
2092,H,107,0.394038,projetee
2092,H,108,0.406821,projetee
2092,H,109,0.419157,projetee
2092,H,11,0.000036,projetee
2092,H,110,0.430977,projetee
2092,H,111,0.445600,projetee
2092,H,112,0.463138,projetee
2092,H,113,0.480488,projetee
2092,H,114,0.489037,projetee
2092,H,115,0.489037,projetee
2092,H,116,0.489037,projetee
2092,H,117,0.489037,projetee
2092,H,118,0.489037,projetee
2092,H,119,0.489037,projetee
2092,H,12,0.000039,projetee
2092,H,120,0.489037,projetee
2092,H,13,0.000046,projetee
2092,H,14,0.000057,projetee
2092,H,15,0.000072,projetee
2092,H,16,0.000093,projetee
2092,H,17,0.000118,projetee
2092,H,18,0.000143,projetee
2092,H,19,0.000165,projetee
2092,H,2,0.000113,projetee
2092,H,20,0.000184,projetee
2092,H,21,0.000197,projetee
2092,H,22,0.000203,projetee
2092,H,23,0.000206,projetee
2092,H,24,0.000210,projetee
2092,H,25,0.000217,projetee
2092,H,26,0.000225,projetee
2092,H,27,0.000235,projetee
2092,H,28,0.000246,projetee
2092,H,29,0.000256,projetee
2092,H,3,0.000079,projetee
2092,H,30,0.000264,projetee
2092,H,31,0.000275,projetee
2092,H,32,0.000291,projetee
2092,H,33,0.000304,projetee
2092,H,34,0.000325,projetee
2092,H,35,0.000353,projetee
2092,H,36,0.000374,projetee
2092,H,37,0.000398,projetee
2092,H,38,0.000429,projetee
2092,H,39,0.000463,projetee
2092,H,4,0.000058,projetee
2092,H,40,0.000498,projetee
2092,H,41,0.000537,projetee
2092,H,42,0.000583,projetee
2092,H,43,0.000636,projetee
2092,H,44,0.000684,projetee
2092,H,45,0.000729,projetee
2092,H,46,0.000785,projetee
2092,H,47,0.000853,projetee
2092,H,48,0.000923,projetee
2092,H,49,0.001007,projetee
2092,H,5,0.000048,projetee
2092,H,50,0.001105,projetee
2092,H,51,0.001218,projetee
2092,H,52,0.001356,projetee
2092,H,53,0.001520,projetee
2092,H,54,0.001656,projetee
2092,H,55,0.001746,projetee
2092,H,56,0.001908,projetee
2092,H,57,0.002115,projetee
2092,H,58,0.002320,projetee
2092,H,59,0.002491,projetee
2092,H,6,0.000041,projetee
2092,H,60,0.002665,projetee
2092,H,61,0.002918,projetee
2092,H,62,0.003184,projetee
2092,H,63,0.003493,projetee
2092,H,64,0.003810,projetee
2092,H,65,0.004178,projetee
2092,H,66,0.004527,projetee
2092,H,67,0.004853,projetee
2092,H,68,0.005256,projetee
2092,H,69,0.005656,projetee
2092,H,7,0.000036,projetee
2092,H,70,0.006162,projetee
2092,H,71,0.006805,projetee
2092,H,72,0.007379,projetee
2092,H,73,0.007916,projetee
2092,H,74,0.008683,projetee
2092,H,75,0.009481,projetee
2092,H,76,0.010231,projetee
2092,H,77,0.011237,projetee
2092,H,78,0.012523,projetee
2092,H,79,0.013915,projetee
2092,H,8,0.000034,projetee
2092,H,80,0.015859,projetee
2092,H,81,0.018447,projetee
2092,H,82,0.021233,projetee
2092,H,83,0.024604,projetee
2092,H,84,0.028915,projetee
2092,H,85,0.033369,projetee
2092,H,86,0.037984,projetee
2092,H,87,0.043739,projetee
2092,H,88,0.049977,projetee
2092,H,89,0.057754,projetee
2092,H,9,0.000034,projetee
2092,H,90,0.068404,projetee
2092,H,91,0.081776,projetee
2092,H,92,0.097746,projetee
2092,H,93,0.116750,projetee
2092,H,94,0.141811,projetee
2092,H,95,0.169943,projetee
2092,H,96,0.196595,projetee
2092,H,97,0.229316,projetee
2092,H,98,0.257247,projetee
2092,H,99,0.276570,projetee
2093,F,0,0.001253,projetee
2093,F,1,0.000213,projetee
2093,F,10,0.000029,projetee
2093,F,100,0.249932,projetee
2093,F,101,0.266477,projetee
2093,F,102,0.282677,projetee
2093,F,103,0.298959,projetee
2093,F,104,0.315401,projetee
2093,F,105,0.332063,projetee
2093,F,106,0.348976,projetee
2093,F,107,0.366082,projetee
2093,F,108,0.383319,projetee
2093,F,109,0.400626,projetee
2093,F,11,0.000030,projetee
2093,F,110,0.417937,projetee
2093,F,111,0.435188,projetee
2093,F,112,0.452317,projetee
2093,F,113,0.469262,projetee
2093,F,114,0.477614,projetee
2093,F,115,0.477614,projetee
2093,F,116,0.477614,projetee
2093,F,117,0.477614,projetee
2093,F,118,0.477614,projetee
2093,F,119,0.477614,projetee
2093,F,12,0.000032,projetee
2093,F,120,0.477614,projetee
2093,F,13,0.000038,projetee
2093,F,14,0.000047,projetee
2093,F,15,0.000057,projetee
2093,F,16,0.000064,projetee
2093,F,17,0.000071,projetee
2093,F,18,0.000078,projetee
2093,F,19,0.000085,projetee
2093,F,2,0.000094,projetee
2093,F,20,0.000092,projetee
2093,F,21,0.000098,projetee
2093,F,22,0.000103,projetee
2093,F,23,0.000105,projetee
2093,F,24,0.000107,projetee
2093,F,25,0.000111,projetee
2093,F,26,0.000114,projetee
2093,F,27,0.000115,projetee
2093,F,28,0.000118,projetee
2093,F,29,0.000125,projetee
2093,F,3,0.000065,projetee
2093,F,30,0.000136,projetee
2093,F,31,0.000145,projetee
2093,F,32,0.000160,projetee
2093,F,33,0.000176,projetee
2093,F,34,0.000189,projetee
2093,F,35,0.000201,projetee
2093,F,36,0.000215,projetee
2093,F,37,0.000233,projetee
2093,F,38,0.000253,projetee
2093,F,39,0.000277,projetee
2093,F,4,0.000048,projetee
2093,F,40,0.000306,projetee
2093,F,41,0.000337,projetee
2093,F,42,0.000370,projetee
2093,F,43,0.000406,projetee
2093,F,44,0.000439,projetee
2093,F,45,0.000475,projetee
2093,F,46,0.000520,projetee
2093,F,47,0.000575,projetee
2093,F,48,0.000637,projetee
2093,F,49,0.000706,projetee
2093,F,5,0.000040,projetee
2093,F,50,0.000787,projetee
2093,F,51,0.000876,projetee
2093,F,52,0.000950,projetee
2093,F,53,0.001008,projetee
2093,F,54,0.001085,projetee
2093,F,55,0.001215,projetee
2093,F,56,0.001347,projetee
2093,F,57,0.001462,projetee
2093,F,58,0.001598,projetee
2093,F,59,0.001742,projetee
2093,F,6,0.000034,projetee
2093,F,60,0.001893,projetee
2093,F,61,0.002047,projetee
2093,F,62,0.002251,projetee
2093,F,63,0.002504,projetee
2093,F,64,0.002747,projetee
2093,F,65,0.003002,projetee
2093,F,66,0.003222,projetee
2093,F,67,0.003388,projetee
2093,F,68,0.003635,projetee
2093,F,69,0.003967,projetee
2093,F,7,0.000030,projetee
2093,F,70,0.004348,projetee
2093,F,71,0.004786,projetee
2093,F,72,0.005263,projetee
2093,F,73,0.005772,projetee
2093,F,74,0.006281,projetee
2093,F,75,0.006902,projetee
2093,F,76,0.007782,projetee
2093,F,77,0.008743,projetee
2093,F,78,0.010050,projetee
2093,F,79,0.011480,projetee
2093,F,8,0.000028,projetee
2093,F,80,0.013084,projetee
2093,F,81,0.015223,projetee
2093,F,82,0.017523,projetee
2093,F,83,0.020305,projetee
2093,F,84,0.023862,projetee
2093,F,85,0.027537,projetee
2093,F,86,0.031346,projetee
2093,F,87,0.036095,projetee
2093,F,88,0.041243,projetee
2093,F,89,0.047660,projetee
2093,F,9,0.000028,projetee
2093,F,90,0.056448,projetee
2093,F,91,0.067497,projetee
2093,F,92,0.080735,projetee
2093,F,93,0.096524,projetee
2093,F,94,0.117359,projetee
2093,F,95,0.140615,projetee
2093,F,96,0.162844,projetee
2093,F,97,0.190263,projetee
2093,F,98,0.213543,projetee
2093,F,99,0.231107,projetee
2093,H,0,0.001504,projetee
2093,H,1,0.000256,projetee
2093,H,10,0.000034,projetee
2093,H,100,0.294221,projetee
2093,H,101,0.309706,projetee
2093,H,102,0.324296,projetee
2093,H,103,0.338492,projetee
2093,H,104,0.352379,projetee
2093,H,105,0.366014,projetee
2093,H,106,0.379422,projetee
2093,H,107,0.392530,projetee
2093,H,108,0.405264,projetee
2093,H,109,0.417553,projetee
2093,H,11,0.000036,projetee
2093,H,110,0.429328,projetee
2093,H,111,0.443894,projetee
2093,H,112,0.461366,projetee
2093,H,113,0.478650,projetee
2093,H,114,0.487166,projetee
2093,H,115,0.487166,projetee
2093,H,116,0.487166,projetee
2093,H,117,0.487166,projetee
2093,H,118,0.487166,projetee
2093,H,119,0.487166,projetee
2093,H,12,0.000039,projetee
2093,H,120,0.487166,projetee
2093,H,13,0.000046,projetee
2093,H,14,0.000057,projetee
2093,H,15,0.000072,projetee
2093,H,16,0.000092,projetee
2093,H,17,0.000116,projetee
2093,H,18,0.000141,projetee
2093,H,19,0.000163,projetee
2093,H,2,0.000113,projetee
2093,H,20,0.000181,projetee
2093,H,21,0.000194,projetee
2093,H,22,0.000200,projetee
2093,H,23,0.000203,projetee
2093,H,24,0.000207,projetee
2093,H,25,0.000213,projetee
2093,H,26,0.000221,projetee
2093,H,27,0.000231,projetee
2093,H,28,0.000242,projetee
2093,H,29,0.000252,projetee
2093,H,3,0.000078,projetee
2093,H,30,0.000260,projetee
2093,H,31,0.000271,projetee
2093,H,32,0.000286,projetee
2093,H,33,0.000299,projetee
2093,H,34,0.000320,projetee
2093,H,35,0.000347,projetee
2093,H,36,0.000369,projetee
2093,H,37,0.000392,projetee
2093,H,38,0.000423,projetee
2093,H,39,0.000456,projetee
2093,H,4,0.000058,projetee
2093,H,40,0.000490,projetee
2093,H,41,0.000529,projetee
2093,H,42,0.000574,projetee
2093,H,43,0.000627,projetee
2093,H,44,0.000674,projetee
2093,H,45,0.000718,projetee
2093,H,46,0.000773,projetee
2093,H,47,0.000840,projetee
2093,H,48,0.000909,projetee
2093,H,49,0.000991,projetee
2093,H,5,0.000048,projetee
2093,H,50,0.001088,projetee
2093,H,51,0.001199,projetee
2093,H,52,0.001335,projetee
2093,H,53,0.001497,projetee
2093,H,54,0.001631,projetee
2093,H,55,0.001720,projetee
2093,H,56,0.001879,projetee
2093,H,57,0.002083,projetee
2093,H,58,0.002284,projetee
2093,H,59,0.002453,projetee
2093,H,6,0.000040,projetee
2093,H,60,0.002624,projetee
2093,H,61,0.002873,projetee
2093,H,62,0.003136,projetee
2093,H,63,0.003440,projetee
2093,H,64,0.003752,projetee
2093,H,65,0.004115,projetee
2093,H,66,0.004458,projetee
2093,H,67,0.004779,projetee
2093,H,68,0.005176,projetee
2093,H,69,0.005570,projetee
2093,H,7,0.000036,projetee
2093,H,70,0.006068,projetee
2093,H,71,0.006701,projetee
2093,H,72,0.007267,projetee
2093,H,73,0.007795,projetee
2093,H,74,0.008550,projetee
2093,H,75,0.009337,projetee
2093,H,76,0.010075,projetee
2093,H,77,0.011066,projetee
2093,H,78,0.012369,projetee
2093,H,79,0.013776,projetee
2093,H,8,0.000034,projetee
2093,H,80,0.015701,projetee
2093,H,81,0.018268,projetee
2093,H,82,0.021027,projetee
2093,H,83,0.024366,projetee
2093,H,84,0.028635,projetee
2093,H,85,0.033045,projetee
2093,H,86,0.037615,projetee
2093,H,87,0.043315,projetee
2093,H,88,0.049492,projetee
2093,H,89,0.057194,projetee
2093,H,9,0.000034,projetee
2093,H,90,0.067741,projetee
2093,H,91,0.081002,projetee
2093,H,92,0.096889,projetee
2093,H,93,0.115840,projetee
2093,H,94,0.140854,projetee
2093,H,95,0.169028,projetee
2093,H,96,0.195696,projetee
2093,H,97,0.228366,projetee
2093,H,98,0.256262,projetee
2093,H,99,0.275511,projetee
2094,F,0,0.001247,projetee
2094,F,1,0.000212,projetee
2094,F,10,0.000028,projetee
2094,F,100,0.248975,projetee
2094,F,101,0.265457,projetee
2094,F,102,0.281595,projetee
2094,F,103,0.297814,projetee
2094,F,104,0.314194,projetee
2094,F,105,0.330792,projetee
2094,F,106,0.347640,projetee
2094,F,107,0.364681,projetee
2094,F,108,0.381852,projetee
2094,F,109,0.399092,projetee
2094,F,11,0.000030,projetee
2094,F,110,0.416337,projetee
2094,F,111,0.433523,projetee
2094,F,112,0.450586,projetee
2094,F,113,0.467466,projetee
2094,F,114,0.475786,projetee
2094,F,115,0.475786,projetee
2094,F,116,0.475786,projetee
2094,F,117,0.475786,projetee
2094,F,118,0.475786,projetee
2094,F,119,0.475786,projetee
2094,F,12,0.000032,projetee
2094,F,120,0.475786,projetee
2094,F,13,0.000038,projetee
2094,F,14,0.000047,projetee
2094,F,15,0.000056,projetee
2094,F,16,0.000064,projetee
2094,F,17,0.000070,projetee
2094,F,18,0.000077,projetee
2094,F,19,0.000084,projetee
2094,F,2,0.000093,projetee
2094,F,20,0.000091,projetee
2094,F,21,0.000097,projetee
2094,F,22,0.000102,projetee
2094,F,23,0.000104,projetee
2094,F,24,0.000106,projetee
2094,F,25,0.000110,projetee
2094,F,26,0.000112,projetee
2094,F,27,0.000114,projetee
2094,F,28,0.000117,projetee
2094,F,29,0.000124,projetee
2094,F,3,0.000064,projetee
2094,F,30,0.000134,projetee
2094,F,31,0.000144,projetee
2094,F,32,0.000159,projetee
2094,F,33,0.000174,projetee
2094,F,34,0.000187,projetee
2094,F,35,0.000199,projetee
2094,F,36,0.000213,projetee
2094,F,37,0.000231,projetee
2094,F,38,0.000251,projetee
2094,F,39,0.000274,projetee
2094,F,4,0.000048,projetee
2094,F,40,0.000303,projetee
2094,F,41,0.000334,projetee
2094,F,42,0.000366,projetee
2094,F,43,0.000402,projetee
2094,F,44,0.000435,projetee
2094,F,45,0.000471,projetee
2094,F,46,0.000515,projetee
2094,F,47,0.000570,projetee
2094,F,48,0.000631,projetee
2094,F,49,0.000699,projetee
2094,F,5,0.000040,projetee
2094,F,50,0.000780,projetee
2094,F,51,0.000867,projetee
2094,F,52,0.000941,projetee
2094,F,53,0.000999,projetee
2094,F,54,0.001074,projetee
2094,F,55,0.001203,projetee
2094,F,56,0.001334,projetee
2094,F,57,0.001448,projetee
2094,F,58,0.001582,projetee
2094,F,59,0.001725,projetee
2094,F,6,0.000033,projetee
2094,F,60,0.001875,projetee
2094,F,61,0.002028,projetee
2094,F,62,0.002230,projetee
2094,F,63,0.002479,projetee
2094,F,64,0.002720,projetee
2094,F,65,0.002973,projetee
2094,F,66,0.003191,projetee
2094,F,67,0.003355,projetee
2094,F,68,0.003600,projetee
2094,F,69,0.003929,projetee
2094,F,7,0.000029,projetee
2094,F,70,0.004306,projetee
2094,F,71,0.004740,projetee
2094,F,72,0.005212,projetee
2094,F,73,0.005716,projetee
2094,F,74,0.006220,projetee
2094,F,75,0.006835,projetee
2094,F,76,0.007707,projetee
2094,F,77,0.008659,projetee
2094,F,78,0.009953,projetee
2094,F,79,0.011369,projetee
2094,F,8,0.000028,projetee
2094,F,80,0.012957,projetee
2094,F,81,0.015076,projetee
2094,F,82,0.017353,projetee
2094,F,83,0.020108,projetee
2094,F,84,0.023630,projetee
2094,F,85,0.027270,projetee
2094,F,86,0.031042,projetee
2094,F,87,0.035745,projetee
2094,F,88,0.040843,projetee
2094,F,89,0.047198,projetee
2094,F,9,0.000028,projetee
2094,F,90,0.055901,projetee
2094,F,91,0.066858,projetee
2094,F,92,0.080026,projetee
2094,F,93,0.095771,projetee
2094,F,94,0.116566,projetee
2094,F,95,0.139799,projetee
2094,F,96,0.162042,projetee
2094,F,97,0.189475,projetee
2094,F,98,0.212726,projetee
2094,F,99,0.230222,projetee
2094,H,0,0.001496,projetee
2094,H,1,0.000254,projetee
2094,H,10,0.000034,projetee
2094,H,100,0.293095,projetee
2094,H,101,0.308521,projetee
2094,H,102,0.323055,projetee
2094,H,103,0.337197,projetee
2094,H,104,0.351031,projetee
2094,H,105,0.364614,projetee
2094,H,106,0.377970,projetee
2094,H,107,0.391028,projetee
2094,H,108,0.403714,projetee
2094,H,109,0.415955,projetee
2094,H,11,0.000036,projetee
2094,H,110,0.427685,projetee
2094,H,111,0.442195,projetee
2094,H,112,0.459600,projetee
2094,H,113,0.476818,projetee
2094,H,114,0.485302,projetee
2094,H,115,0.485302,projetee
2094,H,116,0.485302,projetee
2094,H,117,0.485302,projetee
2094,H,118,0.485302,projetee
2094,H,119,0.485302,projetee
2094,H,12,0.000038,projetee
2094,H,120,0.485302,projetee
2094,H,13,0.000045,projetee
2094,H,14,0.000056,projetee
2094,H,15,0.000071,projetee
2094,H,16,0.000091,projetee
2094,H,17,0.000115,projetee
2094,H,18,0.000139,projetee
2094,H,19,0.000160,projetee
2094,H,2,0.000112,projetee
2094,H,20,0.000178,projetee
2094,H,21,0.000191,projetee
2094,H,22,0.000197,projetee
2094,H,23,0.000199,projetee
2094,H,24,0.000204,projetee
2094,H,25,0.000210,projetee
2094,H,26,0.000218,projetee
2094,H,27,0.000228,projetee
2094,H,28,0.000239,projetee
2094,H,29,0.000248,projetee
2094,H,3,0.000077,projetee
2094,H,30,0.000256,projetee
2094,H,31,0.000267,projetee
2094,H,32,0.000282,projetee
2094,H,33,0.000294,projetee
2094,H,34,0.000315,projetee
2094,H,35,0.000342,projetee
2094,H,36,0.000363,projetee
2094,H,37,0.000386,projetee
2094,H,38,0.000416,projetee
2094,H,39,0.000449,projetee
2094,H,4,0.000057,projetee
2094,H,40,0.000483,projetee
2094,H,41,0.000521,projetee
2094,H,42,0.000566,projetee
2094,H,43,0.000617,projetee
2094,H,44,0.000664,projetee
2094,H,45,0.000707,projetee
2094,H,46,0.000761,projetee
2094,H,47,0.000828,projetee
2094,H,48,0.000895,projetee
2094,H,49,0.000976,projetee
2094,H,5,0.000047,projetee
2094,H,50,0.001072,projetee
2094,H,51,0.001181,projetee
2094,H,52,0.001315,projetee
2094,H,53,0.001474,projetee
2094,H,54,0.001606,projetee
2094,H,55,0.001694,projetee
2094,H,56,0.001850,projetee
2094,H,57,0.002051,projetee
2094,H,58,0.002250,projetee
2094,H,59,0.002415,projetee
2094,H,6,0.000040,projetee
2094,H,60,0.002584,projetee
2094,H,61,0.002830,projetee
2094,H,62,0.003088,projetee
2094,H,63,0.003387,projetee
2094,H,64,0.003695,projetee
2094,H,65,0.004052,projetee
2094,H,66,0.004390,projetee
2094,H,67,0.004706,projetee
2094,H,68,0.005097,projetee
2094,H,69,0.005486,projetee
2094,H,7,0.000035,projetee
2094,H,70,0.005976,projetee
2094,H,71,0.006599,projetee
2094,H,72,0.007156,projetee
2094,H,73,0.007677,projetee
2094,H,74,0.008420,projetee
2094,H,75,0.009195,projetee
2094,H,76,0.009922,projetee
2094,H,77,0.010898,projetee
2094,H,78,0.012217,projetee
2094,H,79,0.013643,projetee
2094,H,8,0.000033,projetee
2094,H,80,0.015549,projetee
2094,H,81,0.018091,projetee
2094,H,82,0.020823,projetee
2094,H,83,0.024130,projetee
2094,H,84,0.028357,projetee
2094,H,85,0.032725,projetee
2094,H,86,0.037250,projetee
2094,H,87,0.042895,projetee
2094,H,88,0.049012,projetee
2094,H,89,0.056640,projetee
2094,H,9,0.000034,projetee
2094,H,90,0.067084,projetee
2094,H,91,0.080234,projetee
2094,H,92,0.096039,projetee
2094,H,93,0.114937,projetee
2094,H,94,0.139903,projetee
2094,H,95,0.168118,projetee
2094,H,96,0.194800,projetee
2094,H,97,0.227421,projetee
2094,H,98,0.255282,projetee
2094,H,99,0.274457,projetee
2095,F,0,0.001240,projetee
2095,F,1,0.000211,projetee
2095,F,10,0.000028,projetee
2095,F,100,0.248022,projetee
2095,F,101,0.264441,projetee
2095,F,102,0.280517,projetee
2095,F,103,0.296675,projetee
2095,F,104,0.312991,projetee
2095,F,105,0.329526,projetee
2095,F,106,0.346310,projetee
2095,F,107,0.363285,projetee
2095,F,108,0.380391,projetee
2095,F,109,0.397565,projetee
2095,F,11,0.000029,projetee
2095,F,110,0.414744,projetee
2095,F,111,0.431863,projetee
2095,F,112,0.448861,projetee
2095,F,113,0.465677,projetee
2095,F,114,0.473966,projetee
2095,F,115,0.473966,projetee
2095,F,116,0.473966,projetee
2095,F,117,0.473966,projetee
2095,F,118,0.473966,projetee
2095,F,119,0.473966,projetee
2095,F,12,0.000032,projetee
2095,F,120,0.473966,projetee
2095,F,13,0.000037,projetee
2095,F,14,0.000046,projetee
2095,F,15,0.000056,projetee
2095,F,16,0.000063,projetee
2095,F,17,0.000070,projetee
2095,F,18,0.000076,projetee
2095,F,19,0.000084,projetee
2095,F,2,0.000093,projetee
2095,F,20,0.000090,projetee
2095,F,21,0.000096,projetee
2095,F,22,0.000101,projetee
2095,F,23,0.000103,projetee
2095,F,24,0.000105,projetee
2095,F,25,0.000109,projetee
2095,F,26,0.000111,projetee
2095,F,27,0.000113,projetee
2095,F,28,0.000116,projetee
2095,F,29,0.000123,projetee
2095,F,3,0.000064,projetee
2095,F,30,0.000133,projetee
2095,F,31,0.000143,projetee
2095,F,32,0.000157,projetee
2095,F,33,0.000173,projetee
2095,F,34,0.000186,projetee
2095,F,35,0.000197,projetee
2095,F,36,0.000211,projetee
2095,F,37,0.000229,projetee
2095,F,38,0.000248,projetee
2095,F,39,0.000271,projetee
2095,F,4,0.000047,projetee
2095,F,40,0.000300,projetee
2095,F,41,0.000330,projetee
2095,F,42,0.000362,projetee
2095,F,43,0.000398,projetee
2095,F,44,0.000430,projetee
2095,F,45,0.000466,projetee
2095,F,46,0.000510,projetee
2095,F,47,0.000564,projetee
2095,F,48,0.000625,projetee
2095,F,49,0.000692,projetee
2095,F,5,0.000039,projetee
2095,F,50,0.000772,projetee
2095,F,51,0.000859,projetee
2095,F,52,0.000932,projetee
2095,F,53,0.000989,projetee
2095,F,54,0.001064,projetee
2095,F,55,0.001192,projetee
2095,F,56,0.001321,projetee
2095,F,57,0.001434,projetee
2095,F,58,0.001567,projetee
2095,F,59,0.001708,projetee
2095,F,6,0.000033,projetee
2095,F,60,0.001857,projetee
2095,F,61,0.002008,projetee
2095,F,62,0.002208,projetee
2095,F,63,0.002455,projetee
2095,F,64,0.002694,projetee
2095,F,65,0.002944,projetee
2095,F,66,0.003160,projetee
2095,F,67,0.003322,projetee
2095,F,68,0.003565,projetee
2095,F,69,0.003890,projetee
2095,F,7,0.000029,projetee
2095,F,70,0.004264,projetee
2095,F,71,0.004694,projetee
2095,F,72,0.005162,projetee
2095,F,73,0.005660,projetee
2095,F,74,0.006160,projetee
2095,F,75,0.006768,projetee
2095,F,76,0.007632,projetee
2095,F,77,0.008575,projetee
2095,F,78,0.009856,projetee
2095,F,79,0.011259,projetee
2095,F,8,0.000028,projetee
2095,F,80,0.012832,projetee
2095,F,81,0.014930,projetee
2095,F,82,0.017184,projetee
2095,F,83,0.019913,projetee
2095,F,84,0.023401,projetee
2095,F,85,0.027006,projetee
2095,F,86,0.030741,projetee
2095,F,87,0.035398,projetee
2095,F,88,0.040447,projetee
2095,F,89,0.046740,projetee
2095,F,9,0.000028,projetee
2095,F,90,0.055359,projetee
2095,F,91,0.066225,projetee
2095,F,92,0.079324,projetee
2095,F,93,0.095024,projetee
2095,F,94,0.115779,projetee
2095,F,95,0.138987,projetee
2095,F,96,0.161244,projetee
2095,F,97,0.188690,projetee
2095,F,98,0.211912,projetee
2095,F,99,0.229341,projetee
2095,H,0,0.001489,projetee
2095,H,1,0.000253,projetee
2095,H,10,0.000034,projetee
2095,H,100,0.291974,projetee
2095,H,101,0.307340,projetee
2095,H,102,0.321819,projetee
2095,H,103,0.335907,projetee
2095,H,104,0.349688,projetee
2095,H,105,0.363218,projetee
2095,H,106,0.376524,projetee
2095,H,107,0.389532,projetee
2095,H,108,0.402169,projetee
2095,H,109,0.414364,projetee
2095,H,11,0.000035,projetee
2095,H,110,0.426049,projetee
2095,H,111,0.440503,projetee
2095,H,112,0.457841,projetee
2095,H,113,0.474993,projetee
2095,H,114,0.483445,projetee
2095,H,115,0.483445,projetee
2095,H,116,0.483445,projetee
2095,H,117,0.483445,projetee
2095,H,118,0.483445,projetee
2095,H,119,0.483445,projetee
2095,H,12,0.000038,projetee
2095,H,120,0.483445,projetee
2095,H,13,0.000045,projetee
2095,H,14,0.000056,projetee
2095,H,15,0.000070,projetee
2095,H,16,0.000089,projetee
2095,H,17,0.000113,projetee
2095,H,18,0.000137,projetee
2095,H,19,0.000158,projetee
2095,H,2,0.000111,projetee
2095,H,20,0.000176,projetee
2095,H,21,0.000189,projetee
2095,H,22,0.000194,projetee
2095,H,23,0.000196,projetee
2095,H,24,0.000200,projetee
2095,H,25,0.000207,projetee
2095,H,26,0.000215,projetee
2095,H,27,0.000224,projetee
2095,H,28,0.000235,projetee
2095,H,29,0.000244,projetee
2095,H,3,0.000077,projetee
2095,H,30,0.000252,projetee
2095,H,31,0.000263,projetee
2095,H,32,0.000278,projetee
2095,H,33,0.000290,projetee
2095,H,34,0.000311,projetee
2095,H,35,0.000337,projetee
2095,H,36,0.000357,projetee
2095,H,37,0.000380,projetee
2095,H,38,0.000410,projetee
2095,H,39,0.000442,projetee
2095,H,4,0.000057,projetee
2095,H,40,0.000475,projetee
2095,H,41,0.000513,projetee
2095,H,42,0.000557,projetee
2095,H,43,0.000608,projetee
2095,H,44,0.000654,projetee
2095,H,45,0.000696,projetee
2095,H,46,0.000750,projetee
2095,H,47,0.000815,projetee
2095,H,48,0.000882,projetee
2095,H,49,0.000961,projetee
2095,H,5,0.000047,projetee
2095,H,50,0.001055,projetee
2095,H,51,0.001163,projetee
2095,H,52,0.001295,projetee
2095,H,53,0.001452,projetee
2095,H,54,0.001581,projetee
2095,H,55,0.001668,projetee
2095,H,56,0.001822,projetee
2095,H,57,0.002020,projetee
2095,H,58,0.002215,projetee
2095,H,59,0.002379,projetee
2095,H,6,0.000040,projetee
2095,H,60,0.002545,projetee
2095,H,61,0.002787,projetee
2095,H,62,0.003041,projetee
2095,H,63,0.003336,projetee
2095,H,64,0.003639,projetee
2095,H,65,0.003991,projetee
2095,H,66,0.004323,projetee
2095,H,67,0.004634,projetee
2095,H,68,0.005020,projetee
2095,H,69,0.005402,projetee
2095,H,7,0.000035,projetee
2095,H,70,0.005885,projetee
2095,H,71,0.006499,projetee
2095,H,72,0.007047,projetee
2095,H,73,0.007560,projetee
2095,H,74,0.008292,projetee
2095,H,75,0.009055,projetee
2095,H,76,0.009771,projetee
2095,H,77,0.010732,projetee
2095,H,78,0.012066,projetee
2095,H,79,0.013510,projetee
2095,H,8,0.000033,projetee
2095,H,80,0.015398,projetee
2095,H,81,0.017916,projetee
2095,H,82,0.020621,projetee
2095,H,83,0.023896,projetee
2095,H,84,0.028082,projetee
2095,H,85,0.032407,projetee
2095,H,86,0.036889,projetee
2095,H,87,0.042479,projetee
2095,H,88,0.048537,projetee
2095,H,89,0.056090,projetee
2095,H,9,0.000033,projetee
2095,H,90,0.066433,projetee
2095,H,91,0.079475,projetee
2095,H,92,0.095196,projetee
2095,H,93,0.114041,projetee
2095,H,94,0.138958,projetee
2095,H,95,0.167214,projetee
2095,H,96,0.193909,projetee
2095,H,97,0.226479,projetee
2095,H,98,0.254305,projetee
2095,H,99,0.273406,projetee
2096,F,0,0.001234,projetee
2096,F,1,0.000209,projetee
2096,F,10,0.000028,projetee
2096,F,100,0.247073,projetee
2096,F,101,0.263429,projetee
2096,F,102,0.279444,projetee
2096,F,103,0.295539,projetee
2096,F,104,0.311794,projetee
2096,F,105,0.328265,projetee
2096,F,106,0.344985,projetee
2096,F,107,0.361895,projetee
2096,F,108,0.378935,projetee
2096,F,109,0.396043,projetee
2096,F,11,0.000029,projetee
2096,F,110,0.413156,projetee
2096,F,111,0.430211,projetee
2096,F,112,0.447144,projetee
2096,F,113,0.463894,projetee
2096,F,114,0.472152,projetee
2096,F,115,0.472152,projetee
2096,F,116,0.472152,projetee
2096,F,117,0.472152,projetee
2096,F,118,0.472152,projetee
2096,F,119,0.472152,projetee
2096,F,12,0.000031,projetee
2096,F,120,0.472152,projetee
2096,F,13,0.000037,projetee
2096,F,14,0.000046,projetee
2096,F,15,0.000055,projetee
2096,F,16,0.000063,projetee
2096,F,17,0.000069,projetee
2096,F,18,0.000076,projetee
2096,F,19,0.000083,projetee
2096,F,2,0.000092,projetee
2096,F,20,0.000089,projetee
2096,F,21,0.000095,projetee
2096,F,22,0.000100,projetee
2096,F,23,0.000102,projetee
2096,F,24,0.000104,projetee
2096,F,25,0.000108,projetee
2096,F,26,0.000110,projetee
2096,F,27,0.000112,projetee
2096,F,28,0.000115,projetee
2096,F,29,0.000122,projetee
2096,F,3,0.000064,projetee
2096,F,30,0.000132,projetee
2096,F,31,0.000141,projetee
2096,F,32,0.000156,projetee
2096,F,33,0.000171,projetee
2096,F,34,0.000184,projetee
2096,F,35,0.000195,projetee
2096,F,36,0.000209,projetee
2096,F,37,0.000227,projetee
2096,F,38,0.000246,projetee
2096,F,39,0.000269,projetee
2096,F,4,0.000047,projetee
2096,F,40,0.000297,projetee
2096,F,41,0.000327,projetee
2096,F,42,0.000359,projetee
2096,F,43,0.000394,projetee
2096,F,44,0.000426,projetee
2096,F,45,0.000462,projetee
2096,F,46,0.000505,projetee
2096,F,47,0.000559,projetee
2096,F,48,0.000619,projetee
2096,F,49,0.000686,projetee
2096,F,5,0.000039,projetee
2096,F,50,0.000765,projetee
2096,F,51,0.000851,projetee
2096,F,52,0.000923,projetee
2096,F,53,0.000979,projetee
2096,F,54,0.001054,projetee
2096,F,55,0.001180,projetee
2096,F,56,0.001308,projetee
2096,F,57,0.001420,projetee
2096,F,58,0.001552,projetee
2096,F,59,0.001692,projetee
2096,F,6,0.000033,projetee
2096,F,60,0.001839,projetee
2096,F,61,0.001988,projetee
2096,F,62,0.002187,projetee
2096,F,63,0.002432,projetee
2096,F,64,0.002668,projetee
2096,F,65,0.002915,projetee
2096,F,66,0.003130,projetee
2096,F,67,0.003290,projetee
2096,F,68,0.003530,projetee
2096,F,69,0.003853,projetee
2096,F,7,0.000029,projetee
2096,F,70,0.004223,projetee
2096,F,71,0.004649,projetee
2096,F,72,0.005111,projetee
2096,F,73,0.005605,projetee
2096,F,74,0.006100,projetee
2096,F,75,0.006703,projetee
2096,F,76,0.007558,projetee
2096,F,77,0.008492,projetee
2096,F,78,0.009761,projetee
2096,F,79,0.011149,projetee
2096,F,8,0.000027,projetee
2096,F,80,0.012707,projetee
2096,F,81,0.014785,projetee
2096,F,82,0.017018,projetee
2096,F,83,0.019720,projetee
2096,F,84,0.023174,projetee
2096,F,85,0.026744,projetee
2096,F,86,0.030443,projetee
2096,F,87,0.035055,projetee
2096,F,88,0.040055,projetee
2096,F,89,0.046287,projetee
2096,F,9,0.000027,projetee
2096,F,90,0.054822,projetee
2096,F,91,0.065597,projetee
2096,F,92,0.078628,projetee
2096,F,93,0.094284,projetee
2096,F,94,0.114998,projetee
2096,F,95,0.138181,projetee
2096,F,96,0.160449,projetee
2096,F,97,0.187909,projetee
2096,F,98,0.211101,projetee
2096,F,99,0.228463,projetee
2096,H,0,0.001481,projetee
2096,H,1,0.000251,projetee
2096,H,10,0.000033,projetee
2096,H,100,0.290856,projetee
2096,H,101,0.306164,projetee
2096,H,102,0.320587,projetee
2096,H,103,0.334621,projetee
2096,H,104,0.348349,projetee
2096,H,105,0.361828,projetee
2096,H,106,0.375083,projetee
2096,H,107,0.388041,projetee
2096,H,108,0.400630,projetee
2096,H,109,0.412778,projetee
2096,H,11,0.000035,projetee
2096,H,110,0.424418,projetee
2096,H,111,0.438817,projetee
2096,H,112,0.456089,projetee
2096,H,113,0.473175,projetee
2096,H,114,0.481595,projetee
2096,H,115,0.481595,projetee
2096,H,116,0.481595,projetee
2096,H,117,0.481595,projetee
2096,H,118,0.481595,projetee
2096,H,119,0.481595,projetee
2096,H,12,0.000038,projetee
2096,H,120,0.481595,projetee
2096,H,13,0.000044,projetee
2096,H,14,0.000055,projetee
2096,H,15,0.000069,projetee
2096,H,16,0.000088,projetee
2096,H,17,0.000111,projetee
2096,H,18,0.000135,projetee
2096,H,19,0.000155,projetee
2096,H,2,0.000111,projetee
2096,H,20,0.000173,projetee
2096,H,21,0.000186,projetee
2096,H,22,0.000191,projetee
2096,H,23,0.000193,projetee
2096,H,24,0.000197,projetee
2096,H,25,0.000204,projetee
2096,H,26,0.000211,projetee
2096,H,27,0.000221,projetee
2096,H,28,0.000232,projetee
2096,H,29,0.000240,projetee
2096,H,3,0.000076,projetee
2096,H,30,0.000248,projetee
2096,H,31,0.000259,projetee
2096,H,32,0.000273,projetee
2096,H,33,0.000286,projetee
2096,H,34,0.000306,projetee
2096,H,35,0.000332,projetee
2096,H,36,0.000352,projetee
2096,H,37,0.000375,projetee
2096,H,38,0.000404,projetee
2096,H,39,0.000435,projetee
2096,H,4,0.000056,projetee
2096,H,40,0.000468,projetee
2096,H,41,0.000505,projetee
2096,H,42,0.000549,projetee
2096,H,43,0.000599,projetee
2096,H,44,0.000644,projetee
2096,H,45,0.000686,projetee
2096,H,46,0.000738,projetee
2096,H,47,0.000803,projetee
2096,H,48,0.000868,projetee
2096,H,49,0.000947,projetee
2096,H,5,0.000047,projetee
2096,H,50,0.001039,projetee
2096,H,51,0.001145,projetee
2096,H,52,0.001275,projetee
2096,H,53,0.001429,projetee
2096,H,54,0.001557,projetee
2096,H,55,0.001642,projetee
2096,H,56,0.001794,projetee
2096,H,57,0.001989,projetee
2096,H,58,0.002182,projetee
2096,H,59,0.002342,projetee
2096,H,6,0.000039,projetee
2096,H,60,0.002506,projetee
2096,H,61,0.002744,projetee
2096,H,62,0.002995,projetee
2096,H,63,0.003285,projetee
2096,H,64,0.003584,projetee
2096,H,65,0.003930,projetee
2096,H,66,0.004257,projetee
2096,H,67,0.004564,projetee
2096,H,68,0.004943,projetee
2096,H,69,0.005320,projetee
2096,H,7,0.000035,projetee
2096,H,70,0.005795,projetee
2096,H,71,0.006400,projetee
2096,H,72,0.006940,projetee
2096,H,73,0.007445,projetee
2096,H,74,0.008166,projetee
2096,H,75,0.008917,projetee
2096,H,76,0.009622,projetee
2096,H,77,0.010569,projetee
2096,H,78,0.011918,projetee
2096,H,79,0.013379,projetee
2096,H,8,0.000033,projetee
2096,H,80,0.015249,projetee
2096,H,81,0.017742,projetee
2096,H,82,0.020422,projetee
2096,H,83,0.023664,projetee
2096,H,84,0.027810,projetee
2096,H,85,0.032093,projetee
2096,H,86,0.036532,projetee
2096,H,87,0.042067,projetee
2096,H,88,0.048066,projetee
2096,H,89,0.055546,projetee
2096,H,9,0.000033,projetee
2096,H,90,0.065789,projetee
2096,H,91,0.078722,projetee
2096,H,92,0.094361,projetee
2096,H,93,0.113152,projetee
2096,H,94,0.138020,projetee
2096,H,95,0.166314,projetee
2096,H,96,0.193022,projetee
2096,H,97,0.225541,projetee
2096,H,98,0.253331,projetee
2096,H,99,0.272360,projetee
2097,F,0,0.001228,projetee
2097,F,1,0.000208,projetee
2097,F,10,0.000028,projetee
2097,F,100,0.246127,projetee
2097,F,101,0.262421,projetee
2097,F,102,0.278374,projetee
2097,F,103,0.294408,projetee
2097,F,104,0.310600,projetee
2097,F,105,0.327009,projetee
2097,F,106,0.343664,projetee
2097,F,107,0.360510,projetee
2097,F,108,0.377485,projetee
2097,F,109,0.394528,projetee
2097,F,11,0.000029,projetee
2097,F,110,0.411575,projetee
2097,F,111,0.428564,projetee
2097,F,112,0.445432,projetee
2097,F,113,0.462119,projetee
2097,F,114,0.470346,projetee
2097,F,115,0.470346,projetee
2097,F,116,0.470346,projetee
2097,F,117,0.470346,projetee
2097,F,118,0.470346,projetee
2097,F,119,0.470346,projetee
2097,F,12,0.000031,projetee
2097,F,120,0.470346,projetee
2097,F,13,0.000036,projetee
2097,F,14,0.000045,projetee
2097,F,15,0.000055,projetee
2097,F,16,0.000062,projetee
2097,F,17,0.000068,projetee
2097,F,18,0.000075,projetee
2097,F,19,0.000082,projetee
2097,F,2,0.000091,projetee
2097,F,20,0.000088,projetee
2097,F,21,0.000094,projetee
2097,F,22,0.000099,projetee
2097,F,23,0.000101,projetee
2097,F,24,0.000103,projetee
2097,F,25,0.000107,projetee
2097,F,26,0.000109,projetee
2097,F,27,0.000111,projetee
2097,F,28,0.000113,projetee
2097,F,29,0.000120,projetee
2097,F,3,0.000063,projetee
2097,F,30,0.000131,projetee
2097,F,31,0.000140,projetee
2097,F,32,0.000154,projetee
2097,F,33,0.000169,projetee
2097,F,34,0.000182,projetee
2097,F,35,0.000194,projetee
2097,F,36,0.000206,projetee
2097,F,37,0.000224,projetee
2097,F,38,0.000243,projetee
2097,F,39,0.000266,projetee
2097,F,4,0.000046,projetee
2097,F,40,0.000294,projetee
2097,F,41,0.000324,projetee
2097,F,42,0.000355,projetee
2097,F,43,0.000390,projetee
2097,F,44,0.000422,projetee
2097,F,45,0.000457,projetee
2097,F,46,0.000500,projetee
2097,F,47,0.000553,projetee
2097,F,48,0.000613,projetee
2097,F,49,0.000679,projetee
2097,F,5,0.000039,projetee
2097,F,50,0.000757,projetee
2097,F,51,0.000842,projetee
2097,F,52,0.000914,projetee
2097,F,53,0.000970,projetee
2097,F,54,0.001043,projetee
2097,F,55,0.001169,projetee
2097,F,56,0.001295,projetee
2097,F,57,0.001406,projetee
2097,F,58,0.001537,projetee
2097,F,59,0.001675,projetee
2097,F,6,0.000032,projetee
2097,F,60,0.001821,projetee
2097,F,61,0.001969,projetee
2097,F,62,0.002165,projetee
2097,F,63,0.002408,projetee
2097,F,64,0.002642,projetee
2097,F,65,0.002887,projetee
2097,F,66,0.003099,projetee
2097,F,67,0.003258,projetee
2097,F,68,0.003496,projetee
2097,F,69,0.003815,projetee
2097,F,7,0.000029,projetee
2097,F,70,0.004182,projetee
2097,F,71,0.004604,projetee
2097,F,72,0.005062,projetee
2097,F,73,0.005551,projetee
2097,F,74,0.006041,projetee
2097,F,75,0.006638,projetee
2097,F,76,0.007485,projetee
2097,F,77,0.008409,projetee
2097,F,78,0.009666,projetee
2097,F,79,0.011041,projetee
2097,F,8,0.000027,projetee
2097,F,80,0.012584,projetee
2097,F,81,0.014641,projetee
2097,F,82,0.016853,projetee
2097,F,83,0.019528,projetee
2097,F,84,0.022950,projetee
2097,F,85,0.026485,projetee
2097,F,86,0.030147,projetee
2097,F,87,0.034715,projetee
2097,F,88,0.039666,projetee
2097,F,89,0.045838,projetee
2097,F,9,0.000027,projetee
2097,F,90,0.054290,projetee
2097,F,91,0.064976,projetee
2097,F,92,0.077939,projetee
2097,F,93,0.093549,projetee
2097,F,94,0.114221,projetee
2097,F,95,0.137379,projetee
2097,F,96,0.159659,projetee
2097,F,97,0.187131,projetee
2097,F,98,0.210293,projetee
2097,F,99,0.227589,projetee
2097,H,0,0.001474,projetee
2097,H,1,0.000250,projetee
2097,H,10,0.000033,projetee
2097,H,100,0.289743,projetee
2097,H,101,0.304993,projetee
2097,H,102,0.319361,projetee
2097,H,103,0.333341,projetee
2097,H,104,0.347016,projetee
2097,H,105,0.360444,projetee
2097,H,106,0.373648,projetee
2097,H,107,0.386556,projetee
2097,H,108,0.399097,projetee
2097,H,109,0.411199,projetee
2097,H,11,0.000035,projetee
2097,H,110,0.422794,projetee
2097,H,111,0.437138,projetee
2097,H,112,0.454343,projetee
2097,H,113,0.471364,projetee
2097,H,114,0.479753,projetee
2097,H,115,0.479753,projetee
2097,H,116,0.479753,projetee
2097,H,117,0.479753,projetee
2097,H,118,0.479753,projetee
2097,H,119,0.479753,projetee
2097,H,12,0.000037,projetee
2097,H,120,0.479753,projetee
2097,H,13,0.000044,projetee
2097,H,14,0.000055,projetee
2097,H,15,0.000068,projetee
2097,H,16,0.000087,projetee
2097,H,17,0.000110,projetee
2097,H,18,0.000133,projetee
2097,H,19,0.000153,projetee
2097,H,2,0.000110,projetee
2097,H,20,0.000170,projetee
2097,H,21,0.000183,projetee
2097,H,22,0.000188,projetee
2097,H,23,0.000190,projetee
2097,H,24,0.000194,projetee
2097,H,25,0.000201,projetee
2097,H,26,0.000208,projetee
2097,H,27,0.000217,projetee
2097,H,28,0.000228,projetee
2097,H,29,0.000237,projetee
2097,H,3,0.000076,projetee
2097,H,30,0.000244,projetee
2097,H,31,0.000255,projetee
2097,H,32,0.000269,projetee
2097,H,33,0.000281,projetee
2097,H,34,0.000301,projetee
2097,H,35,0.000327,projetee
2097,H,36,0.000347,projetee
2097,H,37,0.000369,projetee
2097,H,38,0.000398,projetee
2097,H,39,0.000429,projetee
2097,H,4,0.000056,projetee
2097,H,40,0.000461,projetee
2097,H,41,0.000497,projetee
2097,H,42,0.000540,projetee
2097,H,43,0.000590,projetee
2097,H,44,0.000634,projetee
2097,H,45,0.000675,projetee
2097,H,46,0.000727,projetee
2097,H,47,0.000790,projetee
2097,H,48,0.000855,projetee
2097,H,49,0.000932,projetee
2097,H,5,0.000046,projetee
2097,H,50,0.001023,projetee
2097,H,51,0.001128,projetee
2097,H,52,0.001256,projetee
2097,H,53,0.001408,projetee
2097,H,54,0.001534,projetee
2097,H,55,0.001617,projetee
2097,H,56,0.001767,projetee
2097,H,57,0.001959,projetee
2097,H,58,0.002149,projetee
2097,H,59,0.002307,projetee
2097,H,6,0.000039,projetee
2097,H,60,0.002468,projetee
2097,H,61,0.002702,projetee
2097,H,62,0.002949,projetee
2097,H,63,0.003235,projetee
2097,H,64,0.003529,projetee
2097,H,65,0.003870,projetee
2097,H,66,0.004193,projetee
2097,H,67,0.004494,projetee
2097,H,68,0.004868,projetee
2097,H,69,0.005239,projetee
2097,H,7,0.000034,projetee
2097,H,70,0.005707,projetee
2097,H,71,0.006303,projetee
2097,H,72,0.006834,projetee
2097,H,73,0.007332,projetee
2097,H,74,0.008042,projetee
2097,H,75,0.008782,projetee
2097,H,76,0.009476,projetee
2097,H,77,0.010408,projetee
2097,H,78,0.011772,projetee
2097,H,79,0.013250,projetee
2097,H,8,0.000032,projetee
2097,H,80,0.015101,projetee
2097,H,81,0.017570,projetee
2097,H,82,0.020224,projetee
2097,H,83,0.023434,projetee
2097,H,84,0.027540,projetee
2097,H,85,0.031782,projetee
2097,H,86,0.036177,projetee
2097,H,87,0.041659,projetee
2097,H,88,0.047600,projetee
2097,H,89,0.055008,projetee
2097,H,9,0.000033,projetee
2097,H,90,0.065151,projetee
2097,H,91,0.077977,projetee
2097,H,92,0.093533,projetee
2097,H,93,0.112270,projetee
2097,H,94,0.137088,projetee
2097,H,95,0.165419,projetee
2097,H,96,0.192139,projetee
2097,H,97,0.224608,projetee
2097,H,98,0.252362,projetee
2097,H,99,0.271317,projetee
2098,F,0,0.001222,projetee
2098,F,1,0.000207,projetee
2098,F,10,0.000027,projetee
2098,F,100,0.245185,projetee
2098,F,101,0.261417,projetee
2098,F,102,0.277309,projetee
2098,F,103,0.293282,projetee
2098,F,104,0.309412,projetee
2098,F,105,0.325757,projetee
2098,F,106,0.342349,projetee
2098,F,107,0.359130,projetee
2098,F,108,0.376040,projetee
2098,F,109,0.393018,projetee
2098,F,11,0.000028,projetee
2098,F,110,0.410000,projetee
2098,F,111,0.426924,projetee
2098,F,112,0.443728,projetee
2098,F,113,0.460350,projetee
2098,F,114,0.468546,projetee
2098,F,115,0.468546,projetee
2098,F,116,0.468546,projetee
2098,F,117,0.468546,projetee
2098,F,118,0.468546,projetee
2098,F,119,0.468546,projetee
2098,F,12,0.000031,projetee
2098,F,120,0.468546,projetee
2098,F,13,0.000036,projetee
2098,F,14,0.000045,projetee
2098,F,15,0.000054,projetee
2098,F,16,0.000061,projetee
2098,F,17,0.000068,projetee
2098,F,18,0.000074,projetee
2098,F,19,0.000081,projetee
2098,F,2,0.000091,projetee
2098,F,20,0.000087,projetee
2098,F,21,0.000093,projetee
2098,F,22,0.000098,projetee
2098,F,23,0.000100,projetee
2098,F,24,0.000102,projetee
2098,F,25,0.000106,projetee
2098,F,26,0.000108,projetee
2098,F,27,0.000110,projetee
2098,F,28,0.000112,projetee
2098,F,29,0.000119,projetee
2098,F,3,0.000063,projetee
2098,F,30,0.000129,projetee
2098,F,31,0.000139,projetee
2098,F,32,0.000153,projetee
2098,F,33,0.000168,projetee
2098,F,34,0.000180,projetee
2098,F,35,0.000192,projetee
2098,F,36,0.000204,projetee
2098,F,37,0.000222,projetee
2098,F,38,0.000241,projetee
2098,F,39,0.000263,projetee
2098,F,4,0.000046,projetee
2098,F,40,0.000291,projetee
2098,F,41,0.000321,projetee
2098,F,42,0.000352,projetee
2098,F,43,0.000387,projetee
2098,F,44,0.000418,projetee
2098,F,45,0.000453,projetee
2098,F,46,0.000495,projetee
2098,F,47,0.000548,projetee
2098,F,48,0.000607,projetee
2098,F,49,0.000673,projetee
2098,F,5,0.000038,projetee
2098,F,50,0.000750,projetee
2098,F,51,0.000834,projetee
2098,F,52,0.000905,projetee
2098,F,53,0.000960,projetee
2098,F,54,0.001033,projetee
2098,F,55,0.001157,projetee
2098,F,56,0.001283,projetee
2098,F,57,0.001393,projetee
2098,F,58,0.001522,projetee
2098,F,59,0.001659,projetee
2098,F,6,0.000032,projetee
2098,F,60,0.001803,projetee
2098,F,61,0.001950,projetee
2098,F,62,0.002144,projetee
2098,F,63,0.002385,projetee
2098,F,64,0.002616,projetee
2098,F,65,0.002859,projetee
2098,F,66,0.003069,projetee
2098,F,67,0.003227,projetee
2098,F,68,0.003462,projetee
2098,F,69,0.003778,projetee
2098,F,7,0.000028,projetee
2098,F,70,0.004141,projetee
2098,F,71,0.004559,projetee
2098,F,72,0.005013,projetee
2098,F,73,0.005497,projetee
2098,F,74,0.005982,projetee
2098,F,75,0.006573,projetee
2098,F,76,0.007412,projetee
2098,F,77,0.008328,projetee
2098,F,78,0.009572,projetee
2098,F,79,0.010934,projetee
2098,F,8,0.000027,projetee
2098,F,80,0.012462,projetee
2098,F,81,0.014500,projetee
2098,F,82,0.016689,projetee
2098,F,83,0.019339,projetee
2098,F,84,0.022727,projetee
2098,F,85,0.026228,projetee
2098,F,86,0.029855,projetee
2098,F,87,0.034379,projetee
2098,F,88,0.039282,projetee
2098,F,89,0.045394,projetee
2098,F,9,0.000027,projetee
2098,F,90,0.053764,projetee
2098,F,91,0.064361,projetee
2098,F,92,0.077255,projetee
2098,F,93,0.092820,projetee
2098,F,94,0.113450,projetee
2098,F,95,0.136582,projetee
2098,F,96,0.158872,projetee
2098,F,97,0.186356,projetee
2098,F,98,0.209488,projetee
2098,F,99,0.226717,projetee
2098,H,0,0.001467,projetee
2098,H,1,0.000248,projetee
2098,H,10,0.000033,projetee
2098,H,100,0.288634,projetee
2098,H,101,0.303826,projetee
2098,H,102,0.318138,projetee
2098,H,103,0.332065,projetee
2098,H,104,0.345688,projetee
2098,H,105,0.359064,projetee
2098,H,106,0.372218,projetee
2098,H,107,0.385077,projetee
2098,H,108,0.397569,projetee
2098,H,109,0.409625,projetee
2098,H,11,0.000034,projetee
2098,H,110,0.421176,projetee
2098,H,111,0.435465,projetee
2098,H,112,0.452604,projetee
2098,H,113,0.469560,projetee
2098,H,114,0.477917,projetee
2098,H,115,0.477917,projetee
2098,H,116,0.477917,projetee
2098,H,117,0.477917,projetee
2098,H,118,0.477917,projetee
2098,H,119,0.477917,projetee
2098,H,12,0.000037,projetee
2098,H,120,0.477917,projetee
2098,H,13,0.000043,projetee
2098,H,14,0.000054,projetee
2098,H,15,0.000067,projetee
2098,H,16,0.000085,projetee
2098,H,17,0.000108,projetee
2098,H,18,0.000131,projetee
2098,H,19,0.000151,projetee
2098,H,2,0.000109,projetee
2098,H,20,0.000168,projetee
2098,H,21,0.000180,projetee
2098,H,22,0.000185,projetee
2098,H,23,0.000188,projetee
2098,H,24,0.000191,projetee
2098,H,25,0.000198,projetee
2098,H,26,0.000205,projetee
2098,H,27,0.000214,projetee
2098,H,28,0.000225,projetee
2098,H,29,0.000233,projetee
2098,H,3,0.000075,projetee
2098,H,30,0.000240,projetee
2098,H,31,0.000251,projetee
2098,H,32,0.000265,projetee
2098,H,33,0.000277,projetee
2098,H,34,0.000297,projetee
2098,H,35,0.000322,projetee
2098,H,36,0.000341,projetee
2098,H,37,0.000363,projetee
2098,H,38,0.000391,projetee
2098,H,39,0.000422,projetee
2098,H,4,0.000055,projetee
2098,H,40,0.000454,projetee
2098,H,41,0.000490,projetee
2098,H,42,0.000532,projetee
2098,H,43,0.000581,projetee
2098,H,44,0.000624,projetee
2098,H,45,0.000665,projetee
2098,H,46,0.000716,projetee
2098,H,47,0.000778,projetee
2098,H,48,0.000842,projetee
2098,H,49,0.000918,projetee
2098,H,5,0.000046,projetee
2098,H,50,0.001008,projetee
2098,H,51,0.001111,projetee
2098,H,52,0.001237,projetee
2098,H,53,0.001386,projetee
2098,H,54,0.001510,projetee
2098,H,55,0.001593,projetee
2098,H,56,0.001740,projetee
2098,H,57,0.001929,projetee
2098,H,58,0.002116,projetee
2098,H,59,0.002272,projetee
2098,H,6,0.000039,projetee
2098,H,60,0.002430,projetee
2098,H,61,0.002661,projetee
2098,H,62,0.002904,projetee
2098,H,63,0.003186,projetee
2098,H,64,0.003475,projetee
2098,H,65,0.003811,projetee
2098,H,66,0.004129,projetee
2098,H,67,0.004426,projetee
2098,H,68,0.004794,projetee
2098,H,69,0.005159,projetee
2098,H,7,0.000034,projetee
2098,H,70,0.005620,projetee
2098,H,71,0.006207,projetee
2098,H,72,0.006730,projetee
2098,H,73,0.007220,projetee
2098,H,74,0.007919,projetee
2098,H,75,0.008648,projetee
2098,H,76,0.009331,projetee
2098,H,77,0.010250,projetee
2098,H,78,0.011628,projetee
2098,H,79,0.013121,projetee
2098,H,8,0.000032,projetee
2098,H,80,0.014955,projetee
2098,H,81,0.017400,projetee
2098,H,82,0.020027,projetee
2098,H,83,0.023207,projetee
2098,H,84,0.027273,projetee
2098,H,85,0.031474,projetee
2098,H,86,0.035827,projetee
2098,H,87,0.041255,projetee
2098,H,88,0.047139,projetee
2098,H,89,0.054474,projetee
2098,H,9,0.000032,projetee
2098,H,90,0.064519,projetee
2098,H,91,0.077238,projetee
2098,H,92,0.092713,projetee
2098,H,93,0.111395,projetee
2098,H,94,0.136162,projetee
2098,H,95,0.164530,projetee
2098,H,96,0.191260,projetee
2098,H,97,0.223678,projetee
2098,H,98,0.251396,projetee
2098,H,99,0.270279,projetee
2099,F,0,0.001216,projetee
2099,F,1,0.000206,projetee
2099,F,10,0.000027,projetee
2099,F,100,0.244247,projetee
2099,F,101,0.260416,projetee
2099,F,102,0.276248,projetee
2099,F,103,0.292159,projetee
2099,F,104,0.308228,projetee
2099,F,105,0.324510,projetee
2099,F,106,0.341039,projetee
2099,F,107,0.357756,projetee
2099,F,108,0.374601,projetee
2099,F,109,0.391514,projetee
2099,F,11,0.000028,projetee
2099,F,110,0.408431,projetee
2099,F,111,0.425290,projetee
2099,F,112,0.442029,projetee
2099,F,113,0.458589,projetee
2099,F,114,0.466753,projetee
2099,F,115,0.466753,projetee
2099,F,116,0.466753,projetee
2099,F,117,0.466753,projetee
2099,F,118,0.466753,projetee
2099,F,119,0.466753,projetee
2099,F,12,0.000030,projetee
2099,F,120,0.466753,projetee
2099,F,13,0.000036,projetee
2099,F,14,0.000045,projetee
2099,F,15,0.000054,projetee
2099,F,16,0.000061,projetee
2099,F,17,0.000067,projetee
2099,F,18,0.000074,projetee
2099,F,19,0.000080,projetee
2099,F,2,0.000090,projetee
2099,F,20,0.000086,projetee
2099,F,21,0.000092,projetee
2099,F,22,0.000097,projetee
2099,F,23,0.000099,projetee
2099,F,24,0.000101,projetee
2099,F,25,0.000104,projetee
2099,F,26,0.000107,projetee
2099,F,27,0.000109,projetee
2099,F,28,0.000111,projetee
2099,F,29,0.000118,projetee
2099,F,3,0.000062,projetee
2099,F,30,0.000128,projetee
2099,F,31,0.000137,projetee
2099,F,32,0.000151,projetee
2099,F,33,0.000166,projetee
2099,F,34,0.000178,projetee
2099,F,35,0.000190,projetee
2099,F,36,0.000203,projetee
2099,F,37,0.000220,projetee
2099,F,38,0.000239,projetee
2099,F,39,0.000261,projetee
2099,F,4,0.000046,projetee
2099,F,40,0.000289,projetee
2099,F,41,0.000318,projetee
2099,F,42,0.000349,projetee
2099,F,43,0.000383,projetee
2099,F,44,0.000414,projetee
2099,F,45,0.000448,projetee
2099,F,46,0.000491,projetee
2099,F,47,0.000543,projetee
2099,F,48,0.000601,projetee
2099,F,49,0.000666,projetee
2099,F,5,0.000038,projetee
2099,F,50,0.000743,projetee
2099,F,51,0.000826,projetee
2099,F,52,0.000896,projetee
2099,F,53,0.000951,projetee
2099,F,54,0.001023,projetee
2099,F,55,0.001146,projetee
2099,F,56,0.001270,projetee
2099,F,57,0.001379,projetee
2099,F,58,0.001507,projetee
2099,F,59,0.001643,projetee
2099,F,6,0.000032,projetee
2099,F,60,0.001786,projetee
2099,F,61,0.001931,projetee
2099,F,62,0.002124,projetee
2099,F,63,0.002362,projetee
2099,F,64,0.002591,projetee
2099,F,65,0.002831,projetee
2099,F,66,0.003039,projetee
2099,F,67,0.003195,projetee
2099,F,68,0.003429,projetee
2099,F,69,0.003742,projetee
2099,F,7,0.000028,projetee
2099,F,70,0.004101,projetee
2099,F,71,0.004515,projetee
2099,F,72,0.004964,projetee
2099,F,73,0.005444,projetee
2099,F,74,0.005924,projetee
2099,F,75,0.006510,projetee
2099,F,76,0.007340,projetee
2099,F,77,0.008247,projetee
2099,F,78,0.009479,projetee
2099,F,79,0.010828,projetee
2099,F,8,0.000027,projetee
2099,F,80,0.012341,projetee
2099,F,81,0.014359,projetee
2099,F,82,0.016528,projetee
2099,F,83,0.019152,projetee
2099,F,84,0.022507,projetee
2099,F,85,0.025974,projetee
2099,F,86,0.029566,projetee
2099,F,87,0.034045,projetee
2099,F,88,0.038901,projetee
2099,F,89,0.044954,projetee
2099,F,9,0.000027,projetee
2099,F,90,0.053242,projetee
2099,F,91,0.063752,projetee
2099,F,92,0.076577,projetee
2099,F,93,0.092096,projetee
2099,F,94,0.112684,projetee
2099,F,95,0.135790,projetee
2099,F,96,0.158090,projetee
2099,F,97,0.185584,projetee
2099,F,98,0.208687,projetee
2099,F,99,0.225850,projetee
2099,H,0,0.001459,projetee
2099,H,1,0.000247,projetee
2099,H,10,0.000033,projetee
2099,H,100,0.287530,projetee
2099,H,101,0.302663,projetee
2099,H,102,0.316921,projetee
2099,H,103,0.330794,projetee
2099,H,104,0.344366,projetee
2099,H,105,0.357690,projetee
2099,H,106,0.370794,projetee
2099,H,107,0.383603,projetee
2099,H,108,0.396048,projetee
2099,H,109,0.408058,projetee
2099,H,11,0.000034,projetee
2099,H,110,0.419565,projetee
2099,H,111,0.433798,projetee
2099,H,112,0.450872,projetee
2099,H,113,0.467763,projetee
2099,H,114,0.476089,projetee
2099,H,115,0.476089,projetee
2099,H,116,0.476089,projetee
2099,H,117,0.476089,projetee
2099,H,118,0.476089,projetee
2099,H,119,0.476089,projetee
2099,H,12,0.000037,projetee
2099,H,120,0.476089,projetee
2099,H,13,0.000043,projetee
2099,H,14,0.000054,projetee
2099,H,15,0.000066,projetee
2099,H,16,0.000084,projetee
2099,H,17,0.000106,projetee
2099,H,18,0.000129,projetee
2099,H,19,0.000148,projetee
2099,H,2,0.000108,projetee
2099,H,20,0.000165,projetee
2099,H,21,0.000177,projetee
2099,H,22,0.000182,projetee
2099,H,23,0.000185,projetee
2099,H,24,0.000189,projetee
2099,H,25,0.000195,projetee
2099,H,26,0.000202,projetee
2099,H,27,0.000211,projetee
2099,H,28,0.000221,projetee
2099,H,29,0.000230,projetee
2099,H,3,0.000075,projetee
2099,H,30,0.000237,projetee
2099,H,31,0.000247,projetee
2099,H,32,0.000261,projetee
2099,H,33,0.000273,projetee
2099,H,34,0.000292,projetee
2099,H,35,0.000317,projetee
2099,H,36,0.000336,projetee
2099,H,37,0.000358,projetee
2099,H,38,0.000386,projetee
2099,H,39,0.000416,projetee
2099,H,4,0.000055,projetee
2099,H,40,0.000447,projetee
2099,H,41,0.000482,projetee
2099,H,42,0.000524,projetee
2099,H,43,0.000572,projetee
2099,H,44,0.000615,projetee
2099,H,45,0.000655,projetee
2099,H,46,0.000705,projetee
2099,H,47,0.000766,projetee
2099,H,48,0.000829,projetee
2099,H,49,0.000904,projetee
2099,H,5,0.000045,projetee
2099,H,50,0.000992,projetee
2099,H,51,0.001094,projetee
2099,H,52,0.001218,projetee
2099,H,53,0.001365,projetee
2099,H,54,0.001487,projetee
2099,H,55,0.001569,projetee
2099,H,56,0.001714,projetee
2099,H,57,0.001900,projetee
2099,H,58,0.002084,projetee
2099,H,59,0.002237,projetee
2099,H,6,0.000038,projetee
2099,H,60,0.002393,projetee
2099,H,61,0.002621,projetee
2099,H,62,0.002860,projetee
2099,H,63,0.003137,projetee
2099,H,64,0.003423,projetee
2099,H,65,0.003753,projetee
2099,H,66,0.004066,projetee
2099,H,67,0.004359,projetee
2099,H,68,0.004721,projetee
2099,H,69,0.005081,projetee
2099,H,7,0.000034,projetee
2099,H,70,0.005535,projetee
2099,H,71,0.006112,projetee
2099,H,72,0.006628,projetee
2099,H,73,0.007110,projetee
2099,H,74,0.007799,projetee
2099,H,75,0.008516,projetee
2099,H,76,0.009189,projetee
2099,H,77,0.010094,projetee
2099,H,78,0.011485,projetee
2099,H,79,0.012994,projetee
2099,H,8,0.000032,projetee
2099,H,80,0.014810,projetee
2099,H,81,0.017231,projetee
2099,H,82,0.019833,projetee
2099,H,83,0.022982,projetee
2099,H,84,0.027008,projetee
2099,H,85,0.031169,projetee
2099,H,86,0.035479,projetee
2099,H,87,0.040855,projetee
2099,H,88,0.046682,projetee
2099,H,89,0.053946,projetee
2099,H,9,0.000032,projetee
2099,H,90,0.063893,projetee
2099,H,91,0.076507,projetee
2099,H,92,0.091899,projetee
2099,H,93,0.110526,projetee
2099,H,94,0.135243,projetee
2099,H,95,0.163645,projetee
2099,H,96,0.190385,projetee
2099,H,97,0.222751,projetee
2099,H,98,0.250434,projetee
2099,H,99,0.269244,projetee
2100,F,0,0.001210,projetee
2100,F,1,0.000205,projetee
2100,F,10,0.000027,projetee
2100,F,100,0.243312,projetee
2100,F,101,0.259420,projetee
2100,F,102,0.275190,projetee
2100,F,103,0.291041,projetee
2100,F,104,0.307048,projetee
2100,F,105,0.323269,projetee
2100,F,106,0.339734,projetee
2100,F,107,0.356386,projetee
2100,F,108,0.373167,projetee
2100,F,109,0.390015,projetee
2100,F,11,0.000028,projetee
2100,F,110,0.406868,projetee
2100,F,111,0.423662,projetee
2100,F,112,0.440338,projetee
2100,F,113,0.456834,projetee
2100,F,114,0.464968,projetee
2100,F,115,0.464968,projetee
2100,F,116,0.464968,projetee
2100,F,117,0.464968,projetee
2100,F,118,0.464968,projetee
2100,F,119,0.464968,projetee
2100,F,12,0.000030,projetee
2100,F,120,0.464968,projetee
2100,F,13,0.000035,projetee
2100,F,14,0.000044,projetee
2100,F,15,0.000053,projetee
2100,F,16,0.000060,projetee
2100,F,17,0.000066,projetee
2100,F,18,0.000073,projetee
2100,F,19,0.000080,projetee
2100,F,2,0.000090,projetee
2100,F,20,0.000086,projetee
2100,F,21,0.000091,projetee
2100,F,22,0.000096,projetee
2100,F,23,0.000098,projetee
2100,F,24,0.000100,projetee
2100,F,25,0.000103,projetee
2100,F,26,0.000106,projetee
2100,F,27,0.000108,projetee
2100,F,28,0.000110,projetee
2100,F,29,0.000117,projetee
2100,F,3,0.000062,projetee
2100,F,30,0.000127,projetee
2100,F,31,0.000136,projetee
2100,F,32,0.000150,projetee
2100,F,33,0.000164,projetee
2100,F,34,0.000177,projetee
2100,F,35,0.000188,projetee
2100,F,36,0.000201,projetee
2100,F,37,0.000218,projetee
2100,F,38,0.000236,projetee
2100,F,39,0.000258,projetee
2100,F,4,0.000045,projetee
2100,F,40,0.000286,projetee
2100,F,41,0.000315,projetee
2100,F,42,0.000345,projetee
2100,F,43,0.000379,projetee
2100,F,44,0.000410,projetee
2100,F,45,0.000444,projetee
2100,F,46,0.000486,projetee
2100,F,47,0.000537,projetee
2100,F,48,0.000595,projetee
2100,F,49,0.000660,projetee
2100,F,5,0.000038,projetee
2100,F,50,0.000735,projetee
2100,F,51,0.000818,projetee
2100,F,52,0.000888,projetee
2100,F,53,0.000942,projetee
2100,F,54,0.001013,projetee
2100,F,55,0.001135,projetee
2100,F,56,0.001258,projetee
2100,F,57,0.001366,projetee
2100,F,58,0.001492,projetee
2100,F,59,0.001627,projetee
2100,F,6,0.000032,projetee
2100,F,60,0.001768,projetee
2100,F,61,0.001912,projetee
2100,F,62,0.002103,projetee
2100,F,63,0.002339,projetee
2100,F,64,0.002566,projetee
2100,F,65,0.002804,projetee
2100,F,66,0.003010,projetee
2100,F,67,0.003164,projetee
2100,F,68,0.003396,projetee
2100,F,69,0.003705,projetee
2100,F,7,0.000028,projetee
2100,F,70,0.004062,projetee
2100,F,71,0.004471,projetee
2100,F,72,0.004916,projetee
2100,F,73,0.005391,projetee
2100,F,74,0.005867,projetee
2100,F,75,0.006447,projetee
2100,F,76,0.007269,projetee
2100,F,77,0.008167,projetee
2100,F,78,0.009388,projetee
2100,F,79,0.010723,projetee
2100,F,8,0.000026,projetee
2100,F,80,0.012222,projetee
2100,F,81,0.014220,projetee
2100,F,82,0.016367,projetee
2100,F,83,0.018966,projetee
2100,F,84,0.022288,projetee
2100,F,85,0.025722,projetee
2100,F,86,0.029279,projetee
2100,F,87,0.033715,projetee
2100,F,88,0.038524,projetee
2100,F,89,0.044518,projetee
2100,F,9,0.000026,projetee
2100,F,90,0.052726,projetee
2100,F,91,0.063148,projetee
2100,F,92,0.075905,projetee
2100,F,93,0.091378,projetee
2100,F,94,0.111923,projetee
2100,F,95,0.135002,projetee
2100,F,96,0.157311,projetee
2100,F,97,0.184816,projetee
2100,F,98,0.207888,projetee
2100,F,99,0.224985,projetee
2100,H,0,0.001452,projetee
2100,H,1,0.000246,projetee
2100,H,10,0.000032,projetee
2100,H,100,0.286429,projetee
2100,H,101,0.301505,projetee
2100,H,102,0.315708,projetee
2100,H,103,0.329529,projetee
2100,H,104,0.343048,projetee
2100,H,105,0.356322,projetee
2100,H,106,0.369375,projetee
2100,H,107,0.382136,projetee
2100,H,108,0.394533,projetee
2100,H,109,0.406496,projetee
2100,H,11,0.000034,projetee
2100,H,110,0.417959,projetee
2100,H,111,0.432138,projetee
2100,H,112,0.449147,projetee
2100,H,113,0.465973,projetee
2100,H,114,0.474267,projetee
2100,H,115,0.474267,projetee
2100,H,116,0.474267,projetee
2100,H,117,0.474267,projetee
2100,H,118,0.474267,projetee
2100,H,119,0.474267,projetee
2100,H,12,0.000036,projetee
2100,H,120,0.474267,projetee
2100,H,13,0.000043,projetee
2100,H,14,0.000053,projetee
2100,H,15,0.000065,projetee
2100,H,16,0.000083,projetee
2100,H,17,0.000105,projetee
2100,H,18,0.000127,projetee
2100,H,19,0.000146,projetee
2100,H,2,0.000108,projetee
2100,H,20,0.000163,projetee
2100,H,21,0.000175,projetee
2100,H,22,0.000180,projetee
2100,H,23,0.000182,projetee
2100,H,24,0.000186,projetee
2100,H,25,0.000192,projetee
2100,H,26,0.000199,projetee
2100,H,27,0.000208,projetee
2100,H,28,0.000218,projetee
2100,H,29,0.000226,projetee
2100,H,3,0.000074,projetee
2100,H,30,0.000233,projetee
2100,H,31,0.000243,projetee
2100,H,32,0.000257,projetee
2100,H,33,0.000269,projetee
2100,H,34,0.000288,projetee
2100,H,35,0.000312,projetee
2100,H,36,0.000331,projetee
2100,H,37,0.000352,projetee
2100,H,38,0.000380,projetee
2100,H,39,0.000410,projetee
2100,H,4,0.000054,projetee
2100,H,40,0.000440,projetee
2100,H,41,0.000475,projetee
2100,H,42,0.000516,projetee
2100,H,43,0.000563,projetee
2100,H,44,0.000605,projetee
2100,H,45,0.000645,projetee
2100,H,46,0.000694,projetee
2100,H,47,0.000755,projetee
2100,H,48,0.000816,projetee
2100,H,49,0.000890,projetee
2100,H,5,0.000045,projetee
2100,H,50,0.000977,projetee
2100,H,51,0.001077,projetee
2100,H,52,0.001199,projetee
2100,H,53,0.001344,projetee
2100,H,54,0.001465,projetee
2100,H,55,0.001545,projetee
2100,H,56,0.001688,projetee
2100,H,57,0.001871,projetee
2100,H,58,0.002052,projetee
2100,H,59,0.002203,projetee
2100,H,6,0.000038,projetee
2100,H,60,0.002357,projetee
2100,H,61,0.002581,projetee
2100,H,62,0.002817,projetee
2100,H,63,0.003090,projetee
2100,H,64,0.003370,projetee
2100,H,65,0.003696,projetee
2100,H,66,0.004004,projetee
2100,H,67,0.004292,projetee
2100,H,68,0.004649,projetee
2100,H,69,0.005003,projetee
2100,H,7,0.000033,projetee
2100,H,70,0.005451,projetee
2100,H,71,0.006019,projetee
2100,H,72,0.006527,projetee
2100,H,73,0.007002,projetee
2100,H,74,0.007680,projetee
2100,H,75,0.008387,projetee
2100,H,76,0.009050,projetee
2100,H,77,0.009940,projetee
2100,H,78,0.011345,projetee
2100,H,79,0.012868,projetee
2100,H,8,0.000032,projetee
2100,H,80,0.014666,projetee
2100,H,81,0.017064,projetee
2100,H,82,0.019641,projetee
2100,H,83,0.022759,projetee
2100,H,84,0.026747,projetee
2100,H,85,0.030866,projetee
2100,H,86,0.035135,projetee
2100,H,87,0.040459,projetee
2100,H,88,0.046229,projetee
2100,H,89,0.053423,projetee
2100,H,9,0.000032,projetee
2100,H,90,0.063274,projetee
2100,H,91,0.075782,projetee
2100,H,92,0.091093,projetee
2100,H,93,0.109665,projetee
2100,H,94,0.134330,projetee
2100,H,95,0.162765,projetee
2100,H,96,0.189513,projetee
2100,H,97,0.221829,projetee
2100,H,98,0.249475,projetee
2100,H,99,0.268214,projetee
2101,F,0,0.001204,projetee
2101,F,1,0.000203,projetee
2101,F,10,0.000027,projetee
2101,F,100,0.242381,projetee
2101,F,101,0.258427,projetee
2101,F,102,0.274137,projetee
2101,F,103,0.289927,projetee
2101,F,104,0.305873,projetee
2101,F,105,0.322031,projetee
2101,F,106,0.338434,projetee
2101,F,107,0.355023,projetee
2101,F,108,0.371739,projetee
2101,F,109,0.388523,projetee
2101,F,11,0.000028,projetee
2101,F,110,0.405311,projetee
2101,F,111,0.422041,projetee
2101,F,112,0.438652,projetee
2101,F,113,0.455085,projetee
2101,F,114,0.463189,projetee
2101,F,115,0.463189,projetee
2101,F,116,0.463189,projetee
2101,F,117,0.463189,projetee
2101,F,118,0.463189,projetee
2101,F,119,0.463189,projetee
2101,F,12,0.000030,projetee
2101,F,120,0.463189,projetee
2101,F,13,0.000035,projetee
2101,F,14,0.000044,projetee
2101,F,15,0.000053,projetee
2101,F,16,0.000060,projetee
2101,F,17,0.000066,projetee
2101,F,18,0.000072,projetee
2101,F,19,0.000079,projetee
2101,F,2,0.000089,projetee
2101,F,20,0.000085,projetee
2101,F,21,0.000090,projetee
2101,F,22,0.000095,projetee
2101,F,23,0.000097,projetee
2101,F,24,0.000099,projetee
2101,F,25,0.000102,projetee
2101,F,26,0.000105,projetee
2101,F,27,0.000106,projetee
2101,F,28,0.000109,projetee
2101,F,29,0.000116,projetee
2101,F,3,0.000061,projetee
2101,F,30,0.000126,projetee
2101,F,31,0.000135,projetee
2101,F,32,0.000148,projetee
2101,F,33,0.000163,projetee
2101,F,34,0.000175,projetee
2101,F,35,0.000186,projetee
2101,F,36,0.000199,projetee
2101,F,37,0.000216,projetee
2101,F,38,0.000234,projetee
2101,F,39,0.000256,projetee
2101,F,4,0.000045,projetee
2101,F,40,0.000283,projetee
2101,F,41,0.000312,projetee
2101,F,42,0.000342,projetee
2101,F,43,0.000376,projetee
2101,F,44,0.000406,projetee
2101,F,45,0.000440,projetee
2101,F,46,0.000481,projetee
2101,F,47,0.000532,projetee
2101,F,48,0.000590,projetee
2101,F,49,0.000653,projetee
2101,F,5,0.000037,projetee
2101,F,50,0.000728,projetee
2101,F,51,0.000810,projetee
2101,F,52,0.000879,projetee
2101,F,53,0.000933,projetee
2101,F,54,0.001003,projetee
2101,F,55,0.001124,projetee
2101,F,56,0.001246,projetee
2101,F,57,0.001353,projetee
2101,F,58,0.001478,projetee
2101,F,59,0.001611,projetee
2101,F,6,0.000031,projetee
2101,F,60,0.001751,projetee
2101,F,61,0.001894,projetee
2101,F,62,0.002083,projetee
2101,F,63,0.002316,projetee
2101,F,64,0.002541,projetee
2101,F,65,0.002777,projetee
2101,F,66,0.002981,projetee
2101,F,67,0.003134,projetee
2101,F,68,0.003363,projetee
2101,F,69,0.003670,projetee
2101,F,7,0.000027,projetee
2101,F,70,0.004022,projetee
2101,F,71,0.004428,projetee
2101,F,72,0.004868,projetee
2101,F,73,0.005339,projetee
2101,F,74,0.005810,projetee
2101,F,75,0.006384,projetee
2101,F,76,0.007199,projetee
2101,F,77,0.008088,projetee
2101,F,78,0.009297,projetee
2101,F,79,0.010619,projetee
2101,F,8,0.000026,projetee
2101,F,80,0.012103,projetee
2101,F,81,0.014082,projetee
2101,F,82,0.016209,projetee
2101,F,83,0.018782,projetee
2101,F,84,0.022072,projetee
2101,F,85,0.025472,projetee
2101,F,86,0.028995,projetee
2101,F,87,0.033388,projetee
2101,F,88,0.038150,projetee
2101,F,89,0.044086,projetee
2101,F,9,0.000026,projetee
2101,F,90,0.052215,projetee
2101,F,91,0.062550,projetee
2101,F,92,0.075239,projetee
2101,F,93,0.090666,projetee
2101,F,94,0.111168,projetee
2101,F,95,0.134219,projetee
2101,F,96,0.156536,projetee
2101,F,97,0.184051,projetee
2101,F,98,0.207093,projetee
2101,F,99,0.224124,projetee
2101,H,0,0.001445,projetee
2101,H,1,0.000244,projetee
2101,H,10,0.000032,projetee
2101,H,100,0.285333,projetee
2101,H,101,0.300351,projetee
2101,H,102,0.314500,projetee
2101,H,103,0.328268,projetee
2101,H,104,0.341735,projetee
2101,H,105,0.354958,projetee
2101,H,106,0.367961,projetee
2101,H,107,0.380673,projetee
2101,H,108,0.393023,projetee
2101,H,109,0.404941,projetee
2101,H,11,0.000033,projetee
2101,H,110,0.416360,projetee
2101,H,111,0.430484,projetee
2101,H,112,0.447428,projetee
2101,H,113,0.464189,projetee
2101,H,114,0.472452,projetee
2101,H,115,0.472452,projetee
2101,H,116,0.472452,projetee
2101,H,117,0.472452,projetee
2101,H,118,0.472452,projetee
2101,H,119,0.472452,projetee
2101,H,12,0.000036,projetee
2101,H,120,0.472452,projetee
2101,H,13,0.000042,projetee
2101,H,14,0.000052,projetee
2101,H,15,0.000065,projetee
2101,H,16,0.000081,projetee
2101,H,17,0.000103,projetee
2101,H,18,0.000125,projetee
2101,H,19,0.000144,projetee
2101,H,2,0.000107,projetee
2101,H,20,0.000160,projetee
2101,H,21,0.000172,projetee
2101,H,22,0.000177,projetee
2101,H,23,0.000179,projetee
2101,H,24,0.000183,projetee
2101,H,25,0.000189,projetee
2101,H,26,0.000196,projetee
2101,H,27,0.000204,projetee
2101,H,28,0.000214,projetee
2101,H,29,0.000223,projetee
2101,H,3,0.000074,projetee
2101,H,30,0.000230,projetee
2101,H,31,0.000239,projetee
2101,H,32,0.000253,projetee
2101,H,33,0.000264,projetee
2101,H,34,0.000283,projetee
2101,H,35,0.000307,projetee
2101,H,36,0.000326,projetee
2101,H,37,0.000347,projetee
2101,H,38,0.000374,projetee
2101,H,39,0.000403,projetee
2101,H,4,0.000054,projetee
2101,H,40,0.000433,projetee
2101,H,41,0.000468,projetee
2101,H,42,0.000508,projetee
2101,H,43,0.000554,projetee
2101,H,44,0.000596,projetee
2101,H,45,0.000635,projetee
2101,H,46,0.000684,projetee
2101,H,47,0.000743,projetee
2101,H,48,0.000804,projetee
2101,H,49,0.000877,projetee
2101,H,5,0.000045,projetee
2101,H,50,0.000962,projetee
2101,H,51,0.001061,projetee
2101,H,52,0.001181,projetee
2101,H,53,0.001324,projetee
2101,H,54,0.001442,projetee
2101,H,55,0.001521,projetee
2101,H,56,0.001662,projetee
2101,H,57,0.001843,projetee
2101,H,58,0.002021,projetee
2101,H,59,0.002170,projetee
2101,H,6,0.000037,projetee
2101,H,60,0.002321,projetee
2101,H,61,0.002542,projetee
2101,H,62,0.002774,projetee
2101,H,63,0.003042,projetee
2101,H,64,0.003319,projetee
2101,H,65,0.003640,projetee
2101,H,66,0.003943,projetee
2101,H,67,0.004227,projetee
2101,H,68,0.004578,projetee
2101,H,69,0.004927,projetee
2101,H,7,0.000033,projetee
2101,H,70,0.005368,projetee
2101,H,71,0.005928,projetee
2101,H,72,0.006428,projetee
2101,H,73,0.006895,projetee
2101,H,74,0.007563,projetee
2101,H,75,0.008259,projetee
2101,H,76,0.008912,projetee
2101,H,77,0.009789,projetee
2101,H,78,0.011206,projetee
2101,H,79,0.012743,projetee
2101,H,8,0.000031,projetee
2101,H,80,0.014524,projetee
2101,H,81,0.016898,projetee
2101,H,82,0.019450,projetee
2101,H,83,0.022539,projetee
2101,H,84,0.026487,projetee
2101,H,85,0.030567,projetee
2101,H,86,0.034794,projetee
2101,H,87,0.040067,projetee
2101,H,88,0.045781,projetee
2101,H,89,0.052905,projetee
2101,H,9,0.000031,projetee
2101,H,90,0.062660,projetee
2101,H,91,0.075065,projetee
2101,H,92,0.090294,projetee
2101,H,93,0.108810,projetee
2101,H,94,0.133423,projetee
2101,H,95,0.161890,projetee
2101,H,96,0.188646,projetee
2101,H,97,0.220911,projetee
2101,H,98,0.248521,projetee
2101,H,99,0.267187,projetee
2102,F,0,0.001198,projetee
2102,F,1,0.000202,projetee
2102,F,10,0.000026,projetee
2102,F,100,0.241454,projetee
2102,F,101,0.257438,projetee
2102,F,102,0.273088,projetee
2102,F,103,0.288818,projetee
2102,F,104,0.304702,projetee
2102,F,105,0.320799,projetee
2102,F,106,0.337138,projetee
2102,F,107,0.353664,projetee
2102,F,108,0.370317,projetee
2102,F,109,0.387036,projetee
2102,F,11,0.000027,projetee
2102,F,110,0.403760,projetee
2102,F,111,0.420426,projetee
2102,F,112,0.436974,projetee
2102,F,113,0.453344,projetee
2102,F,114,0.461416,projetee
2102,F,115,0.461416,projetee
2102,F,116,0.461416,projetee
2102,F,117,0.461416,projetee
2102,F,118,0.461416,projetee
2102,F,119,0.461416,projetee
2102,F,12,0.000030,projetee
2102,F,120,0.461416,projetee
2102,F,13,0.000035,projetee
2102,F,14,0.000043,projetee
2102,F,15,0.000052,projetee
2102,F,16,0.000059,projetee
2102,F,17,0.000065,projetee
2102,F,18,0.000071,projetee
2102,F,19,0.000078,projetee
2102,F,2,0.000089,projetee
2102,F,20,0.000084,projetee
2102,F,21,0.000089,projetee
2102,F,22,0.000094,projetee
2102,F,23,0.000096,projetee
2102,F,24,0.000098,projetee
2102,F,25,0.000101,projetee
2102,F,26,0.000104,projetee
2102,F,27,0.000105,projetee
2102,F,28,0.000108,projetee
2102,F,29,0.000115,projetee
2102,F,3,0.000061,projetee
2102,F,30,0.000124,projetee
2102,F,31,0.000133,projetee
2102,F,32,0.000147,projetee
2102,F,33,0.000161,projetee
2102,F,34,0.000173,projetee
2102,F,35,0.000184,projetee
2102,F,36,0.000197,projetee
2102,F,37,0.000214,projetee
2102,F,38,0.000232,projetee
2102,F,39,0.000253,projetee
2102,F,4,0.000045,projetee
2102,F,40,0.000280,projetee
2102,F,41,0.000309,projetee
2102,F,42,0.000339,projetee
2102,F,43,0.000372,projetee
2102,F,44,0.000402,projetee
2102,F,45,0.000436,projetee
2102,F,46,0.000476,projetee
2102,F,47,0.000527,projetee
2102,F,48,0.000584,projetee
2102,F,49,0.000647,projetee
2102,F,5,0.000037,projetee
2102,F,50,0.000721,projetee
2102,F,51,0.000802,projetee
2102,F,52,0.000870,projetee
2102,F,53,0.000924,projetee
2102,F,54,0.000994,projetee
2102,F,55,0.001113,projetee
2102,F,56,0.001234,projetee
2102,F,57,0.001339,projetee
2102,F,58,0.001464,projetee
2102,F,59,0.001596,projetee
2102,F,6,0.000031,projetee
2102,F,60,0.001734,projetee
2102,F,61,0.001876,projetee
2102,F,62,0.002062,projetee
2102,F,63,0.002294,projetee
2102,F,64,0.002516,projetee
2102,F,65,0.002750,projetee
2102,F,66,0.002952,projetee
2102,F,67,0.003103,projetee
2102,F,68,0.003330,projetee
2102,F,69,0.003634,projetee
2102,F,7,0.000027,projetee
2102,F,70,0.003983,projetee
2102,F,71,0.004385,projetee
2102,F,72,0.004821,projetee
2102,F,73,0.005287,projetee
2102,F,74,0.005754,projetee
2102,F,75,0.006322,projetee
2102,F,76,0.007129,projetee
2102,F,77,0.008009,projetee
2102,F,78,0.009206,projetee
2102,F,79,0.010516,projetee
2102,F,8,0.000026,projetee
2102,F,80,0.011986,projetee
2102,F,81,0.013945,projetee
2102,F,82,0.016051,projetee
2102,F,83,0.018600,projetee
2102,F,84,0.021858,projetee
2102,F,85,0.025225,projetee
2102,F,86,0.028714,projetee
2102,F,87,0.033064,projetee
2102,F,88,0.037780,projetee
2102,F,89,0.043658,projetee
2102,F,9,0.000026,projetee
2102,F,90,0.051708,projetee
2102,F,91,0.061958,projetee
2102,F,92,0.074580,projetee
2102,F,93,0.089959,projetee
2102,F,94,0.110417,projetee
2102,F,95,0.133440,projetee
2102,F,96,0.155765,projetee
2102,F,97,0.183289,projetee
2102,F,98,0.206300,projetee
2102,F,99,0.223266,projetee
2102,H,0,0.001438,projetee
2102,H,1,0.000243,projetee
2102,H,10,0.000032,projetee
2102,H,100,0.284241,projetee
2102,H,101,0.299201,projetee
2102,H,102,0.313297,projetee
2102,H,103,0.327011,projetee
2102,H,104,0.340427,projetee
2102,H,105,0.353600,projetee
2102,H,106,0.366553,projetee
2102,H,107,0.379217,projetee
2102,H,108,0.391519,projetee
2102,H,109,0.403391,projetee
2102,H,11,0.000033,projetee
2102,H,110,0.414767,projetee
2102,H,111,0.428837,projetee
2102,H,112,0.445715,projetee
2102,H,113,0.462413,projetee
2102,H,114,0.470645,projetee
2102,H,115,0.470645,projetee
2102,H,116,0.470645,projetee
2102,H,117,0.470645,projetee
2102,H,118,0.470645,projetee
2102,H,119,0.470645,projetee
2102,H,12,0.000035,projetee
2102,H,120,0.470645,projetee
2102,H,13,0.000042,projetee
2102,H,14,0.000052,projetee
2102,H,15,0.000064,projetee
2102,H,16,0.000080,projetee
2102,H,17,0.000101,projetee
2102,H,18,0.000123,projetee
2102,H,19,0.000142,projetee
2102,H,2,0.000106,projetee
2102,H,20,0.000158,projetee
2102,H,21,0.000169,projetee
2102,H,22,0.000174,projetee
2102,H,23,0.000176,projetee
2102,H,24,0.000180,projetee
2102,H,25,0.000186,projetee
2102,H,26,0.000193,projetee
2102,H,27,0.000201,projetee
2102,H,28,0.000211,projetee
2102,H,29,0.000219,projetee
2102,H,3,0.000073,projetee
2102,H,30,0.000226,projetee
2102,H,31,0.000236,projetee
2102,H,32,0.000249,projetee
2102,H,33,0.000260,projetee
2102,H,34,0.000279,projetee
2102,H,35,0.000302,projetee
2102,H,36,0.000321,projetee
2102,H,37,0.000342,projetee
2102,H,38,0.000368,projetee
2102,H,39,0.000397,projetee
2102,H,4,0.000054,projetee
2102,H,40,0.000427,projetee
2102,H,41,0.000461,projetee
2102,H,42,0.000500,projetee
2102,H,43,0.000546,projetee
2102,H,44,0.000587,projetee
2102,H,45,0.000625,projetee
2102,H,46,0.000673,projetee
2102,H,47,0.000732,projetee
2102,H,48,0.000792,projetee
2102,H,49,0.000864,projetee
2102,H,5,0.000044,projetee
2102,H,50,0.000948,projetee
2102,H,51,0.001044,projetee
2102,H,52,0.001163,projetee
2102,H,53,0.001304,projetee
2102,H,54,0.001420,projetee
2102,H,55,0.001498,projetee
2102,H,56,0.001637,projetee
2102,H,57,0.001814,projetee
2102,H,58,0.001990,projetee
2102,H,59,0.002137,projetee
2102,H,6,0.000037,projetee
2102,H,60,0.002286,projetee
2102,H,61,0.002503,projetee
2102,H,62,0.002731,projetee
2102,H,63,0.002996,projetee
2102,H,64,0.003269,projetee
2102,H,65,0.003584,projetee
2102,H,66,0.003883,projetee
2102,H,67,0.004163,projetee
2102,H,68,0.004509,projetee
2102,H,69,0.004852,projetee
2102,H,7,0.000033,projetee
2102,H,70,0.005286,projetee
2102,H,71,0.005837,projetee
2102,H,72,0.006330,projetee
2102,H,73,0.006791,projetee
2102,H,74,0.007448,projetee
2102,H,75,0.008133,projetee
2102,H,76,0.008776,projetee
2102,H,77,0.009640,projetee
2102,H,78,0.011069,projetee
2102,H,79,0.012620,projetee
2102,H,8,0.000031,projetee
2102,H,80,0.014383,projetee
2102,H,81,0.016734,projetee
2102,H,82,0.019262,projetee
2102,H,83,0.022320,projetee
2102,H,84,0.026230,projetee
2102,H,85,0.030271,projetee
2102,H,86,0.034457,projetee
2102,H,87,0.039678,projetee
2102,H,88,0.045337,projetee
2102,H,89,0.052392,projetee
2102,H,9,0.000031,projetee
2102,H,90,0.062052,projetee
2102,H,91,0.074354,projetee
2102,H,92,0.089502,projetee
2102,H,93,0.107962,projetee
2102,H,94,0.132523,projetee
2102,H,95,0.161019,projetee
2102,H,96,0.187783,projetee
2102,H,97,0.219996,projetee
2102,H,98,0.247570,projetee
2102,H,99,0.266165,projetee
2103,F,0,0.001192,projetee
2103,F,1,0.000201,projetee
2103,F,10,0.000026,projetee
2103,F,100,0.240530,projetee
2103,F,101,0.256453,projetee
2103,F,102,0.272043,projetee
2103,F,103,0.287713,projetee
2103,F,104,0.303536,projetee
2103,F,105,0.319571,projetee
2103,F,106,0.335848,projetee
2103,F,107,0.352310,projetee
2103,F,108,0.368899,projetee
2103,F,109,0.385555,projetee
2103,F,11,0.000027,projetee
2103,F,110,0.402214,projetee
2103,F,111,0.418817,projetee
2103,F,112,0.435301,projetee
2103,F,113,0.451609,projetee
2103,F,114,0.459651,projetee
2103,F,115,0.459651,projetee
2103,F,116,0.459651,projetee
2103,F,117,0.459651,projetee
2103,F,118,0.459651,projetee
2103,F,119,0.459651,projetee
2103,F,12,0.000029,projetee
2103,F,120,0.459651,projetee
2103,F,13,0.000034,projetee
2103,F,14,0.000043,projetee
2103,F,15,0.000052,projetee
2103,F,16,0.000058,projetee
2103,F,17,0.000064,projetee
2103,F,18,0.000071,projetee
2103,F,19,0.000077,projetee
2103,F,2,0.000088,projetee
2103,F,20,0.000083,projetee
2103,F,21,0.000088,projetee
2103,F,22,0.000093,projetee
2103,F,23,0.000096,projetee
2103,F,24,0.000097,projetee
2103,F,25,0.000100,projetee
2103,F,26,0.000103,projetee
2103,F,27,0.000104,projetee
2103,F,28,0.000107,projetee
2103,F,29,0.000114,projetee
2103,F,3,0.000060,projetee
2103,F,30,0.000123,projetee
2103,F,31,0.000132,projetee
2103,F,32,0.000145,projetee
2103,F,33,0.000160,projetee
2103,F,34,0.000172,projetee
2103,F,35,0.000183,projetee
2103,F,36,0.000195,projetee
2103,F,37,0.000212,projetee
2103,F,38,0.000230,projetee
2103,F,39,0.000251,projetee
2103,F,4,0.000044,projetee
2103,F,40,0.000277,projetee
2103,F,41,0.000306,projetee
2103,F,42,0.000335,projetee
2103,F,43,0.000368,projetee
2103,F,44,0.000398,projetee
2103,F,45,0.000431,projetee
2103,F,46,0.000472,projetee
2103,F,47,0.000522,projetee
2103,F,48,0.000578,projetee
2103,F,49,0.000641,projetee
2103,F,5,0.000037,projetee
2103,F,50,0.000714,projetee
2103,F,51,0.000795,projetee
2103,F,52,0.000862,projetee
2103,F,53,0.000915,projetee
2103,F,54,0.000984,projetee
2103,F,55,0.001102,projetee
2103,F,56,0.001222,projetee
2103,F,57,0.001326,projetee
2103,F,58,0.001449,projetee
2103,F,59,0.001580,projetee
2103,F,6,0.000031,projetee
2103,F,60,0.001717,projetee
2103,F,61,0.001857,projetee
2103,F,62,0.002042,projetee
2103,F,63,0.002271,projetee
2103,F,64,0.002492,projetee
2103,F,65,0.002723,projetee
2103,F,66,0.002923,projetee
2103,F,67,0.003073,projetee
2103,F,68,0.003298,projetee
2103,F,69,0.003599,projetee
2103,F,7,0.000027,projetee
2103,F,70,0.003945,projetee
2103,F,71,0.004342,projetee
2103,F,72,0.004775,projetee
2103,F,73,0.005236,projetee
2103,F,74,0.005698,projetee
2103,F,75,0.006261,projetee
2103,F,76,0.007060,projetee
2103,F,77,0.007932,projetee
2103,F,78,0.009117,projetee
2103,F,79,0.010414,projetee
2103,F,8,0.000025,projetee
2103,F,80,0.011870,projetee
2103,F,81,0.013810,projetee
2103,F,82,0.015896,projetee
2103,F,83,0.018419,projetee
2103,F,84,0.021646,projetee
2103,F,85,0.024981,projetee
2103,F,86,0.028435,projetee
2103,F,87,0.032744,projetee
2103,F,88,0.037414,projetee
2103,F,89,0.043235,projetee
2103,F,9,0.000026,projetee
2103,F,90,0.051207,projetee
2103,F,91,0.061371,projetee
2103,F,92,0.073925,projetee
2103,F,93,0.089258,projetee
2103,F,94,0.109672,projetee
2103,F,95,0.132666,projetee
2103,F,96,0.154998,projetee
2103,F,97,0.182530,projetee
2103,F,98,0.205511,projetee
2103,F,99,0.222412,projetee
2103,H,0,0.001431,projetee
2103,H,1,0.000241,projetee
2103,H,10,0.000031,projetee
2103,H,100,0.283153,projetee
2103,H,101,0.298056,projetee
2103,H,102,0.312098,projetee
2103,H,103,0.325760,projetee
2103,H,104,0.339125,projetee
2103,H,105,0.352247,projetee
2103,H,106,0.365151,projetee
2103,H,107,0.377765,projetee
2103,H,108,0.390021,projetee
2103,H,109,0.401847,projetee
2103,H,11,0.000033,projetee
2103,H,110,0.413179,projetee
2103,H,111,0.427195,projetee
2103,H,112,0.444010,projetee
2103,H,113,0.460643,projetee
2103,H,114,0.468844,projetee
2103,H,115,0.468844,projetee
2103,H,116,0.468844,projetee
2103,H,117,0.468844,projetee
2103,H,118,0.468844,projetee
2103,H,119,0.468844,projetee
2103,H,12,0.000035,projetee
2103,H,120,0.468844,projetee
2103,H,13,0.000041,projetee
2103,H,14,0.000051,projetee
2103,H,15,0.000063,projetee
2103,H,16,0.000079,projetee
2103,H,17,0.000100,projetee
2103,H,18,0.000121,projetee
2103,H,19,0.000140,projetee
2103,H,2,0.000106,projetee
2103,H,20,0.000155,projetee
2103,H,21,0.000167,projetee
2103,H,22,0.000171,projetee
2103,H,23,0.000174,projetee
2103,H,24,0.000177,projetee
2103,H,25,0.000183,projetee
2103,H,26,0.000190,projetee
2103,H,27,0.000198,projetee
2103,H,28,0.000208,projetee
2103,H,29,0.000216,projetee
2103,H,3,0.000073,projetee
2103,H,30,0.000223,projetee
2103,H,31,0.000232,projetee
2103,H,32,0.000246,projetee
2103,H,33,0.000256,projetee
2103,H,34,0.000275,projetee
2103,H,35,0.000298,projetee
2103,H,36,0.000316,projetee
2103,H,37,0.000336,projetee
2103,H,38,0.000363,projetee
2103,H,39,0.000391,projetee
2103,H,4,0.000053,projetee
2103,H,40,0.000420,projetee
2103,H,41,0.000454,projetee
2103,H,42,0.000493,projetee
2103,H,43,0.000538,projetee
2103,H,44,0.000578,projetee
2103,H,45,0.000616,projetee
2103,H,46,0.000663,projetee
2103,H,47,0.000721,projetee
2103,H,48,0.000780,projetee
2103,H,49,0.000850,projetee
2103,H,5,0.000044,projetee
2103,H,50,0.000933,projetee
2103,H,51,0.001029,projetee
2103,H,52,0.001145,projetee
2103,H,53,0.001284,projetee
2103,H,54,0.001399,projetee
2103,H,55,0.001475,projetee
2103,H,56,0.001612,projetee
2103,H,57,0.001787,projetee
2103,H,58,0.001960,projetee
2103,H,59,0.002104,projetee
2103,H,6,0.000037,projetee
2103,H,60,0.002251,projetee
2103,H,61,0.002465,projetee
2103,H,62,0.002690,projetee
2103,H,63,0.002951,projetee
2103,H,64,0.003219,projetee
2103,H,65,0.003530,projetee
2103,H,66,0.003824,projetee
2103,H,67,0.004099,projetee
2103,H,68,0.004440,projetee
2103,H,69,0.004778,projetee
2103,H,7,0.000032,projetee
2103,H,70,0.005206,projetee
2103,H,71,0.005749,projetee
2103,H,72,0.006234,projetee
2103,H,73,0.006687,projetee
2103,H,74,0.007335,projetee
2103,H,75,0.008010,projetee
2103,H,76,0.008660,projetee
2103,H,77,0.009518,projetee
2103,H,78,0.010941,projetee
2103,H,79,0.012497,projetee
2103,H,8,0.000031,projetee
2103,H,80,0.014244,projetee
2103,H,81,0.016572,projetee
2103,H,82,0.019075,projetee
2103,H,83,0.022104,projetee
2103,H,84,0.025976,projetee
2103,H,85,0.029977,projetee
2103,H,86,0.034123,projetee
2103,H,87,0.039293,projetee
2103,H,88,0.044897,projetee
2103,H,89,0.051884,projetee
2103,H,9,0.000031,projetee
2103,H,90,0.061451,projetee
2103,H,91,0.073650,projetee
2103,H,92,0.088717,projetee
2103,H,93,0.107121,projetee
2103,H,94,0.131628,projetee
2103,H,95,0.160154,projetee
2103,H,96,0.186924,projetee
2103,H,97,0.219085,projetee
2103,H,98,0.246622,projetee
2103,H,99,0.265146,projetee
2104,F,0,0.001186,projetee
2104,F,1,0.000200,projetee
2104,F,10,0.000026,projetee
2104,F,100,0.239609,projetee
2104,F,101,0.255471,projetee
2104,F,102,0.271002,projetee
2104,F,103,0.286611,projetee
2104,F,104,0.302375,projetee
2104,F,105,0.318348,projetee
2104,F,106,0.334563,projetee
2104,F,107,0.350962,projetee
2104,F,108,0.367488,projetee
2104,F,109,0.384079,projetee
2104,F,11,0.000027,projetee
2104,F,110,0.400675,projetee
2104,F,111,0.417214,projetee
2104,F,112,0.433635,projetee
2104,F,113,0.449880,projetee
2104,F,114,0.457892,projetee
2104,F,115,0.457892,projetee
2104,F,116,0.457892,projetee
2104,F,117,0.457892,projetee
2104,F,118,0.457892,projetee
2104,F,119,0.457892,projetee
2104,F,12,0.000029,projetee
2104,F,120,0.457892,projetee
2104,F,13,0.000034,projetee
2104,F,14,0.000042,projetee
2104,F,15,0.000051,projetee
2104,F,16,0.000058,projetee
2104,F,17,0.000064,projetee
2104,F,18,0.000070,projetee
2104,F,19,0.000077,projetee
2104,F,2,0.000087,projetee
2104,F,20,0.000082,projetee
2104,F,21,0.000088,projetee
2104,F,22,0.000092,projetee
2104,F,23,0.000095,projetee
2104,F,24,0.000096,projetee
2104,F,25,0.000100,projetee
2104,F,26,0.000102,projetee
2104,F,27,0.000103,projetee
2104,F,28,0.000106,projetee
2104,F,29,0.000112,projetee
2104,F,3,0.000060,projetee
2104,F,30,0.000122,projetee
2104,F,31,0.000131,projetee
2104,F,32,0.000144,projetee
2104,F,33,0.000158,projetee
2104,F,34,0.000170,projetee
2104,F,35,0.000181,projetee
2104,F,36,0.000193,projetee
2104,F,37,0.000210,projetee
2104,F,38,0.000227,projetee
2104,F,39,0.000248,projetee
2104,F,4,0.000044,projetee
2104,F,40,0.000275,projetee
2104,F,41,0.000303,projetee
2104,F,42,0.000332,projetee
2104,F,43,0.000365,projetee
2104,F,44,0.000394,projetee
2104,F,45,0.000427,projetee
2104,F,46,0.000467,projetee
2104,F,47,0.000517,projetee
2104,F,48,0.000573,projetee
2104,F,49,0.000634,projetee
2104,F,5,0.000036,projetee
2104,F,50,0.000707,projetee
2104,F,51,0.000787,projetee
2104,F,52,0.000854,projetee
2104,F,53,0.000906,projetee
2104,F,54,0.000975,projetee
2104,F,55,0.001092,projetee
2104,F,56,0.001210,projetee
2104,F,57,0.001314,projetee
2104,F,58,0.001435,projetee
2104,F,59,0.001565,projetee
2104,F,6,0.000030,projetee
2104,F,60,0.001701,projetee
2104,F,61,0.001839,projetee
2104,F,62,0.002023,projetee
2104,F,63,0.002249,projetee
2104,F,64,0.002468,projetee
2104,F,65,0.002697,projetee
2104,F,66,0.002895,projetee
2104,F,67,0.003043,projetee
2104,F,68,0.003266,projetee
2104,F,69,0.003564,projetee
2104,F,7,0.000027,projetee
2104,F,70,0.003906,projetee
2104,F,71,0.004300,projetee
2104,F,72,0.004728,projetee
2104,F,73,0.005185,projetee
2104,F,74,0.005643,projetee
2104,F,75,0.006200,projetee
2104,F,76,0.006991,projetee
2104,F,77,0.007855,projetee
2104,F,78,0.009029,projetee
2104,F,79,0.010313,projetee
2104,F,8,0.000025,projetee
2104,F,80,0.011755,projetee
2104,F,81,0.013676,projetee
2104,F,82,0.015742,projetee
2104,F,83,0.018241,projetee
2104,F,84,0.021436,projetee
2104,F,85,0.024739,projetee
2104,F,86,0.028160,projetee
2104,F,87,0.032426,projetee
2104,F,88,0.037051,projetee
2104,F,89,0.042816,projetee
2104,F,9,0.000025,projetee
2104,F,90,0.050710,projetee
2104,F,91,0.060790,projetee
2104,F,92,0.073277,projetee
2104,F,93,0.088563,projetee
2104,F,94,0.108932,projetee
2104,F,95,0.131896,projetee
2104,F,96,0.154235,projetee
2104,F,97,0.181774,projetee
2104,F,98,0.204724,projetee
2104,F,99,0.221560,projetee
2104,H,0,0.001424,projetee
2104,H,1,0.000240,projetee
2104,H,10,0.000031,projetee
2104,H,100,0.282070,projetee
2104,H,101,0.296916,projetee
2104,H,102,0.310903,projetee
2104,H,103,0.324513,projetee
2104,H,104,0.337827,projetee
2104,H,105,0.350899,projetee
2104,H,106,0.363753,projetee
2104,H,107,0.376320,projetee
2104,H,108,0.388528,projetee
2104,H,109,0.400310,projetee
2104,H,11,0.000032,projetee
2104,H,110,0.411598,projetee
2104,H,111,0.425560,projetee
2104,H,112,0.442310,projetee
2104,H,113,0.458880,projetee
2104,H,114,0.467050,projetee
2104,H,115,0.467050,projetee
2104,H,116,0.467050,projetee
2104,H,117,0.467050,projetee
2104,H,118,0.467050,projetee
2104,H,119,0.467050,projetee
2104,H,12,0.000035,projetee
2104,H,120,0.467050,projetee
2104,H,13,0.000041,projetee
2104,H,14,0.000051,projetee
2104,H,15,0.000062,projetee
2104,H,16,0.000078,projetee
2104,H,17,0.000098,projetee
2104,H,18,0.000119,projetee
2104,H,19,0.000137,projetee
2104,H,2,0.000105,projetee
2104,H,20,0.000153,projetee
2104,H,21,0.000164,projetee
2104,H,22,0.000169,projetee
2104,H,23,0.000171,projetee
2104,H,24,0.000175,projetee
2104,H,25,0.000180,projetee
2104,H,26,0.000187,projetee
2104,H,27,0.000195,projetee
2104,H,28,0.000205,projetee
2104,H,29,0.000213,projetee
2104,H,3,0.000072,projetee
2104,H,30,0.000219,projetee
2104,H,31,0.000229,projetee
2104,H,32,0.000242,projetee
2104,H,33,0.000253,projetee
2104,H,34,0.000271,projetee
2104,H,35,0.000293,projetee
2104,H,36,0.000311,projetee
2104,H,37,0.000331,projetee
2104,H,38,0.000357,projetee
2104,H,39,0.000385,projetee
2104,H,4,0.000053,projetee
2104,H,40,0.000414,projetee
2104,H,41,0.000447,projetee
2104,H,42,0.000485,projetee
2104,H,43,0.000530,projetee
2104,H,44,0.000569,projetee
2104,H,45,0.000606,projetee
2104,H,46,0.000653,projetee
2104,H,47,0.000710,projetee
2104,H,48,0.000768,projetee
2104,H,49,0.000837,projetee
2104,H,5,0.000043,projetee
2104,H,50,0.000919,projetee
2104,H,51,0.001013,projetee
2104,H,52,0.001128,projetee
2104,H,53,0.001264,projetee
2104,H,54,0.001378,projetee
2104,H,55,0.001453,projetee
2104,H,56,0.001587,projetee
2104,H,57,0.001760,projetee
2104,H,58,0.001930,projetee
2104,H,59,0.002072,projetee
2104,H,6,0.000036,projetee
2104,H,60,0.002217,projetee
2104,H,61,0.002427,projetee
2104,H,62,0.002649,projetee
2104,H,63,0.002906,projetee
2104,H,64,0.003170,projetee
2104,H,65,0.003476,projetee
2104,H,66,0.003766,projetee
2104,H,67,0.004037,projetee
2104,H,68,0.004373,projetee
2104,H,69,0.004706,projetee
2104,H,7,0.000032,projetee
2104,H,70,0.005126,projetee
2104,H,71,0.005661,projetee
2104,H,72,0.006139,projetee
2104,H,73,0.006585,projetee
2104,H,74,0.007223,projetee
2104,H,75,0.007888,projetee
2104,H,76,0.008553,projetee
2104,H,77,0.009426,projetee
2104,H,78,0.010835,projetee
2104,H,79,0.012376,projetee
2104,H,8,0.000030,projetee
2104,H,80,0.014106,projetee
2104,H,81,0.016412,projetee
2104,H,82,0.018890,projetee
2104,H,83,0.021889,projetee
2104,H,84,0.025724,projetee
2104,H,85,0.029687,projetee
2104,H,86,0.033792,projetee
2104,H,87,0.038912,projetee
2104,H,88,0.044462,projetee
2104,H,89,0.051381,projetee
2104,H,9,0.000030,projetee
2104,H,90,0.060855,projetee
2104,H,91,0.072952,projetee
2104,H,92,0.087939,projetee
2104,H,93,0.106286,projetee
2104,H,94,0.130740,projetee
2104,H,95,0.159293,projetee
2104,H,96,0.186069,projetee
2104,H,97,0.218179,projetee
2104,H,98,0.245678,projetee
2104,H,99,0.264131,projetee
2105,F,0,0.001180,projetee
2105,F,1,0.000199,projetee
2105,F,10,0.000026,projetee
2105,F,100,0.238692,projetee
2105,F,101,0.254493,projetee
2105,F,102,0.269965,projetee
2105,F,103,0.285515,projetee
2105,F,104,0.301217,projetee
2105,F,105,0.317130,projetee
2105,F,106,0.333282,projetee
2105,F,107,0.349619,projetee
2105,F,108,0.366081,projetee
2105,F,109,0.382609,projetee
2105,F,11,0.000027,projetee
2105,F,110,0.399142,projetee
2105,F,111,0.415617,projetee
2105,F,112,0.431976,projetee
2105,F,113,0.448159,projetee
2105,F,114,0.456140,projetee
2105,F,115,0.456140,projetee
2105,F,116,0.456140,projetee
2105,F,117,0.456140,projetee
2105,F,118,0.456140,projetee
2105,F,119,0.456140,projetee
2105,F,12,0.000029,projetee
2105,F,120,0.456140,projetee
2105,F,13,0.000034,projetee
2105,F,14,0.000042,projetee
2105,F,15,0.000051,projetee
2105,F,16,0.000057,projetee
2105,F,17,0.000063,projetee
2105,F,18,0.000069,projetee
2105,F,19,0.000076,projetee
2105,F,2,0.000087,projetee
2105,F,20,0.000082,projetee
2105,F,21,0.000087,projetee
2105,F,22,0.000091,projetee
2105,F,23,0.000094,projetee
2105,F,24,0.000095,projetee
2105,F,25,0.000099,projetee
2105,F,26,0.000101,projetee
2105,F,27,0.000102,projetee
2105,F,28,0.000105,projetee
2105,F,29,0.000111,projetee
2105,F,3,0.000060,projetee
2105,F,30,0.000121,projetee
2105,F,31,0.000129,projetee
2105,F,32,0.000143,projetee
2105,F,33,0.000157,projetee
2105,F,34,0.000168,projetee
2105,F,35,0.000179,projetee
2105,F,36,0.000191,projetee
2105,F,37,0.000208,projetee
2105,F,38,0.000225,projetee
2105,F,39,0.000246,projetee
2105,F,4,0.000044,projetee
2105,F,40,0.000272,projetee
2105,F,41,0.000300,projetee
2105,F,42,0.000329,projetee
2105,F,43,0.000361,projetee
2105,F,44,0.000390,projetee
2105,F,45,0.000423,projetee
2105,F,46,0.000463,projetee
2105,F,47,0.000512,projetee
2105,F,48,0.000567,projetee
2105,F,49,0.000628,projetee
2105,F,5,0.000036,projetee
2105,F,50,0.000700,projetee
2105,F,51,0.000779,projetee
2105,F,52,0.000845,projetee
2105,F,53,0.000897,projetee
2105,F,54,0.000965,projetee
2105,F,55,0.001081,projetee
2105,F,56,0.001198,projetee
2105,F,57,0.001301,projetee
2105,F,58,0.001421,projetee
2105,F,59,0.001550,projetee
2105,F,6,0.000030,projetee
2105,F,60,0.001684,projetee
2105,F,61,0.001822,projetee
2105,F,62,0.002003,projetee
2105,F,63,0.002227,projetee
2105,F,64,0.002444,projetee
2105,F,65,0.002671,projetee
2105,F,66,0.002867,projetee
2105,F,67,0.003014,projetee
2105,F,68,0.003234,projetee
2105,F,69,0.003529,projetee
2105,F,7,0.000026,projetee
2105,F,70,0.003868,projetee
2105,F,71,0.004258,projetee
2105,F,72,0.004682,projetee
2105,F,73,0.005135,projetee
2105,F,74,0.005588,projetee
2105,F,75,0.006140,projetee
2105,F,76,0.006924,projetee
2105,F,77,0.007779,projetee
2105,F,78,0.008941,projetee
2105,F,79,0.010213,projetee
2105,F,8,0.000025,projetee
2105,F,80,0.011641,projetee
2105,F,81,0.013544,projetee
2105,F,82,0.015589,projetee
2105,F,83,0.018064,projetee
2105,F,84,0.021229,projetee
2105,F,85,0.024499,projetee
2105,F,86,0.027887,projetee
2105,F,87,0.032112,projetee
2105,F,88,0.036692,projetee
2105,F,89,0.042401,projetee
2105,F,9,0.000025,projetee
2105,F,90,0.050218,projetee
2105,F,91,0.060214,projetee
2105,F,92,0.072634,projetee
2105,F,93,0.087872,projetee
2105,F,94,0.108196,projetee
2105,F,95,0.131131,projetee
2105,F,96,0.153475,projetee
2105,F,97,0.181022,projetee
2105,F,98,0.203941,projetee
2105,F,99,0.220712,projetee
2105,H,0,0.001417,projetee
2105,H,1,0.000239,projetee
2105,H,10,0.000031,projetee
2105,H,100,0.280990,projetee
2105,H,101,0.295780,projetee
2105,H,102,0.309714,projetee
2105,H,103,0.323272,projetee
2105,H,104,0.336534,projetee
2105,H,105,0.349556,projetee
2105,H,106,0.362361,projetee
2105,H,107,0.374880,projetee
2105,H,108,0.387041,projetee
2105,H,109,0.398778,projetee
2105,H,11,0.000032,projetee
2105,H,110,0.410023,projetee
2105,H,111,0.423932,projetee
2105,H,112,0.440617,projetee
2105,H,113,0.457124,projetee
2105,H,114,0.465263,projetee
2105,H,115,0.465263,projetee
2105,H,116,0.465263,projetee
2105,H,117,0.465263,projetee
2105,H,118,0.465263,projetee
2105,H,119,0.465263,projetee
2105,H,12,0.000034,projetee
2105,H,120,0.465263,projetee
2105,H,13,0.000040,projetee
2105,H,14,0.000050,projetee
2105,H,15,0.000061,projetee
2105,H,16,0.000077,projetee
2105,H,17,0.000097,projetee
2105,H,18,0.000117,projetee
2105,H,19,0.000135,projetee
2105,H,2,0.000104,projetee
2105,H,20,0.000151,projetee
2105,H,21,0.000162,projetee
2105,H,22,0.000166,projetee
2105,H,23,0.000168,projetee
2105,H,24,0.000172,projetee
2105,H,25,0.000177,projetee
2105,H,26,0.000184,projetee
2105,H,27,0.000192,projetee
2105,H,28,0.000202,projetee
2105,H,29,0.000209,projetee
2105,H,3,0.000071,projetee
2105,H,30,0.000216,projetee
2105,H,31,0.000225,projetee
2105,H,32,0.000238,projetee
2105,H,33,0.000249,projetee
2105,H,34,0.000266,projetee
2105,H,35,0.000289,projetee
2105,H,36,0.000307,projetee
2105,H,37,0.000326,projetee
2105,H,38,0.000352,projetee
2105,H,39,0.000379,projetee
2105,H,4,0.000052,projetee
2105,H,40,0.000408,projetee
2105,H,41,0.000440,projetee
2105,H,42,0.000478,projetee
2105,H,43,0.000521,projetee
2105,H,44,0.000561,projetee
2105,H,45,0.000597,projetee
2105,H,46,0.000643,projetee
2105,H,47,0.000699,projetee
2105,H,48,0.000756,projetee
2105,H,49,0.000825,projetee
2105,H,5,0.000043,projetee
2105,H,50,0.000905,projetee
2105,H,51,0.000998,projetee
2105,H,52,0.001111,projetee
2105,H,53,0.001245,projetee
2105,H,54,0.001357,projetee
2105,H,55,0.001431,projetee
2105,H,56,0.001563,projetee
2105,H,57,0.001733,projetee
2105,H,58,0.001901,projetee
2105,H,59,0.002040,projetee
2105,H,6,0.000036,projetee
2105,H,60,0.002183,projetee
2105,H,61,0.002390,projetee
2105,H,62,0.002609,projetee
2105,H,63,0.002862,projetee
2105,H,64,0.003122,projetee
2105,H,65,0.003423,projetee
2105,H,66,0.003709,projetee
2105,H,67,0.003976,projetee
2105,H,68,0.004306,projetee
2105,H,69,0.004634,projetee
2105,H,7,0.000032,projetee
2105,H,70,0.005048,projetee
2105,H,71,0.005575,projetee
2105,H,72,0.006045,projetee
2105,H,73,0.006485,projetee
2105,H,74,0.007113,projetee
2105,H,75,0.007768,projetee
2105,H,76,0.008448,projetee
2105,H,77,0.009334,projetee
2105,H,78,0.010729,projetee
2105,H,79,0.012256,projetee
2105,H,8,0.000030,projetee
2105,H,80,0.013969,projetee
2105,H,81,0.016252,projetee
2105,H,82,0.018707,projetee
2105,H,83,0.021677,projetee
2105,H,84,0.025475,projetee
2105,H,85,0.029399,projetee
2105,H,86,0.033464,projetee
2105,H,87,0.038535,projetee
2105,H,88,0.044031,projetee
2105,H,89,0.050882,projetee
2105,H,9,0.000030,projetee
2105,H,90,0.060265,projetee
2105,H,91,0.072261,projetee
2105,H,92,0.087167,projetee
2105,H,93,0.105457,projetee
2105,H,94,0.129857,projetee
2105,H,95,0.158437,projetee
2105,H,96,0.185218,projetee
2105,H,97,0.217275,projetee
2105,H,98,0.244738,projetee
2105,H,99,0.263120,projetee
2106,F,0,0.001175,projetee
2106,F,1,0.000198,projetee
2106,F,10,0.000025,projetee
2106,F,100,0.237779,projetee
2106,F,101,0.253519,projetee
2106,F,102,0.268932,projetee
2106,F,103,0.284422,projetee
2106,F,104,0.300065,projetee
2106,F,105,0.315916,projetee
2106,F,106,0.332007,projetee
2106,F,107,0.348281,projetee
2106,F,108,0.364680,projetee
2106,F,109,0.381145,projetee
2106,F,11,0.000026,projetee
2106,F,110,0.397614,projetee
2106,F,111,0.414027,projetee
2106,F,112,0.430323,projetee
2106,F,113,0.446443,projetee
2106,F,114,0.454395,projetee
2106,F,115,0.454395,projetee
2106,F,116,0.454395,projetee
2106,F,117,0.454395,projetee
2106,F,118,0.454395,projetee
2106,F,119,0.454395,projetee
2106,F,12,0.000028,projetee
2106,F,120,0.454395,projetee
2106,F,13,0.000033,projetee
2106,F,14,0.000042,projetee
2106,F,15,0.000050,projetee
2106,F,16,0.000057,projetee
2106,F,17,0.000063,projetee
2106,F,18,0.000069,projetee
2106,F,19,0.000075,projetee
2106,F,2,0.000086,projetee
2106,F,20,0.000081,projetee
2106,F,21,0.000086,projetee
2106,F,22,0.000090,projetee
2106,F,23,0.000093,projetee
2106,F,24,0.000094,projetee
2106,F,25,0.000098,projetee
2106,F,26,0.000100,projetee
2106,F,27,0.000101,projetee
2106,F,28,0.000104,projetee
2106,F,29,0.000110,projetee
2106,F,3,0.000059,projetee
2106,F,30,0.000120,projetee
2106,F,31,0.000128,projetee
2106,F,32,0.000141,projetee
2106,F,33,0.000155,projetee
2106,F,34,0.000167,projetee
2106,F,35,0.000177,projetee
2106,F,36,0.000189,projetee
2106,F,37,0.000206,projetee
2106,F,38,0.000223,projetee
2106,F,39,0.000244,projetee
2106,F,4,0.000043,projetee
2106,F,40,0.000269,projetee
2106,F,41,0.000297,projetee
2106,F,42,0.000326,projetee
2106,F,43,0.000358,projetee
2106,F,44,0.000387,projetee
2106,F,45,0.000419,projetee
2106,F,46,0.000458,projetee
2106,F,47,0.000507,projetee
2106,F,48,0.000562,projetee
2106,F,49,0.000622,projetee
2106,F,5,0.000036,projetee
2106,F,50,0.000694,projetee
2106,F,51,0.000772,projetee
2106,F,52,0.000837,projetee
2106,F,53,0.000888,projetee
2106,F,54,0.000956,projetee
2106,F,55,0.001071,projetee
2106,F,56,0.001186,projetee
2106,F,57,0.001288,projetee
2106,F,58,0.001408,projetee
2106,F,59,0.001535,projetee
2106,F,6,0.000030,projetee
2106,F,60,0.001668,projetee
2106,F,61,0.001804,projetee
2106,F,62,0.001984,projetee
2106,F,63,0.002206,projetee
2106,F,64,0.002420,projetee
2106,F,65,0.002645,projetee
2106,F,66,0.002839,projetee
2106,F,67,0.002985,projetee
2106,F,68,0.003203,projetee
2106,F,69,0.003495,projetee
2106,F,7,0.000026,projetee
2106,F,70,0.003831,projetee
2106,F,71,0.004217,projetee
2106,F,72,0.004637,projetee
2106,F,73,0.005085,projetee
2106,F,74,0.005534,projetee
2106,F,75,0.006081,projetee
2106,F,76,0.006857,projetee
2106,F,77,0.007703,projetee
2106,F,78,0.008854,projetee
2106,F,79,0.010114,projetee
2106,F,8,0.000025,projetee
2106,F,80,0.011528,projetee
2106,F,81,0.013412,projetee
2106,F,82,0.015438,projetee
2106,F,83,0.017889,projetee
2106,F,84,0.021023,projetee
2106,F,85,0.024261,projetee
2106,F,86,0.027616,projetee
2106,F,87,0.031801,projetee
2106,F,88,0.036336,projetee
2106,F,89,0.041989,projetee
2106,F,9,0.000025,projetee
2106,F,90,0.049731,projetee
2106,F,91,0.059644,projetee
2106,F,92,0.071997,projetee
2106,F,93,0.087188,projetee
2106,F,94,0.107466,projetee
2106,F,95,0.130370,projetee
2106,F,96,0.152719,projetee
2106,F,97,0.180272,projetee
2106,F,98,0.203160,projetee
2106,F,99,0.219868,projetee
2106,H,0,0.001410,projetee
2106,H,1,0.000237,projetee
2106,H,10,0.000030,projetee
2106,H,100,0.279915,projetee
2106,H,101,0.294648,projetee
2106,H,102,0.308528,projetee
2106,H,103,0.322035,projetee
2106,H,104,0.335246,projetee
2106,H,105,0.348218,projetee
2106,H,106,0.360975,projetee
2106,H,107,0.373445,projetee
2106,H,108,0.385560,projetee
2106,H,109,0.397252,projetee
2106,H,11,0.000032,projetee
2106,H,110,0.408454,projetee
2106,H,111,0.422309,projetee
2106,H,112,0.438931,projetee
2106,H,113,0.455374,projetee
2106,H,114,0.463483,projetee
2106,H,115,0.463483,projetee
2106,H,116,0.463483,projetee
2106,H,117,0.463483,projetee
2106,H,118,0.463483,projetee
2106,H,119,0.463483,projetee
2106,H,12,0.000034,projetee
2106,H,120,0.463483,projetee
2106,H,13,0.000040,projetee
2106,H,14,0.000050,projetee
2106,H,15,0.000061,projetee
2106,H,16,0.000075,projetee
2106,H,17,0.000095,projetee
2106,H,18,0.000116,projetee
2106,H,19,0.000133,projetee
2106,H,2,0.000104,projetee
2106,H,20,0.000148,projetee
2106,H,21,0.000159,projetee
2106,H,22,0.000164,projetee
2106,H,23,0.000166,projetee
2106,H,24,0.000169,projetee
2106,H,25,0.000175,projetee
2106,H,26,0.000181,projetee
2106,H,27,0.000189,projetee
2106,H,28,0.000199,projetee
2106,H,29,0.000206,projetee
2106,H,3,0.000071,projetee
2106,H,30,0.000213,projetee
2106,H,31,0.000222,projetee
2106,H,32,0.000234,projetee
2106,H,33,0.000245,projetee
2106,H,34,0.000262,projetee
2106,H,35,0.000284,projetee
2106,H,36,0.000302,projetee
2106,H,37,0.000321,projetee
2106,H,38,0.000346,projetee
2106,H,39,0.000374,projetee
2106,H,4,0.000052,projetee
2106,H,40,0.000401,projetee
2106,H,41,0.000433,projetee
2106,H,42,0.000471,projetee
2106,H,43,0.000514,projetee
2106,H,44,0.000552,projetee
2106,H,45,0.000588,projetee
2106,H,46,0.000633,projetee
2106,H,47,0.000688,projetee
2106,H,48,0.000745,projetee
2106,H,49,0.000812,projetee
2106,H,5,0.000043,projetee
2106,H,50,0.000891,projetee
2106,H,51,0.000982,projetee
2106,H,52,0.001094,projetee
2106,H,53,0.001226,projetee
2106,H,54,0.001336,projetee
2106,H,55,0.001409,projetee
2106,H,56,0.001539,projetee
2106,H,57,0.001707,projetee
2106,H,58,0.001872,projetee
2106,H,59,0.002009,projetee
2106,H,6,0.000036,projetee
2106,H,60,0.002150,projetee
2106,H,61,0.002354,projetee
2106,H,62,0.002569,projetee
2106,H,63,0.002818,projetee
2106,H,64,0.003074,projetee
2106,H,65,0.003371,projetee
2106,H,66,0.003652,projetee
2106,H,67,0.003915,projetee
2106,H,68,0.004241,projetee
2106,H,69,0.004564,projetee
2106,H,7,0.000031,projetee
2106,H,70,0.004971,projetee
2106,H,71,0.005490,projetee
2106,H,72,0.005953,projetee
2106,H,73,0.006387,projetee
2106,H,74,0.007005,projetee
2106,H,75,0.007650,projetee
2106,H,76,0.008344,projetee
2106,H,77,0.009244,projetee
2106,H,78,0.010625,projetee
2106,H,79,0.012137,projetee
2106,H,8,0.000030,projetee
2106,H,80,0.013833,projetee
2106,H,81,0.016095,projetee
2106,H,82,0.018526,projetee
2106,H,83,0.021467,projetee
2106,H,84,0.025228,projetee
2106,H,85,0.029114,projetee
2106,H,86,0.033140,projetee
2106,H,87,0.038161,projetee
2106,H,88,0.043604,projetee
2106,H,89,0.050389,projetee
2106,H,9,0.000030,projetee
2106,H,90,0.059680,projetee
2106,H,91,0.071577,projetee
2106,H,92,0.086403,projetee
2106,H,93,0.104636,projetee
2106,H,94,0.128981,projetee
2106,H,95,0.157585,projetee
2106,H,96,0.184370,projetee
2106,H,97,0.216376,projetee
2106,H,98,0.243801,projetee
2106,H,99,0.262113,projetee
2107,F,0,0.001169,projetee
2107,F,1,0.000197,projetee
2107,F,10,0.000025,projetee
2107,F,100,0.236869,projetee
2107,F,101,0.252549,projetee
2107,F,102,0.267902,projetee
2107,F,103,0.283334,projetee
2107,F,104,0.298916,projetee
2107,F,105,0.314707,projetee
2107,F,106,0.330736,projetee
2107,F,107,0.346948,projetee
2107,F,108,0.363285,projetee
2107,F,109,0.379686,projetee
2107,F,11,0.000026,projetee
2107,F,110,0.396092,projetee
2107,F,111,0.412442,projetee
2107,F,112,0.428676,projetee
2107,F,113,0.444735,projetee
2107,F,114,0.452656,projetee
2107,F,115,0.452656,projetee
2107,F,116,0.452656,projetee
2107,F,117,0.452656,projetee
2107,F,118,0.452656,projetee
2107,F,119,0.452656,projetee
2107,F,12,0.000028,projetee
2107,F,120,0.452656,projetee
2107,F,13,0.000033,projetee
2107,F,14,0.000041,projetee
2107,F,15,0.000050,projetee
2107,F,16,0.000056,projetee
2107,F,17,0.000062,projetee
2107,F,18,0.000068,projetee
2107,F,19,0.000074,projetee
2107,F,2,0.000086,projetee
2107,F,20,0.000080,projetee
2107,F,21,0.000085,projetee
2107,F,22,0.000089,projetee
2107,F,23,0.000092,projetee
2107,F,24,0.000093,projetee
2107,F,25,0.000097,projetee
2107,F,26,0.000099,projetee
2107,F,27,0.000100,projetee
2107,F,28,0.000103,projetee
2107,F,29,0.000109,projetee
2107,F,3,0.000059,projetee
2107,F,30,0.000118,projetee
2107,F,31,0.000127,projetee
2107,F,32,0.000140,projetee
2107,F,33,0.000154,projetee
2107,F,34,0.000165,projetee
2107,F,35,0.000176,projetee
2107,F,36,0.000187,projetee
2107,F,37,0.000204,projetee
2107,F,38,0.000221,projetee
2107,F,39,0.000241,projetee
2107,F,4,0.000043,projetee
2107,F,40,0.000267,projetee
2107,F,41,0.000294,projetee
2107,F,42,0.000322,projetee
2107,F,43,0.000354,projetee
2107,F,44,0.000383,projetee
2107,F,45,0.000415,projetee
2107,F,46,0.000454,projetee
2107,F,47,0.000502,projetee
2107,F,48,0.000556,projetee
2107,F,49,0.000616,projetee
2107,F,5,0.000035,projetee
2107,F,50,0.000687,projetee
2107,F,51,0.000764,projetee
2107,F,52,0.000829,projetee
2107,F,53,0.000880,projetee
2107,F,54,0.000946,projetee
2107,F,55,0.001060,projetee
2107,F,56,0.001175,projetee
2107,F,57,0.001276,projetee
2107,F,58,0.001394,projetee
2107,F,59,0.001520,projetee
2107,F,6,0.000030,projetee
2107,F,60,0.001652,projetee
2107,F,61,0.001786,projetee
2107,F,62,0.001964,projetee
2107,F,63,0.002184,projetee
2107,F,64,0.002397,projetee
2107,F,65,0.002619,projetee
2107,F,66,0.002812,projetee
2107,F,67,0.002956,projetee
2107,F,68,0.003172,projetee
2107,F,69,0.003461,projetee
2107,F,7,0.000026,projetee
2107,F,70,0.003794,projetee
2107,F,71,0.004176,projetee
2107,F,72,0.004592,projetee
2107,F,73,0.005036,projetee
2107,F,74,0.005480,projetee
2107,F,75,0.006022,projetee
2107,F,76,0.006790,projetee
2107,F,77,0.007629,projetee
2107,F,78,0.008769,projetee
2107,F,79,0.010016,projetee
2107,F,8,0.000025,projetee
2107,F,80,0.011416,projetee
2107,F,81,0.013282,projetee
2107,F,82,0.015288,projetee
2107,F,83,0.017715,projetee
2107,F,84,0.020819,projetee
2107,F,85,0.024026,projetee
2107,F,86,0.027348,projetee
2107,F,87,0.031492,projetee
2107,F,88,0.035984,projetee
2107,F,89,0.041582,projetee
2107,F,9,0.000025,projetee
2107,F,90,0.049249,projetee
2107,F,91,0.059079,projetee
2107,F,92,0.071366,projetee
2107,F,93,0.086508,projetee
2107,F,94,0.106741,projetee
2107,F,95,0.129614,projetee
2107,F,96,0.151967,projetee
2107,F,97,0.179526,projetee
2107,F,98,0.202383,projetee
2107,F,99,0.219026,projetee
2107,H,0,0.001403,projetee
2107,H,1,0.000236,projetee
2107,H,10,0.000030,projetee
2107,H,100,0.278844,projetee
2107,H,101,0.293520,projetee
2107,H,102,0.307348,projetee
2107,H,103,0.320802,projetee
2107,H,104,0.333963,projetee
2107,H,105,0.346886,projetee
2107,H,106,0.359593,projetee
2107,H,107,0.372016,projetee
2107,H,108,0.384085,projetee
2107,H,109,0.395732,projetee
2107,H,11,0.000031,projetee
2107,H,110,0.406891,projetee
2107,H,111,0.420693,projetee
2107,H,112,0.437251,projetee
2107,H,113,0.453632,projetee
2107,H,114,0.461709,projetee
2107,H,115,0.461709,projetee
2107,H,116,0.461709,projetee
2107,H,117,0.461709,projetee
2107,H,118,0.461709,projetee
2107,H,119,0.461709,projetee
2107,H,12,0.000034,projetee
2107,H,120,0.461709,projetee
2107,H,13,0.000040,projetee
2107,H,14,0.000049,projetee
2107,H,15,0.000060,projetee
2107,H,16,0.000074,projetee
2107,H,17,0.000094,projetee
2107,H,18,0.000114,projetee
2107,H,19,0.000131,projetee
2107,H,2,0.000103,projetee
2107,H,20,0.000146,projetee
2107,H,21,0.000157,projetee
2107,H,22,0.000161,projetee
2107,H,23,0.000163,projetee
2107,H,24,0.000167,projetee
2107,H,25,0.000172,projetee
2107,H,26,0.000179,projetee
2107,H,27,0.000186,projetee
2107,H,28,0.000196,projetee
2107,H,29,0.000203,projetee
2107,H,3,0.000070,projetee
2107,H,30,0.000209,projetee
2107,H,31,0.000218,projetee
2107,H,32,0.000231,projetee
2107,H,33,0.000241,projetee
2107,H,34,0.000258,projetee
2107,H,35,0.000280,projetee
2107,H,36,0.000297,projetee
2107,H,37,0.000316,projetee
2107,H,38,0.000341,projetee
2107,H,39,0.000368,projetee
2107,H,4,0.000051,projetee
2107,H,40,0.000395,projetee
2107,H,41,0.000427,projetee
2107,H,42,0.000463,projetee
2107,H,43,0.000506,projetee
2107,H,44,0.000544,projetee
2107,H,45,0.000579,projetee
2107,H,46,0.000624,projetee
2107,H,47,0.000678,projetee
2107,H,48,0.000733,projetee
2107,H,49,0.000800,projetee
2107,H,5,0.000042,projetee
2107,H,50,0.000878,projetee
2107,H,51,0.000967,projetee
2107,H,52,0.001077,projetee
2107,H,53,0.001208,projetee
2107,H,54,0.001316,projetee
2107,H,55,0.001388,projetee
2107,H,56,0.001516,projetee
2107,H,57,0.001681,projetee
2107,H,58,0.001843,projetee
2107,H,59,0.001979,projetee
2107,H,6,0.000035,projetee
2107,H,60,0.002117,projetee
2107,H,61,0.002318,projetee
2107,H,62,0.002530,projetee
2107,H,63,0.002775,projetee
2107,H,64,0.003027,projetee
2107,H,65,0.003320,projetee
2107,H,66,0.003597,projetee
2107,H,67,0.003856,projetee
2107,H,68,0.004176,projetee
2107,H,69,0.004494,projetee
2107,H,7,0.000031,projetee
2107,H,70,0.004896,projetee
2107,H,71,0.005407,projetee
2107,H,72,0.005863,projetee
2107,H,73,0.006289,projetee
2107,H,74,0.006899,projetee
2107,H,75,0.007533,projetee
2107,H,76,0.008241,projetee
2107,H,77,0.009154,projetee
2107,H,78,0.010522,projetee
2107,H,79,0.012020,projetee
2107,H,8,0.000029,projetee
2107,H,80,0.013699,projetee
2107,H,81,0.015939,projetee
2107,H,82,0.018346,projetee
2107,H,83,0.021259,projetee
2107,H,84,0.024983,projetee
2107,H,85,0.028831,projetee
2107,H,86,0.032819,projetee
2107,H,87,0.037791,projetee
2107,H,88,0.043181,projetee
2107,H,89,0.049900,projetee
2107,H,9,0.000030,projetee
2107,H,90,0.059101,projetee
2107,H,91,0.070899,projetee
2107,H,92,0.085645,projetee
2107,H,93,0.103820,projetee
2107,H,94,0.128110,projetee
2107,H,95,0.156739,projetee
2107,H,96,0.183527,projetee
2107,H,97,0.215480,projetee
2107,H,98,0.242868,projetee
2107,H,99,0.261110,projetee
2108,F,0,0.001163,projetee
2108,F,1,0.000195,projetee
2108,F,10,0.000025,projetee
2108,F,100,0.235962,projetee
2108,F,101,0.251583,projetee
2108,F,102,0.266877,projetee
2108,F,103,0.282249,projetee
2108,F,104,0.297772,projetee
2108,F,105,0.313503,projetee
2108,F,106,0.329471,projetee
2108,F,107,0.345620,projetee
2108,F,108,0.361894,projetee
2108,F,109,0.378233,projetee
2108,F,11,0.000026,projetee
2108,F,110,0.394577,projetee
2108,F,111,0.410864,projetee
2108,F,112,0.427035,projetee
2108,F,113,0.443033,projetee
2108,F,114,0.450924,projetee
2108,F,115,0.450924,projetee
2108,F,116,0.450924,projetee
2108,F,117,0.450924,projetee
2108,F,118,0.450924,projetee
2108,F,119,0.450924,projetee
2108,F,12,0.000028,projetee
2108,F,120,0.450924,projetee
2108,F,13,0.000033,projetee
2108,F,14,0.000041,projetee
2108,F,15,0.000049,projetee
2108,F,16,0.000056,projetee
2108,F,17,0.000061,projetee
2108,F,18,0.000067,projetee
2108,F,19,0.000074,projetee
2108,F,2,0.000085,projetee
2108,F,20,0.000079,projetee
2108,F,21,0.000084,projetee
2108,F,22,0.000089,projetee
2108,F,23,0.000091,projetee
2108,F,24,0.000093,projetee
2108,F,25,0.000096,projetee
2108,F,26,0.000098,projetee
2108,F,27,0.000099,projetee
2108,F,28,0.000102,projetee
2108,F,29,0.000108,projetee
2108,F,3,0.000058,projetee
2108,F,30,0.000117,projetee
2108,F,31,0.000126,projetee
2108,F,32,0.000138,projetee
2108,F,33,0.000152,projetee
2108,F,34,0.000163,projetee
2108,F,35,0.000174,projetee
2108,F,36,0.000186,projetee
2108,F,37,0.000202,projetee
2108,F,38,0.000219,projetee
2108,F,39,0.000239,projetee
2108,F,4,0.000043,projetee
2108,F,40,0.000264,projetee
2108,F,41,0.000291,projetee
2108,F,42,0.000319,projetee
2108,F,43,0.000351,projetee
2108,F,44,0.000379,projetee
2108,F,45,0.000411,projetee
2108,F,46,0.000449,projetee
2108,F,47,0.000497,projetee
2108,F,48,0.000551,projetee
2108,F,49,0.000610,projetee
2108,F,5,0.000035,projetee
2108,F,50,0.000680,projetee
2108,F,51,0.000757,projetee
2108,F,52,0.000821,projetee
2108,F,53,0.000871,projetee
2108,F,54,0.000937,projetee
2108,F,55,0.001050,projetee
2108,F,56,0.001164,projetee
2108,F,57,0.001263,projetee
2108,F,58,0.001380,projetee
2108,F,59,0.001505,projetee
2108,F,6,0.000029,projetee
2108,F,60,0.001636,projetee
2108,F,61,0.001769,projetee
2108,F,62,0.001945,projetee
2108,F,63,0.002163,projetee
2108,F,64,0.002373,projetee
2108,F,65,0.002594,projetee
2108,F,66,0.002784,projetee
2108,F,67,0.002927,projetee
2108,F,68,0.003141,projetee
2108,F,69,0.003428,projetee
2108,F,7,0.000026,projetee
2108,F,70,0.003757,projetee
2108,F,71,0.004136,projetee
2108,F,72,0.004547,projetee
2108,F,73,0.004987,projetee
2108,F,74,0.005427,projetee
2108,F,75,0.005963,projetee
2108,F,76,0.006724,projetee
2108,F,77,0.007555,projetee
2108,F,78,0.008684,projetee
2108,F,79,0.009919,projetee
2108,F,8,0.000024,projetee
2108,F,80,0.011305,projetee
2108,F,81,0.013153,projetee
2108,F,82,0.015140,projetee
2108,F,83,0.017544,projetee
2108,F,84,0.020617,projetee
2108,F,85,0.023793,projetee
2108,F,86,0.027083,projetee
2108,F,87,0.031187,projetee
2108,F,88,0.035635,projetee
2108,F,89,0.041179,projetee
2108,F,9,0.000024,projetee
2108,F,90,0.048771,projetee
2108,F,91,0.058520,projetee
2108,F,92,0.070740,projetee
2108,F,93,0.085834,projetee
2108,F,94,0.106020,projetee
2108,F,95,0.128862,projetee
2108,F,96,0.151219,projetee
2108,F,97,0.178783,projetee
2108,F,98,0.201608,projetee
2108,F,99,0.218188,projetee
2108,H,0,0.001396,projetee
2108,H,1,0.000234,projetee
2108,H,10,0.000030,projetee
2108,H,100,0.277777,projetee
2108,H,101,0.292397,projetee
2108,H,102,0.306172,projetee
2108,H,103,0.319575,projetee
2108,H,104,0.332685,projetee
2108,H,105,0.345558,projetee
2108,H,106,0.358217,projetee
2108,H,107,0.370593,projetee
2108,H,108,0.382615,projetee
2108,H,109,0.394217,projetee
2108,H,11,0.000031,projetee
2108,H,110,0.405334,projetee
2108,H,111,0.419083,projetee
2108,H,112,0.435578,projetee
2108,H,113,0.451896,projetee
2108,H,114,0.459943,projetee
2108,H,115,0.459943,projetee
2108,H,116,0.459943,projetee
2108,H,117,0.459943,projetee
2108,H,118,0.459943,projetee
2108,H,119,0.459943,projetee
2108,H,12,0.000033,projetee
2108,H,120,0.459943,projetee
2108,H,13,0.000039,projetee
2108,H,14,0.000049,projetee
2108,H,15,0.000059,projetee
2108,H,16,0.000073,projetee
2108,H,17,0.000093,projetee
2108,H,18,0.000112,projetee
2108,H,19,0.000129,projetee
2108,H,2,0.000102,projetee
2108,H,20,0.000144,projetee
2108,H,21,0.000154,projetee
2108,H,22,0.000159,projetee
2108,H,23,0.000161,projetee
2108,H,24,0.000164,projetee
2108,H,25,0.000170,projetee
2108,H,26,0.000176,projetee
2108,H,27,0.000184,projetee
2108,H,28,0.000193,projetee
2108,H,29,0.000200,projetee
2108,H,3,0.000070,projetee
2108,H,30,0.000206,projetee
2108,H,31,0.000215,projetee
2108,H,32,0.000227,projetee
2108,H,33,0.000238,projetee
2108,H,34,0.000254,projetee
2108,H,35,0.000276,projetee
2108,H,36,0.000293,projetee
2108,H,37,0.000312,projetee
2108,H,38,0.000336,projetee
2108,H,39,0.000362,projetee
2108,H,4,0.000051,projetee
2108,H,40,0.000389,projetee
2108,H,41,0.000420,projetee
2108,H,42,0.000456,projetee
2108,H,43,0.000498,projetee
2108,H,44,0.000536,projetee
2108,H,45,0.000570,projetee
2108,H,46,0.000614,projetee
2108,H,47,0.000668,projetee
2108,H,48,0.000722,projetee
2108,H,49,0.000788,projetee
2108,H,5,0.000042,projetee
2108,H,50,0.000865,projetee
2108,H,51,0.000953,projetee
2108,H,52,0.001061,projetee
2108,H,53,0.001189,projetee
2108,H,54,0.001296,projetee
2108,H,55,0.001366,projetee
2108,H,56,0.001493,projetee
2108,H,57,0.001655,projetee
2108,H,58,0.001815,projetee
2108,H,59,0.001949,projetee
2108,H,6,0.000035,projetee
2108,H,60,0.002085,projetee
2108,H,61,0.002283,projetee
2108,H,62,0.002491,projetee
2108,H,63,0.002733,projetee
2108,H,64,0.002981,projetee
2108,H,65,0.003269,projetee
2108,H,66,0.003542,projetee
2108,H,67,0.003797,projetee
2108,H,68,0.004112,projetee
2108,H,69,0.004426,projetee
2108,H,7,0.000031,projetee
2108,H,70,0.004821,projetee
2108,H,71,0.005324,projetee
2108,H,72,0.005774,projetee
2108,H,73,0.006194,projetee
2108,H,74,0.006794,projetee
2108,H,75,0.007419,projetee
2108,H,76,0.008140,projetee
2108,H,77,0.009065,projetee
2108,H,78,0.010420,projetee
2108,H,79,0.011903,projetee
2108,H,8,0.000029,projetee
2108,H,80,0.013566,projetee
2108,H,81,0.015784,projetee
2108,H,82,0.018168,projetee
2108,H,83,0.021053,projetee
2108,H,84,0.024741,projetee
2108,H,85,0.028552,projetee
2108,H,86,0.032500,projetee
2108,H,87,0.037425,projetee
2108,H,88,0.042762,projetee
2108,H,89,0.049416,projetee
2108,H,9,0.000029,projetee
2108,H,90,0.058528,projetee
2108,H,91,0.070228,projetee
2108,H,92,0.084894,projetee
2108,H,93,0.103011,projetee
2108,H,94,0.127246,projetee
2108,H,95,0.155897,projetee
2108,H,96,0.182687,projetee
2108,H,97,0.214588,projetee
2108,H,98,0.241939,projetee
2108,H,99,0.260110,projetee
2109,F,0,0.001157,projetee
2109,F,1,0.000194,projetee
2109,F,10,0.000025,projetee
2109,F,100,0.235059,projetee
2109,F,101,0.250620,projetee
2109,F,102,0.265856,projetee
2109,F,103,0.281169,projetee
2109,F,104,0.296633,projetee
2109,F,105,0.312303,projetee
2109,F,106,0.328210,projetee
2109,F,107,0.344298,projetee
2109,F,108,0.360509,projetee
2109,F,109,0.376786,projetee
2109,F,11,0.000026,projetee
2109,F,110,0.393067,projetee
2109,F,111,0.409291,projetee
2109,F,112,0.425401,projetee
2109,F,113,0.441337,projetee
2109,F,114,0.449199,projetee
2109,F,115,0.449199,projetee
2109,F,116,0.449199,projetee
2109,F,117,0.449199,projetee
2109,F,118,0.449199,projetee
2109,F,119,0.449199,projetee
2109,F,12,0.000028,projetee
2109,F,120,0.449199,projetee
2109,F,13,0.000032,projetee
2109,F,14,0.000040,projetee
2109,F,15,0.000049,projetee
2109,F,16,0.000055,projetee
2109,F,17,0.000061,projetee
2109,F,18,0.000067,projetee
2109,F,19,0.000073,projetee
2109,F,2,0.000085,projetee
2109,F,20,0.000078,projetee
2109,F,21,0.000083,projetee
2109,F,22,0.000088,projetee
2109,F,23,0.000090,projetee
2109,F,24,0.000092,projetee
2109,F,25,0.000095,projetee
2109,F,26,0.000097,projetee
2109,F,27,0.000098,projetee
2109,F,28,0.000101,projetee
2109,F,29,0.000107,projetee
2109,F,3,0.000058,projetee
2109,F,30,0.000116,projetee
2109,F,31,0.000124,projetee
2109,F,32,0.000137,projetee
2109,F,33,0.000151,projetee
2109,F,34,0.000162,projetee
2109,F,35,0.000172,projetee
2109,F,36,0.000184,projetee
2109,F,37,0.000200,projetee
2109,F,38,0.000217,projetee
2109,F,39,0.000237,projetee
2109,F,4,0.000042,projetee
2109,F,40,0.000262,projetee
2109,F,41,0.000288,projetee
2109,F,42,0.000316,projetee
2109,F,43,0.000347,projetee
2109,F,44,0.000375,projetee
2109,F,45,0.000407,projetee
2109,F,46,0.000445,projetee
2109,F,47,0.000492,projetee
2109,F,48,0.000545,projetee
2109,F,49,0.000604,projetee
2109,F,5,0.000035,projetee
2109,F,50,0.000674,projetee
2109,F,51,0.000749,projetee
2109,F,52,0.000813,projetee
2109,F,53,0.000863,projetee
2109,F,54,0.000928,projetee
2109,F,55,0.001040,projetee
2109,F,56,0.001152,projetee
2109,F,57,0.001251,projetee
2109,F,58,0.001367,projetee
2109,F,59,0.001491,projetee
2109,F,6,0.000029,projetee
2109,F,60,0.001620,projetee
2109,F,61,0.001752,projetee
2109,F,62,0.001926,projetee
2109,F,63,0.002142,projetee
2109,F,64,0.002350,projetee
2109,F,65,0.002569,projetee
2109,F,66,0.002757,projetee
2109,F,67,0.002899,projetee
2109,F,68,0.003110,projetee
2109,F,69,0.003394,projetee
2109,F,7,0.000025,projetee
2109,F,70,0.003721,projetee
2109,F,71,0.004096,projetee
2109,F,72,0.004503,projetee
2109,F,73,0.004939,projetee
2109,F,74,0.005374,projetee
2109,F,75,0.005905,projetee
2109,F,76,0.006659,projetee
2109,F,77,0.007481,projetee
2109,F,78,0.008599,projetee
2109,F,79,0.009823,projetee
2109,F,8,0.000024,projetee
2109,F,80,0.011196,projetee
2109,F,81,0.013026,projetee
2109,F,82,0.014993,projetee
2109,F,83,0.017374,projetee
2109,F,84,0.020417,projetee
2109,F,85,0.023562,projetee
2109,F,86,0.026821,projetee
2109,F,87,0.030884,projetee
2109,F,88,0.035289,projetee
2109,F,89,0.040780,projetee
2109,F,9,0.000024,projetee
2109,F,90,0.048298,projetee
2109,F,91,0.057966,projetee
2109,F,92,0.070119,projetee
2109,F,93,0.085165,projetee
2109,F,94,0.105305,projetee
2109,F,95,0.128115,projetee
2109,F,96,0.150474,projetee
2109,F,97,0.178043,projetee
2109,F,98,0.200837,projetee
2109,F,99,0.217353,projetee
2109,H,0,0.001389,projetee
2109,H,1,0.000233,projetee
2109,H,10,0.000030,projetee
2109,H,100,0.276714,projetee
2109,H,101,0.291278,projetee
2109,H,102,0.305000,projetee
2109,H,103,0.318352,projetee
2109,H,104,0.331412,projetee
2109,H,105,0.344236,projetee
2109,H,106,0.356847,projetee
2109,H,107,0.369175,projetee
2109,H,108,0.381151,projetee
2109,H,109,0.392709,projetee
2109,H,11,0.000031,projetee
2109,H,110,0.403783,projetee
2109,H,111,0.417479,projetee
2109,H,112,0.433911,projetee
2109,H,113,0.450166,projetee
2109,H,114,0.458183,projetee
2109,H,115,0.458183,projetee
2109,H,116,0.458183,projetee
2109,H,117,0.458183,projetee
2109,H,118,0.458183,projetee
2109,H,119,0.458183,projetee
2109,H,12,0.000033,projetee
2109,H,120,0.458183,projetee
2109,H,13,0.000039,projetee
2109,H,14,0.000049,projetee
2109,H,15,0.000059,projetee
2109,H,16,0.000072,projetee
2109,H,17,0.000091,projetee
2109,H,18,0.000110,projetee
2109,H,19,0.000127,projetee
2109,H,2,0.000101,projetee
2109,H,20,0.000142,projetee
2109,H,21,0.000152,projetee
2109,H,22,0.000156,projetee
2109,H,23,0.000158,projetee
2109,H,24,0.000162,projetee
2109,H,25,0.000167,projetee
2109,H,26,0.000173,projetee
2109,H,27,0.000181,projetee
2109,H,28,0.000190,projetee
2109,H,29,0.000197,projetee
2109,H,3,0.000069,projetee
2109,H,30,0.000203,projetee
2109,H,31,0.000212,projetee
2109,H,32,0.000224,projetee
2109,H,33,0.000234,projetee
2109,H,34,0.000251,projetee
2109,H,35,0.000272,projetee
2109,H,36,0.000288,projetee
2109,H,37,0.000307,projetee
2109,H,38,0.000331,projetee
2109,H,39,0.000357,projetee
2109,H,4,0.000051,projetee
2109,H,40,0.000383,projetee
2109,H,41,0.000414,projetee
2109,H,42,0.000449,projetee
2109,H,43,0.000490,projetee
2109,H,44,0.000527,projetee
2109,H,45,0.000562,projetee
2109,H,46,0.000605,projetee
2109,H,47,0.000658,projetee
2109,H,48,0.000711,projetee
2109,H,49,0.000776,projetee
2109,H,5,0.000042,projetee
2109,H,50,0.000851,projetee
2109,H,51,0.000938,projetee
2109,H,52,0.001045,projetee
2109,H,53,0.001171,projetee
2109,H,54,0.001276,projetee
2109,H,55,0.001346,projetee
2109,H,56,0.001470,projetee
2109,H,57,0.001630,projetee
2109,H,58,0.001787,projetee
2109,H,59,0.001919,projetee
2109,H,6,0.000035,projetee
2109,H,60,0.002053,projetee
2109,H,61,0.002248,projetee
2109,H,62,0.002453,projetee
2109,H,63,0.002691,projetee
2109,H,64,0.002936,projetee
2109,H,65,0.003220,projetee
2109,H,66,0.003488,projetee
2109,H,67,0.003739,projetee
2109,H,68,0.004050,projetee
2109,H,69,0.004358,projetee
2109,H,7,0.000030,projetee
2109,H,70,0.004748,projetee
2109,H,71,0.005243,projetee
2109,H,72,0.005686,projetee
2109,H,73,0.006099,projetee
2109,H,74,0.006690,projetee
2109,H,75,0.007306,projetee
2109,H,76,0.008040,projetee
2109,H,77,0.008978,projetee
2109,H,78,0.010319,projetee
2109,H,79,0.011788,projetee
2109,H,8,0.000029,projetee
2109,H,80,0.013435,projetee
2109,H,81,0.015631,projetee
2109,H,82,0.017992,projetee
2109,H,83,0.020848,projetee
2109,H,84,0.024501,projetee
2109,H,85,0.028275,projetee
2109,H,86,0.032185,projetee
2109,H,87,0.037062,projetee
2109,H,88,0.042348,projetee
2109,H,89,0.048937,projetee
2109,H,9,0.000029,projetee
2109,H,90,0.057961,projetee
2109,H,91,0.069563,projetee
2109,H,92,0.084149,projetee
2109,H,93,0.102208,projetee
2109,H,94,0.126387,projetee
2109,H,95,0.155059,projetee
2109,H,96,0.181851,projetee
2109,H,97,0.213700,projetee
2109,H,98,0.241013,projetee
2109,H,99,0.259115,projetee
2110,F,0,0.001152,projetee
2110,F,1,0.000193,projetee
2110,F,10,0.000024,projetee
2110,F,100,0.234159,projetee
2110,F,101,0.249661,projetee
2110,F,102,0.264838,projetee
2110,F,103,0.280093,projetee
2110,F,104,0.295498,projetee
2110,F,105,0.311108,projetee
2110,F,106,0.326954,projetee
2110,F,107,0.342980,projetee
2110,F,108,0.359130,projetee
2110,F,109,0.375344,projetee
2110,F,11,0.000025,projetee
2110,F,110,0.391562,projetee
2110,F,111,0.407725,projetee
2110,F,112,0.423773,projetee
2110,F,113,0.439648,projetee
2110,F,114,0.447480,projetee
2110,F,115,0.447480,projetee
2110,F,116,0.447480,projetee
2110,F,117,0.447480,projetee
2110,F,118,0.447480,projetee
2110,F,119,0.447480,projetee
2110,F,12,0.000027,projetee
2110,F,120,0.447480,projetee
2110,F,13,0.000032,projetee
2110,F,14,0.000040,projetee
2110,F,15,0.000048,projetee
2110,F,16,0.000055,projetee
2110,F,17,0.000060,projetee
2110,F,18,0.000066,projetee
2110,F,19,0.000072,projetee
2110,F,2,0.000084,projetee
2110,F,20,0.000078,projetee
2110,F,21,0.000083,projetee
2110,F,22,0.000087,projetee
2110,F,23,0.000089,projetee
2110,F,24,0.000091,projetee
2110,F,25,0.000094,projetee
2110,F,26,0.000096,projetee
2110,F,27,0.000098,projetee
2110,F,28,0.000100,projetee
2110,F,29,0.000106,projetee
2110,F,3,0.000057,projetee
2110,F,30,0.000115,projetee
2110,F,31,0.000123,projetee
2110,F,32,0.000136,projetee
2110,F,33,0.000149,projetee
2110,F,34,0.000160,projetee
2110,F,35,0.000170,projetee
2110,F,36,0.000182,projetee
2110,F,37,0.000198,projetee
2110,F,38,0.000214,projetee
2110,F,39,0.000234,projetee
2110,F,4,0.000042,projetee
2110,F,40,0.000259,projetee
2110,F,41,0.000285,projetee
2110,F,42,0.000313,projetee
2110,F,43,0.000344,projetee
2110,F,44,0.000372,projetee
2110,F,45,0.000403,projetee
2110,F,46,0.000441,projetee
2110,F,47,0.000487,projetee
2110,F,48,0.000540,projetee
2110,F,49,0.000598,projetee
2110,F,5,0.000034,projetee
2110,F,50,0.000667,projetee
2110,F,51,0.000742,projetee
2110,F,52,0.000805,projetee
2110,F,53,0.000854,projetee
2110,F,54,0.000919,projetee
2110,F,55,0.001030,projetee
2110,F,56,0.001141,projetee
2110,F,57,0.001239,projetee
2110,F,58,0.001354,projetee
2110,F,59,0.001476,projetee
2110,F,6,0.000029,projetee
2110,F,60,0.001604,projetee
2110,F,61,0.001735,projetee
2110,F,62,0.001908,projetee
2110,F,63,0.002122,projetee
2110,F,64,0.002328,projetee
2110,F,65,0.002544,projetee
2110,F,66,0.002731,projetee
2110,F,67,0.002871,projetee
2110,F,68,0.003080,projetee
2110,F,69,0.003361,projetee
2110,F,7,0.000025,projetee
2110,F,70,0.003685,projetee
2110,F,71,0.004056,projetee
2110,F,72,0.004460,projetee
2110,F,73,0.004891,projetee
2110,F,74,0.005322,projetee
2110,F,75,0.005848,projetee
2110,F,76,0.006594,projetee
2110,F,77,0.007409,projetee
2110,F,78,0.008516,projetee
2110,F,79,0.009728,projetee
2110,F,8,0.000024,projetee
2110,F,80,0.011087,projetee
2110,F,81,0.012900,projetee
2110,F,82,0.014848,projetee
2110,F,83,0.017205,projetee
2110,F,84,0.020219,projetee
2110,F,85,0.023334,projetee
2110,F,86,0.026561,projetee
2110,F,87,0.030585,projetee
2110,F,88,0.034947,projetee
2110,F,89,0.040384,projetee
2110,F,9,0.000024,projetee
2110,F,90,0.047830,projetee
2110,F,91,0.057417,projetee
2110,F,92,0.069504,projetee
2110,F,93,0.084502,projetee
2110,F,94,0.104594,projetee
2110,F,95,0.127372,projetee
2110,F,96,0.149733,projetee
2110,F,97,0.177306,projetee
2110,F,98,0.200068,projetee
2110,F,99,0.216521,projetee
2110,H,0,0.001382,projetee
2110,H,1,0.000232,projetee
2110,H,10,0.000029,projetee
2110,H,100,0.275655,projetee
2110,H,101,0.290163,projetee
2110,H,102,0.303833,projetee
2110,H,103,0.317133,projetee
2110,H,104,0.330144,projetee
2110,H,105,0.342919,projetee
2110,H,106,0.355481,projetee
2110,H,107,0.367762,projetee
2110,H,108,0.379693,projetee
2110,H,109,0.391206,projetee
2110,H,11,0.000030,projetee
2110,H,110,0.402238,projetee
2110,H,111,0.415881,projetee
2110,H,112,0.432250,projetee
2110,H,113,0.448443,projetee
2110,H,114,0.456430,projetee
2110,H,115,0.456430,projetee
2110,H,116,0.456430,projetee
2110,H,117,0.456430,projetee
2110,H,118,0.456430,projetee
2110,H,119,0.456430,projetee
2110,H,12,0.000033,projetee
2110,H,120,0.456430,projetee
2110,H,13,0.000039,projetee
2110,H,14,0.000048,projetee
2110,H,15,0.000058,projetee
2110,H,16,0.000071,projetee
2110,H,17,0.000090,projetee
2110,H,18,0.000109,projetee
2110,H,19,0.000125,projetee
2110,H,2,0.000101,projetee
2110,H,20,0.000140,projetee
2110,H,21,0.000150,projetee
2110,H,22,0.000154,projetee
2110,H,23,0.000156,projetee
2110,H,24,0.000159,projetee
2110,H,25,0.000164,projetee
2110,H,26,0.000171,projetee
2110,H,27,0.000178,projetee
2110,H,28,0.000187,projetee
2110,H,29,0.000194,projetee
2110,H,3,0.000069,projetee
2110,H,30,0.000200,projetee
2110,H,31,0.000209,projetee
2110,H,32,0.000221,projetee
2110,H,33,0.000230,projetee
2110,H,34,0.000247,projetee
2110,H,35,0.000268,projetee
2110,H,36,0.000284,projetee
2110,H,37,0.000302,projetee
2110,H,38,0.000326,projetee
2110,H,39,0.000351,projetee
2110,H,4,0.000050,projetee
2110,H,40,0.000378,projetee
2110,H,41,0.000408,projetee
2110,H,42,0.000443,projetee
2110,H,43,0.000483,projetee
2110,H,44,0.000519,projetee
2110,H,45,0.000553,projetee
2110,H,46,0.000596,projetee
2110,H,47,0.000648,projetee
2110,H,48,0.000700,projetee
2110,H,49,0.000764,projetee
2110,H,5,0.000041,projetee
2110,H,50,0.000838,projetee
2110,H,51,0.000924,projetee
2110,H,52,0.001029,projetee
2110,H,53,0.001153,projetee
2110,H,54,0.001256,projetee
2110,H,55,0.001325,projetee
2110,H,56,0.001448,projetee
2110,H,57,0.001605,projetee
2110,H,58,0.001760,projetee
2110,H,59,0.001890,projetee
2110,H,6,0.000034,projetee
2110,H,60,0.002022,projetee
2110,H,61,0.002214,projetee
2110,H,62,0.002416,projetee
2110,H,63,0.002650,projetee
2110,H,64,0.002891,projetee
2110,H,65,0.003171,projetee
2110,H,66,0.003435,projetee
2110,H,67,0.003682,projetee
2110,H,68,0.003988,projetee
2110,H,69,0.004292,projetee
2110,H,7,0.000030,projetee
2110,H,70,0.004676,projetee
2110,H,71,0.005164,projetee
2110,H,72,0.005599,projetee
2110,H,73,0.006007,projetee
2110,H,74,0.006588,projetee
2110,H,75,0.007195,projetee
2110,H,76,0.007941,projetee
2110,H,77,0.008891,projetee
2110,H,78,0.010219,projetee
2110,H,79,0.011673,projetee
2110,H,8,0.000029,projetee
2110,H,80,0.013305,projetee
2110,H,81,0.015480,projetee
2110,H,82,0.017818,projetee
2110,H,83,0.020646,projetee
2110,H,84,0.024263,projetee
2110,H,85,0.028001,projetee
2110,H,86,0.031873,projetee
2110,H,87,0.036703,projetee
2110,H,88,0.041937,projetee
2110,H,89,0.048463,projetee
2110,H,9,0.000029,projetee
2110,H,90,0.057398,projetee
2110,H,91,0.068904,projetee
2110,H,92,0.083411,projetee
2110,H,93,0.101412,projetee
2110,H,94,0.125534,projetee
2110,H,95,0.154227,projetee
2110,H,96,0.181019,projetee
2110,H,97,0.212815,projetee
2110,H,98,0.240091,projetee
2110,H,99,0.258123,projetee
2111,F,0,0.001146,projetee
2111,F,1,0.000192,projetee
2111,F,10,0.000024,projetee
2111,F,100,0.233263,projetee
2111,F,101,0.248705,projetee
2111,F,102,0.263825,projetee
2111,F,103,0.279021,projetee
2111,F,104,0.294367,projetee
2111,F,105,0.309917,projetee
2111,F,106,0.325702,projetee
2111,F,107,0.341667,projetee
2111,F,108,0.357755,projetee
2111,F,109,0.373907,projetee
2111,F,11,0.000025,projetee
2111,F,110,0.390064,projetee
2111,F,111,0.406165,projetee
2111,F,112,0.422151,projetee
2111,F,113,0.437966,projetee
2111,F,114,0.445768,projetee
2111,F,115,0.445768,projetee
2111,F,116,0.445768,projetee
2111,F,117,0.445768,projetee
2111,F,118,0.445768,projetee
2111,F,119,0.445768,projetee
2111,F,12,0.000027,projetee
2111,F,120,0.445768,projetee
2111,F,13,0.000032,projetee
2111,F,14,0.000040,projetee
2111,F,15,0.000048,projetee
2111,F,16,0.000054,projetee
2111,F,17,0.000060,projetee
2111,F,18,0.000065,projetee
2111,F,19,0.000071,projetee
2111,F,2,0.000083,projetee
2111,F,20,0.000077,projetee
2111,F,21,0.000082,projetee
2111,F,22,0.000086,projetee
2111,F,23,0.000088,projetee
2111,F,24,0.000090,projetee
2111,F,25,0.000093,projetee
2111,F,26,0.000095,projetee
2111,F,27,0.000097,projetee
2111,F,28,0.000099,projetee
2111,F,29,0.000105,projetee
2111,F,3,0.000057,projetee
2111,F,30,0.000114,projetee
2111,F,31,0.000122,projetee
2111,F,32,0.000134,projetee
2111,F,33,0.000148,projetee
2111,F,34,0.000159,projetee
2111,F,35,0.000169,projetee
2111,F,36,0.000180,projetee
2111,F,37,0.000196,projetee
2111,F,38,0.000212,projetee
2111,F,39,0.000232,projetee
2111,F,4,0.000042,projetee
2111,F,40,0.000257,projetee
2111,F,41,0.000283,projetee
2111,F,42,0.000310,projetee
2111,F,43,0.000341,projetee
2111,F,44,0.000368,projetee
2111,F,45,0.000399,projetee
2111,F,46,0.000436,projetee
2111,F,47,0.000483,projetee
2111,F,48,0.000535,projetee
2111,F,49,0.000593,projetee
2111,F,5,0.000034,projetee
2111,F,50,0.000661,projetee
2111,F,51,0.000735,projetee
2111,F,52,0.000797,projetee
2111,F,53,0.000846,projetee
2111,F,54,0.000910,projetee
2111,F,55,0.001020,projetee
2111,F,56,0.001130,projetee
2111,F,57,0.001227,projetee
2111,F,58,0.001341,projetee
2111,F,59,0.001462,projetee
2111,F,6,0.000028,projetee
2111,F,60,0.001589,projetee
2111,F,61,0.001718,projetee
2111,F,62,0.001889,projetee
2111,F,63,0.002101,projetee
2111,F,64,0.002305,projetee
2111,F,65,0.002519,projetee
2111,F,66,0.002704,projetee
2111,F,67,0.002843,projetee
2111,F,68,0.003050,projetee
2111,F,69,0.003329,projetee
2111,F,7,0.000025,projetee
2111,F,70,0.003649,projetee
2111,F,71,0.004017,projetee
2111,F,72,0.004416,projetee
2111,F,73,0.004843,projetee
2111,F,74,0.005271,projetee
2111,F,75,0.005791,projetee
2111,F,76,0.006531,projetee
2111,F,77,0.007337,projetee
2111,F,78,0.008433,projetee
2111,F,79,0.009634,projetee
2111,F,8,0.000024,projetee
2111,F,80,0.010980,projetee
2111,F,81,0.012775,projetee
2111,F,82,0.014704,projetee
2111,F,83,0.017038,projetee
2111,F,84,0.020023,projetee
2111,F,85,0.023108,projetee
2111,F,86,0.026303,projetee
2111,F,87,0.030288,projetee
2111,F,88,0.034608,projetee
2111,F,89,0.039993,projetee
2111,F,9,0.000024,projetee
2111,F,90,0.047366,projetee
2111,F,91,0.056873,projetee
2111,F,92,0.068895,projetee
2111,F,93,0.083843,projetee
2111,F,94,0.103888,projetee
2111,F,95,0.126633,projetee
2111,F,96,0.148996,projetee
2111,F,97,0.176572,projetee
2111,F,98,0.199303,projetee
2111,F,99,0.215692,projetee
2111,H,0,0.001375,projetee
2111,H,1,0.000230,projetee
2111,H,10,0.000029,projetee
2111,H,100,0.274600,projetee
2111,H,101,0.289053,projetee
2111,H,102,0.302670,projetee
2111,H,103,0.315920,projetee
2111,H,104,0.328881,projetee
2111,H,105,0.341606,projetee
2111,H,106,0.354121,projetee
2111,H,107,0.366355,projetee
2111,H,108,0.378240,projetee
2111,H,109,0.389709,projetee
2111,H,11,0.000030,projetee
2111,H,110,0.400699,projetee
2111,H,111,0.414290,projetee
2111,H,112,0.430596,projetee
2111,H,113,0.446727,projetee
2111,H,114,0.454684,projetee
2111,H,115,0.454684,projetee
2111,H,116,0.454684,projetee
2111,H,117,0.454684,projetee
2111,H,118,0.454684,projetee
2111,H,119,0.454684,projetee
2111,H,12,0.000033,projetee
2111,H,120,0.454684,projetee
2111,H,13,0.000038,projetee
2111,H,14,0.000048,projetee
2111,H,15,0.000057,projetee
2111,H,16,0.000070,projetee
2111,H,17,0.000088,projetee
2111,H,18,0.000107,projetee
2111,H,19,0.000123,projetee
2111,H,2,0.000100,projetee
2111,H,20,0.000137,projetee
2111,H,21,0.000148,projetee
2111,H,22,0.000152,projetee
2111,H,23,0.000154,projetee
2111,H,24,0.000157,projetee
2111,H,25,0.000162,projetee
2111,H,26,0.000168,projetee
2111,H,27,0.000175,projetee
2111,H,28,0.000184,projetee
2111,H,29,0.000191,projetee
2111,H,3,0.000068,projetee
2111,H,30,0.000197,projetee
2111,H,31,0.000205,projetee
2111,H,32,0.000217,projetee
2111,H,33,0.000227,projetee
2111,H,34,0.000243,projetee
2111,H,35,0.000263,projetee
2111,H,36,0.000280,projetee
2111,H,37,0.000298,projetee
2111,H,38,0.000321,projetee
2111,H,39,0.000346,projetee
2111,H,4,0.000050,projetee
2111,H,40,0.000372,projetee
2111,H,41,0.000401,projetee
2111,H,42,0.000436,projetee
2111,H,43,0.000476,projetee
2111,H,44,0.000511,projetee
2111,H,45,0.000545,projetee
2111,H,46,0.000586,projetee
2111,H,47,0.000638,projetee
2111,H,48,0.000690,projetee
2111,H,49,0.000752,projetee
2111,H,5,0.000041,projetee
2111,H,50,0.000826,projetee
2111,H,51,0.000910,projetee
2111,H,52,0.001013,projetee
2111,H,53,0.001136,projetee
2111,H,54,0.001237,projetee
2111,H,55,0.001305,projetee
2111,H,56,0.001426,projetee
2111,H,57,0.001581,projetee
2111,H,58,0.001733,projetee
2111,H,59,0.001861,projetee
2111,H,6,0.000034,projetee
2111,H,60,0.001991,projetee
2111,H,61,0.002180,projetee
2111,H,62,0.002379,projetee
2111,H,63,0.002610,projetee
2111,H,64,0.002847,projetee
2111,H,65,0.003122,projetee
2111,H,66,0.003383,projetee
2111,H,67,0.003626,projetee
2111,H,68,0.003928,projetee
2111,H,69,0.004227,projetee
2111,H,7,0.000030,projetee
2111,H,70,0.004605,projetee
2111,H,71,0.005085,projetee
2111,H,72,0.005514,projetee
2111,H,73,0.005915,projetee
2111,H,74,0.006488,projetee
2111,H,75,0.007085,projetee
2111,H,76,0.007843,projetee
2111,H,77,0.008804,projetee
2111,H,78,0.010120,projetee
2111,H,79,0.011560,projetee
2111,H,8,0.000028,projetee
2111,H,80,0.013176,projetee
2111,H,81,0.015330,projetee
2111,H,82,0.017645,projetee
2111,H,83,0.020446,projetee
2111,H,84,0.024028,projetee
2111,H,85,0.027729,projetee
2111,H,86,0.031564,projetee
2111,H,87,0.036347,projetee
2111,H,88,0.041530,projetee
2111,H,89,0.047993,projetee
2111,H,9,0.000028,projetee
2111,H,90,0.056842,projetee
2111,H,91,0.068252,projetee
2111,H,92,0.082680,projetee
2111,H,93,0.100622,projetee
2111,H,94,0.124687,projetee
2111,H,95,0.153398,projetee
2111,H,96,0.180191,projetee
2111,H,97,0.211935,projetee
2111,H,98,0.239172,projetee
2111,H,99,0.257135,projetee
2112,F,0,0.001140,projetee
2112,F,1,0.000191,projetee
2112,F,10,0.000024,projetee
2112,F,100,0.232371,projetee
2112,F,101,0.247754,projetee
2112,F,102,0.262815,projetee
2112,F,103,0.277953,projetee
2112,F,104,0.293240,projetee
2112,F,105,0.308731,projetee
2112,F,106,0.324456,projetee
2112,F,107,0.340360,projetee
2112,F,108,0.356386,projetee
2112,F,109,0.372476,projetee
2112,F,11,0.000025,projetee
2112,F,110,0.388571,projetee
2112,F,111,0.404610,projetee
2112,F,112,0.420536,projetee
2112,F,113,0.436290,projetee
2112,F,114,0.444063,projetee
2112,F,115,0.444063,projetee
2112,F,116,0.444063,projetee
2112,F,117,0.444063,projetee
2112,F,118,0.444063,projetee
2112,F,119,0.444063,projetee
2112,F,12,0.000027,projetee
2112,F,120,0.444063,projetee
2112,F,13,0.000032,projetee
2112,F,14,0.000039,projetee
2112,F,15,0.000047,projetee
2112,F,16,0.000054,projetee
2112,F,17,0.000059,projetee
2112,F,18,0.000065,projetee
2112,F,19,0.000071,projetee
2112,F,2,0.000083,projetee
2112,F,20,0.000076,projetee
2112,F,21,0.000081,projetee
2112,F,22,0.000085,projetee
2112,F,23,0.000087,projetee
2112,F,24,0.000089,projetee
2112,F,25,0.000092,projetee
2112,F,26,0.000094,projetee
2112,F,27,0.000096,projetee
2112,F,28,0.000098,projetee
2112,F,29,0.000104,projetee
2112,F,3,0.000057,projetee
2112,F,30,0.000113,projetee
2112,F,31,0.000121,projetee
2112,F,32,0.000133,projetee
2112,F,33,0.000146,projetee
2112,F,34,0.000157,projetee
2112,F,35,0.000167,projetee
2112,F,36,0.000178,projetee
2112,F,37,0.000194,projetee
2112,F,38,0.000210,projetee
2112,F,39,0.000230,projetee
2112,F,4,0.000041,projetee
2112,F,40,0.000254,projetee
2112,F,41,0.000280,projetee
2112,F,42,0.000307,projetee
2112,F,43,0.000337,projetee
2112,F,44,0.000365,projetee
2112,F,45,0.000395,projetee
2112,F,46,0.000432,projetee
2112,F,47,0.000478,projetee
2112,F,48,0.000530,projetee
2112,F,49,0.000587,projetee
2112,F,5,0.000034,projetee
2112,F,50,0.000654,projetee
2112,F,51,0.000728,projetee
2112,F,52,0.000790,projetee
2112,F,53,0.000838,projetee
2112,F,54,0.000901,projetee
2112,F,55,0.001010,projetee
2112,F,56,0.001119,projetee
2112,F,57,0.001215,projetee
2112,F,58,0.001328,projetee
2112,F,59,0.001448,projetee
2112,F,6,0.000028,projetee
2112,F,60,0.001573,projetee
2112,F,61,0.001701,projetee
2112,F,62,0.001871,projetee
2112,F,63,0.002081,projetee
2112,F,64,0.002283,projetee
2112,F,65,0.002495,projetee
2112,F,66,0.002678,projetee
2112,F,67,0.002815,projetee
2112,F,68,0.003021,projetee
2112,F,69,0.003297,projetee
2112,F,7,0.000025,projetee
2112,F,70,0.003613,projetee
2112,F,71,0.003978,projetee
2112,F,72,0.004374,projetee
2112,F,73,0.004796,projetee
2112,F,74,0.005220,projetee
2112,F,75,0.005735,projetee
2112,F,76,0.006467,projetee
2112,F,77,0.007266,projetee
2112,F,78,0.008352,projetee
2112,F,79,0.009540,projetee
2112,F,8,0.000023,projetee
2112,F,80,0.010873,projetee
2112,F,81,0.012651,projetee
2112,F,82,0.014561,projetee
2112,F,83,0.016873,projetee
2112,F,84,0.019829,projetee
2112,F,85,0.022883,projetee
2112,F,86,0.026048,projetee
2112,F,87,0.029995,projetee
2112,F,88,0.034273,projetee
2112,F,89,0.039605,projetee
2112,F,9,0.000023,projetee
2112,F,90,0.046907,projetee
2112,F,91,0.056335,projetee
2112,F,92,0.068291,projetee
2112,F,93,0.083190,projetee
2112,F,94,0.103187,projetee
2112,F,95,0.125899,projetee
2112,F,96,0.148263,projetee
2112,F,97,0.175841,projetee
2112,F,98,0.198540,projetee
2112,F,99,0.214866,projetee
2112,H,0,0.001368,projetee
2112,H,1,0.000229,projetee
2112,H,10,0.000029,projetee
2112,H,100,0.273549,projetee
2112,H,101,0.287947,projetee
2112,H,102,0.301512,projetee
2112,H,103,0.314711,projetee
2112,H,104,0.327622,projetee
2112,H,105,0.340299,projetee
2112,H,106,0.352766,projetee
2112,H,107,0.364953,projetee
2112,H,108,0.376792,projetee
2112,H,109,0.388218,projetee
2112,H,11,0.000030,projetee
2112,H,110,0.399166,projetee
2112,H,111,0.412704,projetee
2112,H,112,0.428948,projetee
2112,H,113,0.445018,projetee
2112,H,114,0.452944,projetee
2112,H,115,0.452944,projetee
2112,H,116,0.452944,projetee
2112,H,117,0.452944,projetee
2112,H,118,0.452944,projetee
2112,H,119,0.452944,projetee
2112,H,12,0.000032,projetee
2112,H,120,0.452944,projetee
2112,H,13,0.000038,projetee
2112,H,14,0.000047,projetee
2112,H,15,0.000057,projetee
2112,H,16,0.000070,projetee
2112,H,17,0.000087,projetee
2112,H,18,0.000105,projetee
2112,H,19,0.000122,projetee
2112,H,2,0.000100,projetee
2112,H,20,0.000135,projetee
2112,H,21,0.000145,projetee
2112,H,22,0.000149,projetee
2112,H,23,0.000151,projetee
2112,H,24,0.000154,projetee
2112,H,25,0.000159,projetee
2112,H,26,0.000165,projetee
2112,H,27,0.000173,projetee
2112,H,28,0.000181,projetee
2112,H,29,0.000188,projetee
2112,H,3,0.000068,projetee
2112,H,30,0.000194,projetee
2112,H,31,0.000202,projetee
2112,H,32,0.000214,projetee
2112,H,33,0.000223,projetee
2112,H,34,0.000239,projetee
2112,H,35,0.000259,projetee
2112,H,36,0.000275,projetee
2112,H,37,0.000293,projetee
2112,H,38,0.000316,projetee
2112,H,39,0.000341,projetee
2112,H,4,0.000049,projetee
2112,H,40,0.000366,projetee
2112,H,41,0.000395,projetee
2112,H,42,0.000429,projetee
2112,H,43,0.000468,projetee
2112,H,44,0.000504,projetee
2112,H,45,0.000536,projetee
2112,H,46,0.000578,projetee
2112,H,47,0.000628,projetee
2112,H,48,0.000679,projetee
2112,H,49,0.000741,projetee
2112,H,5,0.000041,projetee
2112,H,50,0.000813,projetee
2112,H,51,0.000896,projetee
2112,H,52,0.000998,projetee
2112,H,53,0.001119,projetee
2112,H,54,0.001219,projetee
2112,H,55,0.001285,projetee
2112,H,56,0.001404,projetee
2112,H,57,0.001557,projetee
2112,H,58,0.001707,projetee
2112,H,59,0.001833,projetee
2112,H,6,0.000034,projetee
2112,H,60,0.001961,projetee
2112,H,61,0.002147,projetee
2112,H,62,0.002343,projetee
2112,H,63,0.002570,projetee
2112,H,64,0.002804,projetee
2112,H,65,0.003075,projetee
2112,H,66,0.003331,projetee
2112,H,67,0.003571,projetee
2112,H,68,0.003868,projetee
2112,H,69,0.004163,projetee
2112,H,7,0.000030,projetee
2112,H,70,0.004535,projetee
2112,H,71,0.005008,projetee
2112,H,72,0.005430,projetee
2112,H,73,0.005825,projetee
2112,H,74,0.006389,projetee
2112,H,75,0.006991,projetee
2112,H,76,0.007761,projetee
2112,H,77,0.008719,projetee
2112,H,78,0.010022,projetee
2112,H,79,0.011448,projetee
2112,H,8,0.000028,projetee
2112,H,80,0.013048,projetee
2112,H,81,0.015181,projetee
2112,H,82,0.017474,projetee
2112,H,83,0.020248,projetee
2112,H,84,0.023795,projetee
2112,H,85,0.027460,projetee
2112,H,86,0.031258,projetee
2112,H,87,0.035994,projetee
2112,H,88,0.041128,projetee
2112,H,89,0.047527,projetee
2112,H,9,0.000028,projetee
2112,H,90,0.056291,projetee
2112,H,91,0.067606,projetee
2112,H,92,0.081955,projetee
2112,H,93,0.099838,projetee
2112,H,94,0.123846,projetee
2112,H,95,0.152575,projetee
2112,H,96,0.179367,projetee
2112,H,97,0.211057,projetee
2112,H,98,0.238256,projetee
2112,H,99,0.256151,projetee
2113,F,0,0.001135,projetee
2113,F,1,0.000190,projetee
2113,F,10,0.000024,projetee
2113,F,100,0.231481,projetee
2113,F,101,0.246806,projetee
2113,F,102,0.261810,projetee
2113,F,103,0.276890,projetee
2113,F,104,0.292118,projetee
2113,F,105,0.307550,projetee
2113,F,106,0.323214,projetee
2113,F,107,0.339057,projetee
2113,F,108,0.355022,projetee
2113,F,109,0.371051,projetee
2113,F,11,0.000025,projetee
2113,F,110,0.387084,projetee
2113,F,111,0.403062,projetee
2113,F,112,0.418926,projetee
2113,F,113,0.434620,projetee
2113,F,114,0.442364,projetee
2113,F,115,0.442364,projetee
2113,F,116,0.442364,projetee
2113,F,117,0.442364,projetee
2113,F,118,0.442364,projetee
2113,F,119,0.442364,projetee
2113,F,12,0.000027,projetee
2113,F,120,0.442364,projetee
2113,F,13,0.000031,projetee
2113,F,14,0.000039,projetee
2113,F,15,0.000047,projetee
2113,F,16,0.000053,projetee
2113,F,17,0.000058,projetee
2113,F,18,0.000064,projetee
2113,F,19,0.000070,projetee
2113,F,2,0.000082,projetee
2113,F,20,0.000075,projetee
2113,F,21,0.000080,projetee
2113,F,22,0.000084,projetee
2113,F,23,0.000087,projetee
2113,F,24,0.000088,projetee
2113,F,25,0.000091,projetee
2113,F,26,0.000093,projetee
2113,F,27,0.000095,projetee
2113,F,28,0.000097,projetee
2113,F,29,0.000103,projetee
2113,F,3,0.000056,projetee
2113,F,30,0.000112,projetee
2113,F,31,0.000120,projetee
2113,F,32,0.000132,projetee
2113,F,33,0.000145,projetee
2113,F,34,0.000156,projetee
2113,F,35,0.000166,projetee
2113,F,36,0.000177,projetee
2113,F,37,0.000192,projetee
2113,F,38,0.000208,projetee
2113,F,39,0.000228,projetee
2113,F,4,0.000041,projetee
2113,F,40,0.000252,projetee
2113,F,41,0.000277,projetee
2113,F,42,0.000304,projetee
2113,F,43,0.000334,projetee
2113,F,44,0.000361,projetee
2113,F,45,0.000391,projetee
2113,F,46,0.000428,projetee
2113,F,47,0.000473,projetee
2113,F,48,0.000525,projetee
2113,F,49,0.000581,projetee
2113,F,5,0.000034,projetee
2113,F,50,0.000648,projetee
2113,F,51,0.000721,projetee
2113,F,52,0.000782,projetee
2113,F,53,0.000830,projetee
2113,F,54,0.000893,projetee
2113,F,55,0.001000,projetee
2113,F,56,0.001108,projetee
2113,F,57,0.001203,projetee
2113,F,58,0.001315,projetee
2113,F,59,0.001434,projetee
2113,F,6,0.000028,projetee
2113,F,60,0.001558,projetee
2113,F,61,0.001685,projetee
2113,F,62,0.001853,projetee
2113,F,63,0.002060,projetee
2113,F,64,0.002260,projetee
2113,F,65,0.002470,projetee
2113,F,66,0.002652,projetee
2113,F,67,0.002788,projetee
2113,F,68,0.002992,projetee
2113,F,69,0.003265,projetee
2113,F,7,0.000024,projetee
2113,F,70,0.003578,projetee
2113,F,71,0.003939,projetee
2113,F,72,0.004331,projetee
2113,F,73,0.004750,projetee
2113,F,74,0.005169,projetee
2113,F,75,0.005680,projetee
2113,F,76,0.006404,projetee
2113,F,77,0.007195,projetee
2113,F,78,0.008271,projetee
2113,F,79,0.009448,projetee
2113,F,8,0.000023,projetee
2113,F,80,0.010768,projetee
2113,F,81,0.012528,projetee
2113,F,82,0.014420,projetee
2113,F,83,0.016709,projetee
2113,F,84,0.019637,projetee
2113,F,85,0.022662,projetee
2113,F,86,0.025795,projetee
2113,F,87,0.029704,projetee
2113,F,88,0.033940,projetee
2113,F,89,0.039221,projetee
2113,F,9,0.000023,projetee
2113,F,90,0.046452,projetee
2113,F,91,0.055801,projetee
2113,F,92,0.067692,projetee
2113,F,93,0.082542,projetee
2113,F,94,0.102491,projetee
2113,F,95,0.125169,projetee
2113,F,96,0.147533,projetee
2113,F,97,0.175113,projetee
2113,F,98,0.197780,projetee
2113,F,99,0.214044,projetee
2113,H,0,0.001362,projetee
2113,H,1,0.000228,projetee
2113,H,10,0.000028,projetee
2113,H,100,0.272502,projetee
2113,H,101,0.286845,projetee
2113,H,102,0.300358,projetee
2113,H,103,0.313507,projetee
2113,H,104,0.326368,projetee
2113,H,105,0.338997,projetee
2113,H,106,0.351416,projetee
2113,H,107,0.363556,projetee
2113,H,108,0.375350,projetee
2113,H,109,0.386733,projetee
2113,H,11,0.000030,projetee
2113,H,110,0.397638,projetee
2113,H,111,0.411125,projetee
2113,H,112,0.427307,projetee
2113,H,113,0.443314,projetee
2113,H,114,0.451211,projetee
2113,H,115,0.451211,projetee
2113,H,116,0.451211,projetee
2113,H,117,0.451211,projetee
2113,H,118,0.451211,projetee
2113,H,119,0.451211,projetee
2113,H,12,0.000032,projetee
2113,H,120,0.451211,projetee
2113,H,13,0.000037,projetee
2113,H,14,0.000047,projetee
2113,H,15,0.000056,projetee
2113,H,16,0.000069,projetee
2113,H,17,0.000086,projetee
2113,H,18,0.000104,projetee
2113,H,19,0.000120,projetee
2113,H,2,0.000099,projetee
2113,H,20,0.000133,projetee
2113,H,21,0.000143,projetee
2113,H,22,0.000147,projetee
2113,H,23,0.000149,projetee
2113,H,24,0.000152,projetee
2113,H,25,0.000157,projetee
2113,H,26,0.000163,projetee
2113,H,27,0.000170,projetee
2113,H,28,0.000178,projetee
2113,H,29,0.000185,projetee
2113,H,3,0.000067,projetee
2113,H,30,0.000191,projetee
2113,H,31,0.000199,projetee
2113,H,32,0.000211,projetee
2113,H,33,0.000220,projetee
2113,H,34,0.000236,projetee
2113,H,35,0.000255,projetee
2113,H,36,0.000271,projetee
2113,H,37,0.000289,projetee
2113,H,38,0.000311,projetee
2113,H,39,0.000335,projetee
2113,H,4,0.000049,projetee
2113,H,40,0.000361,projetee
2113,H,41,0.000389,projetee
2113,H,42,0.000423,projetee
2113,H,43,0.000461,projetee
2113,H,44,0.000496,projetee
2113,H,45,0.000528,projetee
2113,H,46,0.000569,projetee
2113,H,47,0.000618,projetee
2113,H,48,0.000669,projetee
2113,H,49,0.000730,projetee
2113,H,5,0.000040,projetee
2113,H,50,0.000801,projetee
2113,H,51,0.000882,projetee
2113,H,52,0.000983,projetee
2113,H,53,0.001101,projetee
2113,H,54,0.001200,projetee
2113,H,55,0.001266,projetee
2113,H,56,0.001383,projetee
2113,H,57,0.001533,projetee
2113,H,58,0.001681,projetee
2113,H,59,0.001805,projetee
2113,H,6,0.000033,projetee
2113,H,60,0.001931,projetee
2113,H,61,0.002114,projetee
2113,H,62,0.002308,projetee
2113,H,63,0.002531,projetee
2113,H,64,0.002761,projetee
2113,H,65,0.003028,projetee
2113,H,66,0.003280,projetee
2113,H,67,0.003517,projetee
2113,H,68,0.003809,projetee
2113,H,69,0.004099,projetee
2113,H,7,0.000029,projetee
2113,H,70,0.004466,projetee
2113,H,71,0.004931,projetee
2113,H,72,0.005348,projetee
2113,H,73,0.005737,projetee
2113,H,74,0.006292,projetee
2113,H,75,0.006905,projetee
2113,H,76,0.007685,projetee
2113,H,77,0.008634,projetee
2113,H,78,0.009925,projetee
2113,H,79,0.011337,projetee
2113,H,8,0.000028,projetee
2113,H,80,0.012921,projetee
2113,H,81,0.015034,projetee
2113,H,82,0.017304,projetee
2113,H,83,0.020052,projetee
2113,H,84,0.023564,projetee
2113,H,85,0.027194,projetee
2113,H,86,0.030955,projetee
2113,H,87,0.035645,projetee
2113,H,88,0.040729,projetee
2113,H,89,0.047066,projetee
2113,H,9,0.000028,projetee
2113,H,90,0.055745,projetee
2113,H,91,0.066965,projetee
2113,H,92,0.081236,projetee
2113,H,93,0.099060,projetee
2113,H,94,0.123010,projetee
2113,H,95,0.151755,projetee
2113,H,96,0.178546,projetee
2113,H,97,0.210184,projetee
2113,H,98,0.237345,projetee
2113,H,99,0.255170,projetee
2114,F,0,0.001129,projetee
2114,F,1,0.000189,projetee
2114,F,10,0.000023,projetee
2114,F,100,0.230595,projetee
2114,F,101,0.245861,projetee
2114,F,102,0.260808,projetee
2114,F,103,0.275830,projetee
2114,F,104,0.291000,projetee
2114,F,105,0.306373,projetee
2114,F,106,0.321977,projetee
2114,F,107,0.337760,projetee
2114,F,108,0.353664,projetee
2114,F,109,0.369631,projetee
2114,F,11,0.000024,projetee
2114,F,110,0.385603,projetee
2114,F,111,0.401519,projetee
2114,F,112,0.417323,projetee
2114,F,113,0.432957,projetee
2114,F,114,0.440671,projetee
2114,F,115,0.440671,projetee
2114,F,116,0.440671,projetee
2114,F,117,0.440671,projetee
2114,F,118,0.440671,projetee
2114,F,119,0.440671,projetee
2114,F,12,0.000026,projetee
2114,F,120,0.440671,projetee
2114,F,13,0.000031,projetee
2114,F,14,0.000039,projetee
2114,F,15,0.000046,projetee
2114,F,16,0.000053,projetee
2114,F,17,0.000058,projetee
2114,F,18,0.000064,projetee
2114,F,19,0.000069,projetee
2114,F,2,0.000082,projetee
2114,F,20,0.000075,projetee
2114,F,21,0.000079,projetee
2114,F,22,0.000084,projetee
2114,F,23,0.000086,projetee
2114,F,24,0.000087,projetee
2114,F,25,0.000090,projetee
2114,F,26,0.000093,projetee
2114,F,27,0.000094,projetee
2114,F,28,0.000096,projetee
2114,F,29,0.000102,projetee
2114,F,3,0.000056,projetee
2114,F,30,0.000111,projetee
2114,F,31,0.000119,projetee
2114,F,32,0.000131,projetee
2114,F,33,0.000143,projetee
2114,F,34,0.000154,projetee
2114,F,35,0.000164,projetee
2114,F,36,0.000175,projetee
2114,F,37,0.000190,projetee
2114,F,38,0.000206,projetee
2114,F,39,0.000225,projetee
2114,F,4,0.000041,projetee
2114,F,40,0.000249,projetee
2114,F,41,0.000275,projetee
2114,F,42,0.000301,projetee
2114,F,43,0.000331,projetee
2114,F,44,0.000358,projetee
2114,F,45,0.000387,projetee
2114,F,46,0.000424,projetee
2114,F,47,0.000469,projetee
2114,F,48,0.000519,projetee
2114,F,49,0.000575,projetee
2114,F,5,0.000033,projetee
2114,F,50,0.000642,projetee
2114,F,51,0.000714,projetee
2114,F,52,0.000774,projetee
2114,F,53,0.000822,projetee
2114,F,54,0.000884,projetee
2114,F,55,0.000990,projetee
2114,F,56,0.001098,projetee
2114,F,57,0.001192,projetee
2114,F,58,0.001302,projetee
2114,F,59,0.001420,projetee
2114,F,6,0.000028,projetee
2114,F,60,0.001543,projetee
2114,F,61,0.001669,projetee
2114,F,62,0.001835,projetee
2114,F,63,0.002040,projetee
2114,F,64,0.002239,projetee
2114,F,65,0.002446,projetee
2114,F,66,0.002626,projetee
2114,F,67,0.002761,projetee
2114,F,68,0.002963,projetee
2114,F,69,0.003233,projetee
2114,F,7,0.000024,projetee
2114,F,70,0.003544,projetee
2114,F,71,0.003901,projetee
2114,F,72,0.004289,projetee
2114,F,73,0.004704,projetee
2114,F,74,0.005119,projetee
2114,F,75,0.005625,projetee
2114,F,76,0.006342,projetee
2114,F,77,0.007126,projetee
2114,F,78,0.008191,projetee
2114,F,79,0.009356,projetee
2114,F,8,0.000023,projetee
2114,F,80,0.010663,projetee
2114,F,81,0.012407,projetee
2114,F,82,0.014280,projetee
2114,F,83,0.016547,projetee
2114,F,84,0.019446,projetee
2114,F,85,0.022442,projetee
2114,F,86,0.025545,projetee
2114,F,87,0.029416,projetee
2114,F,88,0.033611,projetee
2114,F,89,0.038840,projetee
2114,F,9,0.000023,projetee
2114,F,90,0.046002,projetee
2114,F,91,0.055273,projetee
2114,F,92,0.067098,projetee
2114,F,93,0.081899,projetee
2114,F,94,0.101800,projetee
2114,F,95,0.124443,projetee
2114,F,96,0.146806,projetee
2114,F,97,0.174388,projetee
2114,F,98,0.197023,projetee
2114,F,99,0.213225,projetee
2114,H,0,0.001355,projetee
2114,H,1,0.000227,projetee
2114,H,10,0.000028,projetee
2114,H,100,0.271459,projetee
2114,H,101,0.285747,projetee
2114,H,102,0.299209,projetee
2114,H,103,0.312307,projetee
2114,H,104,0.325120,projetee
2114,H,105,0.337700,projetee
2114,H,106,0.350071,projetee
2114,H,107,0.362165,projetee
2114,H,108,0.373914,projetee
2114,H,109,0.385253,projetee
2114,H,11,0.000029,projetee
2114,H,110,0.396117,projetee
2114,H,111,0.409552,projetee
2114,H,112,0.425671,projetee
2114,H,113,0.441618,projetee
2114,H,114,0.449485,projetee
2114,H,115,0.449485,projetee
2114,H,116,0.449485,projetee
2114,H,117,0.449485,projetee
2114,H,118,0.449485,projetee
2114,H,119,0.449485,projetee
2114,H,12,0.000032,projetee
2114,H,120,0.449485,projetee
2114,H,13,0.000037,projetee
2114,H,14,0.000046,projetee
2114,H,15,0.000056,projetee
2114,H,16,0.000068,projetee
2114,H,17,0.000084,projetee
2114,H,18,0.000102,projetee
2114,H,19,0.000118,projetee
2114,H,2,0.000098,projetee
2114,H,20,0.000131,projetee
2114,H,21,0.000141,projetee
2114,H,22,0.000145,projetee
2114,H,23,0.000147,projetee
2114,H,24,0.000150,projetee
2114,H,25,0.000155,projetee
2114,H,26,0.000160,projetee
2114,H,27,0.000167,projetee
2114,H,28,0.000176,projetee
2114,H,29,0.000182,projetee
2114,H,3,0.000067,projetee
2114,H,30,0.000188,projetee
2114,H,31,0.000196,projetee
2114,H,32,0.000207,projetee
2114,H,33,0.000217,projetee
2114,H,34,0.000232,projetee
2114,H,35,0.000252,projetee
2114,H,36,0.000267,projetee
2114,H,37,0.000284,projetee
2114,H,38,0.000306,projetee
2114,H,39,0.000330,projetee
2114,H,4,0.000049,projetee
2114,H,40,0.000355,projetee
2114,H,41,0.000383,projetee
2114,H,42,0.000416,projetee
2114,H,43,0.000454,projetee
2114,H,44,0.000488,projetee
2114,H,45,0.000520,projetee
2114,H,46,0.000560,projetee
2114,H,47,0.000609,projetee
2114,H,48,0.000659,projetee
2114,H,49,0.000718,projetee
2114,H,5,0.000040,projetee
2114,H,50,0.000789,projetee
2114,H,51,0.000869,projetee
2114,H,52,0.000968,projetee
2114,H,53,0.001085,projetee
2114,H,54,0.001182,projetee
2114,H,55,0.001246,projetee
2114,H,56,0.001362,projetee
2114,H,57,0.001510,projetee
2114,H,58,0.001656,projetee
2114,H,59,0.001777,projetee
2114,H,6,0.000033,projetee
2114,H,60,0.001902,projetee
2114,H,61,0.002082,projetee
2114,H,62,0.002272,projetee
2114,H,63,0.002493,projetee
2114,H,64,0.002719,projetee
2114,H,65,0.002982,projetee
2114,H,66,0.003231,projetee
2114,H,67,0.003463,projetee
2114,H,68,0.003751,projetee
2114,H,69,0.004037,projetee
2114,H,7,0.000029,projetee
2114,H,70,0.004398,projetee
2114,H,71,0.004856,projetee
2114,H,72,0.005266,projetee
2114,H,73,0.005665,projetee
2114,H,74,0.006213,projetee
2114,H,75,0.006819,projetee
2114,H,76,0.007611,projetee
2114,H,77,0.008551,projetee
2114,H,78,0.009829,projetee
2114,H,79,0.011227,projetee
2114,H,8,0.000027,projetee
2114,H,80,0.012796,projetee
2114,H,81,0.014888,projetee
2114,H,82,0.017136,projetee
2114,H,83,0.019857,projetee
2114,H,84,0.023336,projetee
2114,H,85,0.026931,projetee
2114,H,86,0.030655,projetee
2114,H,87,0.035300,projetee
2114,H,88,0.040334,projetee
2114,H,89,0.046610,projetee
2114,H,9,0.000028,projetee
2114,H,90,0.055204,projetee
2114,H,91,0.066331,projetee
2114,H,92,0.080524,projetee
2114,H,93,0.098288,projetee
2114,H,94,0.122180,projetee
2114,H,95,0.150941,projetee
2114,H,96,0.177729,projetee
2114,H,97,0.209314,projetee
2114,H,98,0.236436,projetee
2114,H,99,0.254194,projetee
2115,F,0,0.001123,projetee
2115,F,1,0.000188,projetee
2115,F,10,0.000023,projetee
2115,F,100,0.229713,projetee
2115,F,101,0.244920,projetee
2115,F,102,0.259810,projetee
2115,F,103,0.274774,projetee
2115,F,104,0.289887,projetee
2115,F,105,0.305201,projetee
2115,F,106,0.320745,projetee
2115,F,107,0.336467,projetee
2115,F,108,0.352310,projetee
2115,F,109,0.368216,projetee
2115,F,11,0.000024,projetee
2115,F,110,0.384127,projetee
2115,F,111,0.399983,projetee
2115,F,112,0.415726,projetee
2115,F,113,0.431300,projetee
2115,F,114,0.438985,projetee
2115,F,115,0.438985,projetee
2115,F,116,0.438985,projetee
2115,F,117,0.438985,projetee
2115,F,118,0.438985,projetee
2115,F,119,0.438985,projetee
2115,F,12,0.000026,projetee
2115,F,120,0.438985,projetee
2115,F,13,0.000031,projetee
2115,F,14,0.000038,projetee
2115,F,15,0.000046,projetee
2115,F,16,0.000052,projetee
2115,F,17,0.000057,projetee
2115,F,18,0.000063,projetee
2115,F,19,0.000069,projetee
2115,F,2,0.000081,projetee
2115,F,20,0.000074,projetee
2115,F,21,0.000079,projetee
2115,F,22,0.000083,projetee
2115,F,23,0.000085,projetee
2115,F,24,0.000086,projetee
2115,F,25,0.000089,projetee
2115,F,26,0.000092,projetee
2115,F,27,0.000093,projetee
2115,F,28,0.000095,projetee
2115,F,29,0.000101,projetee
2115,F,3,0.000055,projetee
2115,F,30,0.000110,projetee
2115,F,31,0.000117,projetee
2115,F,32,0.000129,projetee
2115,F,33,0.000142,projetee
2115,F,34,0.000153,projetee
2115,F,35,0.000162,projetee
2115,F,36,0.000173,projetee
2115,F,37,0.000188,projetee
2115,F,38,0.000204,projetee
2115,F,39,0.000223,projetee
2115,F,4,0.000040,projetee
2115,F,40,0.000247,projetee
2115,F,41,0.000272,projetee
2115,F,42,0.000298,projetee
2115,F,43,0.000328,projetee
2115,F,44,0.000354,projetee
2115,F,45,0.000384,projetee
2115,F,46,0.000420,projetee
2115,F,47,0.000464,projetee
2115,F,48,0.000514,projetee
2115,F,49,0.000570,projetee
2115,F,5,0.000033,projetee
2115,F,50,0.000635,projetee
2115,F,51,0.000707,projetee
2115,F,52,0.000767,projetee
2115,F,53,0.000814,projetee
2115,F,54,0.000875,projetee
2115,F,55,0.000981,projetee
2115,F,56,0.001087,projetee
2115,F,57,0.001180,projetee
2115,F,58,0.001289,projetee
2115,F,59,0.001406,projetee
2115,F,6,0.000027,projetee
2115,F,60,0.001528,projetee
2115,F,61,0.001652,projetee
2115,F,62,0.001817,projetee
2115,F,63,0.002021,projetee
2115,F,64,0.002217,projetee
2115,F,65,0.002423,projetee
2115,F,66,0.002601,projetee
2115,F,67,0.002734,projetee
2115,F,68,0.002934,projetee
2115,F,69,0.003202,projetee
2115,F,7,0.000024,projetee
2115,F,70,0.003509,projetee
2115,F,71,0.003863,projetee
2115,F,72,0.004248,projetee
2115,F,73,0.004658,projetee
2115,F,74,0.005069,projetee
2115,F,75,0.005570,projetee
2115,F,76,0.006281,projetee
2115,F,77,0.007056,projetee
2115,F,78,0.008111,projetee
2115,F,79,0.009265,projetee
2115,F,8,0.000023,projetee
2115,F,80,0.010560,projetee
2115,F,81,0.012286,projetee
2115,F,82,0.014142,projetee
2115,F,83,0.016387,projetee
2115,F,84,0.019258,projetee
2115,F,85,0.022224,projetee
2115,F,86,0.025298,projetee
2115,F,87,0.029131,projetee
2115,F,88,0.033285,projetee
2115,F,89,0.038464,projetee
2115,F,9,0.000023,projetee
2115,F,90,0.045555,projetee
2115,F,91,0.054750,projetee
2115,F,92,0.066510,projetee
2115,F,93,0.081261,projetee
2115,F,94,0.101113,projetee
2115,F,95,0.123721,projetee
2115,F,96,0.146084,projetee
2115,F,97,0.173666,projetee
2115,F,98,0.196269,projetee
2115,F,99,0.212409,projetee
2115,H,0,0.001348,projetee
2115,H,1,0.000225,projetee
2115,H,10,0.000028,projetee
2115,H,100,0.270420,projetee
2115,H,101,0.284654,projetee
2115,H,102,0.298064,projetee
2115,H,103,0.311112,projetee
2115,H,104,0.323875,projetee
2115,H,105,0.336408,projetee
2115,H,106,0.348731,projetee
2115,H,107,0.360779,projetee
2115,H,108,0.372483,projetee
2115,H,109,0.383778,projetee
2115,H,11,0.000029,projetee
2115,H,110,0.394601,projetee
2115,H,111,0.407984,projetee
2115,H,112,0.424042,projetee
2115,H,113,0.439928,projetee
2115,H,114,0.447765,projetee
2115,H,115,0.447765,projetee
2115,H,116,0.447765,projetee
2115,H,117,0.447765,projetee
2115,H,118,0.447765,projetee
2115,H,119,0.447765,projetee
2115,H,12,0.000031,projetee
2115,H,120,0.447765,projetee
2115,H,13,0.000037,projetee
2115,H,14,0.000046,projetee
2115,H,15,0.000055,projetee
2115,H,16,0.000067,projetee
2115,H,17,0.000083,projetee
2115,H,18,0.000101,projetee
2115,H,19,0.000116,projetee
2115,H,2,0.000098,projetee
2115,H,20,0.000129,projetee
2115,H,21,0.000139,projetee
2115,H,22,0.000143,projetee
2115,H,23,0.000145,projetee
2115,H,24,0.000147,projetee
2115,H,25,0.000152,projetee
2115,H,26,0.000158,projetee
2115,H,27,0.000165,projetee
2115,H,28,0.000173,projetee
2115,H,29,0.000180,projetee
2115,H,3,0.000066,projetee
2115,H,30,0.000185,projetee
2115,H,31,0.000193,projetee
2115,H,32,0.000204,projetee
2115,H,33,0.000213,projetee
2115,H,34,0.000229,projetee
2115,H,35,0.000248,projetee
2115,H,36,0.000263,projetee
2115,H,37,0.000280,projetee
2115,H,38,0.000302,projetee
2115,H,39,0.000325,projetee
2115,H,4,0.000048,projetee
2115,H,40,0.000350,projetee
2115,H,41,0.000377,projetee
2115,H,42,0.000410,projetee
2115,H,43,0.000447,projetee
2115,H,44,0.000481,projetee
2115,H,45,0.000512,projetee
2115,H,46,0.000552,projetee
2115,H,47,0.000600,projetee
2115,H,48,0.000649,projetee
2115,H,49,0.000708,projetee
2115,H,5,0.000040,projetee
2115,H,50,0.000777,projetee
2115,H,51,0.000856,projetee
2115,H,52,0.000953,projetee
2115,H,53,0.001068,projetee
2115,H,54,0.001164,projetee
2115,H,55,0.001228,projetee
2115,H,56,0.001341,projetee
2115,H,57,0.001487,projetee
2115,H,58,0.001630,projetee
2115,H,59,0.001750,projetee
2115,H,6,0.000033,projetee
2115,H,60,0.001873,projetee
2115,H,61,0.002051,projetee
2115,H,62,0.002238,projetee
2115,H,63,0.002455,projetee
2115,H,64,0.002678,projetee
2115,H,65,0.002937,projetee
2115,H,66,0.003181,projetee
2115,H,67,0.003410,projetee
2115,H,68,0.003694,projetee
2115,H,69,0.003975,projetee
2115,H,7,0.000029,projetee
2115,H,70,0.004331,projetee
2115,H,71,0.004783,projetee
2115,H,72,0.005186,projetee
2115,H,73,0.005595,projetee
2115,H,74,0.006134,projetee
2115,H,75,0.006735,projetee
2115,H,76,0.007537,projetee
2115,H,77,0.008468,projetee
2115,H,78,0.009733,projetee
2115,H,79,0.011118,projetee
2115,H,8,0.000027,projetee
2115,H,80,0.012672,projetee
2115,H,81,0.014744,projetee
2115,H,82,0.016970,projetee
2115,H,83,0.019665,projetee
2115,H,84,0.023110,projetee
2115,H,85,0.026669,projetee
2115,H,86,0.030358,projetee
2115,H,87,0.034957,projetee
2115,H,88,0.039943,projetee
2115,H,89,0.046158,projetee
2115,H,9,0.000027,projetee
2115,H,90,0.054669,projetee
2115,H,91,0.065703,projetee
2115,H,92,0.079817,projetee
2115,H,93,0.097522,projetee
2115,H,94,0.121356,projetee
2115,H,95,0.150131,projetee
2115,H,96,0.176916,projetee
2115,H,97,0.208448,projetee
2115,H,98,0.235531,projetee
2115,H,99,0.253221,projetee
2116,F,0,0.001118,projetee
2116,F,1,0.000187,projetee
2116,F,10,0.000023,projetee
2116,F,100,0.228834,projetee
2116,F,101,0.243983,projetee
2116,F,102,0.258815,projetee
2116,F,103,0.273723,projetee
2116,F,104,0.288777,projetee
2116,F,105,0.304033,projetee
2116,F,106,0.319518,projetee
2116,F,107,0.335180,projetee
2116,F,108,0.350962,projetee
2116,F,109,0.366807,projetee
2116,F,11,0.000024,projetee
2116,F,110,0.382657,projetee
2116,F,111,0.398452,projetee
2116,F,112,0.414135,projetee
2116,F,113,0.429649,projetee
2116,F,114,0.437305,projetee
2116,F,115,0.437305,projetee
2116,F,116,0.437305,projetee
2116,F,117,0.437305,projetee
2116,F,118,0.437305,projetee
2116,F,119,0.437305,projetee
2116,F,12,0.000026,projetee
2116,F,120,0.437305,projetee
2116,F,13,0.000030,projetee
2116,F,14,0.000038,projetee
2116,F,15,0.000046,projetee
2116,F,16,0.000052,projetee
2116,F,17,0.000057,projetee
2116,F,18,0.000062,projetee
2116,F,19,0.000068,projetee
2116,F,2,0.000081,projetee
2116,F,20,0.000073,projetee
2116,F,21,0.000078,projetee
2116,F,22,0.000082,projetee
2116,F,23,0.000084,projetee
2116,F,24,0.000086,projetee
2116,F,25,0.000089,projetee
2116,F,26,0.000091,projetee
2116,F,27,0.000092,projetee
2116,F,28,0.000094,projetee
2116,F,29,0.000100,projetee
2116,F,3,0.000055,projetee
2116,F,30,0.000108,projetee
2116,F,31,0.000116,projetee
2116,F,32,0.000128,projetee
2116,F,33,0.000141,projetee
2116,F,34,0.000151,projetee
2116,F,35,0.000161,projetee
2116,F,36,0.000172,projetee
2116,F,37,0.000187,projetee
2116,F,38,0.000202,projetee
2116,F,39,0.000221,projetee
2116,F,4,0.000040,projetee
2116,F,40,0.000244,projetee
2116,F,41,0.000269,projetee
2116,F,42,0.000295,projetee
2116,F,43,0.000324,projetee
2116,F,44,0.000351,projetee
2116,F,45,0.000380,projetee
2116,F,46,0.000416,projetee
2116,F,47,0.000460,projetee
2116,F,48,0.000509,projetee
2116,F,49,0.000564,projetee
2116,F,5,0.000033,projetee
2116,F,50,0.000629,projetee
2116,F,51,0.000700,projetee
2116,F,52,0.000759,projetee
2116,F,53,0.000806,projetee
2116,F,54,0.000867,projetee
2116,F,55,0.000971,projetee
2116,F,56,0.001076,projetee
2116,F,57,0.001169,projetee
2116,F,58,0.001277,projetee
2116,F,59,0.001392,projetee
2116,F,6,0.000027,projetee
2116,F,60,0.001513,projetee
2116,F,61,0.001636,projetee
2116,F,62,0.001799,projetee
2116,F,63,0.002001,projetee
2116,F,64,0.002195,projetee
2116,F,65,0.002399,projetee
2116,F,66,0.002575,projetee
2116,F,67,0.002708,projetee
2116,F,68,0.002905,projetee
2116,F,69,0.003171,projetee
2116,F,7,0.000024,projetee
2116,F,70,0.003475,projetee
2116,F,71,0.003826,projetee
2116,F,72,0.004206,projetee
2116,F,73,0.004613,projetee
2116,F,74,0.005020,projetee
2116,F,75,0.005516,projetee
2116,F,76,0.006220,projetee
2116,F,77,0.006988,projetee
2116,F,78,0.008032,projetee
2116,F,79,0.009175,projetee
2116,F,8,0.000022,projetee
2116,F,80,0.010457,projetee
2116,F,81,0.012167,projetee
2116,F,82,0.014005,projetee
2116,F,83,0.016228,projetee
2116,F,84,0.019071,projetee
2116,F,85,0.022009,projetee
2116,F,86,0.025052,projetee
2116,F,87,0.028848,projetee
2116,F,88,0.032963,projetee
2116,F,89,0.038091,projetee
2116,F,9,0.000023,projetee
2116,F,90,0.045114,projetee
2116,F,91,0.054231,projetee
2116,F,92,0.065926,projetee
2116,F,93,0.080627,projetee
2116,F,94,0.100430,projetee
2116,F,95,0.123004,projetee
2116,F,96,0.145364,projetee
2116,F,97,0.172947,projetee
2116,F,98,0.195518,projetee
2116,F,99,0.211596,projetee
2116,H,0,0.001341,projetee
2116,H,1,0.000224,projetee
2116,H,10,0.000028,projetee
2116,H,100,0.269386,projetee
2116,H,101,0.283564,projetee
2116,H,102,0.296923,projetee
2116,H,103,0.309921,projetee
2116,H,104,0.322636,projetee
2116,H,105,0.335120,projetee
2116,H,106,0.347397,projetee
2116,H,107,0.359399,projetee
2116,H,108,0.371058,projetee
2116,H,109,0.382310,projetee
2116,H,11,0.000029,projetee
2116,H,110,0.393091,projetee
2116,H,111,0.406423,projetee
2116,H,112,0.422419,projetee
2116,H,113,0.438244,projetee
2116,H,114,0.446052,projetee
2116,H,115,0.446052,projetee
2116,H,116,0.446052,projetee
2116,H,117,0.446052,projetee
2116,H,118,0.446052,projetee
2116,H,119,0.446052,projetee
2116,H,12,0.000031,projetee
2116,H,120,0.446052,projetee
2116,H,13,0.000036,projetee
2116,H,14,0.000045,projetee
2116,H,15,0.000055,projetee
2116,H,16,0.000066,projetee
2116,H,17,0.000082,projetee
2116,H,18,0.000099,projetee
2116,H,19,0.000114,projetee
2116,H,2,0.000097,projetee
2116,H,20,0.000127,projetee
2116,H,21,0.000137,projetee
2116,H,22,0.000140,projetee
2116,H,23,0.000142,projetee
2116,H,24,0.000145,projetee
2116,H,25,0.000150,projetee
2116,H,26,0.000156,projetee
2116,H,27,0.000162,projetee
2116,H,28,0.000170,projetee
2116,H,29,0.000177,projetee
2116,H,3,0.000066,projetee
2116,H,30,0.000182,projetee
2116,H,31,0.000190,projetee
2116,H,32,0.000201,projetee
2116,H,33,0.000210,projetee
2116,H,34,0.000225,projetee
2116,H,35,0.000244,projetee
2116,H,36,0.000259,projetee
2116,H,37,0.000276,projetee
2116,H,38,0.000297,projetee
2116,H,39,0.000320,projetee
2116,H,4,0.000048,projetee
2116,H,40,0.000344,projetee
2116,H,41,0.000372,projetee
2116,H,42,0.000404,projetee
2116,H,43,0.000441,projetee
2116,H,44,0.000474,projetee
2116,H,45,0.000505,projetee
2116,H,46,0.000543,projetee
2116,H,47,0.000591,projetee
2116,H,48,0.000639,projetee
2116,H,49,0.000697,projetee
2116,H,5,0.000039,projetee
2116,H,50,0.000765,projetee
2116,H,51,0.000843,projetee
2116,H,52,0.000938,projetee
2116,H,53,0.001052,projetee
2116,H,54,0.001146,projetee
2116,H,55,0.001212,projetee
2116,H,56,0.001324,projetee
2116,H,57,0.001464,projetee
2116,H,58,0.001606,projetee
2116,H,59,0.001724,projetee
2116,H,6,0.000033,projetee
2116,H,60,0.001844,projetee
2116,H,61,0.002019,projetee
2116,H,62,0.002204,projetee
2116,H,63,0.002417,projetee
2116,H,64,0.002642,projetee
2116,H,65,0.002897,projetee
2116,H,66,0.003133,projetee
2116,H,67,0.003359,projetee
2116,H,68,0.003638,projetee
2116,H,69,0.003915,projetee
2116,H,7,0.000028,projetee
2116,H,70,0.004265,projetee
2116,H,71,0.004710,projetee
2116,H,72,0.005116,projetee
2116,H,73,0.005536,projetee
2116,H,74,0.006057,projetee
2116,H,75,0.006652,projetee
2116,H,76,0.007464,projetee
2116,H,77,0.008386,projetee
2116,H,78,0.009639,projetee
2116,H,79,0.011011,projetee
2116,H,8,0.000027,projetee
2116,H,80,0.012549,projetee
2116,H,81,0.014601,projetee
2116,H,82,0.016806,projetee
2116,H,83,0.019474,projetee
2116,H,84,0.022886,projetee
2116,H,85,0.026411,projetee
2116,H,86,0.030063,projetee
2116,H,87,0.034618,projetee
2116,H,88,0.039556,projetee
2116,H,89,0.045710,projetee
2116,H,9,0.000027,projetee
2116,H,90,0.054138,projetee
2116,H,91,0.065081,projetee
2116,H,92,0.079118,projetee
2116,H,93,0.096763,projetee
2116,H,94,0.120537,projetee
2116,H,95,0.149325,projetee
2116,H,96,0.176107,projetee
2116,H,97,0.207585,projetee
2116,H,98,0.234630,projetee
2116,H,99,0.252252,projetee
2117,F,0,0.001112,projetee
2117,F,1,0.000186,projetee
2117,F,10,0.000023,projetee
2117,F,100,0.227958,projetee
2117,F,101,0.243049,projetee
2117,F,102,0.257825,projetee
2117,F,103,0.272675,projetee
2117,F,104,0.287672,projetee
2117,F,105,0.302869,projetee
2117,F,106,0.318295,projetee
2117,F,107,0.333897,projetee
2117,F,108,0.349619,projetee
2117,F,109,0.365403,projetee
2117,F,11,0.000024,projetee
2117,F,110,0.381192,projetee
2117,F,111,0.396927,projetee
2117,F,112,0.412550,projetee
2117,F,113,0.428005,projetee
2117,F,114,0.435632,projetee
2117,F,115,0.435632,projetee
2117,F,116,0.435632,projetee
2117,F,117,0.435632,projetee
2117,F,118,0.435632,projetee
2117,F,119,0.435632,projetee
2117,F,12,0.000026,projetee
2117,F,120,0.435632,projetee
2117,F,13,0.000030,projetee
2117,F,14,0.000037,projetee
2117,F,15,0.000045,projetee
2117,F,16,0.000051,projetee
2117,F,17,0.000056,projetee
2117,F,18,0.000062,projetee
2117,F,19,0.000067,projetee
2117,F,2,0.000080,projetee
2117,F,20,0.000073,projetee
2117,F,21,0.000077,projetee
2117,F,22,0.000081,projetee
2117,F,23,0.000083,projetee
2117,F,24,0.000085,projetee
2117,F,25,0.000088,projetee
2117,F,26,0.000090,projetee
2117,F,27,0.000091,projetee
2117,F,28,0.000093,projetee
2117,F,29,0.000099,projetee
2117,F,3,0.000055,projetee
2117,F,30,0.000107,projetee
2117,F,31,0.000115,projetee
2117,F,32,0.000127,projetee
2117,F,33,0.000139,projetee
2117,F,34,0.000150,projetee
2117,F,35,0.000159,projetee
2117,F,36,0.000170,projetee
2117,F,37,0.000185,projetee
2117,F,38,0.000200,projetee
2117,F,39,0.000219,projetee
2117,F,4,0.000040,projetee
2117,F,40,0.000242,projetee
2117,F,41,0.000267,projetee
2117,F,42,0.000293,projetee
2117,F,43,0.000321,projetee
2117,F,44,0.000347,projetee
2117,F,45,0.000376,projetee
2117,F,46,0.000412,projetee
2117,F,47,0.000455,projetee
2117,F,48,0.000505,projetee
2117,F,49,0.000559,projetee
2117,F,5,0.000032,projetee
2117,F,50,0.000623,projetee
2117,F,51,0.000693,projetee
2117,F,52,0.000752,projetee
2117,F,53,0.000798,projetee
2117,F,54,0.000859,projetee
2117,F,55,0.000962,projetee
2117,F,56,0.001066,projetee
2117,F,57,0.001157,projetee
2117,F,58,0.001265,projetee
2117,F,59,0.001379,projetee
2117,F,6,0.000027,projetee
2117,F,60,0.001498,projetee
2117,F,61,0.001621,projetee
2117,F,62,0.001782,projetee
2117,F,63,0.001982,projetee
2117,F,64,0.002174,projetee
2117,F,65,0.002376,projetee
2117,F,66,0.002551,projetee
2117,F,67,0.002681,projetee
2117,F,68,0.002877,projetee
2117,F,69,0.003140,projetee
2117,F,7,0.000023,projetee
2117,F,70,0.003442,projetee
2117,F,71,0.003788,projetee
2117,F,72,0.004166,projetee
2117,F,73,0.004568,projetee
2117,F,74,0.004971,projetee
2117,F,75,0.005463,projetee
2117,F,76,0.006160,projetee
2117,F,77,0.006920,projetee
2117,F,78,0.007955,projetee
2117,F,79,0.009086,projetee
2117,F,8,0.000022,projetee
2117,F,80,0.010356,projetee
2117,F,81,0.012049,projetee
2117,F,82,0.013869,projetee
2117,F,83,0.016071,projetee
2117,F,84,0.018886,projetee
2117,F,85,0.021795,projetee
2117,F,86,0.024809,projetee
2117,F,87,0.028568,projetee
2117,F,88,0.032643,projetee
2117,F,89,0.037721,projetee
2117,F,9,0.000022,projetee
2117,F,90,0.044676,projetee
2117,F,91,0.053718,projetee
2117,F,92,0.065348,projetee
2117,F,93,0.079999,projetee
2117,F,94,0.099753,projetee
2117,F,95,0.122290,projetee
2117,F,96,0.144649,projetee
2117,F,97,0.172232,projetee
2117,F,98,0.194770,projetee
2117,F,99,0.210786,projetee
2117,H,0,0.001335,projetee
2117,H,1,0.000223,projetee
2117,H,10,0.000027,projetee
2117,H,100,0.268355,projetee
2117,H,101,0.282479,projetee
2117,H,102,0.295787,projetee
2117,H,103,0.308735,projetee
2117,H,104,0.321401,projetee
2117,H,105,0.333838,projetee
2117,H,106,0.346068,projetee
2117,H,107,0.358023,projetee
2117,H,108,0.369638,projetee
2117,H,109,0.380847,projetee
2117,H,11,0.000028,projetee
2117,H,110,0.391587,projetee
2117,H,111,0.404867,projetee
2117,H,112,0.420803,projetee
2117,H,113,0.436567,projetee
2117,H,114,0.444345,projetee
2117,H,115,0.444345,projetee
2117,H,116,0.444345,projetee
2117,H,117,0.444345,projetee
2117,H,118,0.444345,projetee
2117,H,119,0.444345,projetee
2117,H,12,0.000031,projetee
2117,H,120,0.444345,projetee
2117,H,13,0.000036,projetee
2117,H,14,0.000045,projetee
2117,H,15,0.000054,projetee
2117,H,16,0.000065,projetee
2117,H,17,0.000081,projetee
2117,H,18,0.000098,projetee
2117,H,19,0.000113,projetee
2117,H,2,0.000096,projetee
2117,H,20,0.000125,projetee
2117,H,21,0.000135,projetee
2117,H,22,0.000138,projetee
2117,H,23,0.000140,projetee
2117,H,24,0.000143,projetee
2117,H,25,0.000148,projetee
2117,H,26,0.000153,projetee
2117,H,27,0.000160,projetee
2117,H,28,0.000168,projetee
2117,H,29,0.000174,projetee
2117,H,3,0.000066,projetee
2117,H,30,0.000180,projetee
2117,H,31,0.000187,projetee
2117,H,32,0.000198,projetee
2117,H,33,0.000207,projetee
2117,H,34,0.000222,projetee
2117,H,35,0.000240,projetee
2117,H,36,0.000255,projetee
2117,H,37,0.000271,projetee
2117,H,38,0.000293,projetee
2117,H,39,0.000316,projetee
2117,H,4,0.000047,projetee
2117,H,40,0.000339,projetee
2117,H,41,0.000366,projetee
2117,H,42,0.000398,projetee
2117,H,43,0.000434,projetee
2117,H,44,0.000466,projetee
2117,H,45,0.000497,projetee
2117,H,46,0.000535,projetee
2117,H,47,0.000582,projetee
2117,H,48,0.000629,projetee
2117,H,49,0.000686,projetee
2117,H,5,0.000039,projetee
2117,H,50,0.000754,projetee
2117,H,51,0.000832,projetee
2117,H,52,0.000926,projetee
2117,H,53,0.001036,projetee
2117,H,54,0.001129,projetee
2117,H,55,0.001197,projetee
2117,H,56,0.001307,projetee
2117,H,57,0.001442,projetee
2117,H,58,0.001581,projetee
2117,H,59,0.001698,projetee
2117,H,6,0.000032,projetee
2117,H,60,0.001816,projetee
2117,H,61,0.001989,projetee
2117,H,62,0.002170,projetee
2117,H,63,0.002381,projetee
2117,H,64,0.002610,projetee
2117,H,65,0.002860,projetee
2117,H,66,0.003085,projetee
2117,H,67,0.003307,projetee
2117,H,68,0.003582,projetee
2117,H,69,0.003855,projetee
2117,H,7,0.000028,projetee
2117,H,70,0.004200,projetee
2117,H,71,0.004638,projetee
2117,H,72,0.005053,projetee
2117,H,73,0.005482,projetee
2117,H,74,0.005981,projetee
2117,H,75,0.006570,projetee
2117,H,76,0.007392,projetee
2117,H,77,0.008304,projetee
2117,H,78,0.009546,projetee
2117,H,79,0.010904,projetee
2117,H,8,0.000027,projetee
2117,H,80,0.012427,projetee
2117,H,81,0.014459,projetee
2117,H,82,0.016643,projetee
2117,H,83,0.019285,projetee
2117,H,84,0.022664,projetee
2117,H,85,0.026155,projetee
2117,H,86,0.029772,projetee
2117,H,87,0.034283,projetee
2117,H,88,0.039172,projetee
2117,H,89,0.045267,projetee
2117,H,9,0.000027,projetee
2117,H,90,0.053613,projetee
2117,H,91,0.064465,projetee
2117,H,92,0.078424,projetee
2117,H,93,0.096009,projetee
2117,H,94,0.119724,projetee
2117,H,95,0.148524,projetee
2117,H,96,0.175301,projetee
2117,H,97,0.206726,projetee
2117,H,98,0.233732,projetee
2117,H,99,0.251286,projetee
2118,F,0,0.001107,projetee
2118,F,1,0.000184,projetee
2118,F,10,0.000023,projetee
2118,F,100,0.227086,projetee
2118,F,101,0.242119,projetee
2118,F,102,0.256838,projetee
2118,F,103,0.271632,projetee
2118,F,104,0.286571,projetee
2118,F,105,0.301710,projetee
2118,F,106,0.317077,projetee
2118,F,107,0.332619,projetee
2118,F,108,0.348281,projetee
2118,F,109,0.364005,projetee
2118,F,11,0.000023,projetee
2118,F,110,0.379734,projetee
2118,F,111,0.395408,projetee
2118,F,112,0.410971,projetee
2118,F,113,0.426367,projetee
2118,F,114,0.433965,projetee
2118,F,115,0.433965,projetee
2118,F,116,0.433965,projetee
2118,F,117,0.433965,projetee
2118,F,118,0.433965,projetee
2118,F,119,0.433965,projetee
2118,F,12,0.000025,projetee
2118,F,120,0.433965,projetee
2118,F,13,0.000030,projetee
2118,F,14,0.000037,projetee
2118,F,15,0.000045,projetee
2118,F,16,0.000051,projetee
2118,F,17,0.000056,projetee
2118,F,18,0.000061,projetee
2118,F,19,0.000067,projetee
2118,F,2,0.000080,projetee
2118,F,20,0.000072,projetee
2118,F,21,0.000076,projetee
2118,F,22,0.000080,projetee
2118,F,23,0.000083,projetee
2118,F,24,0.000084,projetee
2118,F,25,0.000087,projetee
2118,F,26,0.000089,projetee
2118,F,27,0.000090,projetee
2118,F,28,0.000092,projetee
2118,F,29,0.000098,projetee
2118,F,3,0.000054,projetee
2118,F,30,0.000106,projetee
2118,F,31,0.000114,projetee
2118,F,32,0.000126,projetee
2118,F,33,0.000138,projetee
2118,F,34,0.000148,projetee
2118,F,35,0.000158,projetee
2118,F,36,0.000168,projetee
2118,F,37,0.000183,projetee
2118,F,38,0.000198,projetee
2118,F,39,0.000217,projetee
2118,F,4,0.000039,projetee
2118,F,40,0.000240,projetee
2118,F,41,0.000264,projetee
2118,F,42,0.000290,projetee
2118,F,43,0.000318,projetee
2118,F,44,0.000344,projetee
2118,F,45,0.000373,projetee
2118,F,46,0.000408,projetee
2118,F,47,0.000451,projetee
2118,F,48,0.000500,projetee
2118,F,49,0.000553,projetee
2118,F,5,0.000032,projetee
2118,F,50,0.000617,projetee
2118,F,51,0.000687,projetee
2118,F,52,0.000745,projetee
2118,F,53,0.000790,projetee
2118,F,54,0.000850,projetee
2118,F,55,0.000953,projetee
2118,F,56,0.001056,projetee
2118,F,57,0.001146,projetee
2118,F,58,0.001252,projetee
2118,F,59,0.001365,projetee
2118,F,6,0.000027,projetee
2118,F,60,0.001484,projetee
2118,F,61,0.001605,projetee
2118,F,62,0.001765,projetee
2118,F,63,0.001962,projetee
2118,F,64,0.002153,projetee
2118,F,65,0.002353,projetee
2118,F,66,0.002526,projetee
2118,F,67,0.002655,projetee
2118,F,68,0.002849,projetee
2118,F,69,0.003109,projetee
2118,F,7,0.000023,projetee
2118,F,70,0.003408,projetee
2118,F,71,0.003752,projetee
2118,F,72,0.004125,projetee
2118,F,73,0.004524,projetee
2118,F,74,0.004923,projetee
2118,F,75,0.005410,projetee
2118,F,76,0.006100,projetee
2118,F,77,0.006853,projetee
2118,F,78,0.007877,projetee
2118,F,79,0.008998,projetee
2118,F,8,0.000022,projetee
2118,F,80,0.010256,projetee
2118,F,81,0.011932,projetee
2118,F,82,0.013734,projetee
2118,F,83,0.015915,projetee
2118,F,84,0.018703,projetee
2118,F,85,0.021584,projetee
2118,F,86,0.024569,projetee
2118,F,87,0.028291,projetee
2118,F,88,0.032326,projetee
2118,F,89,0.037356,projetee
2118,F,9,0.000022,projetee
2118,F,90,0.044243,projetee
2118,F,91,0.053209,projetee
2118,F,92,0.064775,projetee
2118,F,93,0.079376,projetee
2118,F,94,0.099080,projetee
2118,F,95,0.121581,projetee
2118,F,96,0.143937,projetee
2118,F,97,0.171519,projetee
2118,F,98,0.194025,projetee
2118,F,99,0.209979,projetee
2118,H,0,0.001328,projetee
2118,H,1,0.000221,projetee
2118,H,10,0.000027,projetee
2118,H,100,0.267328,projetee
2118,H,101,0.281398,projetee
2118,H,102,0.294655,projetee
2118,H,103,0.307554,projetee
2118,H,104,0.320172,projetee
2118,H,105,0.332560,projetee
2118,H,106,0.344743,projetee
2118,H,107,0.356653,projetee
2118,H,108,0.368224,projetee
2118,H,109,0.379390,projetee
2118,H,11,0.000028,projetee
2118,H,110,0.390089,projetee
2118,H,111,0.403318,projetee
2118,H,112,0.419192,projetee
2118,H,113,0.434896,projetee
2118,H,114,0.442645,projetee
2118,H,115,0.442645,projetee
2118,H,116,0.442645,projetee
2118,H,117,0.442645,projetee
2118,H,118,0.442645,projetee
2118,H,119,0.442645,projetee
2118,H,12,0.000030,projetee
2118,H,120,0.442645,projetee
2118,H,13,0.000036,projetee
2118,H,14,0.000044,projetee
2118,H,15,0.000054,projetee
2118,H,16,0.000064,projetee
2118,H,17,0.000079,projetee
2118,H,18,0.000096,projetee
2118,H,19,0.000111,projetee
2118,H,2,0.000096,projetee
2118,H,20,0.000123,projetee
2118,H,21,0.000133,projetee
2118,H,22,0.000136,projetee
2118,H,23,0.000138,projetee
2118,H,24,0.000141,projetee
2118,H,25,0.000145,projetee
2118,H,26,0.000151,projetee
2118,H,27,0.000157,projetee
2118,H,28,0.000165,projetee
2118,H,29,0.000172,projetee
2118,H,3,0.000065,projetee
2118,H,30,0.000177,projetee
2118,H,31,0.000185,projetee
2118,H,32,0.000195,projetee
2118,H,33,0.000204,projetee
2118,H,34,0.000218,projetee
2118,H,35,0.000237,projetee
2118,H,36,0.000251,projetee
2118,H,37,0.000267,projetee
2118,H,38,0.000288,projetee
2118,H,39,0.000311,projetee
2118,H,4,0.000047,projetee
2118,H,40,0.000334,projetee
2118,H,41,0.000360,projetee
2118,H,42,0.000392,projetee
2118,H,43,0.000427,projetee
2118,H,44,0.000459,projetee
2118,H,45,0.000489,projetee
2118,H,46,0.000527,projetee
2118,H,47,0.000573,projetee
2118,H,48,0.000620,projetee
2118,H,49,0.000676,projetee
2118,H,5,0.000039,projetee
2118,H,50,0.000744,projetee
2118,H,51,0.000824,projetee
2118,H,52,0.000914,projetee
2118,H,53,0.001020,projetee
2118,H,54,0.001111,projetee
2118,H,55,0.001183,projetee
2118,H,56,0.001291,projetee
2118,H,57,0.001420,projetee
2118,H,58,0.001557,projetee
2118,H,59,0.001673,projetee
2118,H,6,0.000032,projetee
2118,H,60,0.001789,projetee
2118,H,61,0.001958,projetee
2118,H,62,0.002142,projetee
2118,H,63,0.002355,projetee
2118,H,64,0.002584,projetee
2118,H,65,0.002824,projetee
2118,H,66,0.003038,projetee
2118,H,67,0.003257,projetee
2118,H,68,0.003528,projetee
2118,H,69,0.003797,projetee
2118,H,7,0.000028,projetee
2118,H,70,0.004136,projetee
2118,H,71,0.004568,projetee
2118,H,72,0.004991,projetee
2118,H,73,0.005429,projetee
2118,H,74,0.005908,projetee
2118,H,75,0.006492,projetee
2118,H,76,0.007320,projetee
2118,H,77,0.008224,projetee
2118,H,78,0.009453,projetee
2118,H,79,0.010798,projetee
2118,H,8,0.000026,projetee
2118,H,80,0.012307,projetee
2118,H,81,0.014319,projetee
2118,H,82,0.016481,projetee
2118,H,83,0.019098,projetee
2118,H,84,0.022444,projetee
2118,H,85,0.025901,projetee
2118,H,86,0.029483,projetee
2118,H,87,0.033950,projetee
2118,H,88,0.038792,projetee
2118,H,89,0.044828,projetee
2118,H,9,0.000027,projetee
2118,H,90,0.053094,projetee
2118,H,91,0.063855,projetee
2118,H,92,0.077736,projetee
2118,H,93,0.095261,projetee
2118,H,94,0.118916,projetee
2118,H,95,0.147727,projetee
2118,H,96,0.174499,projetee
2118,H,97,0.205870,projetee
2118,H,98,0.232838,projetee
2118,H,99,0.250324,projetee
2119,F,0,0.001101,projetee
2119,F,1,0.000183,projetee
2119,F,10,0.000022,projetee
2119,F,100,0.226217,projetee
2119,F,101,0.241192,projetee
2119,F,102,0.255855,projetee
2119,F,103,0.270592,projetee
2119,F,104,0.285475,projetee
2119,F,105,0.300555,projetee
2119,F,106,0.315863,projetee
2119,F,107,0.331346,projetee
2119,F,108,0.346948,projetee
2119,F,109,0.362612,projetee
2119,F,11,0.000023,projetee
2119,F,110,0.378280,projetee
2119,F,111,0.393895,projetee
2119,F,112,0.409398,projetee
2119,F,113,0.424735,projetee
2119,F,114,0.432305,projetee
2119,F,115,0.432305,projetee
2119,F,116,0.432305,projetee
2119,F,117,0.432305,projetee
2119,F,118,0.432305,projetee
2119,F,119,0.432305,projetee
2119,F,12,0.000025,projetee
2119,F,120,0.432305,projetee
2119,F,13,0.000029,projetee
2119,F,14,0.000037,projetee
2119,F,15,0.000044,projetee
2119,F,16,0.000050,projetee
2119,F,17,0.000055,projetee
2119,F,18,0.000061,projetee
2119,F,19,0.000066,projetee
2119,F,2,0.000079,projetee
2119,F,20,0.000071,projetee
2119,F,21,0.000076,projetee
2119,F,22,0.000080,projetee
2119,F,23,0.000082,projetee
2119,F,24,0.000083,projetee
2119,F,25,0.000086,projetee
2119,F,26,0.000088,projetee
2119,F,27,0.000089,projetee
2119,F,28,0.000092,projetee
2119,F,29,0.000097,projetee
2119,F,3,0.000054,projetee
2119,F,30,0.000105,projetee
2119,F,31,0.000113,projetee
2119,F,32,0.000124,projetee
2119,F,33,0.000137,projetee
2119,F,34,0.000147,projetee
2119,F,35,0.000156,projetee
2119,F,36,0.000167,projetee
2119,F,37,0.000181,projetee
2119,F,38,0.000196,projetee
2119,F,39,0.000215,projetee
2119,F,4,0.000039,projetee
2119,F,40,0.000237,projetee
2119,F,41,0.000261,projetee
2119,F,42,0.000287,projetee
2119,F,43,0.000315,projetee
2119,F,44,0.000341,projetee
2119,F,45,0.000369,projetee
2119,F,46,0.000404,projetee
2119,F,47,0.000447,projetee
2119,F,48,0.000495,projetee
2119,F,49,0.000548,projetee
2119,F,5,0.000032,projetee
2119,F,50,0.000611,projetee
2119,F,51,0.000680,projetee
2119,F,52,0.000738,projetee
2119,F,53,0.000783,projetee
2119,F,54,0.000842,projetee
2119,F,55,0.000943,projetee
2119,F,56,0.001045,projetee
2119,F,57,0.001135,projetee
2119,F,58,0.001240,projetee
2119,F,59,0.001352,projetee
2119,F,6,0.000026,projetee
2119,F,60,0.001470,projetee
2119,F,61,0.001589,projetee
2119,F,62,0.001748,projetee
2119,F,63,0.001943,projetee
2119,F,64,0.002132,projetee
2119,F,65,0.002330,projetee
2119,F,66,0.002501,projetee
2119,F,67,0.002630,projetee
2119,F,68,0.002822,projetee
2119,F,69,0.003079,projetee
2119,F,7,0.000023,projetee
2119,F,70,0.003375,projetee
2119,F,71,0.003715,projetee
2119,F,72,0.004085,projetee
2119,F,73,0.004480,projetee
2119,F,74,0.004875,projetee
2119,F,75,0.005357,projetee
2119,F,76,0.006041,projetee
2119,F,77,0.006787,projetee
2119,F,78,0.007801,projetee
2119,F,79,0.008911,projetee
2119,F,8,0.000022,projetee
2119,F,80,0.010156,projetee
2119,F,81,0.011817,projetee
2119,F,82,0.013601,projetee
2119,F,83,0.015761,projetee
2119,F,84,0.018522,projetee
2119,F,85,0.021375,projetee
2119,F,86,0.024331,projetee
2119,F,87,0.028017,projetee
2119,F,88,0.032013,projetee
2119,F,89,0.036993,projetee
2119,F,9,0.000022,projetee
2119,F,90,0.043814,projetee
2119,F,91,0.052705,projetee
2119,F,92,0.064207,projetee
2119,F,93,0.078758,projetee
2119,F,94,0.098411,projetee
2119,F,95,0.120876,projetee
2119,F,96,0.143228,projetee
2119,F,97,0.170809,projetee
2119,F,98,0.193282,projetee
2119,F,99,0.209175,projetee
2119,H,0,0.001322,projetee
2119,H,1,0.000220,projetee
2119,H,10,0.000027,projetee
2119,H,100,0.266305,projetee
2119,H,101,0.280321,projetee
2119,H,102,0.293527,projetee
2119,H,103,0.306377,projetee
2119,H,104,0.318946,projetee
2119,H,105,0.331288,projetee
2119,H,106,0.343424,projetee
2119,H,107,0.355288,projetee
2119,H,108,0.366815,projetee
2119,H,109,0.377938,projetee
2119,H,11,0.000028,projetee
2119,H,110,0.388596,projetee
2119,H,111,0.401775,projetee
2119,H,112,0.417588,projetee
2119,H,113,0.433232,projetee
2119,H,114,0.440951,projetee
2119,H,115,0.440951,projetee
2119,H,116,0.440951,projetee
2119,H,117,0.440951,projetee
2119,H,118,0.440951,projetee
2119,H,119,0.440951,projetee
2119,H,12,0.000030,projetee
2119,H,120,0.440951,projetee
2119,H,13,0.000035,projetee
2119,H,14,0.000044,projetee
2119,H,15,0.000053,projetee
2119,H,16,0.000064,projetee
2119,H,17,0.000078,projetee
2119,H,18,0.000095,projetee
2119,H,19,0.000109,projetee
2119,H,2,0.000095,projetee
2119,H,20,0.000122,projetee
2119,H,21,0.000131,projetee
2119,H,22,0.000134,projetee
2119,H,23,0.000136,projetee
2119,H,24,0.000139,projetee
2119,H,25,0.000143,projetee
2119,H,26,0.000149,projetee
2119,H,27,0.000155,projetee
2119,H,28,0.000163,projetee
2119,H,29,0.000169,projetee
2119,H,3,0.000065,projetee
2119,H,30,0.000174,projetee
2119,H,31,0.000182,projetee
2119,H,32,0.000192,projetee
2119,H,33,0.000201,projetee
2119,H,34,0.000215,projetee
2119,H,35,0.000233,projetee
2119,H,36,0.000247,projetee
2119,H,37,0.000263,projetee
2119,H,38,0.000284,projetee
2119,H,39,0.000306,projetee
2119,H,4,0.000047,projetee
2119,H,40,0.000329,projetee
2119,H,41,0.000355,projetee
2119,H,42,0.000386,projetee
2119,H,43,0.000421,projetee
2119,H,44,0.000452,projetee
2119,H,45,0.000482,projetee
2119,H,46,0.000519,projetee
2119,H,47,0.000564,projetee
2119,H,48,0.000610,projetee
2119,H,49,0.000665,projetee
2119,H,5,0.000038,projetee
2119,H,50,0.000735,projetee
2119,H,51,0.000816,projetee
2119,H,52,0.000902,projetee
2119,H,53,0.001005,projetee
2119,H,54,0.001095,projetee
2119,H,55,0.001168,projetee
2119,H,56,0.001275,projetee
2119,H,57,0.001398,projetee
2119,H,58,0.001533,projetee
2119,H,59,0.001652,projetee
2119,H,6,0.000032,projetee
2119,H,60,0.001767,projetee
2119,H,61,0.001929,projetee
2119,H,62,0.002115,projetee
2119,H,63,0.002332,projetee
2119,H,64,0.002559,projetee
2119,H,65,0.002796,projetee
2119,H,66,0.003002,projetee
2119,H,67,0.003210,projetee
2119,H,68,0.003474,projetee
2119,H,69,0.003739,projetee
2119,H,7,0.000028,projetee
2119,H,70,0.004073,projetee
2119,H,71,0.004498,projetee
2119,H,72,0.004929,projetee
2119,H,73,0.005376,projetee
2119,H,74,0.005851,projetee
2119,H,75,0.006429,projetee
2119,H,76,0.007249,projetee
2119,H,77,0.008144,projetee
2119,H,78,0.009361,projetee
2119,H,79,0.010693,projetee
2119,H,8,0.000026,projetee
2119,H,80,0.012188,projetee
2119,H,81,0.014180,projetee
2119,H,82,0.016322,projetee
2119,H,83,0.018913,projetee
2119,H,84,0.022226,projetee
2119,H,85,0.025650,projetee
2119,H,86,0.029197,projetee
2119,H,87,0.033621,projetee
2119,H,88,0.038416,projetee
2119,H,89,0.044393,projetee
2119,H,9,0.000026,projetee
2119,H,90,0.052579,projetee
2119,H,91,0.063250,projetee
2119,H,92,0.077054,projetee
2119,H,93,0.094519,projetee
2119,H,94,0.118114,projetee
2119,H,95,0.146934,projetee
2119,H,96,0.173701,projetee
2119,H,97,0.205018,projetee
2119,H,98,0.231947,projetee
2119,H,99,0.249366,projetee
2120,F,0,0.001096,projetee
2120,F,1,0.000182,projetee
2120,F,10,0.000022,projetee
2120,F,100,0.225351,projetee
2120,F,101,0.240269,projetee
2120,F,102,0.254876,projetee
2120,F,103,0.269557,projetee
2120,F,104,0.284382,projetee
2120,F,105,0.299405,projetee
2120,F,106,0.314655,projetee
2120,F,107,0.330078,projetee
2120,F,108,0.345620,projetee
2120,F,109,0.361224,projetee
2120,F,11,0.000023,projetee
2120,F,110,0.376833,projetee
2120,F,111,0.392387,projetee
2120,F,112,0.407832,projetee
2120,F,113,0.423110,projetee
2120,F,114,0.430651,projetee
2120,F,115,0.430651,projetee
2120,F,116,0.430651,projetee
2120,F,117,0.430651,projetee
2120,F,118,0.430651,projetee
2120,F,119,0.430651,projetee
2120,F,12,0.000025,projetee
2120,F,120,0.430651,projetee
2120,F,13,0.000029,projetee
2120,F,14,0.000036,projetee
2120,F,15,0.000044,projetee
2120,F,16,0.000050,projetee
2120,F,17,0.000055,projetee
2120,F,18,0.000060,projetee
2120,F,19,0.000065,projetee
2120,F,2,0.000079,projetee
2120,F,20,0.000070,projetee
2120,F,21,0.000075,projetee
2120,F,22,0.000079,projetee
2120,F,23,0.000081,projetee
2120,F,24,0.000082,projetee
2120,F,25,0.000085,projetee
2120,F,26,0.000087,projetee
2120,F,27,0.000088,projetee
2120,F,28,0.000091,projetee
2120,F,29,0.000096,projetee
2120,F,3,0.000053,projetee
2120,F,30,0.000104,projetee
2120,F,31,0.000112,projetee
2120,F,32,0.000123,projetee
2120,F,33,0.000135,projetee
2120,F,34,0.000145,projetee
2120,F,35,0.000155,projetee
2120,F,36,0.000165,projetee
2120,F,37,0.000179,projetee
2120,F,38,0.000195,projetee
2120,F,39,0.000213,projetee
2120,F,4,0.000039,projetee
2120,F,40,0.000235,projetee
2120,F,41,0.000259,projetee
2120,F,42,0.000284,projetee
2120,F,43,0.000312,projetee
2120,F,44,0.000337,projetee
2120,F,45,0.000365,projetee
2120,F,46,0.000400,projetee
2120,F,47,0.000442,projetee
2120,F,48,0.000490,projetee
2120,F,49,0.000543,projetee
2120,F,5,0.000032,projetee
2120,F,50,0.000605,projetee
2120,F,51,0.000673,projetee
2120,F,52,0.000730,projetee
2120,F,53,0.000775,projetee
2120,F,54,0.000834,projetee
2120,F,55,0.000934,projetee
2120,F,56,0.001035,projetee
2120,F,57,0.001124,projetee
2120,F,58,0.001228,projetee
2120,F,59,0.001339,projetee
2120,F,6,0.000026,projetee
2120,F,60,0.001455,projetee
2120,F,61,0.001574,projetee
2120,F,62,0.001731,projetee
2120,F,63,0.001925,projetee
2120,F,64,0.002111,projetee
2120,F,65,0.002308,projetee
2120,F,66,0.002477,projetee
2120,F,67,0.002604,projetee
2120,F,68,0.002794,projetee
2120,F,69,0.003049,projetee
2120,F,7,0.000023,projetee
2120,F,70,0.003342,projetee
2120,F,71,0.003679,projetee
2120,F,72,0.004046,projetee
2120,F,73,0.004437,projetee
2120,F,74,0.004828,projetee
2120,F,75,0.005305,projetee
2120,F,76,0.005982,projetee
2120,F,77,0.006721,projetee
2120,F,78,0.007725,projetee
2120,F,79,0.008825,projetee
2120,F,8,0.000022,projetee
2120,F,80,0.010058,projetee
2120,F,81,0.011702,projetee
2120,F,82,0.013469,projetee
2120,F,83,0.015608,projetee
2120,F,84,0.018342,projetee
2120,F,85,0.021168,projetee
2120,F,86,0.024095,projetee
2120,F,87,0.027745,projetee
2120,F,88,0.031703,projetee
2120,F,89,0.036635,projetee
2120,F,9,0.000022,projetee
2120,F,90,0.043389,projetee
2120,F,91,0.052206,projetee
2120,F,92,0.063644,projetee
2120,F,93,0.078144,projetee
2120,F,94,0.097748,projetee
2120,F,95,0.120175,projetee
2120,F,96,0.142523,projetee
2120,F,97,0.170102,projetee
2120,F,98,0.192542,projetee
2120,F,99,0.208375,projetee
2120,H,0,0.001315,projetee
2120,H,1,0.000219,projetee
2120,H,10,0.000027,projetee
2120,H,100,0.265286,projetee
2120,H,101,0.279249,projetee
2120,H,102,0.292404,projetee
2120,H,103,0.305205,projetee
2120,H,104,0.317726,projetee
2120,H,105,0.330020,projetee
2120,H,106,0.342110,projetee
2120,H,107,0.353929,projetee
2120,H,108,0.365411,projetee
2120,H,109,0.376492,projetee
2120,H,11,0.000028,projetee
2120,H,110,0.387109,projetee
2120,H,111,0.400237,projetee
2120,H,112,0.415990,projetee
2120,H,113,0.431574,projetee
2120,H,114,0.439264,projetee
2120,H,115,0.439264,projetee
2120,H,116,0.439264,projetee
2120,H,117,0.439264,projetee
2120,H,118,0.439264,projetee
2120,H,119,0.439264,projetee
2120,H,12,0.000030,projetee
2120,H,120,0.439264,projetee
2120,H,13,0.000035,projetee
2120,H,14,0.000044,projetee
2120,H,15,0.000053,projetee
2120,H,16,0.000063,projetee
2120,H,17,0.000077,projetee
2120,H,18,0.000093,projetee
2120,H,19,0.000108,projetee
2120,H,2,0.000094,projetee
2120,H,20,0.000120,projetee
2120,H,21,0.000129,projetee
2120,H,22,0.000132,projetee
2120,H,23,0.000134,projetee
2120,H,24,0.000137,projetee
2120,H,25,0.000141,projetee
2120,H,26,0.000146,projetee
2120,H,27,0.000153,projetee
2120,H,28,0.000160,projetee
2120,H,29,0.000166,projetee
2120,H,3,0.000064,projetee
2120,H,30,0.000172,projetee
2120,H,31,0.000179,projetee
2120,H,32,0.000189,projetee
2120,H,33,0.000198,projetee
2120,H,34,0.000212,projetee
2120,H,35,0.000229,projetee
2120,H,36,0.000244,projetee
2120,H,37,0.000259,projetee
2120,H,38,0.000279,projetee
2120,H,39,0.000301,projetee
2120,H,4,0.000046,projetee
2120,H,40,0.000324,projetee
2120,H,41,0.000350,projetee
2120,H,42,0.000380,projetee
2120,H,43,0.000414,projetee
2120,H,44,0.000446,projetee
2120,H,45,0.000475,projetee
2120,H,46,0.000511,projetee
2120,H,47,0.000555,projetee
2120,H,48,0.000601,projetee
2120,H,49,0.000655,projetee
2120,H,5,0.000038,projetee
2120,H,50,0.000726,projetee
2120,H,51,0.000808,projetee
2120,H,52,0.000891,projetee
2120,H,53,0.000989,projetee
2120,H,54,0.001078,projetee
2120,H,55,0.001154,projetee
2120,H,56,0.001259,projetee
2120,H,57,0.001377,projetee
2120,H,58,0.001510,projetee
2120,H,59,0.001631,projetee
2120,H,6,0.000031,projetee
2120,H,60,0.001746,projetee
2120,H,61,0.001901,projetee
2120,H,62,0.002089,projetee
2120,H,63,0.002309,projetee
2120,H,64,0.002534,projetee
2120,H,65,0.002769,projetee
2120,H,66,0.002972,projetee
2120,H,67,0.003169,projetee
2120,H,68,0.003421,projetee
2120,H,69,0.003683,projetee
2120,H,7,0.000027,projetee
2120,H,70,0.004012,projetee
2120,H,71,0.004430,projetee
2120,H,72,0.004868,projetee
2120,H,73,0.005324,projetee
2120,H,74,0.005794,projetee
2120,H,75,0.006366,projetee
2120,H,76,0.007179,projetee
2120,H,77,0.008065,projetee
2120,H,78,0.009271,projetee
2120,H,79,0.010590,projetee
2120,H,8,0.000026,projetee
2120,H,80,0.012069,projetee
2120,H,81,0.014043,projetee
2120,H,82,0.016163,projetee
2120,H,83,0.018730,projetee
2120,H,84,0.022011,projetee
2120,H,85,0.025401,projetee
2120,H,86,0.028914,projetee
2120,H,87,0.033295,projetee
2120,H,88,0.038044,projetee
2120,H,89,0.043963,projetee
2120,H,9,0.000026,projetee
2120,H,90,0.052069,projetee
2120,H,91,0.062651,projetee
2120,H,92,0.076379,projetee
2120,H,93,0.093783,projetee
2120,H,94,0.117317,projetee
2120,H,95,0.146146,projetee
2120,H,96,0.172906,projetee
2120,H,97,0.204170,projetee
2120,H,98,0.231059,projetee
2120,H,99,0.248412,projetee
2121,F,0,0.001090,projetee
2121,F,1,0.000181,projetee
2121,F,10,0.000022,projetee
2121,F,100,0.224489,projetee
2121,F,101,0.239350,projetee
2121,F,102,0.253901,projetee
2121,F,103,0.268525,projetee
2121,F,104,0.283294,projetee
2121,F,105,0.298259,projetee
2121,F,106,0.313451,projetee
2121,F,107,0.328815,projetee
2121,F,108,0.344298,projetee
2121,F,109,0.359842,projetee
2121,F,11,0.000023,projetee
2121,F,110,0.375391,projetee
2121,F,111,0.390886,projetee
2121,F,112,0.406271,projetee
2121,F,113,0.421491,projetee
2121,F,114,0.429003,projetee
2121,F,115,0.429003,projetee
2121,F,116,0.429003,projetee
2121,F,117,0.429003,projetee
2121,F,118,0.429003,projetee
2121,F,119,0.429003,projetee
2121,F,12,0.000025,projetee
2121,F,120,0.429003,projetee
2121,F,13,0.000029,projetee
2121,F,14,0.000036,projetee
2121,F,15,0.000043,projetee
2121,F,16,0.000049,projetee
2121,F,17,0.000054,projetee
2121,F,18,0.000059,projetee
2121,F,19,0.000065,projetee
2121,F,2,0.000078,projetee
2121,F,20,0.000070,projetee
2121,F,21,0.000074,projetee
2121,F,22,0.000078,projetee
2121,F,23,0.000080,projetee
2121,F,24,0.000082,projetee
2121,F,25,0.000084,projetee
2121,F,26,0.000086,projetee
2121,F,27,0.000088,projetee
2121,F,28,0.000090,projetee
2121,F,29,0.000095,projetee
2121,F,3,0.000053,projetee
2121,F,30,0.000103,projetee
2121,F,31,0.000111,projetee
2121,F,32,0.000122,projetee
2121,F,33,0.000134,projetee
2121,F,34,0.000144,projetee
2121,F,35,0.000153,projetee
2121,F,36,0.000163,projetee
2121,F,37,0.000178,projetee
2121,F,38,0.000193,projetee
2121,F,39,0.000211,projetee
2121,F,4,0.000038,projetee
2121,F,40,0.000233,projetee
2121,F,41,0.000256,projetee
2121,F,42,0.000281,projetee
2121,F,43,0.000309,projetee
2121,F,44,0.000334,projetee
2121,F,45,0.000362,projetee
2121,F,46,0.000396,projetee
2121,F,47,0.000438,projetee
2121,F,48,0.000485,projetee
2121,F,49,0.000538,projetee
2121,F,5,0.000031,projetee
2121,F,50,0.000599,projetee
2121,F,51,0.000667,projetee
2121,F,52,0.000723,projetee
2121,F,53,0.000768,projetee
2121,F,54,0.000826,projetee
2121,F,55,0.000925,projetee
2121,F,56,0.001025,projetee
2121,F,57,0.001113,projetee
2121,F,58,0.001216,projetee
2121,F,59,0.001326,projetee
2121,F,6,0.000026,projetee
2121,F,60,0.001441,projetee
2121,F,61,0.001559,projetee
2121,F,62,0.001714,projetee
2121,F,63,0.001906,projetee
2121,F,64,0.002091,projetee
2121,F,65,0.002285,projetee
2121,F,66,0.002453,projetee
2121,F,67,0.002579,projetee
2121,F,68,0.002767,projetee
2121,F,69,0.003020,projetee
2121,F,7,0.000023,projetee
2121,F,70,0.003310,projetee
2121,F,71,0.003644,projetee
2121,F,72,0.004006,projetee
2121,F,73,0.004394,projetee
2121,F,74,0.004781,projetee
2121,F,75,0.005254,projetee
2121,F,76,0.005924,projetee
2121,F,77,0.006656,projetee
2121,F,78,0.007651,projetee
2121,F,79,0.008739,projetee
2121,F,8,0.000021,projetee
2121,F,80,0.009960,projetee
2121,F,81,0.011589,projetee
2121,F,82,0.013339,projetee
2121,F,83,0.015456,projetee
2121,F,84,0.018164,projetee
2121,F,85,0.020962,projetee
2121,F,86,0.023861,projetee
2121,F,87,0.027476,projetee
2121,F,88,0.031395,projetee
2121,F,89,0.036279,projetee
2121,F,9,0.000021,projetee
2121,F,90,0.042968,projetee
2121,F,91,0.051712,projetee
2121,F,92,0.063086,projetee
2121,F,93,0.077536,projetee
2121,F,94,0.097088,projetee
2121,F,95,0.119479,projetee
2121,F,96,0.141822,projetee
2121,F,97,0.169398,projetee
2121,F,98,0.191806,projetee
2121,F,99,0.207577,projetee
2121,H,0,0.001309,projetee
2121,H,1,0.000218,projetee
2121,H,10,0.000026,projetee
2121,H,100,0.264270,projetee
2121,H,101,0.278180,projetee
2121,H,102,0.291285,projetee
2121,H,103,0.304037,projetee
2121,H,104,0.316510,projetee
2121,H,105,0.328757,projetee
2121,H,106,0.340801,projetee
2121,H,107,0.352575,projetee
2121,H,108,0.364013,projetee
2121,H,109,0.375051,projetee
2121,H,11,0.000027,projetee
2121,H,110,0.385628,projetee
2121,H,111,0.398705,projetee
2121,H,112,0.414398,projetee
2121,H,113,0.429922,projetee
2121,H,114,0.437583,projetee
2121,H,115,0.437583,projetee
2121,H,116,0.437583,projetee
2121,H,117,0.437583,projetee
2121,H,118,0.437583,projetee
2121,H,119,0.437583,projetee
2121,H,12,0.000029,projetee
2121,H,120,0.437583,projetee
2121,H,13,0.000035,projetee
2121,H,14,0.000043,projetee
2121,H,15,0.000052,projetee
2121,H,16,0.000062,projetee
2121,H,17,0.000076,projetee
2121,H,18,0.000092,projetee
2121,H,19,0.000106,projetee
2121,H,2,0.000094,projetee
2121,H,20,0.000118,projetee
2121,H,21,0.000127,projetee
2121,H,22,0.000130,projetee
2121,H,23,0.000132,projetee
2121,H,24,0.000135,projetee
2121,H,25,0.000139,projetee
2121,H,26,0.000144,projetee
2121,H,27,0.000150,projetee
2121,H,28,0.000158,projetee
2121,H,29,0.000164,projetee
2121,H,3,0.000064,projetee
2121,H,30,0.000169,projetee
2121,H,31,0.000176,projetee
2121,H,32,0.000186,projetee
2121,H,33,0.000195,projetee
2121,H,34,0.000208,projetee
2121,H,35,0.000226,projetee
2121,H,36,0.000240,projetee
2121,H,37,0.000255,projetee
2121,H,38,0.000275,projetee
2121,H,39,0.000297,projetee
2121,H,4,0.000046,projetee
2121,H,40,0.000319,projetee
2121,H,41,0.000344,projetee
2121,H,42,0.000374,projetee
2121,H,43,0.000408,projetee
2121,H,44,0.000439,projetee
2121,H,45,0.000467,projetee
2121,H,46,0.000503,projetee
2121,H,47,0.000547,projetee
2121,H,48,0.000592,projetee
2121,H,49,0.000647,projetee
2121,H,5,0.000038,projetee
2121,H,50,0.000719,projetee
2121,H,51,0.000800,projetee
2121,H,52,0.000880,projetee
2121,H,53,0.000974,projetee
2121,H,54,0.001061,projetee
2121,H,55,0.001139,projetee
2121,H,56,0.001243,projetee
2121,H,57,0.001356,projetee
2121,H,58,0.001487,projetee
2121,H,59,0.001611,projetee
2121,H,6,0.000031,projetee
2121,H,60,0.001729,projetee
2121,H,61,0.001877,projetee
2121,H,62,0.002063,projetee
2121,H,63,0.002287,projetee
2121,H,64,0.002509,projetee
2121,H,65,0.002742,projetee
2121,H,66,0.002944,projetee
2121,H,67,0.003130,projetee
2121,H,68,0.003369,projetee
2121,H,69,0.003637,projetee
2121,H,7,0.000027,projetee
2121,H,70,0.003972,projetee
2121,H,71,0.004373,projetee
2121,H,72,0.004808,projetee
2121,H,73,0.005272,projetee
2121,H,74,0.005738,projetee
2121,H,75,0.006305,projetee
2121,H,76,0.007109,projetee
2121,H,77,0.007987,projetee
2121,H,78,0.009181,projetee
2121,H,79,0.010487,projetee
2121,H,8,0.000026,projetee
2121,H,80,0.011952,projetee
2121,H,81,0.013906,projetee
2121,H,82,0.016007,projetee
2121,H,83,0.018548,projetee
2121,H,84,0.021797,projetee
2121,H,85,0.025155,projetee
2121,H,86,0.028634,projetee
2121,H,87,0.032972,projetee
2121,H,88,0.037675,projetee
2121,H,89,0.043536,projetee
2121,H,9,0.000026,projetee
2121,H,90,0.051564,projetee
2121,H,91,0.062058,projetee
2121,H,92,0.075709,projetee
2121,H,93,0.093052,projetee
2121,H,94,0.116525,projetee
2121,H,95,0.145362,projetee
2121,H,96,0.172115,projetee
2121,H,97,0.203325,projetee
2121,H,98,0.230175,projetee
2121,H,99,0.247461,projetee
2122,F,0,0.001085,projetee
2122,F,1,0.000180,projetee
2122,F,10,0.000022,projetee
2122,F,100,0.223629,projetee
2122,F,101,0.238434,projetee
2122,F,102,0.252929,projetee
2122,F,103,0.267498,projetee
2122,F,104,0.282210,projetee
2122,F,105,0.297118,projetee
2122,F,106,0.312251,projetee
2122,F,107,0.327557,projetee
2122,F,108,0.342980,projetee
2122,F,109,0.358465,projetee
2122,F,11,0.000023,projetee
2122,F,110,0.373954,projetee
2122,F,111,0.389390,projetee
2122,F,112,0.404716,projetee
2122,F,113,0.419878,projetee
2122,F,114,0.427362,projetee
2122,F,115,0.427362,projetee
2122,F,116,0.427362,projetee
2122,F,117,0.427362,projetee
2122,F,118,0.427362,projetee
2122,F,119,0.427362,projetee
2122,F,12,0.000024,projetee
2122,F,120,0.427362,projetee
2122,F,13,0.000029,projetee
2122,F,14,0.000036,projetee
2122,F,15,0.000043,projetee
2122,F,16,0.000049,projetee
2122,F,17,0.000053,projetee
2122,F,18,0.000059,projetee
2122,F,19,0.000064,projetee
2122,F,2,0.000078,projetee
2122,F,20,0.000069,projetee
2122,F,21,0.000074,projetee
2122,F,22,0.000077,projetee
2122,F,23,0.000079,projetee
2122,F,24,0.000081,projetee
2122,F,25,0.000084,projetee
2122,F,26,0.000086,projetee
2122,F,27,0.000087,projetee
2122,F,28,0.000089,projetee
2122,F,29,0.000094,projetee
2122,F,3,0.000053,projetee
2122,F,30,0.000102,projetee
2122,F,31,0.000110,projetee
2122,F,32,0.000121,projetee
2122,F,33,0.000133,projetee
2122,F,34,0.000143,projetee
2122,F,35,0.000152,projetee
2122,F,36,0.000162,projetee
2122,F,37,0.000176,projetee
2122,F,38,0.000191,projetee
2122,F,39,0.000208,projetee
2122,F,4,0.000038,projetee
2122,F,40,0.000231,projetee
2122,F,41,0.000254,projetee
2122,F,42,0.000279,projetee
2122,F,43,0.000306,projetee
2122,F,44,0.000331,projetee
2122,F,45,0.000358,projetee
2122,F,46,0.000392,projetee
2122,F,47,0.000434,projetee
2122,F,48,0.000481,projetee
2122,F,49,0.000532,projetee
2122,F,5,0.000031,projetee
2122,F,50,0.000594,projetee
2122,F,51,0.000660,projetee
2122,F,52,0.000716,projetee
2122,F,53,0.000760,projetee
2122,F,54,0.000818,projetee
2122,F,55,0.000916,projetee
2122,F,56,0.001015,projetee
2122,F,57,0.001102,projetee
2122,F,58,0.001204,projetee
2122,F,59,0.001313,projetee
2122,F,6,0.000026,projetee
2122,F,60,0.001427,projetee
2122,F,61,0.001544,projetee
2122,F,62,0.001697,projetee
2122,F,63,0.001887,projetee
2122,F,64,0.002071,projetee
2122,F,65,0.002263,projetee
2122,F,66,0.002429,projetee
2122,F,67,0.002554,projetee
2122,F,68,0.002740,projetee
2122,F,69,0.002991,projetee
2122,F,7,0.000022,projetee
2122,F,70,0.003278,projetee
2122,F,71,0.003608,projetee
2122,F,72,0.003968,projetee
2122,F,73,0.004351,projetee
2122,F,74,0.004735,projetee
2122,F,75,0.005203,projetee
2122,F,76,0.005867,projetee
2122,F,77,0.006591,projetee
2122,F,78,0.007576,projetee
2122,F,79,0.008654,projetee
2122,F,8,0.000021,projetee
2122,F,80,0.009864,projetee
2122,F,81,0.011476,projetee
2122,F,82,0.013209,projetee
2122,F,83,0.015307,projetee
2122,F,84,0.017988,projetee
2122,F,85,0.020759,projetee
2122,F,86,0.023630,projetee
2122,F,87,0.027210,projetee
2122,F,88,0.031091,projetee
2122,F,89,0.035928,projetee
2122,F,9,0.000021,projetee
2122,F,90,0.042552,projetee
2122,F,91,0.051222,projetee
2122,F,92,0.062533,projetee
2122,F,93,0.076932,projetee
2122,F,94,0.096433,projetee
2122,F,95,0.118786,projetee
2122,F,96,0.141124,projetee
2122,F,97,0.168697,projetee
2122,F,98,0.191072,projetee
2122,F,99,0.206783,projetee
2122,H,0,0.001302,projetee
2122,H,1,0.000216,projetee
2122,H,10,0.000026,projetee
2122,H,100,0.263259,projetee
2122,H,101,0.277116,projetee
2122,H,102,0.290171,projetee
2122,H,103,0.302873,projetee
2122,H,104,0.315299,projetee
2122,H,105,0.327499,projetee
2122,H,106,0.339497,projetee
2122,H,107,0.351225,projetee
2122,H,108,0.362620,projetee
2122,H,109,0.373616,projetee
2122,H,11,0.000027,projetee
2122,H,110,0.384152,projetee
2122,H,111,0.397179,projetee
2122,H,112,0.412812,projetee
2122,H,113,0.428277,projetee
2122,H,114,0.435909,projetee
2122,H,115,0.435909,projetee
2122,H,116,0.435909,projetee
2122,H,117,0.435909,projetee
2122,H,118,0.435909,projetee
2122,H,119,0.435909,projetee
2122,H,12,0.000029,projetee
2122,H,120,0.435909,projetee
2122,H,13,0.000034,projetee
2122,H,14,0.000043,projetee
2122,H,15,0.000052,projetee
2122,H,16,0.000061,projetee
2122,H,17,0.000075,projetee
2122,H,18,0.000090,projetee
2122,H,19,0.000104,projetee
2122,H,2,0.000093,projetee
2122,H,20,0.000116,projetee
2122,H,21,0.000125,projetee
2122,H,22,0.000128,projetee
2122,H,23,0.000130,projetee
2122,H,24,0.000132,projetee
2122,H,25,0.000137,projetee
2122,H,26,0.000142,projetee
2122,H,27,0.000148,projetee
2122,H,28,0.000155,projetee
2122,H,29,0.000161,projetee
2122,H,3,0.000063,projetee
2122,H,30,0.000166,projetee
2122,H,31,0.000174,projetee
2122,H,32,0.000183,projetee
2122,H,33,0.000192,projetee
2122,H,34,0.000205,projetee
2122,H,35,0.000223,projetee
2122,H,36,0.000236,projetee
2122,H,37,0.000251,projetee
2122,H,38,0.000271,projetee
2122,H,39,0.000292,projetee
2122,H,4,0.000046,projetee
2122,H,40,0.000314,projetee
2122,H,41,0.000339,projetee
2122,H,42,0.000368,projetee
2122,H,43,0.000402,projetee
2122,H,44,0.000432,projetee
2122,H,45,0.000460,projetee
2122,H,46,0.000495,projetee
2122,H,47,0.000539,projetee
2122,H,48,0.000583,projetee
2122,H,49,0.000639,projetee
2122,H,5,0.000037,projetee
2122,H,50,0.000712,projetee
2122,H,51,0.000792,projetee
2122,H,52,0.000869,projetee
2122,H,53,0.000960,projetee
2122,H,54,0.001045,projetee
2122,H,55,0.001125,projetee
2122,H,56,0.001227,projetee
2122,H,57,0.001335,projetee
2122,H,58,0.001464,projetee
2122,H,59,0.001591,projetee
2122,H,6,0.000031,projetee
2122,H,60,0.001713,projetee
2122,H,61,0.001853,projetee
2122,H,62,0.002038,projetee
2122,H,63,0.002265,projetee
2122,H,64,0.002485,projetee
2122,H,65,0.002716,projetee
2122,H,66,0.002915,projetee
2122,H,67,0.003090,projetee
2122,H,68,0.003318,projetee
2122,H,69,0.003593,projetee
2122,H,7,0.000027,projetee
2122,H,70,0.003934,projetee
2122,H,71,0.004330,projetee
2122,H,72,0.004761,projetee
2122,H,73,0.005221,projetee
2122,H,74,0.005682,projetee
2122,H,75,0.006243,projetee
2122,H,76,0.007040,projetee
2122,H,77,0.007910,projetee
2122,H,78,0.009092,projetee
2122,H,79,0.010385,projetee
2122,H,8,0.000025,projetee
2122,H,80,0.011836,projetee
2122,H,81,0.013772,projetee
2122,H,82,0.015851,projetee
2122,H,83,0.018368,projetee
2122,H,84,0.021586,projetee
2122,H,85,0.024911,projetee
2122,H,86,0.028356,projetee
2122,H,87,0.032652,projetee
2122,H,88,0.037309,projetee
2122,H,89,0.043114,projetee
2122,H,9,0.000026,projetee
2122,H,90,0.051064,projetee
2122,H,91,0.061470,projetee
2122,H,92,0.075045,projetee
2122,H,93,0.092327,projetee
2122,H,94,0.115739,projetee
2122,H,95,0.144582,projetee
2122,H,96,0.171327,projetee
2122,H,97,0.202484,projetee
2122,H,98,0.229294,projetee
2122,H,99,0.246514,projetee
2123,F,0,0.001080,projetee
2123,F,1,0.000179,projetee
2123,F,10,0.000021,projetee
2123,F,100,0.222774,projetee
2123,F,101,0.237522,projetee
2123,F,102,0.251961,projetee
2123,F,103,0.266474,projetee
2123,F,104,0.281130,projetee
2123,F,105,0.295981,projetee
2123,F,106,0.311056,projetee
2123,F,107,0.326303,projetee
2123,F,108,0.341667,projetee
2123,F,109,0.357093,projetee
2123,F,11,0.000022,projetee
2123,F,110,0.372523,projetee
2123,F,111,0.387900,projetee
2123,F,112,0.403167,projetee
2123,F,113,0.418271,projetee
2123,F,114,0.425727,projetee
2123,F,115,0.425727,projetee
2123,F,116,0.425727,projetee
2123,F,117,0.425727,projetee
2123,F,118,0.425727,projetee
2123,F,119,0.425727,projetee
2123,F,12,0.000024,projetee
2123,F,120,0.425727,projetee
2123,F,13,0.000028,projetee
2123,F,14,0.000035,projetee
2123,F,15,0.000043,projetee
2123,F,16,0.000048,projetee
2123,F,17,0.000053,projetee
2123,F,18,0.000058,projetee
2123,F,19,0.000064,projetee
2123,F,2,0.000077,projetee
2123,F,20,0.000068,projetee
2123,F,21,0.000073,projetee
2123,F,22,0.000077,projetee
2123,F,23,0.000079,projetee
2123,F,24,0.000080,projetee
2123,F,25,0.000083,projetee
2123,F,26,0.000085,projetee
2123,F,27,0.000086,projetee
2123,F,28,0.000088,projetee
2123,F,29,0.000093,projetee
2123,F,3,0.000052,projetee
2123,F,30,0.000101,projetee
2123,F,31,0.000109,projetee
2123,F,32,0.000120,projetee
2123,F,33,0.000131,projetee
2123,F,34,0.000141,projetee
2123,F,35,0.000150,projetee
2123,F,36,0.000160,projetee
2123,F,37,0.000174,projetee
2123,F,38,0.000189,projetee
2123,F,39,0.000206,projetee
2123,F,4,0.000038,projetee
2123,F,40,0.000228,projetee
2123,F,41,0.000251,projetee
2123,F,42,0.000276,projetee
2123,F,43,0.000303,projetee
2123,F,44,0.000328,projetee
2123,F,45,0.000355,projetee
2123,F,46,0.000388,projetee
2123,F,47,0.000429,projetee
2123,F,48,0.000476,projetee
2123,F,49,0.000527,projetee
2123,F,5,0.000031,projetee
2123,F,50,0.000588,projetee
2123,F,51,0.000654,projetee
2123,F,52,0.000709,projetee
2123,F,53,0.000753,projetee
2123,F,54,0.000810,projetee
2123,F,55,0.000907,projetee
2123,F,56,0.001005,projetee
2123,F,57,0.001092,projetee
2123,F,58,0.001193,projetee
2123,F,59,0.001301,projetee
2123,F,6,0.000025,projetee
2123,F,60,0.001413,projetee
2123,F,61,0.001529,projetee
2123,F,62,0.001681,projetee
2123,F,63,0.001869,projetee
2123,F,64,0.002051,projetee
2123,F,65,0.002241,projetee
2123,F,66,0.002406,projetee
2123,F,67,0.002529,projetee
2123,F,68,0.002714,projetee
2123,F,69,0.002962,projetee
2123,F,7,0.000022,projetee
2123,F,70,0.003246,projetee
2123,F,71,0.003573,projetee
2123,F,72,0.003929,projetee
2123,F,73,0.004309,projetee
2123,F,74,0.004689,projetee
2123,F,75,0.005152,projetee
2123,F,76,0.005810,projetee
2123,F,77,0.006527,projetee
2123,F,78,0.007503,projetee
2123,F,79,0.008571,projetee
2123,F,8,0.000021,projetee
2123,F,80,0.009768,projetee
2123,F,81,0.011365,projetee
2123,F,82,0.013081,projetee
2123,F,83,0.015158,projetee
2123,F,84,0.017814,projetee
2123,F,85,0.020558,projetee
2123,F,86,0.023401,projetee
2123,F,87,0.026946,projetee
2123,F,88,0.030789,projetee
2123,F,89,0.035579,projetee
2123,F,9,0.000021,projetee
2123,F,90,0.042139,projetee
2123,F,91,0.050737,projetee
2123,F,92,0.061985,projetee
2123,F,93,0.076332,projetee
2123,F,94,0.095783,projetee
2123,F,95,0.118097,projetee
2123,F,96,0.140429,projetee
2123,F,97,0.167999,projetee
2123,F,98,0.190340,projetee
2123,F,99,0.205991,projetee
2123,H,0,0.001296,projetee
2123,H,1,0.000215,projetee
2123,H,10,0.000026,projetee
2123,H,100,0.262252,projetee
2123,H,101,0.276055,projetee
2123,H,102,0.289060,projetee
2123,H,103,0.301714,projetee
2123,H,104,0.314092,projetee
2123,H,105,0.326246,projetee
2123,H,106,0.338198,projetee
2123,H,107,0.349881,projetee
2123,H,108,0.361232,projetee
2123,H,109,0.372186,projetee
2123,H,11,0.000027,projetee
2123,H,110,0.382682,projetee
2123,H,111,0.395659,projetee
2123,H,112,0.411232,projetee
2123,H,113,0.426638,projetee
2123,H,114,0.434241,projetee
2123,H,115,0.434241,projetee
2123,H,116,0.434241,projetee
2123,H,117,0.434241,projetee
2123,H,118,0.434241,projetee
2123,H,119,0.434241,projetee
2123,H,12,0.000029,projetee
2123,H,120,0.434241,projetee
2123,H,13,0.000034,projetee
2123,H,14,0.000042,projetee
2123,H,15,0.000051,projetee
2123,H,16,0.000060,projetee
2123,H,17,0.000074,projetee
2123,H,18,0.000089,projetee
2123,H,19,0.000103,projetee
2123,H,2,0.000093,projetee
2123,H,20,0.000114,projetee
2123,H,21,0.000123,projetee
2123,H,22,0.000126,projetee
2123,H,23,0.000128,projetee
2123,H,24,0.000130,projetee
2123,H,25,0.000135,projetee
2123,H,26,0.000140,projetee
2123,H,27,0.000146,projetee
2123,H,28,0.000153,projetee
2123,H,29,0.000159,projetee
2123,H,3,0.000063,projetee
2123,H,30,0.000164,projetee
2123,H,31,0.000171,projetee
2123,H,32,0.000181,projetee
2123,H,33,0.000189,projetee
2123,H,34,0.000202,projetee
2123,H,35,0.000219,projetee
2123,H,36,0.000233,projetee
2123,H,37,0.000248,projetee
2123,H,38,0.000267,projetee
2123,H,39,0.000288,projetee
2123,H,4,0.000045,projetee
2123,H,40,0.000309,projetee
2123,H,41,0.000334,projetee
2123,H,42,0.000363,projetee
2123,H,43,0.000396,projetee
2123,H,44,0.000425,projetee
2123,H,45,0.000453,projetee
2123,H,46,0.000488,projetee
2123,H,47,0.000531,projetee
2123,H,48,0.000575,projetee
2123,H,49,0.000633,projetee
2123,H,5,0.000037,projetee
2123,H,50,0.000705,projetee
2123,H,51,0.000785,projetee
2123,H,52,0.000858,projetee
2123,H,53,0.000945,projetee
2123,H,54,0.001029,projetee
2123,H,55,0.001111,projetee
2123,H,56,0.001212,projetee
2123,H,57,0.001315,projetee
2123,H,58,0.001442,projetee
2123,H,59,0.001572,projetee
2123,H,6,0.000030,projetee
2123,H,60,0.001696,projetee
2123,H,61,0.001834,projetee
2123,H,62,0.002017,projetee
2123,H,63,0.002243,projetee
2123,H,64,0.002461,projetee
2123,H,65,0.002689,projetee
2123,H,66,0.002887,projetee
2123,H,67,0.003051,projetee
2123,H,68,0.003273,projetee
2123,H,69,0.003554,projetee
2123,H,7,0.000027,projetee
2123,H,70,0.003895,projetee
2123,H,71,0.004288,projetee
2123,H,72,0.004715,projetee
2123,H,73,0.005171,projetee
2123,H,74,0.005627,projetee
2123,H,75,0.006183,projetee
2123,H,76,0.006972,projetee
2123,H,77,0.007833,projetee
2123,H,78,0.009004,projetee
2123,H,79,0.010285,projetee
2123,H,8,0.000025,projetee
2123,H,80,0.011722,projetee
2123,H,81,0.013638,projetee
2123,H,82,0.015698,projetee
2123,H,83,0.018190,projetee
2123,H,84,0.021377,projetee
2123,H,85,0.024670,projetee
2123,H,86,0.028081,projetee
2123,H,87,0.032336,projetee
2123,H,88,0.036948,projetee
2123,H,89,0.042696,projetee
2123,H,9,0.000025,projetee
2123,H,90,0.050569,projetee
2123,H,91,0.060888,projetee
2123,H,92,0.074387,projetee
2123,H,93,0.091608,projetee
2123,H,94,0.114959,projetee
2123,H,95,0.143807,projetee
2123,H,96,0.170544,projetee
2123,H,97,0.201646,projetee
2123,H,98,0.228416,projetee
2123,H,99,0.245570,projetee
2124,F,0,0.001074,projetee
2124,F,1,0.000178,projetee
2124,F,10,0.000021,projetee
2124,F,100,0.221921,projetee
2124,F,101,0.236613,projetee
2124,F,102,0.250997,projetee
2124,F,103,0.265454,projetee
2124,F,104,0.280054,projetee
2124,F,105,0.294848,projetee
2124,F,106,0.309866,projetee
2124,F,107,0.325054,projetee
2124,F,108,0.340360,projetee
2124,F,109,0.355727,projetee
2124,F,11,0.000022,projetee
2124,F,110,0.371097,projetee
2124,F,111,0.386415,projetee
2124,F,112,0.401624,projetee
2124,F,113,0.416670,projetee
2124,F,114,0.424098,projetee
2124,F,115,0.424098,projetee
2124,F,116,0.424098,projetee
2124,F,117,0.424098,projetee
2124,F,118,0.424098,projetee
2124,F,119,0.424098,projetee
2124,F,12,0.000024,projetee
2124,F,120,0.424098,projetee
2124,F,13,0.000028,projetee
2124,F,14,0.000035,projetee
2124,F,15,0.000042,projetee
2124,F,16,0.000048,projetee
2124,F,17,0.000052,projetee
2124,F,18,0.000058,projetee
2124,F,19,0.000063,projetee
2124,F,2,0.000077,projetee
2124,F,20,0.000068,projetee
2124,F,21,0.000072,projetee
2124,F,22,0.000076,projetee
2124,F,23,0.000078,projetee
2124,F,24,0.000079,projetee
2124,F,25,0.000082,projetee
2124,F,26,0.000084,projetee
2124,F,27,0.000085,projetee
2124,F,28,0.000087,projetee
2124,F,29,0.000093,projetee
2124,F,3,0.000052,projetee
2124,F,30,0.000100,projetee
2124,F,31,0.000108,projetee
2124,F,32,0.000118,projetee
2124,F,33,0.000130,projetee
2124,F,34,0.000140,projetee
2124,F,35,0.000149,projetee
2124,F,36,0.000159,projetee
2124,F,37,0.000173,projetee
2124,F,38,0.000187,projetee
2124,F,39,0.000204,projetee
2124,F,4,0.000037,projetee
2124,F,40,0.000226,projetee
2124,F,41,0.000249,projetee
2124,F,42,0.000273,projetee
2124,F,43,0.000300,projetee
2124,F,44,0.000324,projetee
2124,F,45,0.000352,projetee
2124,F,46,0.000385,projetee
2124,F,47,0.000425,projetee
2124,F,48,0.000471,projetee
2124,F,49,0.000522,projetee
2124,F,5,0.000030,projetee
2124,F,50,0.000582,projetee
2124,F,51,0.000648,projetee
2124,F,52,0.000703,projetee
2124,F,53,0.000746,projetee
2124,F,54,0.000802,projetee
2124,F,55,0.000898,projetee
2124,F,56,0.000996,projetee
2124,F,57,0.001081,projetee
2124,F,58,0.001181,projetee
2124,F,59,0.001288,projetee
2124,F,6,0.000025,projetee
2124,F,60,0.001400,projetee
2124,F,61,0.001514,projetee
2124,F,62,0.001665,projetee
2124,F,63,0.001851,projetee
2124,F,64,0.002031,projetee
2124,F,65,0.002219,projetee
2124,F,66,0.002382,projetee
2124,F,67,0.002505,projetee
2124,F,68,0.002688,projetee
2124,F,69,0.002933,projetee
2124,F,7,0.000022,projetee
2124,F,70,0.003215,projetee
2124,F,71,0.003539,projetee
2124,F,72,0.003891,projetee
2124,F,73,0.004267,projetee
2124,F,74,0.004644,projetee
2124,F,75,0.005102,projetee
2124,F,76,0.005754,projetee
2124,F,77,0.006464,projetee
2124,F,78,0.007430,projetee
2124,F,79,0.008487,projetee
2124,F,8,0.000021,projetee
2124,F,80,0.009673,projetee
2124,F,81,0.011255,projetee
2124,F,82,0.012955,projetee
2124,F,83,0.015011,projetee
2124,F,84,0.017641,projetee
2124,F,85,0.020358,projetee
2124,F,86,0.023174,projetee
2124,F,87,0.026685,projetee
2124,F,88,0.030491,projetee
2124,F,89,0.035234,projetee
2124,F,9,0.000021,projetee
2124,F,90,0.041730,projetee
2124,F,91,0.050257,projetee
2124,F,92,0.061441,projetee
2124,F,93,0.075738,projetee
2124,F,94,0.095137,projetee
2124,F,95,0.117412,projetee
2124,F,96,0.139738,projetee
2124,F,97,0.167304,projetee
2124,F,98,0.189612,projetee
2124,F,99,0.205203,projetee
2124,H,0,0.001289,projetee
2124,H,1,0.000214,projetee
2124,H,10,0.000025,projetee
2124,H,100,0.261248,projetee
2124,H,101,0.274999,projetee
2124,H,102,0.287954,projetee
2124,H,103,0.300560,projetee
2124,H,104,0.312890,projetee
2124,H,105,0.324998,projetee
2124,H,106,0.336903,projetee
2124,H,107,0.348543,projetee
2124,H,108,0.359850,projetee
2124,H,109,0.370762,projetee
2124,H,11,0.000027,projetee
2124,H,110,0.381218,projetee
2124,H,111,0.394145,projetee
2124,H,112,0.409659,projetee
2124,H,113,0.425005,projetee
2124,H,114,0.432580,projetee
2124,H,115,0.432580,projetee
2124,H,116,0.432580,projetee
2124,H,117,0.432580,projetee
2124,H,118,0.432580,projetee
2124,H,119,0.432580,projetee
2124,H,12,0.000029,projetee
2124,H,120,0.432580,projetee
2124,H,13,0.000034,projetee
2124,H,14,0.000042,projetee
2124,H,15,0.000051,projetee
2124,H,16,0.000060,projetee
2124,H,17,0.000072,projetee
2124,H,18,0.000088,projetee
2124,H,19,0.000101,projetee
2124,H,2,0.000092,projetee
2124,H,20,0.000113,projetee
2124,H,21,0.000121,projetee
2124,H,22,0.000124,projetee
2124,H,23,0.000126,projetee
2124,H,24,0.000128,projetee
2124,H,25,0.000133,projetee
2124,H,26,0.000138,projetee
2124,H,27,0.000144,projetee
2124,H,28,0.000151,projetee
2124,H,29,0.000157,projetee
2124,H,3,0.000062,projetee
2124,H,30,0.000161,projetee
2124,H,31,0.000168,projetee
2124,H,32,0.000178,projetee
2124,H,33,0.000186,projetee
2124,H,34,0.000199,projetee
2124,H,35,0.000216,projetee
2124,H,36,0.000229,projetee
2124,H,37,0.000244,projetee
2124,H,38,0.000263,projetee
2124,H,39,0.000283,projetee
2124,H,4,0.000045,projetee
2124,H,40,0.000305,projetee
2124,H,41,0.000329,projetee
2124,H,42,0.000357,projetee
2124,H,43,0.000390,projetee
2124,H,44,0.000419,projetee
2124,H,45,0.000446,projetee
2124,H,46,0.000480,projetee
2124,H,47,0.000522,projetee
2124,H,48,0.000568,projetee
2124,H,49,0.000626,projetee
2124,H,5,0.000037,projetee
2124,H,50,0.000699,projetee
2124,H,51,0.000777,projetee
2124,H,52,0.000847,projetee
2124,H,53,0.000931,projetee
2124,H,54,0.001014,projetee
2124,H,55,0.001098,projetee
2124,H,56,0.001196,projetee
2124,H,57,0.001299,projetee
2124,H,58,0.001424,projetee
2124,H,59,0.001552,projetee
2124,H,6,0.000030,projetee
2124,H,60,0.001680,projetee
2124,H,61,0.001816,projetee
2124,H,62,0.001997,projetee
2124,H,63,0.002221,projetee
2124,H,64,0.002437,projetee
2124,H,65,0.002663,projetee
2124,H,66,0.002859,projetee
2124,H,67,0.003013,projetee
2124,H,68,0.003233,projetee
2124,H,69,0.003519,projetee
2124,H,7,0.000026,projetee
2124,H,70,0.003858,projetee
2124,H,71,0.004246,projetee
2124,H,72,0.004669,projetee
2124,H,73,0.005120,projetee
2124,H,74,0.005572,projetee
2124,H,75,0.006123,projetee
2124,H,76,0.006904,projetee
2124,H,77,0.007757,projetee
2124,H,78,0.008916,projetee
2124,H,79,0.010185,projetee
2124,H,8,0.000025,projetee
2124,H,80,0.011608,projetee
2124,H,81,0.013506,projetee
2124,H,82,0.015546,projetee
2124,H,83,0.018014,projetee
2124,H,84,0.021169,projetee
2124,H,85,0.024430,projetee
2124,H,86,0.027809,projetee
2124,H,87,0.032022,projetee
2124,H,88,0.036589,projetee
2124,H,89,0.042282,projetee
2124,H,9,0.000025,projetee
2124,H,90,0.050078,projetee
2124,H,91,0.060312,projetee
2124,H,92,0.073735,projetee
2124,H,93,0.090895,projetee
2124,H,94,0.114183,projetee
2124,H,95,0.143036,projetee
2124,H,96,0.169763,projetee
2124,H,97,0.200811,projetee
2124,H,98,0.227542,projetee
2124,H,99,0.244630,projetee
2125,F,0,0.001069,projetee
2125,F,1,0.000177,projetee
2125,F,10,0.000021,projetee
2125,F,100,0.221072,projetee
2125,F,101,0.235707,projetee
2125,F,102,0.250036,projetee
2125,F,103,0.264438,projetee
2125,F,104,0.278982,projetee
2125,F,105,0.293720,projetee
2125,F,106,0.308680,projetee
2125,F,107,0.323810,projetee
2125,F,108,0.339057,projetee
2125,F,109,0.354365,projetee
2125,F,11,0.000022,projetee
2125,F,110,0.369677,projetee
2125,F,111,0.384937,projetee
2125,F,112,0.400088,projetee
2125,F,113,0.415076,projetee
2125,F,114,0.422475,projetee
2125,F,115,0.422475,projetee
2125,F,116,0.422475,projetee
2125,F,117,0.422475,projetee
2125,F,118,0.422475,projetee
2125,F,119,0.422475,projetee
2125,F,12,0.000024,projetee
2125,F,120,0.422475,projetee
2125,F,13,0.000028,projetee
2125,F,14,0.000035,projetee
2125,F,15,0.000042,projetee
2125,F,16,0.000047,projetee
2125,F,17,0.000052,projetee
2125,F,18,0.000057,projetee
2125,F,19,0.000062,projetee
2125,F,2,0.000076,projetee
2125,F,20,0.000067,projetee
2125,F,21,0.000071,projetee
2125,F,22,0.000075,projetee
2125,F,23,0.000077,projetee
2125,F,24,0.000078,projetee
2125,F,25,0.000081,projetee
2125,F,26,0.000083,projetee
2125,F,27,0.000084,projetee
2125,F,28,0.000086,projetee
2125,F,29,0.000092,projetee
2125,F,3,0.000052,projetee
2125,F,30,0.000099,projetee
2125,F,31,0.000106,projetee
2125,F,32,0.000117,projetee
2125,F,33,0.000129,projetee
2125,F,34,0.000139,projetee
2125,F,35,0.000147,projetee
2125,F,36,0.000157,projetee
2125,F,37,0.000171,projetee
2125,F,38,0.000185,projetee
2125,F,39,0.000202,projetee
2125,F,4,0.000037,projetee
2125,F,40,0.000224,projetee
2125,F,41,0.000247,projetee
2125,F,42,0.000271,projetee
2125,F,43,0.000297,projetee
2125,F,44,0.000321,projetee
2125,F,45,0.000348,projetee
2125,F,46,0.000381,projetee
2125,F,47,0.000421,projetee
2125,F,48,0.000467,projetee
2125,F,49,0.000517,projetee
2125,F,5,0.000030,projetee
2125,F,50,0.000576,projetee
2125,F,51,0.000641,projetee
2125,F,52,0.000696,projetee
2125,F,53,0.000738,projetee
2125,F,54,0.000794,projetee
2125,F,55,0.000890,projetee
2125,F,56,0.000986,projetee
2125,F,57,0.001071,projetee
2125,F,58,0.001170,projetee
2125,F,59,0.001275,projetee
2125,F,6,0.000025,projetee
2125,F,60,0.001386,projetee
2125,F,61,0.001499,projetee
2125,F,62,0.001648,projetee
2125,F,63,0.001833,projetee
2125,F,64,0.002011,projetee
2125,F,65,0.002198,projetee
2125,F,66,0.002359,projetee
2125,F,67,0.002480,projetee
2125,F,68,0.002661,projetee
2125,F,69,0.002904,projetee
2125,F,7,0.000022,projetee
2125,F,70,0.003184,projetee
2125,F,71,0.003504,projetee
2125,F,72,0.003853,projetee
2125,F,73,0.004226,projetee
2125,F,74,0.004599,projetee
2125,F,75,0.005053,projetee
2125,F,76,0.005698,projetee
2125,F,77,0.006401,projetee
2125,F,78,0.007358,projetee
2125,F,79,0.008405,projetee
2125,F,8,0.000021,projetee
2125,F,80,0.009580,projetee
2125,F,81,0.011146,projetee
2125,F,82,0.012829,projetee
2125,F,83,0.014866,projetee
2125,F,84,0.017470,projetee
2125,F,85,0.020161,projetee
2125,F,86,0.022949,projetee
2125,F,87,0.026426,projetee
2125,F,88,0.030195,projetee
2125,F,89,0.034893,projetee
2125,F,9,0.000021,projetee
2125,F,90,0.041326,projetee
2125,F,91,0.049781,projetee
2125,F,92,0.060903,projetee
2125,F,93,0.075148,projetee
2125,F,94,0.094495,projetee
2125,F,95,0.116732,projetee
2125,F,96,0.139050,projetee
2125,F,97,0.166612,projetee
2125,F,98,0.188886,projetee
2125,F,99,0.204417,projetee
2125,H,0,0.001283,projetee
2125,H,1,0.000213,projetee
2125,H,10,0.000025,projetee
2125,H,100,0.260248,projetee
2125,H,101,0.273946,projetee
2125,H,102,0.286852,projetee
2125,H,103,0.299410,projetee
2125,H,104,0.311693,projetee
2125,H,105,0.323754,projetee
2125,H,106,0.335614,projetee
2125,H,107,0.347209,projetee
2125,H,108,0.358473,projetee
2125,H,109,0.369343,projetee
2125,H,11,0.000026,projetee
2125,H,110,0.379759,projetee
2125,H,111,0.392637,projetee
2125,H,112,0.408091,projetee
2125,H,113,0.423379,projetee
2125,H,114,0.430925,projetee
2125,H,115,0.430925,projetee
2125,H,116,0.430925,projetee
2125,H,117,0.430925,projetee
2125,H,118,0.430925,projetee
2125,H,119,0.430925,projetee
2125,H,12,0.000028,projetee
2125,H,120,0.430925,projetee
2125,H,13,0.000033,projetee
2125,H,14,0.000042,projetee
2125,H,15,0.000050,projetee
2125,H,16,0.000059,projetee
2125,H,17,0.000071,projetee
2125,H,18,0.000086,projetee
2125,H,19,0.000100,projetee
2125,H,2,0.000091,projetee
2125,H,20,0.000111,projetee
2125,H,21,0.000119,projetee
2125,H,22,0.000122,projetee
2125,H,23,0.000124,projetee
2125,H,24,0.000127,projetee
2125,H,25,0.000131,projetee
2125,H,26,0.000135,projetee
2125,H,27,0.000141,projetee
2125,H,28,0.000148,projetee
2125,H,29,0.000154,projetee
2125,H,3,0.000062,projetee
2125,H,30,0.000159,projetee
2125,H,31,0.000166,projetee
2125,H,32,0.000175,projetee
2125,H,33,0.000183,projetee
2125,H,34,0.000196,projetee
2125,H,35,0.000213,projetee
2125,H,36,0.000226,projetee
2125,H,37,0.000240,projetee
2125,H,38,0.000259,projetee
2125,H,39,0.000279,projetee
2125,H,4,0.000045,projetee
2125,H,40,0.000300,projetee
2125,H,41,0.000324,projetee
2125,H,42,0.000352,projetee
2125,H,43,0.000384,projetee
2125,H,44,0.000413,projetee
2125,H,45,0.000440,projetee
2125,H,46,0.000473,projetee
2125,H,47,0.000514,projetee
2125,H,48,0.000561,projetee
2125,H,49,0.000620,projetee
2125,H,5,0.000036,projetee
2125,H,50,0.000692,projetee
2125,H,51,0.000770,projetee
2125,H,52,0.000836,projetee
2125,H,53,0.000916,projetee
2125,H,54,0.000998,projetee
2125,H,55,0.001084,projetee
2125,H,56,0.001183,projetee
2125,H,57,0.001285,projetee
2125,H,58,0.001406,projetee
2125,H,59,0.001533,projetee
2125,H,6,0.000030,projetee
2125,H,60,0.001663,projetee
2125,H,61,0.001799,projetee
2125,H,62,0.001978,projetee
2125,H,63,0.002200,projetee
2125,H,64,0.002413,projetee
2125,H,65,0.002637,projetee
2125,H,66,0.002831,projetee
2125,H,67,0.002976,projetee
2125,H,68,0.003194,projetee
2125,H,69,0.003485,projetee
2125,H,7,0.000026,projetee
2125,H,70,0.003820,projetee
2125,H,71,0.004205,projetee
2125,H,72,0.004624,projetee
2125,H,73,0.005071,projetee
2125,H,74,0.005518,projetee
2125,H,75,0.006064,projetee
2125,H,76,0.006837,projetee
2125,H,77,0.007682,projetee
2125,H,78,0.008830,projetee
2125,H,79,0.010086,projetee
2125,H,8,0.000025,projetee
2125,H,80,0.011495,projetee
2125,H,81,0.013375,projetee
2125,H,82,0.015395,projetee
2125,H,83,0.017839,projetee
2125,H,84,0.020964,projetee
2125,H,85,0.024193,projetee
2125,H,86,0.027539,projetee
2125,H,87,0.031712,projetee
2125,H,88,0.036235,projetee
2125,H,89,0.041872,projetee
2125,H,9,0.000025,projetee
2125,H,90,0.049592,projetee
2125,H,91,0.059741,projetee
2125,H,92,0.073089,projetee
2125,H,93,0.090187,projetee
2125,H,94,0.113413,projetee
2125,H,95,0.142269,projetee
2125,H,96,0.168987,projetee
2125,H,97,0.199981,projetee
2125,H,98,0.226671,projetee
2125,H,99,0.243694,projetee
